#K-Path(1/A)         Spin-Up(eV)   Spin-down(eV)
# NKPTS & NBANDS: 100  64
# Band-Index    1
   0.00000    -14.941655    -14.941656
   0.03217    -14.942149    -14.942293
   0.06433    -14.943619    -14.944188
   0.09650    -14.946020    -14.947283
   0.12867    -14.949283    -14.951487
   0.16084    -14.953315    -14.956679
   0.19300    -14.958001    -14.962709
   0.22517    -14.963209    -14.969404
   0.25734    -14.968792    -14.976575
   0.28950    -14.974595    -14.984023
   0.32167    -14.980459    -14.991540
   0.35384    -14.986223    -14.998923
   0.38600    -14.991732    -15.005974
   0.41817    -14.996840    -15.012504
   0.45034    -15.001409    -15.018343
   0.48251    -15.005322    -15.023339
   0.51467    -15.008475    -15.027363
   0.54684    -15.010787    -15.030312
   0.57901    -15.012199    -15.032112
   0.61117    -15.012673    -15.032717
   0.61117    -15.012673    -15.032717
   0.64334    -15.013562    -15.033456
   0.67551    -15.016204    -15.035654
   0.70767    -15.020515    -15.039243
   0.73984    -15.026363    -15.044114
   0.77201    -15.033569    -15.050123
   0.80418    -15.041919    -15.057094
   0.83634    -15.051167    -15.064825
   0.86851    -15.061043    -15.073092
   0.90068    -15.071268    -15.081665
   0.93284    -15.081560    -15.090305
   0.96501    -15.091638    -15.098778
   0.99718    -15.101234    -15.106858
   1.02934    -15.110100    -15.114332
   1.06151    -15.118009    -15.121006
   1.09368    -15.124762    -15.126711
   1.12585    -15.130191    -15.131302
   1.15801    -15.134167    -15.134665
   1.19018    -15.136591    -15.136717
   1.22235    -15.137405    -15.137406
   1.22235    -15.137405    -15.137406
   1.25451    -15.136716    -15.136591
   1.28668    -15.134664    -15.134168
   1.31885    -15.131301    -15.130192
   1.35102    -15.126710    -15.124762
   1.38318    -15.121005    -15.118009
   1.41535    -15.114331    -15.110101
   1.44752    -15.106857    -15.101235
   1.47968    -15.098777    -15.091638
   1.51185    -15.090303    -15.081560
   1.54402    -15.081663    -15.071269
   1.57618    -15.073090    -15.061043
   1.60835    -15.064823    -15.051166
   1.64052    -15.057092    -15.041919
   1.67269    -15.050121    -15.033569
   1.70485    -15.044112    -15.026362
   1.73702    -15.039240    -15.020514
   1.76919    -15.035652    -15.016203
   1.80135    -15.033454    -15.013562
   1.83352    -15.032714    -15.012672
   1.83352    -15.032714    -15.012672
   1.86569    -15.032109    -15.012198
   1.89785    -15.030309    -15.010787
   1.93002    -15.027360    -15.008475
   1.96219    -15.023336    -15.005322
   1.99436    -15.018341    -15.001409
   2.02652    -15.012502    -14.996839
   2.05869    -15.005972    -14.991732
   2.09086    -14.998921    -14.986223
   2.12302    -14.991538    -14.980459
   2.15519    -14.984021    -14.974595
   2.18736    -14.976574    -14.968792
   2.21952    -14.969403    -14.963209
   2.25169    -14.962707    -14.958002
   2.28386    -14.956678    -14.953316
   2.31603    -14.951486    -14.949284
   2.34819    -14.947282    -14.946020
   2.38036    -14.944187    -14.943619
   2.41253    -14.942293    -14.942150
   2.44469    -14.941655    -14.941656
   2.44469    -14.941655    -14.941656
   2.49018    -14.942791    -14.942792
   2.53568    -14.946186    -14.946186
   2.58117    -14.951799    -14.951800
   2.62666    -14.959561    -14.959562
   2.67215    -14.969357    -14.969358
   2.71764    -14.981023    -14.981023
   2.76313    -14.994335    -14.994335
   2.80862    -15.009005    -15.009006
   2.85411    -15.024680    -15.024681
   2.89960    -15.040949    -15.040949
   2.94510    -15.057349    -15.057349
   2.99059    -15.073389    -15.073390
   3.03608    -15.088567    -15.088568
   3.08157    -15.102391    -15.102392
   3.12706    -15.114405    -15.114406
   3.17255    -15.124203    -15.124204
   3.21804    -15.131452    -15.131453
   3.26353    -15.135904    -15.135905
   3.30902    -15.137405    -15.137406
 
# Band-Index    2
   3.30902    -12.373971    -12.373968
   3.26353    -12.373469    -12.373466
   3.21804    -12.371915    -12.371912
   3.17255    -12.369173    -12.369170
   3.12706    -12.365035    -12.365033
   3.08157    -12.359251    -12.359249
   3.03608    -12.351563    -12.351560
   2.99059    -12.341748    -12.341745
   2.94510    -12.329664    -12.329662
   2.89960    -12.315300    -12.315297
   2.85411    -12.298807    -12.298805
   2.80862    -12.280536    -12.280533
   2.76313    -12.261043    -12.261041
   2.71764    -12.241092    -12.241089
   2.67215    -12.221611    -12.221609
   2.62666    -12.203642    -12.203640
   2.58117    -12.188251    -12.188249
   2.53568    -12.188137    -12.188139
   2.49018    -12.188315    -12.188316
   2.44469    -12.188375    -12.188376
   2.44469    -12.188375    -12.188376
   2.41253    -12.188337    -12.188353
   2.38036    -12.188228    -12.188284
   2.34819    -12.188048    -12.188172
   2.31603    -12.187804    -12.188019
   2.28386    -12.194262    -12.198662
   2.25169    -12.205352    -12.211477
   2.21952    -12.217617    -12.225629
   2.18736    -12.230697    -12.240698
   2.15519    -12.244217    -12.256251
   2.12302    -12.257801    -12.271854
   2.09086    -12.271083    -12.287087
   2.05869    -12.283711    -12.301549
   2.02652    -12.295360    -12.314872
   1.99436    -12.305739    -12.326729
   1.96219    -12.314590    -12.336831
   1.93002    -12.321702    -12.344940
   1.89785    -12.326904    -12.350869
   1.86569    -12.330074    -12.354480
   1.83352    -12.331140    -12.355693
   1.83352    -12.331140    -12.355693
   1.80135    -12.331403    -12.355766
   1.76919    -12.332190    -12.355987
   1.73702    -12.333485    -12.356363
   1.70485    -12.335266    -12.356905
   1.67269    -12.337495    -12.357622
   1.64052    -12.340129    -12.358522
   1.60835    -12.343107    -12.359605
   1.57618    -12.346358    -12.360859
   1.54402    -12.349804    -12.362266
   1.51185    -12.353351    -12.363791
   1.47968    -12.356901    -12.365392
   1.44752    -12.360352    -12.367013
   1.41535    -12.363601    -12.368594
   1.38318    -12.366548    -12.370073
   1.35102    -12.369101    -12.371386
   1.31885    -12.371178    -12.372475
   1.28668    -12.372712    -12.373291
   1.25451    -12.373653    -12.373797
   1.22235    -12.373971    -12.373968
   1.22235    -12.373971    -12.373968
   1.19018    -12.373799    -12.373651
   1.15801    -12.373294    -12.372710
   1.12585    -12.372478    -12.371175
   1.09368    -12.371389    -12.369098
   1.06151    -12.370076    -12.366546
   1.02934    -12.368597    -12.363599
   0.99718    -12.367016    -12.360350
   0.96501    -12.365395    -12.356899
   0.93284    -12.363795    -12.353349
   0.90068    -12.362270    -12.349802
   0.86851    -12.360864    -12.346358
   0.83634    -12.359609    -12.343106
   0.80418    -12.358527    -12.340128
   0.77201    -12.357627    -12.337495
   0.73984    -12.356910    -12.335266
   0.70767    -12.356368    -12.333486
   0.67551    -12.355992    -12.332190
   0.64334    -12.355771    -12.331404
   0.61117    -12.355698    -12.331140
   0.61117    -12.355698    -12.331140
   0.57901    -12.354485    -12.330075
   0.54684    -12.350874    -12.326904
   0.51467    -12.344946    -12.321702
   0.48251    -12.336836    -12.314590
   0.45034    -12.326734    -12.305739
   0.41817    -12.314877    -12.295360
   0.38600    -12.301554    -12.283711
   0.35384    -12.287091    -12.271082
   0.32167    -12.271858    -12.257800
   0.28950    -12.256255    -12.244216
   0.25734    -12.240702    -12.230695
   0.22517    -12.225632    -12.217616
   0.19300    -12.211480    -12.205351
   0.16084    -12.198665    -12.194260
   0.12867    -12.188018    -12.187806
   0.09650    -12.188170    -12.188050
   0.06433    -12.188283    -12.188229
   0.03217    -12.188351    -12.188339
   0.00000    -12.188375    -12.188376
 
# Band-Index    3
   0.00000    -12.166438    -12.166435
   0.03217    -12.167814    -12.167622
   0.06433    -12.171899    -12.171143
   0.09650    -12.178558    -12.176888
   0.12867    -12.187575    -12.184675
   0.16084    -12.187829    -12.187503
   0.19300    -12.187608    -12.187151
   0.22517    -12.187363    -12.186758
   0.25734    -12.187099    -12.186336
   0.28950    -12.186825    -12.185896
   0.32167    -12.186546    -12.185449
   0.35384    -12.186271    -12.185009
   0.38600    -12.186007    -12.184587
   0.41817    -12.185762    -12.184194
   0.45034    -12.185543    -12.183843
   0.48251    -12.185354    -12.183540
   0.51467    -12.185202    -12.183296
   0.54684    -12.185090    -12.183117
   0.57901    -12.185021    -12.183007
   0.61117    -12.184999    -12.182971
   0.61117    -12.184999    -12.182971
   0.64334    -12.184981    -12.182967
   0.67551    -12.184930    -12.182957
   0.70767    -12.184847    -12.182941
   0.73984    -12.184734    -12.182920
   0.77201    -12.184594    -12.182894
   0.80418    -12.184430    -12.182863
   0.83634    -12.184248    -12.182828
   0.86851    -12.184053    -12.182792
   0.90068    -12.183849    -12.182753
   0.93284    -12.183643    -12.182714
   0.96501    -12.183439    -12.182676
   0.99718    -12.183244    -12.182639
   1.02934    -12.183062    -12.182604
   1.06151    -12.182899    -12.182574
   1.09368    -12.182759    -12.182547
   1.12585    -12.182647    -12.182526
   1.15801    -12.182563    -12.182510
   1.19018    -12.182513    -12.182500
   1.22235    -12.182496    -12.182497
   1.22235    -12.182496    -12.182497
   1.25451    -12.182499    -12.182514
   1.28668    -12.182509    -12.182565
   1.31885    -12.182525    -12.182648
   1.35102    -12.182546    -12.182761
   1.38318    -12.182572    -12.182900
   1.41535    -12.182603    -12.183063
   1.44752    -12.182637    -12.183245
   1.47968    -12.182674    -12.183440
   1.51185    -12.182713    -12.183644
   1.54402    -12.182752    -12.183850
   1.57618    -12.182790    -12.184054
   1.60835    -12.182827    -12.184250
   1.64052    -12.182861    -12.184432
   1.67269    -12.182892    -12.184595
   1.70485    -12.182919    -12.184735
   1.73702    -12.182940    -12.184848
   1.76919    -12.182956    -12.184932
   1.80135    -12.182966    -12.184983
   1.83352    -12.182969    -12.185000
   1.83352    -12.182969    -12.185000
   1.86569    -12.183006    -12.185023
   1.89785    -12.183116    -12.185091
   1.93002    -12.183295    -12.185203
   1.96219    -12.183539    -12.185355
   1.99436    -12.183841    -12.185544
   2.02652    -12.184193    -12.185763
   2.05869    -12.184586    -12.186009
   2.09086    -12.185008    -12.186272
   2.12302    -12.185448    -12.186547
   2.15519    -12.185895    -12.186826
   2.18736    -12.186335    -12.187101
   2.21952    -12.186757    -12.187364
   2.25169    -12.187149    -12.187609
   2.28386    -12.187502    -12.187830
   2.31603    -12.184677    -12.187573
   2.34819    -12.176890    -12.178555
   2.38036    -12.171146    -12.171896
   2.41253    -12.167624    -12.167812
   2.44469    -12.166438    -12.166435
   2.44469    -12.166438    -12.166435
   2.49018    -12.168981    -12.168979
   2.53568    -12.176429    -12.176427
   2.58117    -12.187853    -12.187855
   2.62666    -12.187478    -12.187479
   2.67215    -12.187028    -12.187030
   2.71764    -12.186528    -12.186530
   2.76313    -12.186000    -12.186001
   2.80862    -12.185466    -12.185468
   2.85411    -12.184948    -12.184949
   2.89960    -12.184463    -12.184464
   2.94510    -12.184024    -12.184025
   2.99059    -12.183639    -12.183640
   3.03608    -12.183313    -12.183314
   3.08157    -12.183047    -12.183048
   3.12706    -12.182839    -12.182840
   3.17255    -12.182684    -12.182685
   3.21804    -12.182578    -12.182579
   3.26353    -12.182516    -12.182517
   3.30902    -12.182496    -12.182497
 
# Band-Index    4
   3.30902     -5.068502     -5.068505
   3.26353     -5.067091     -5.067094
   3.21804     -5.062940     -5.062943
   3.17255     -5.056317     -5.056320
   3.12706     -5.047813     -5.047816
   3.08157     -5.038861     -5.038864
   3.03608     -5.034720     -5.034722
   2.99059     -5.062176     -5.062175
   2.94510     -5.141290     -5.141288
   2.89960     -5.234953     -5.234951
   2.85411     -5.329268     -5.329265
   2.80862     -5.420002     -5.419999
   2.76313     -5.504806     -5.504803
   2.71764     -5.582091     -5.582088
   2.67215     -5.650819     -5.650816
   2.62666     -5.710478     -5.710475
   2.58117     -5.760921     -5.760917
   2.53568     -5.801400     -5.801396
   2.49018     -5.828838     -5.828834
   2.44469     -5.838696     -5.838693
   2.44469     -5.838696     -5.838693
   2.41253     -5.832775     -5.833303
   2.38036     -5.815073     -5.817251
   2.34819     -5.785782     -5.790879
   2.31603     -5.745230     -5.754758
   2.28386     -5.693892     -5.709680
   2.25169     -5.632422     -5.656650
   2.21952     -5.561703     -5.596883
   2.18736     -5.482946     -5.531791
   2.15519     -5.397884     -5.462971
   2.12302     -5.309145     -5.392176
   2.09086     -5.221011     -5.321289
   2.05869     -5.141047     -5.252281
   2.02652     -5.080764     -5.187160
   1.99436     -5.045854     -5.127907
   1.96219     -5.029374     -5.076409
   1.93002     -5.022451     -5.034372
   1.89785     -5.019854     -5.003235
   1.86569     -5.019040     -4.984093
   1.83352     -5.018876     -4.977635
   1.83352     -5.018876     -4.977635
   1.80135     -5.019212     -4.977351
   1.76919     -5.020192     -4.976430
   1.73702     -5.021739     -4.974771
   1.70485     -5.023750     -4.972542
   1.67269     -5.026132     -4.970617
   1.64052     -5.028830     -4.970695
   1.60835     -5.031835     -4.974294
   1.57618     -5.035159     -4.981441
   1.54402     -5.038806     -4.991073
   1.51185     -5.042735     -5.002048
   1.47968     -5.046851     -5.013490
   1.44752     -5.051013     -5.024753
   1.41535     -5.055054     -5.035349
   1.38318     -5.058804     -5.044896
   1.35102     -5.062105     -5.053093
   1.31885     -5.064820     -5.059705
   1.28668     -5.066839     -5.064553
   1.25451     -5.068082     -5.067511
   1.22235     -5.068502     -5.068505
   1.22235     -5.068502     -5.068505
   1.19018     -5.067508     -5.068085
   1.15801     -5.064550     -5.066842
   1.12585     -5.059703     -5.064823
   1.09368     -5.053091     -5.062108
   1.06151     -5.044894     -5.058808
   1.02934     -5.035346     -5.055057
   0.99718     -5.024751     -5.051016
   0.96501     -5.013488     -5.046855
   0.93284     -5.002047     -5.042738
   0.90068     -4.991072     -5.038809
   0.86851     -4.981440     -5.035162
   0.83634     -4.974294     -5.031838
   0.80418     -4.970696     -5.028834
   0.77201     -4.970618     -5.026135
   0.73984     -4.972543     -5.023753
   0.70767     -4.974771     -5.021742
   0.67551     -4.976430     -5.020196
   0.64334     -4.977351     -5.019216
   0.61117     -4.977636     -5.018880
   0.61117     -4.977636     -5.018880
   0.57901     -4.984094     -5.019043
   0.54684     -5.003235     -5.019857
   0.51467     -5.034372     -5.022454
   0.48251     -5.076410     -5.029376
   0.45034     -5.127908     -5.045855
   0.41817     -5.187160     -5.080762
   0.38600     -5.252282     -5.141043
   0.35384     -5.321290     -5.221006
   0.32167     -5.392177     -5.309139
   0.28950     -5.462972     -5.397878
   0.25734     -5.531793     -5.482941
   0.22517     -5.596885     -5.561698
   0.19300     -5.656652     -5.632417
   0.16084     -5.709682     -5.693887
   0.12867     -5.754761     -5.745226
   0.09650     -5.790882     -5.785778
   0.06433     -5.817254     -5.815069
   0.03217     -5.833307     -5.832771
   0.00000     -5.838696     -5.838693
 
# Band-Index    5
   0.00000     -5.733075     -5.733072
   0.03217     -5.727797     -5.727714
   0.06433     -5.712010     -5.711715
   0.09650     -5.685859     -5.685297
   0.12867     -5.649581     -5.648828
   0.16084     -5.603516     -5.602812
   0.19300     -5.548105     -5.547885
   0.22517     -5.483915     -5.484809
   0.25734     -5.411652     -5.414473
   0.28950     -5.332223     -5.337922
   0.32167     -5.246874     -5.256471
   0.35384     -5.157500     -5.171995
   0.38600     -5.067538     -5.086925
   0.41817     -4.984669     -5.002621
   0.45034     -4.924869     -4.919970
   0.48251     -4.896871     -4.842021
   0.51467     -4.886709     -4.773063
   0.54684     -4.883058     -4.718017
   0.57901     -4.881779     -4.682068
   0.61117     -4.881469     -4.669513
   0.61117     -4.881469     -4.669513
   0.64334     -4.882240     -4.673206
   0.67551     -4.884400     -4.683114
   0.70767     -4.887443     -4.696422
   0.73984     -4.890341     -4.710019
   0.77201     -4.891292     -4.721377
   0.80418     -4.887752     -4.728798
   0.83634     -4.877562     -4.731315
   0.86851     -4.860327     -4.728562
   0.90068     -4.837050     -4.720664
   0.93284     -4.809132     -4.708156
   0.96501     -4.778012     -4.691916
   0.99718     -4.745180     -4.673103
   1.02934     -4.712209     -4.653085
   1.06151     -4.680753     -4.633424
   1.09368     -4.652515     -4.615992
   1.12585     -4.629179     -4.603487
   1.15801     -4.612248     -4.598755
   1.19018     -4.602509     -4.598961
   1.22235     -4.599469     -4.599460
   1.22235     -4.599469     -4.599460
   1.25451     -4.598969     -4.602499
   1.28668     -4.598759     -4.612236
   1.31885     -4.603483     -4.629167
   1.35102     -4.615986     -4.652503
   1.38318     -4.633417     -4.680741
   1.41535     -4.653079     -4.712198
   1.44752     -4.673098     -4.745171
   1.47968     -4.691912     -4.778004
   1.51185     -4.708153     -4.809125
   1.54402     -4.720662     -4.837044
   1.57618     -4.728561     -4.860322
   1.60835     -4.731315     -4.877559
   1.64052     -4.728799     -4.887749
   1.67269     -4.721378     -4.891290
   1.70485     -4.710020     -4.890340
   1.73702     -4.696424     -4.887442
   1.76919     -4.683117     -4.884400
   1.80135     -4.673209     -4.882239
   1.83352     -4.669516     -4.881469
   1.83352     -4.669516     -4.881469
   1.86569     -4.682071     -4.881778
   1.89785     -4.718021     -4.883058
   1.93002     -4.773067     -4.886709
   1.96219     -4.842025     -4.896872
   1.99436     -4.919974     -4.924870
   2.02652     -5.002625     -4.984671
   2.05869     -5.086929     -5.067540
   2.09086     -5.171999     -5.157501
   2.12302     -5.256475     -5.246874
   2.15519     -5.337926     -5.332223
   2.18736     -5.414477     -5.411651
   2.21952     -5.484813     -5.483915
   2.25169     -5.547888     -5.548104
   2.28386     -5.602815     -5.603514
   2.31603     -5.648831     -5.649579
   2.34819     -5.685300     -5.685857
   2.38036     -5.711718     -5.712008
   2.41253     -5.727717     -5.727795
   2.44469     -5.733075     -5.733072
   2.44469     -5.733075     -5.733072
   2.49018     -5.721055     -5.721053
   2.53568     -5.683395     -5.683393
   2.58117     -5.617211     -5.617209
   2.62666     -5.522317     -5.522314
   2.67215     -5.402480     -5.402478
   2.71764     -5.264898     -5.264896
   2.76313     -5.123516     -5.123515
   2.80862     -5.012574     -5.012575
   2.85411     -4.969656     -4.969658
   2.89960     -4.966008     -4.966010
   2.94510     -4.971443     -4.971445
   2.99059     -4.965873     -4.965874
   3.03608     -4.912072     -4.912069
   3.08157     -4.831929     -4.831926
   3.12706     -4.754892     -4.754888
   3.17255     -4.689250     -4.689246
   3.21804     -4.639522     -4.639517
   3.26353     -4.609137     -4.609130
   3.30902     -4.599469     -4.599460
 
# Band-Index    6
   3.30902     -4.565036     -4.565041
   3.26353     -4.560093     -4.560096
   3.21804     -4.543768     -4.543769
   3.17255     -4.517286     -4.517286
   3.12706     -4.484459     -4.484458
   3.08157     -4.451401     -4.451400
   3.03608     -4.427972     -4.427971
   2.99059     -4.428935     -4.428934
   2.94510     -4.470925     -4.470923
   2.89960     -4.560187     -4.560185
   2.85411     -4.679232     -4.679230
   2.80862     -4.781043     -4.781042
   2.76313     -4.820311     -4.820312
   2.71764     -4.822861     -4.822862
   2.67215     -4.814959     -4.814960
   2.62666     -4.804838     -4.804839
   2.58117     -4.795394     -4.795396
   2.53568     -4.787963     -4.787964
   2.49018     -4.783258     -4.783260
   2.44469     -4.781651     -4.781652
   2.44469     -4.781651     -4.781652
   2.41253     -4.782778     -4.782131
   2.38036     -4.786101     -4.783549
   2.34819     -4.791451     -4.785852
   2.31603     -4.798545     -4.788952
   2.28386     -4.806989     -4.792723
   2.25169     -4.816261     -4.797002
   2.21952     -4.825681     -4.801581
   2.18736     -4.834328     -4.806194
   2.15519     -4.840834     -4.810474
   2.12302     -4.842940     -4.813856
   2.09086     -4.836494     -4.815314
   2.05869     -4.813921     -4.812550
   2.02652     -4.765301     -4.799405
   1.99436     -4.687774     -4.762032
   1.96219     -4.590060     -4.694774
   1.93002     -4.483330     -4.616219
   1.89785     -4.377699     -4.544632
   1.86569     -4.288078     -4.493758
   1.83352     -4.247934     -4.475118
   1.83352     -4.247934     -4.475118
   1.80135     -4.252513     -4.475901
   1.76919     -4.265606     -4.478215
   1.73702     -4.285573     -4.481960
   1.70485     -4.310382     -4.486981
   1.67269     -4.338115     -4.493075
   1.64052     -4.367197     -4.500014
   1.60835     -4.396424     -4.507548
   1.57618     -4.424914     -4.515427
   1.54402     -4.452024     -4.523408
   1.51185     -4.477289     -4.531257
   1.47968     -4.500359     -4.538759
   1.44752     -4.520962     -4.545715
   1.41535     -4.538851     -4.551939
   1.38318     -4.553721     -4.557244
   1.35102     -4.564993     -4.561427
   1.31885     -4.571198     -4.564245
   1.28668     -4.570568     -4.565481
   1.25451     -4.566787     -4.565362
   1.22235     -4.565036     -4.565041
   1.22235     -4.565036     -4.565041
   1.19018     -4.565356     -4.566791
   1.15801     -4.565473     -4.570568
   1.12585     -4.564236     -4.571189
   1.09368     -4.561417     -4.564980
   1.06151     -4.557234     -4.553707
   1.02934     -4.551929     -4.538837
   0.99718     -4.545706     -4.520948
   0.96501     -4.538750     -4.500345
   0.93284     -4.531248     -4.477274
   0.90068     -4.523399     -4.452010
   0.86851     -4.515419     -4.424900
   0.83634     -4.507540     -4.396410
   0.80418     -4.500006     -4.367183
   0.77201     -4.493068     -4.338102
   0.73984     -4.486974     -4.310369
   0.70767     -4.481953     -4.285560
   0.67551     -4.478208     -4.265593
   0.64334     -4.475895     -4.252501
   0.61117     -4.475112     -4.247922
   0.61117     -4.475112     -4.247922
   0.57901     -4.493752     -4.288066
   0.54684     -4.544626     -4.377688
   0.51467     -4.616214     -4.483320
   0.48251     -4.694771     -4.590051
   0.45034     -4.762030     -4.687767
   0.41817     -4.799404     -4.765296
   0.38600     -4.812549     -4.813919
   0.35384     -4.815314     -4.836494
   0.32167     -4.813855     -4.842941
   0.28950     -4.810473     -4.840836
   0.25734     -4.806194     -4.834329
   0.22517     -4.801581     -4.825683
   0.19300     -4.797001     -4.816262
   0.16084     -4.792722     -4.806990
   0.12867     -4.788951     -4.798547
   0.09650     -4.785851     -4.791452
   0.06433     -4.783548     -4.786102
   0.03217     -4.782130     -4.782779
   0.00000     -4.781651     -4.781652
 
# Band-Index    7
   0.00000     -3.002357     -3.002349
   0.03217     -3.001811     -3.004239
   0.06433     -3.000175     -3.009970
   0.09650     -2.997456     -3.019724
   0.12867     -2.993664     -3.033796
   0.16084     -2.988818     -3.052583
   0.19300     -2.982949     -3.076567
   0.22517     -2.976106     -3.106293
   0.25734     -2.968381     -3.142342
   0.28950     -2.960026     -3.185290
   0.32167     -2.954450     -3.235661
   0.35384     -3.008081     -3.293866
   0.38600     -3.083625     -3.360132
   0.41817     -3.167164     -3.434420
   0.45034     -3.255678     -3.516321
   0.48251     -3.345271     -3.604864
   0.51467     -3.430533     -3.698026
   0.54684     -3.503832     -3.791277
   0.57901     -3.555040     -3.872583
   0.61117     -3.573712     -3.909822
   0.61117     -3.573712     -3.909822
   0.64334     -3.562966     -3.894882
   0.67551     -3.531047     -3.851392
   0.70767     -3.478862     -3.782625
   0.73984     -3.407784     -3.692445
   0.77201     -3.319496     -3.584426
   0.80418     -3.215873     -3.461700
   0.83634     -3.098901     -3.327457
   0.86851     -2.970664     -3.188322
   0.90068     -2.835381     -3.137401
   0.93284     -2.806648     -3.085476
   0.96501     -2.776702     -3.030058
   0.99718     -2.746575     -2.972087
   1.02934     -2.717968     -2.912856
   1.06151     -2.693952     -2.854173
   1.09368     -2.679151     -2.798564
   1.12585     -2.674888     -2.749447
   1.15801     -2.676018     -2.710966
   1.19018     -2.677942     -2.686834
   1.22235     -2.678742     -2.678742
   1.22235     -2.678742     -2.678742
   1.25451     -2.686834     -2.677942
   1.28668     -2.710965     -2.676017
   1.31885     -2.749446     -2.674886
   1.35102     -2.798562     -2.679146
   1.38318     -2.854171     -2.693945
   1.41535     -2.912854     -2.717962
   1.44752     -2.972085     -2.746570
   1.47968     -3.030057     -2.776698
   1.51185     -3.085475     -2.806643
   1.54402     -3.137400     -2.835377
   1.57618     -3.188336     -2.970666
   1.60835     -3.327468     -3.098903
   1.64052     -3.461711     -3.215875
   1.67269     -3.584437     -3.319499
   1.70485     -3.692456     -3.407787
   1.73702     -3.782637     -3.478865
   1.76919     -3.851404     -3.531051
   1.80135     -3.894895     -3.562970
   1.83352     -3.909835     -3.573716
   1.83352     -3.909835     -3.573716
   1.86569     -3.872595     -3.555044
   1.89785     -3.791290     -3.503837
   1.93002     -3.698039     -3.430538
   1.96219     -3.604878     -3.345277
   1.99436     -3.516335     -3.255684
   2.02652     -3.434433     -3.167170
   2.05869     -3.360144     -3.083631
   2.09086     -3.293878     -3.008087
   2.12302     -3.235672     -2.954449
   2.15519     -3.185301     -2.960022
   2.18736     -3.142353     -2.968376
   2.21952     -3.106304     -2.976100
   2.25169     -3.076577     -2.982942
   2.28386     -3.052593     -2.988811
   2.31603     -3.033805     -2.993656
   2.34819     -3.019733     -2.997448
   2.38036     -3.009978     -3.000167
   2.41253     -3.004247     -3.001803
   2.44469     -3.002357     -3.002349
   2.44469     -3.002357     -3.002349
   2.49018     -3.003088     -3.003080
   2.53568     -3.007401     -3.007394
   2.58117     -3.021520     -3.021513
   2.62666     -3.053039     -3.053033
   2.67215     -3.104323     -3.104318
   2.71764     -3.170190     -3.170185
   2.76313     -3.241605     -3.241601
   2.80862     -3.307636     -3.307631
   2.85411     -3.354475     -3.354470
   2.89960     -3.364240     -3.364234
   2.94510     -3.318443     -3.318436
   2.99059     -3.210162     -3.210155
   3.03608     -3.052349     -3.052340
   3.08157     -2.885259     -2.885257
   3.12706     -2.829948     -2.829946
   3.17255     -2.774522     -2.774520
   3.21804     -2.725513     -2.725512
   3.26353     -2.691145     -2.691145
   3.30902     -2.678742     -2.678742
 
# Band-Index    8
   3.30902     -2.564178     -2.564175
   3.26353     -2.563145     -2.563143
   3.21804     -2.559334     -2.559332
   3.17255     -2.552034     -2.552032
   3.12706     -2.685147     -2.685135
   3.08157     -2.869143     -2.869133
   3.03608     -2.935957     -2.935955
   2.99059     -2.979108     -2.979105
   2.94510     -3.012864     -3.012862
   2.89960     -3.036142     -3.036140
   2.85411     -3.048427     -3.048425
   2.80862     -3.049680     -3.049677
   2.76313     -3.040303     -3.040300
   2.71764     -3.021178     -3.021175
   2.67215     -2.993767     -2.993763
   2.62666     -2.960321     -2.960317
   2.58117     -2.924225     -2.924221
   2.53568     -2.890428     -2.890425
   2.49018     -2.865522     -2.865518
   2.44469     -2.856205     -2.856201
   2.44469     -2.856205     -2.856201
   2.41253     -2.863901     -2.857218
   2.38036     -2.885526     -2.860210
   2.34819     -2.917623     -2.865006
   2.31603     -2.956427     -2.871348
   2.28386     -2.998833     -2.878931
   2.25169     -3.042578     -2.887431
   2.21952     -3.086075     -2.896529
   2.18736     -3.128216     -2.905924
   2.15519     -3.168216     -2.915345
   2.12302     -3.205504     -2.935644
   2.09086     -3.239657     -2.938626
   2.05869     -3.270358     -2.941484
   2.02652     -3.297362     -2.948869
   1.99436     -3.320481     -2.955344
   1.96219     -3.382677     -2.960794
   1.93002     -3.444330     -2.965127
   1.89785     -3.494144     -2.968274
   1.86569     -3.526958     -2.970181
   1.83352     -3.538471     -2.970821
   1.83352     -3.538471     -2.970821
   1.80135     -3.530375     -2.969047
   1.76919     -3.506740     -2.963737
   1.73702     -3.469232     -2.954932
   1.70485     -3.419922     -2.942699
   1.67269     -3.360760     -2.927141
   1.64052     -3.293265     -2.908401
   1.60835     -3.228168     -2.886672
   1.57618     -3.185137     -2.862214
   1.54402     -3.072723     -2.833372
   1.51185     -2.979993     -2.689487
   1.47968     -2.888810     -2.564008
   1.44752     -2.796715     -2.575950
   1.41535     -2.704166     -2.592147
   1.38318     -2.612397     -2.601789
   1.35102     -2.568484     -2.601418
   1.31885     -2.569045     -2.591180
   1.28668     -2.567773     -2.577905
   1.25451     -2.565431     -2.567846
   1.22235     -2.564178     -2.564175
   1.22235     -2.564178     -2.564175
   1.19018     -2.567848     -2.565428
   1.15801     -2.577906     -2.567769
   1.12585     -2.591180     -2.569040
   1.09368     -2.601414     -2.568478
   1.06151     -2.601784     -2.612377
   1.02934     -2.592142     -2.704146
   0.99718     -2.575945     -2.796696
   0.96501     -2.564014     -2.888790
   0.93284     -2.689487     -2.979973
   0.90068     -2.833371     -3.072704
   0.86851     -2.862217     -3.185138
   0.83634     -2.886675     -3.228168
   0.80418     -2.908404     -3.293246
   0.77201     -2.927144     -3.360742
   0.73984     -2.942702     -3.419903
   0.70767     -2.954934     -3.469213
   0.67551     -2.963739     -3.506721
   0.64334     -2.969049     -3.530356
   0.61117     -2.970823     -3.538451
   0.61117     -2.970823     -3.538451
   0.57901     -2.970184     -3.526939
   0.54684     -2.968276     -3.494125
   0.51467     -2.965130     -3.444312
   0.48251     -2.960796     -3.382660
   0.45034     -2.955346     -3.320481
   0.41817     -2.948872     -3.297361
   0.38600     -2.941487     -3.270357
   0.35384     -2.938628     -3.239656
   0.32167     -2.935640     -3.205503
   0.28950     -2.915348     -3.168215
   0.25734     -2.905927     -3.128215
   0.22517     -2.896532     -3.086073
   0.19300     -2.887435     -3.042576
   0.16084     -2.878935     -2.998831
   0.12867     -2.871351     -2.956424
   0.09650     -2.865009     -2.917620
   0.06433     -2.860214     -2.885522
   0.03217     -2.857222     -2.863897
   0.00000     -2.856205     -2.856201
 
# Band-Index    9
   0.00000     -2.720332     -2.720328
   0.03217     -2.721379     -2.723096
   0.06433     -2.724679     -2.731491
   0.09650     -2.730709     -2.745763
   0.12867     -2.740253     -2.766275
   0.16084     -2.754382     -2.793419
   0.19300     -2.774393     -2.827526
   0.22517     -2.801703     -2.868776
   0.25734     -2.837656     -2.917113
   0.28950     -2.883197     -2.972198
   0.32167     -2.924552     -3.033384
   0.35384     -2.933327     -3.099695
   0.38600     -2.928759     -3.169805
   0.41817     -2.918462     -3.241974
   0.45034     -2.908422     -3.313923
   0.48251     -2.899154     -3.339572
   0.51467     -2.891188     -3.354525
   0.54684     -2.885037     -3.365260
   0.57901     -2.881144     -3.371722
   0.61117     -2.879810     -3.373880
   0.61117     -2.879810     -3.373880
   0.64334     -2.876651     -3.370835
   0.67551     -2.867236     -3.361718
   0.70767     -2.851744     -3.346578
   0.73984     -2.830467     -3.325502
   0.77201     -2.803799     -3.298616
   0.80418     -2.772222     -3.266095
   0.83634     -2.736297     -3.218071
   0.86851     -2.696651     -3.131898
   0.90068     -2.653974     -3.009373
   0.93284     -2.608946     -2.854187
   0.96501     -2.555407     -2.691002
   0.99718     -2.516525     -2.558400
   1.02934     -2.470476     -2.562802
   1.06151     -2.426469     -2.566272
   1.09368     -2.386018     -2.523394
   1.12585     -2.350978     -2.440476
   1.15801     -2.323494     -2.369172
   1.19018     -2.305791     -2.318478
   1.22235     -2.299656     -2.299631
   1.22235     -2.299656     -2.299631
   1.25451     -2.318504     -2.305766
   1.28668     -2.369196     -2.323471
   1.31885     -2.440498     -2.350957
   1.35102     -2.523415     -2.386000
   1.38318     -2.566278     -2.426454
   1.41535     -2.562808     -2.470464
   1.44752     -2.558407     -2.516515
   1.47968     -2.691010     -2.555411
   1.51185     -2.854195     -2.608941
   1.54402     -3.009381     -2.653971
   1.57618     -3.131912     -2.696651
   1.60835     -3.218088     -2.736297
   1.64052     -3.266095     -2.772224
   1.67269     -3.298616     -2.803802
   1.70485     -3.325502     -2.830472
   1.73702     -3.346578     -2.851749
   1.76919     -3.361718     -2.867242
   1.80135     -3.370835     -2.876658
   1.83352     -3.373880     -2.879817
   1.83352     -3.373880     -2.879817
   1.86569     -3.371723     -2.881150
   1.89785     -3.365260     -2.885042
   1.93002     -3.354525     -2.891193
   1.96219     -3.339572     -2.899158
   1.99436     -3.313939     -2.908424
   2.02652     -3.241989     -2.918464
   2.05869     -3.169819     -2.928759
   2.09086     -3.099708     -2.933324
   2.12302     -3.033396     -2.924549
   2.15519     -2.972209     -2.883201
   2.18736     -2.917123     -2.837659
   2.21952     -2.868785     -2.801705
   2.25169     -2.827534     -2.774394
   2.28386     -2.793425     -2.754381
   2.31603     -2.766281     -2.740252
   2.34819     -2.745768     -2.730706
   2.38036     -2.731495     -2.724676
   2.41253     -2.723100     -2.721376
   2.44469     -2.720332     -2.720328
   2.44469     -2.720332     -2.720328
   2.49018     -2.724602     -2.724599
   2.53568     -2.734822     -2.734817
   2.58117     -2.743350     -2.743344
   2.62666     -2.740194     -2.740188
   2.67215     -2.719576     -2.719568
   2.71764     -2.682128     -2.682119
   2.76313     -2.630877     -2.630868
   2.80862     -2.568540     -2.568530
   2.85411     -2.497201     -2.497191
   2.89960     -2.448670     -2.448668
   2.94510     -2.470985     -2.470983
   2.99059     -2.491867     -2.491866
   3.03608     -2.510829     -2.510828
   3.08157     -2.527436     -2.527435
   3.12706     -2.541294     -2.541293
   3.17255     -2.522384     -2.522368
   3.21804     -2.398745     -2.398724
   3.26353     -2.324131     -2.324107
   3.30902     -2.299656     -2.299631
 
# Band-Index   10
   3.30902     -1.765889     -1.765884
   3.26353     -1.783855     -1.783850
   3.21804     -1.832596     -1.832589
   3.17255     -1.901330     -1.901321
   3.12706     -1.981300     -1.981289
   3.08157     -2.067494     -2.067483
   3.03608     -2.156745     -2.156734
   2.99059     -2.246482     -2.246471
   2.94510     -2.334438     -2.334427
   2.89960     -2.418608     -2.418598
   2.85411     -2.425464     -2.425461
   2.80862     -2.401971     -2.401967
   2.76313     -2.378849     -2.378845
   2.71764     -2.356808     -2.356803
   2.67215     -2.336599     -2.336594
   2.62666     -2.319013     -2.319007
   2.58117     -2.304903     -2.304897
   2.53568     -2.295295     -2.295289
   2.49018     -2.291298     -2.291292
   2.44469     -2.291230     -2.291224
   2.44469     -2.291230     -2.291224
   2.41253     -2.293030     -2.288643
   2.38036     -2.298396     -2.281020
   2.34819     -2.307109     -2.268886
   2.31603     -2.318769     -2.256014
   2.28386     -2.332866     -2.254807
   2.25169     -2.348833     -2.257813
   2.21952     -2.366079     -2.261608
   2.18736     -2.384023     -2.265717
   2.15519     -2.402113     -2.269932
   2.12302     -2.419850     -2.274102
   2.09086     -2.436789     -2.278103
   2.05869     -2.452547     -2.281833
   2.02652     -2.466797     -2.285206
   1.99436     -2.479271     -2.288156
   1.96219     -2.489753     -2.290630
   1.93002     -2.498072     -2.292589
   1.89785     -2.504100     -2.294005
   1.86569     -2.507752     -2.294862
   1.83352     -2.508975     -2.295148
   1.83352     -2.508975     -2.295148
   1.80135     -2.509481     -2.299898
   1.76919     -2.510983     -2.313426
   1.73702     -2.513434     -2.333947
   1.70485     -2.516758     -2.359353
   1.67269     -2.520853     -2.387738
   1.64052     -2.525592     -2.417574
   1.60835     -2.530830     -2.447695
   1.57618     -2.536405     -2.477205
   1.54402     -2.542141     -2.505394
   1.51185     -2.547853     -2.531658
   1.47968     -2.553344     -2.540063
   1.44752     -2.526131     -2.391748
   1.41535     -2.363789     -2.245202
   1.38318     -2.208662     -2.105355
   1.35102     -2.066384     -1.977268
   1.31885     -1.943661     -1.866790
   1.28668     -1.847995     -1.780695
   1.25451     -1.786845     -1.762034
   1.22235     -1.765889     -1.765884
   1.22235     -1.765889     -1.765884
   1.19018     -1.762040     -1.786841
   1.15801     -1.780698     -1.847990
   1.12585     -1.866793     -1.943655
   1.09368     -1.977270     -2.066379
   1.06151     -2.105357     -2.208656
   1.02934     -2.245204     -2.363782
   0.99718     -2.391749     -2.526124
   0.96501     -2.540064     -2.553338
   0.93284     -2.531654     -2.547846
   0.90068     -2.505390     -2.542134
   0.86851     -2.477202     -2.536399
   0.83634     -2.447692     -2.530824
   0.80418     -2.417571     -2.525586
   0.77201     -2.387735     -2.520847
   0.73984     -2.359351     -2.516752
   0.70767     -2.333945     -2.513428
   0.67551     -2.313424     -2.510977
   0.64334     -2.299896     -2.509475
   0.61117     -2.295146     -2.508969
   0.61117     -2.295146     -2.508969
   0.57901     -2.294860     -2.507746
   0.54684     -2.294003     -2.504095
   0.51467     -2.292587     -2.498066
   0.48251     -2.290629     -2.489747
   0.45034     -2.288155     -2.479266
   0.41817     -2.285205     -2.466791
   0.38600     -2.281832     -2.452541
   0.35384     -2.278103     -2.436784
   0.32167     -2.274102     -2.419844
   0.28950     -2.269933     -2.402108
   0.25734     -2.265718     -2.384017
   0.22517     -2.261609     -2.366074
   0.19300     -2.257815     -2.348827
   0.16084     -2.254810     -2.332861
   0.12867     -2.256020     -2.318763
   0.09650     -2.268893     -2.307103
   0.06433     -2.281026     -2.298390
   0.03217     -2.288649     -2.293024
   0.00000     -2.291230     -2.291224
 
# Band-Index   11
   0.00000     -2.243042     -2.243040
   0.03217     -2.243405     -2.233516
   0.06433     -2.244428     -2.206403
   0.09650     -2.245732     -2.165264
   0.12867     -2.243782     -2.114108
   0.16084     -2.226465     -2.056379
   0.19300     -2.201560     -1.994768
   0.22517     -2.172857     -1.931364
   0.25734     -2.141235     -1.867852
   0.28950     -2.107357     -1.805646
   0.32167     -2.071902     -1.745974
   0.35384     -2.035621     -1.689921
   0.38600     -1.999365     -1.638442
   0.41817     -1.964111     -1.592360
   0.45034     -1.930972     -1.562580
   0.48251     -1.901189     -1.546776
   0.51467     -1.876082     -1.534129
   0.54684     -1.856958     -1.524912
   0.57901     -1.851561     -1.519309
   0.61117     -1.851832     -1.517429
   0.61117     -1.851832     -1.517429
   0.64334     -1.849543     -1.517527
   0.67551     -1.842757     -1.517817
   0.70767     -1.831699     -1.518295
   0.73984     -1.816743     -1.518948
   0.77201     -1.798395     -1.519764
   0.80418     -1.777287     -1.520726
   0.83634     -1.754178     -1.521816
   0.86851     -1.729983     -1.523018
   0.90068     -1.705877     -1.524316
   0.93284     -1.683663     -1.525708
   0.96501     -1.666865     -1.534550
   0.99718     -1.662069     -1.547708
   1.02934     -1.672327     -1.563203
   1.06151     -1.691139     -1.582278
   1.09368     -1.712461     -1.606127
   1.12585     -1.732872     -1.634355
   1.15801     -1.749483     -1.662969
   1.19018     -1.723569     -1.686787
   1.22235     -1.704196     -1.704192
   1.22235     -1.704196     -1.704192
   1.25451     -1.686791     -1.723566
   1.28668     -1.662964     -1.749476
   1.31885     -1.634352     -1.732862
   1.35102     -1.606126     -1.712447
   1.38318     -1.582279     -1.691121
   1.41535     -1.563206     -1.672303
   1.44752     -1.547713     -1.662042
   1.47968     -1.534555     -1.666837
   1.51185     -1.525730     -1.683637
   1.54402     -1.524338     -1.705854
   1.57618     -1.523039     -1.729961
   1.60835     -1.521837     -1.754157
   1.64052     -1.520747     -1.777266
   1.67269     -1.519785     -1.798375
   1.70485     -1.518969     -1.816724
   1.73702     -1.518316     -1.831681
   1.76919     -1.517838     -1.842738
   1.80135     -1.517548     -1.849525
   1.83352     -1.517450     -1.851813
   1.83352     -1.517450     -1.851813
   1.86569     -1.519330     -1.851542
   1.89785     -1.524933     -1.856953
   1.93002     -1.534150     -1.876077
   1.96219     -1.546797     -1.901184
   1.99436     -1.562601     -1.930967
   2.02652     -1.592368     -1.964106
   2.05869     -1.638450     -1.999360
   2.09086     -1.689928     -2.035615
   2.12302     -1.745981     -2.071896
   2.15519     -1.805652     -2.107351
   2.18736     -1.867858     -2.141230
   2.21952     -1.931369     -2.172852
   2.25169     -1.994772     -2.201555
   2.28386     -2.056383     -2.226461
   2.31603     -2.114112     -2.243781
   2.34819     -2.165267     -2.245731
   2.38036     -2.206406     -2.244427
   2.41253     -2.233518     -2.243403
   2.44469     -2.243042     -2.243040
   2.44469     -2.243042     -2.243040
   2.49018     -2.231714     -2.231713
   2.53568     -2.196969     -2.196968
   2.58117     -2.143789     -2.143788
   2.62666     -2.079797     -2.079796
   2.67215     -2.010844     -2.010843
   2.71764     -1.940983     -1.940982
   2.76313     -1.873017     -1.873016
   2.80862     -1.808893     -1.808892
   2.85411     -1.749960     -1.749959
   2.89960     -1.697166     -1.697165
   2.94510     -1.663459     -1.663429
   2.99059     -1.659885     -1.659855
   3.03608     -1.667580     -1.667552
   3.08157     -1.682847     -1.682824
   3.12706     -1.698150     -1.698132
   3.17255     -1.707664     -1.707650
   3.21804     -1.709443     -1.709435
   3.26353     -1.706323     -1.706318
   3.30902     -1.704196     -1.704192
 
# Band-Index   12
   3.30902     -1.692948     -1.692954
   3.26353     -1.676860     -1.676867
   3.21804     -1.635707     -1.635713
   3.17255     -1.590090     -1.590095
   3.12706     -1.564833     -1.564836
   3.08157     -1.565457     -1.565458
   3.03608     -1.583481     -1.583481
   2.99059     -1.612947     -1.612947
   2.94510     -1.651244     -1.651243
   2.89960     -1.675902     -1.675874
   2.85411     -1.693383     -1.693358
   2.80862     -1.713150     -1.713127
   2.76313     -1.733385     -1.733362
   2.71764     -1.752795     -1.752774
   2.67215     -1.770410     -1.770390
   2.62666     -1.785502     -1.785482
   2.58117     -1.797560     -1.797541
   2.53568     -1.806283     -1.806264
   2.49018     -1.811535     -1.811517
   2.44469     -1.813286     -1.813268
   2.44469     -1.813286     -1.813268
   2.41253     -1.811175     -1.813527
   2.38036     -1.804905     -1.814298
   2.34819     -1.794661     -1.815569
   2.31603     -1.780745     -1.817313
   2.28386     -1.763569     -1.819493
   2.25169     -1.743641     -1.822057
   2.21952     -1.721549     -1.824933
   2.18736     -1.697941     -1.828030
   2.15519     -1.673504     -1.831244
   2.12302     -1.648939     -1.834461
   2.09086     -1.624939     -1.837581
   2.05869     -1.602161     -1.840522
   2.02652     -1.581204     -1.843225
   1.99436     -1.552370     -1.845646
   1.96219     -1.519002     -1.847741
   1.93002     -1.492677     -1.849459
   1.89785     -1.473689     -1.850745
   1.86569     -1.462227     -1.844949
   1.83352     -1.458395     -1.840853
   1.83352     -1.458395     -1.840853
   1.80135     -1.459198     -1.835681
   1.76919     -1.461580     -1.820899
   1.73702     -1.465459     -1.798328
   1.70485     -1.470711     -1.770139
   1.67269     -1.477180     -1.738323
   1.64052     -1.484700     -1.704513
   1.60835     -1.493113     -1.670013
   1.57618     -1.502300     -1.635888
   1.54402     -1.512204     -1.603080
   1.51185     -1.522880     -1.572572
   1.47968     -1.527229     -1.577398
   1.44752     -1.528901     -1.582579
   1.41535     -1.530952     -1.575590
   1.38318     -1.534134     -1.562842
   1.35102     -1.542721     -1.596275
   1.31885     -1.580689     -1.635591
   1.28668     -1.640471     -1.666510
   1.25451     -1.684766     -1.686195
   1.22235     -1.692948     -1.692954
   1.22235     -1.692948     -1.692954
   1.19018     -1.686189     -1.684772
   1.15801     -1.666504     -1.640464
   1.12585     -1.635587     -1.580676
   1.09368     -1.596272     -1.542699
   1.06151     -1.562855     -1.534112
   1.02934     -1.575601     -1.530930
   0.99718     -1.582588     -1.528880
   0.96501     -1.577408     -1.527208
   0.93284     -1.572579     -1.522875
   0.90068     -1.603087     -1.512197
   0.86851     -1.635895     -1.502293
   0.83634     -1.670019     -1.493106
   0.80418     -1.704519     -1.484692
   0.77201     -1.738329     -1.477171
   0.73984     -1.770145     -1.470702
   0.70767     -1.798334     -1.465450
   0.67551     -1.820904     -1.461571
   0.64334     -1.835686     -1.459189
   0.61117     -1.840858     -1.458386
   0.61117     -1.840858     -1.458386
   0.57901     -1.844954     -1.462218
   0.54684     -1.850763     -1.473680
   0.51467     -1.849478     -1.492669
   0.48251     -1.847760     -1.518993
   0.45034     -1.845665     -1.552362
   0.41817     -1.843244     -1.581184
   0.38600     -1.840541     -1.602140
   0.35384     -1.837601     -1.624919
   0.32167     -1.834481     -1.648919
   0.28950     -1.831263     -1.673484
   0.25734     -1.828049     -1.697921
   0.22517     -1.824952     -1.721530
   0.19300     -1.822076     -1.743622
   0.16084     -1.819512     -1.763550
   0.12867     -1.817331     -1.780726
   0.09650     -1.815587     -1.794642
   0.06433     -1.814317     -1.804887
   0.03217     -1.813545     -1.811157
   0.00000     -1.813286     -1.813268
 
# Band-Index   13
   0.00000     -1.183343     -1.183328
   0.03217     -1.187635     -1.182447
   0.06433     -1.200243     -1.179648
   0.09650     -1.220381     -1.174483
   0.12867     -1.246774     -1.166290
   0.16084     -1.277717     -1.154293
   0.19300     -1.311183     -1.137737
   0.22517     -1.344966     -1.116025
   0.25734     -1.376892     -1.088826
   0.28950     -1.405059     -1.056173
   0.32167     -1.428074     -1.018510
   0.35384     -1.445209     -0.976722
   0.38600     -1.456446     -0.932121
   0.41817     -1.462388     -0.886432
   0.45034     -1.464098     -0.841730
   0.48251     -1.462897     -0.800353
   0.51467     -1.460166     -0.764750
   0.54684     -1.457175     -0.737268
   0.57901     -1.454942     -0.719886
   0.61117     -1.454123     -0.713935
   0.61117     -1.454123     -0.713935
   0.64334     -1.455326     -0.717920
   0.67551     -1.458930     -0.729852
   0.70767     -1.464911     -0.749669
   0.73984     -1.473227     -0.777261
   0.77201     -1.483813     -0.812465
   0.80418     -1.496564     -0.855058
   0.83634     -1.511312     -0.904749
   0.86851     -1.527768     -0.961163
   0.90068     -1.545381     -1.023827
   0.93284     -1.562934     -1.092152
   0.96501     -1.545794     -1.165392
   0.99718     -1.526097     -1.242577
   1.02934     -1.524602     -1.322346
   1.06151     -1.554083     -1.402397
   1.09368     -1.549952     -1.476229
   1.12585     -1.539408     -1.516394
   1.15801     -1.532336     -1.524737
   1.19018     -1.528863     -1.527264
   1.22235     -1.527995     -1.527977
   1.22235     -1.527995     -1.527977
   1.25451     -1.527282     -1.528846
   1.28668     -1.524754     -1.532318
   1.31885     -1.516406     -1.539392
   1.35102     -1.476233     -1.549937
   1.38318     -1.402402     -1.554083
   1.41535     -1.322353     -1.524596
   1.44752     -1.242584     -1.526088
   1.47968     -1.165400     -1.545785
   1.51185     -1.092161     -1.562920
   1.54402     -1.023836     -1.545364
   1.57618     -0.961172     -1.527749
   1.60835     -0.904759     -1.511290
   1.64052     -0.855068     -1.496540
   1.67269     -0.812475     -1.483788
   1.70485     -0.777271     -1.473201
   1.73702     -0.749680     -1.464884
   1.76919     -0.729863     -1.458903
   1.80135     -0.717930     -1.455299
   1.83352     -0.713946     -1.454095
   1.83352     -0.713946     -1.454095
   1.86569     -0.719897     -1.454915
   1.89785     -0.737279     -1.457148
   1.93002     -0.764760     -1.460139
   1.96219     -0.800363     -1.462870
   1.99436     -0.841740     -1.464072
   2.02652     -0.886441     -1.462361
   2.05869     -0.932130     -1.456420
   2.09086     -0.976731     -1.445184
   2.12302     -1.018519     -1.428050
   2.15519     -1.056182     -1.405036
   2.18736     -1.088836     -1.376870
   2.21952     -1.116036     -1.344945
   2.25169     -1.137749     -1.311163
   2.28386     -1.154305     -1.277699
   2.31603     -1.166304     -1.246757
   2.34819     -1.174498     -1.220365
   2.38036     -1.179662     -1.200227
   2.41253     -1.182462     -1.187619
   2.44469     -1.183343     -1.183328
   2.44469     -1.183343     -1.183328
   2.49018     -1.186678     -1.186663
   2.53568     -1.196613     -1.196598
   2.58117     -1.212946     -1.212931
   2.62666     -1.235327     -1.235313
   2.67215     -1.263244     -1.263230
   2.71764     -1.296001     -1.295988
   2.76313     -1.332680     -1.332668
   2.80862     -1.372081     -1.372069
   2.85411     -1.412603     -1.412593
   2.89960     -1.452003     -1.451996
   2.94510     -1.486944     -1.486939
   2.99059     -1.512804     -1.512801
   3.03608     -1.526116     -1.526112
   3.08157     -1.529170     -1.529163
   3.12706     -1.527788     -1.527778
   3.17255     -1.526208     -1.526195
   3.21804     -1.526146     -1.526130
   3.26353     -1.527279     -1.527261
   3.30902     -1.527995     -1.527977
 
# Band-Index   14
   3.30902     -1.402648     -1.402643
   3.26353     -1.400613     -1.400607
   3.21804     -1.391275     -1.391270
   3.17255     -1.363040     -1.363036
   3.12706     -1.300833     -1.300831
   3.08157     -1.207463     -1.207463
   3.03608     -1.098087     -1.098088
   2.99059     -0.984017     -0.984020
   2.94510     -0.872148     -0.872151
   2.89960     -0.766962     -0.766966
   2.85411     -0.671439     -0.671443
   2.80862     -0.587408     -0.587412
   2.76313     -0.515746     -0.515751
   2.71764     -0.456570     -0.456576
   2.67215     -0.409423     -0.409429
   2.62666     -0.373448     -0.373456
   2.58117     -0.347515     -0.347523
   2.53568     -0.330339     -0.330348
   2.49018     -0.320670     -0.320679
   2.44469     -0.317565     -0.317575
   2.44469     -0.317565     -0.317575
   2.41253     -0.316142     -0.319560
   2.38036     -0.311910     -0.325512
   2.34819     -0.304969     -0.335413
   2.31603     -0.295455     -0.349219
   2.28386     -0.283514     -0.366851
   2.25169     -0.269282     -0.388170
   2.21952     -0.252885     -0.412959
   2.18736     -0.234453     -0.440903
   2.15519     -0.214158     -0.471571
   2.12302     -0.192249     -0.504396
   2.09086     -0.169095     -0.538663
   2.05869     -0.145225     -0.573494
   2.02652     -0.121354     -0.607840
   1.99436     -0.098379     -0.640489
   1.96219     -0.077350     -0.670084
   1.93002     -0.059397     -0.695189
   1.89785     -0.045614     -0.714395
   1.86569     -0.036928     -0.726483
   1.83352     -0.033959     -0.730613
   1.83352     -0.033959     -0.730613
   1.80135     -0.045195     -0.739809
   1.76919     -0.078132     -0.766310
   1.73702     -0.130709     -0.807355
   1.70485     -0.200133     -0.859568
   1.67269     -0.283374     -0.919776
   1.64052     -0.377473     -0.985357
   1.60835     -0.479663     -1.054237
   1.57618     -0.587387     -1.124750
   1.54402     -0.698258     -1.195457
   1.51185     -0.809967     -1.264905
   1.47968     -0.920157     -1.331162
   1.44752     -1.026235     -1.390248
   1.41535     -1.125137     -1.430270
   1.38318     -1.213142     -1.437449
   1.35102     -1.286102     -1.428788
   1.31885     -1.340776     -1.418320
   1.28668     -1.376759     -1.409831
   1.25451     -1.396456     -1.404467
   1.22235     -1.402648     -1.402643
   1.22235     -1.402648     -1.402643
   1.19018     -1.404473     -1.396451
   1.15801     -1.409836     -1.376756
   1.12585     -1.418324     -1.340774
   1.09368     -1.428791     -1.286103
   1.06151     -1.437449     -1.213145
   1.02934     -1.430264     -1.125143
   0.99718     -1.390241     -1.026242
   0.96501     -1.331154     -0.920165
   0.93284     -1.264898     -0.809976
   0.90068     -1.195450     -0.698268
   0.86851     -1.124743     -0.587399
   0.83634     -1.054230     -0.479676
   0.80418     -0.985351     -0.377486
   0.77201     -0.919770     -0.283388
   0.73984     -0.859562     -0.200147
   0.70767     -0.807349     -0.130724
   0.67551     -0.766304     -0.078147
   0.64334     -0.739803     -0.045210
   0.61117     -0.730606     -0.033974
   0.61117     -0.730606     -0.033974
   0.57901     -0.726477     -0.036943
   0.54684     -0.714389     -0.045630
   0.51467     -0.695182     -0.059412
   0.48251     -0.670077     -0.077365
   0.45034     -0.640482     -0.098393
   0.41817     -0.607833     -0.121368
   0.38600     -0.573486     -0.145240
   0.35384     -0.538655     -0.169109
   0.32167     -0.504388     -0.192263
   0.28950     -0.471563     -0.214172
   0.25734     -0.440894     -0.234466
   0.22517     -0.412950     -0.252897
   0.19300     -0.388161     -0.269294
   0.16084     -0.366842     -0.283525
   0.12867     -0.349210     -0.295466
   0.09650     -0.335403     -0.304979
   0.06433     -0.325503     -0.311920
   0.03217     -0.319551     -0.316152
   0.00000     -0.317565     -0.317575
 
# Band-Index   15
   0.00000      0.243086      0.243081
   0.03217      0.243361      0.247666
   0.06433      0.244158      0.261221
   0.09650      0.245390      0.283138
   0.12867      0.246927      0.312377
   0.16084      0.248611      0.347455
   0.19300      0.250273      0.386461
   0.22517      0.251759      0.427142
   0.25734      0.252939      0.467081
   0.28950      0.253727      0.504000
   0.32167      0.254083      0.536101
   0.35384      0.254014      0.562348
   0.38600      0.253570      0.582543
   0.41817      0.252839      0.597181
   0.45034      0.251931      0.607175
   0.48251      0.250965      0.613589
   0.51467      0.250064      0.617436
   0.54684      0.249333      0.619559
   0.57901      0.248859      0.620582
   0.61117      0.248694      0.620881
   0.61117      0.248694      0.620881
   0.64334      0.257471      0.622937
   0.67551      0.282531      0.628734
   0.70767      0.320589      0.637332
   0.73984      0.367404      0.647588
   0.77201      0.418667      0.658445
   0.80418      0.470461      0.669029
   0.83634      0.519489      0.678674
   0.86851      0.563240      0.686902
   0.90068      0.600144      0.693419
   0.93284      0.629629      0.698107
   0.96501      0.651991      0.701015
   0.99718      0.668125      0.702333
   1.02934      0.679212      0.702362
   1.06151      0.686462      0.701471
   1.09368      0.690956      0.700055
   1.12585      0.693578      0.698493
   1.15801      0.694997      0.697119
   1.19018      0.695670      0.696186
   1.22235      0.695866      0.695857
   1.22235      0.695866      0.695857
   1.25451      0.696195      0.695662
   1.28668      0.697127      0.694989
   1.31885      0.698501      0.693571
   1.35102      0.700062      0.690948
   1.38318      0.701478      0.686455
   1.41535      0.702369      0.679206
   1.44752      0.702339      0.668119
   1.47968      0.701021      0.651985
   1.51185      0.698112      0.629624
   1.54402      0.693424      0.600140
   1.57618      0.686907      0.563236
   1.60835      0.678678      0.519486
   1.64052      0.669033      0.470459
   1.67269      0.658448      0.418664
   1.70485      0.647592      0.367402
   1.73702      0.637334      0.320587
   1.76919      0.628737      0.282530
   1.80135      0.622940      0.257469
   1.83352      0.620884      0.248693
   1.83352      0.620884      0.248693
   1.86569      0.620585      0.248857
   1.89785      0.619562      0.249331
   1.93002      0.617439      0.250062
   1.96219      0.613592      0.250963
   1.99436      0.607178      0.251929
   2.02652      0.597183      0.252837
   2.05869      0.582546      0.253568
   2.09086      0.562350      0.254011
   2.12302      0.536103      0.254080
   2.15519      0.504003      0.253725
   2.18736      0.467084      0.252936
   2.21952      0.427144      0.251756
   2.25169      0.386464      0.250270
   2.28386      0.347458      0.248607
   2.31603      0.312380      0.246923
   2.34819      0.283142      0.245385
   2.38036      0.261226      0.244153
   2.41253      0.247671      0.243357
   2.44469      0.243086      0.243081
   2.44469      0.243086      0.243081
   2.49018      0.249417      0.249413
   2.53568      0.268270      0.268265
   2.58117      0.299081      0.299076
   2.62666      0.340569      0.340564
   2.67215      0.390455      0.390450
   2.71764      0.445400      0.445396
   2.76313      0.501238      0.501234
   2.80862      0.553567      0.553563
   2.85411      0.598636      0.598632
   2.89960      0.634210      0.634205
   2.94510      0.659922      0.659917
   2.99059      0.676932      0.676927
   3.03608      0.687181      0.687175
   3.08157      0.692703      0.692697
   3.12706      0.695233      0.695226
   3.17255      0.696075      0.696068
   3.21804      0.696127      0.696120
   3.26353      0.695955      0.695947
   3.30902      0.695866      0.695857
 
# Band-Index   16
   3.30902      0.846670      0.846684
   3.26353      0.861964      0.861979
   3.21804      0.906819      0.906834
   3.17255      0.978532      0.978547
   3.12706      1.073520      1.073536
   3.08157      1.188011      1.188027
   3.03608      1.318426      1.318442
   2.99059      1.461561      1.461578
   2.94510      1.614646      1.614663
   2.89960      1.742034      1.742047
   2.85411      1.665208      1.665220
   2.80862      1.599296      1.599307
   2.76313      1.544795      1.544806
   2.71764      1.500783      1.500794
   2.67215      1.465763      1.465774
   2.62666      1.438351      1.438362
   2.58117      1.417592      1.417603
   2.53568      1.402961      1.402971
   2.49018      1.394228      1.394239
   2.44469      1.391322      1.391333
   2.44469      1.391322      1.391333
   2.41253      1.392053      1.393192
   2.38036      1.394423      1.398681
   2.34819      1.398979      1.407537
   2.31603      1.406638      1.419320
   2.28386      1.418702      1.433413
   2.25169      1.436827      1.449043
   2.21952      1.462950      1.465319
   2.18736      1.499098      1.481309
   2.15519      1.547085      1.496139
   2.12302      1.608136      1.509093
   2.09086      1.660092      1.519710
   2.05869      1.510120      1.527821
   2.02652      1.376754      1.533540
   1.99436      1.261584      1.537198
   1.96219      1.165867      1.539255
   1.93002      1.090555      1.540211
   1.89785      1.036327      1.488092
   1.86569      1.003626      1.455668
   1.83352      0.992699      1.444734
   1.83352      0.992699      1.444734
   1.80135      0.991839      1.443313
   1.76919      0.989292      1.439048
   1.73702      0.985162      1.431937
   1.70485      0.979604      1.421956
   1.67269      0.972815      1.409037
   1.64052      0.965009      1.393034
   1.60835      0.956401      1.373679
   1.57618      0.947192      1.350526
   1.54402      0.937553      1.322895
   1.51185      0.927617      1.289835
   1.47968      0.917473      1.250163
   1.44752      0.907158      1.202691
   1.41535      0.896674      1.146819
   1.38318      0.886023      1.083505
   1.35102      0.875305      1.016242
   1.31885      0.864894      0.951241
   1.28668      0.855676      0.896432
   1.25451      0.849091      0.859655
   1.22235      0.846670      0.846684
   1.22235      0.846670      0.846684
   1.19018      0.859640      0.849106
   1.15801      0.896418      0.855691
   1.12585      0.951227      0.864910
   1.09368      1.016229      0.875320
   1.06151      1.083494      0.886039
   1.02934      1.146810      0.896690
   0.99718      1.202683      0.907174
   0.96501      1.250157      0.917489
   0.93284      1.289831      0.927634
   0.90068      1.322891      0.937569
   0.86851      1.350522      0.947208
   0.83634      1.373676      0.956418
   0.80418      1.393031      0.965026
   0.77201      1.409034      0.972832
   0.73984      1.421953      0.979621
   0.70767      1.431934      0.985178
   0.67551      1.439046      0.989309
   0.64334      1.443310      0.991855
   0.61117      1.444731      0.992716
   0.61117      1.444731      0.992716
   0.57901      1.455665      1.003642
   0.54684      1.488089      1.036344
   0.51467      1.540198      1.090573
   0.48251      1.539242      1.165885
   0.45034      1.537185      1.261602
   0.41817      1.533527      1.376772
   0.38600      1.527808      1.510139
   0.35384      1.519697      1.660112
   0.32167      1.509080      1.608151
   0.28950      1.496126      1.547099
   0.25734      1.481297      1.499110
   0.22517      1.465306      1.462962
   0.19300      1.449031      1.436839
   0.16084      1.433402      1.418713
   0.12867      1.419309      1.406649
   0.09650      1.407526      1.398989
   0.06433      1.398670      1.394434
   0.03217      1.393181      1.392063
   0.00000      1.391322      1.391333
 
# Band-Index   17
   0.00000      2.852639      2.852627
   0.03217      2.856510      2.850620
   0.06433      2.867873      2.844661
   0.09650      2.885460      2.834915
   0.12867      2.888964      2.821431
   0.16084      2.794184      2.746886
   0.19300      2.677560      2.568166
   0.22517      2.553152      2.378371
   0.25734      2.424316      2.187468
   0.28950      2.293632      2.001535
   0.32167      2.163527      1.824722
   0.35384      2.036486      1.682565
   0.38600      1.915113      1.769538
   0.41817      1.802127      1.867136
   0.45034      1.700306      1.972275
   0.48251      1.612381      2.080492
   0.51467      1.540904      2.185291
   0.54684      1.540511      2.277049
   0.57901      1.540545      2.342275
   0.61117      1.540530      2.366336
   0.61117      1.540530      2.366336
   0.64334      1.541445      2.365413
   0.67551      1.544443      2.362734
   0.70767      1.550281      2.358552
   0.73984      1.560166      2.353216
   0.77201      1.575663      2.347109
   0.80418      1.598514      2.340589
   0.83634      1.630369      2.333962
   0.86851      1.672421      2.327468
   0.90068      1.725041      2.321285
   0.93284      1.787526      2.315540
   0.96501      1.858053      2.310316
   0.99718      1.933806      2.305665
   1.02934      2.011198      2.301619
   1.06151      2.040890      2.287676
   1.09368      1.953003      2.132956
   1.12585      1.884300      1.996628
   1.15801      1.836685      1.890392
   1.19018      1.808984      1.822989
   1.22235      1.799914      1.799900
   1.22235      1.799914      1.799900
   1.25451      1.823003      1.808970
   1.28668      1.890407      1.836670
   1.31885      1.996645      1.884285
   1.35102      2.132974      1.952988
   1.38318      2.287697      2.040872
   1.41535      2.301595      2.011216
   1.44752      2.305641      1.933823
   1.47968      2.310291      1.858069
   1.51185      2.315515      1.787541
   1.54402      2.321260      1.725055
   1.57618      2.327443      1.672434
   1.60835      2.333936      1.630381
   1.64052      2.340563      1.598526
   1.67269      2.347083      1.575675
   1.70485      2.353190      1.560179
   1.73702      2.358526      1.550293
   1.76919      2.362708      1.544455
   1.80135      2.365386      1.541457
   1.83352      2.366309      1.540543
   1.83352      2.366309      1.540543
   1.86569      2.342249      1.540558
   1.89785      2.277025      1.540524
   1.93002      2.185269      1.540905
   1.96219      2.080471      1.612382
   1.99436      1.972257      1.700306
   2.02652      1.867119      1.802126
   2.05869      1.769522      1.915110
   2.09086      1.682550      2.036483
   2.12302      1.824702      2.163523
   2.15519      2.001514      2.293627
   2.18736      2.187446      2.424312
   2.21952      2.378349      2.553147
   2.25169      2.568144      2.677555
   2.28386      2.746865      2.794179
   2.31603      2.821443      2.888954
   2.34819      2.834927      2.885447
   2.38036      2.844673      2.867861
   2.41253      2.850632      2.856498
   2.44469      2.852639      2.852627
   2.44469      2.852639      2.852627
   2.49018      2.854407      2.854395
   2.53568      2.859025      2.859012
   2.58117      2.858493      2.858483
   2.62666      2.770628      2.770636
   2.67215      2.619090      2.619103
   2.71764      2.453817      2.453831
   2.76313      2.283206      2.283222
   2.80862      2.111547      2.111563
   2.85411      1.941576      1.941593
   2.89960      1.775323      1.775340
   2.94510      1.827370      1.827384
   2.99059      1.917071      1.917086
   3.03608      2.005926      2.005944
   3.08157      2.088521      2.088541
   3.12706      2.160080      2.160101
   3.17255      2.052619      2.052598
   3.21804      1.921893      1.921876
   3.26353      1.831953      1.831938
   3.30902      1.799914      1.799900
 
# Band-Index   18
   3.30902      2.217301      2.217291
   3.26353      2.232213      2.232204
   3.21804      2.258056      2.258079
   3.17255      2.217175      2.217198
   3.12706      2.199078      2.199050
   3.08157      2.335938      2.335902
   3.03608      2.453184      2.453143
   2.99059      2.555340      2.555298
   2.94510      2.648156      2.648114
   2.89960      2.735845      2.735805
   2.85411      2.821589      2.821552
   2.80862      2.902695      2.902666
   2.76313      2.938702      2.938686
   2.71764      2.923768      2.923728
   2.67215      2.911547      2.911534
   2.62666      2.899055      2.899045
   2.58117      2.909494      2.909455
   2.53568      2.910876      2.910836
   2.49018      2.912319      2.912280
   2.44469      2.912902      2.912863
   2.44469      2.912902      2.912863
   2.41253      2.911677      2.912549
   2.38036      2.908056      2.911847
   2.34819      2.902194      2.911460
   2.31603      2.894335      2.912507
   2.28386      2.807065      2.916459
   2.25169      2.787689      2.925036
   2.21952      2.766853      2.940089
   2.18736      2.744510      2.963453
   2.15519      2.721074      2.996799
   2.12302      2.696953      2.953844
   2.09086      2.672507      2.854738
   2.05869      2.648041      2.743605
   2.02652      2.623840      2.634700
   1.99436      2.600257      2.535241
   1.96219      2.577868      2.449418
   1.93002      2.557669      2.380033
   1.89785      2.541178      2.329087
   1.86569      2.530223      2.297963
   1.83352      2.526365      2.287497
   1.83352      2.526365      2.287497
   1.80135      2.530681      2.287468
   1.76919      2.543456      2.287349
   1.73702      2.564156      2.287037
   1.70485      2.591860      2.286364
   1.67269      2.625191      2.285101
   1.64052      2.662170      2.282959
   1.60835      2.699958      2.279566
   1.57618      2.734292      2.274427
   1.54402      2.758309      2.266785
   1.51185      2.759211      2.255250
   1.47968      2.704714      2.236594
   1.44752      2.590469      2.201927
   1.41535      2.445968      2.134280
   1.38318      2.298168      2.086143
   1.35102      2.295368      2.154300
   1.31885      2.293193      2.211617
   1.28668      2.264744      2.229051
   1.25451      2.229290      2.220301
   1.22235      2.217301      2.217291
   1.22235      2.217301      2.217291
   1.19018      2.220310      2.229280
   1.15801      2.229060      2.264734
   1.12585      2.211594      2.293218
   1.09368      2.154278      2.295392
   1.06151      2.086123      2.298193
   1.02934      2.134302      2.445945
   0.99718      2.201952      2.590444
   0.96501      2.236619      2.704695
   0.93284      2.255273      2.759200
   0.90068      2.266808      2.758295
   0.86851      2.274449      2.734275
   0.83634      2.279589      2.699940
   0.80418      2.282981      2.662152
   0.77201      2.285124      2.625172
   0.73984      2.286386      2.591842
   0.70767      2.287060      2.564138
   0.67551      2.287372      2.543438
   0.64334      2.287491      2.530664
   0.61117      2.287520      2.526348
   0.61117      2.287520      2.526348
   0.57901      2.297987      2.530206
   0.54684      2.329111      2.541160
   0.51467      2.380057      2.557652
   0.48251      2.449442      2.577851
   0.45034      2.535266      2.600240
   0.41817      2.634725      2.623823
   0.38600      2.743629      2.648023
   0.35384      2.854761      2.672490
   0.32167      2.953863      2.696937
   0.28950      2.996838      2.721058
   0.25734      2.963493      2.744494
   0.22517      2.940128      2.766839
   0.19300      2.925076      2.787675
   0.16084      2.916498      2.807052
   0.12867      2.912546      2.894295
   0.09650      2.911499      2.902154
   0.06433      2.911887      2.908016
   0.03217      2.912589      2.911638
   0.00000      2.912902      2.912863
 
# Band-Index   19
   0.00000      3.136195      3.136197
   0.03217      3.119847      3.125290
   0.06433      3.072927      3.089098
   0.09650      3.001280      3.018018
   0.12867      2.930363      2.903395
   0.16084      2.948341      2.884744
   0.19300      2.980570      2.873845
   0.22517      3.011506      2.861945
   0.25734      3.030261      2.849376
   0.28950      3.016779      2.836428
   0.32167      3.041512      2.823328
   0.35384      3.098420      2.810231
   0.38600      3.167960      2.797205
   0.41817      3.249999      2.784242
   0.45034      3.343880      2.771306
   0.48251      3.448379      2.758462
   0.51467      3.561440      2.746136
   0.54684      3.628090      2.735379
   0.57901      3.633484      2.727822
   0.61117      3.634671      2.725073
   0.61117      3.634671      2.725073
   0.64334      3.629759      2.729210
   0.67551      3.614034      2.741414
   0.70767      3.585756      2.761150
   0.73984      3.544659      2.787762
   0.77201      3.492294      2.820663
   0.80418      3.430972      2.859407
   0.83634      3.363120      2.903598
   0.86851      3.290906      2.934645
   0.90068      3.045410      2.884934
   0.93284      2.815607      2.819837
   0.96501      2.612194      2.753796
   0.99718      2.447621      2.681136
   1.02934      2.342052      2.587672
   1.06151      2.290493      2.489342
   1.09368      2.262319      2.398427
   1.12585      2.243003      2.322065
   1.15801      2.254726      2.291668
   1.19018      2.281397      2.290739
   1.22235      2.290405      2.290430
   1.22235      2.290405      2.290430
   1.25451      2.290715      2.281421
   1.28668      2.291643      2.254749
   1.31885      2.322076      2.242995
   1.35102      2.398439      2.262313
   1.38318      2.489355      2.290490
   1.41535      2.587685      2.342056
   1.44752      2.681151      2.447631
   1.47968      2.753820      2.612204
   1.51185      2.819872      2.815617
   1.54402      2.884964      3.045419
   1.57618      2.934671      3.290880
   1.60835      2.903641      3.363091
   1.64052      2.859450      3.430943
   1.67269      2.820706      3.492263
   1.70485      2.787805      3.544626
   1.73702      2.761193      3.585719
   1.76919      2.741457      3.613994
   1.80135      2.729253      3.629717
   1.83352      2.725115      3.634628
   1.83352      2.725115      3.634628
   1.86569      2.727865      3.633441
   1.89785      2.735422      3.628045
   1.93002      2.746180      3.561398
   1.96219      2.758506      3.448339
   1.99436      2.771350      3.343840
   2.02652      2.784287      3.249960
   2.05869      2.797249      3.167921
   2.09086      2.810275      3.098381
   2.12302      2.823372      3.041473
   2.15519      2.836471      3.016764
   2.18736      2.849419      3.030248
   2.21952      2.861987      3.011492
   2.25169      2.873886      2.980557
   2.28386      2.884785      2.948329
   2.31603      2.903377      2.930357
   2.34819      3.018006      3.001280
   2.38036      3.089091      3.072927
   2.41253      3.125287      3.119849
   2.44469      3.136195      3.136197
   2.44469      3.136195      3.136197
   2.49018      3.110024      3.110027
   2.53568      3.037018      3.037023
   2.58117      2.935768      2.935774
   2.62666      2.909711      2.909672
   2.67215      2.913631      2.913591
   2.71764      2.928412      2.928397
   2.76313      2.942746      2.942706
   2.80862      2.972840      2.972801
   2.85411      2.973847      2.973828
   2.89960      2.935740      2.935723
   2.94510      2.865690      2.865676
   2.99059      2.775361      2.775351
   3.03608      2.671825      2.671818
   3.08157      2.556663      2.556658
   3.12706      2.442486      2.442480
   3.17255      2.346788      2.346780
   3.21804      2.276034      2.276025
   3.26353      2.282367      2.282392
   3.30902      2.290405      2.290430
 
# Band-Index   20
   3.30902      2.753333      2.753305
   3.26353      2.761294      2.761266
   3.21804      2.785900      2.785873
   3.17255      2.830073      2.830049
   3.12706      2.900979      2.900960
   3.08157      3.010250      3.010238
   3.03608      3.155632      3.155629
   2.99059      3.196698      3.196665
   2.94510      3.133755      3.133718
   2.89960      3.070131      3.070092
   2.85411      3.015404      3.015364
   2.80862      2.988746      2.988721
   2.76313      3.038801      3.038765
   2.71764      3.139432      3.139397
   2.67215      3.259669      3.259638
   2.62666      3.395641      3.395613
   2.58117      3.544507      3.544482
   2.53568      3.696007      3.695986
   2.49018      3.823192      3.823172
   2.44469      3.876621      3.876602
   2.44469      3.876621      3.876602
   2.41253      3.828642      3.872727
   2.38036      3.717523      3.862777
   2.34819      3.595980      3.849844
   2.31603      3.497357      3.835947
   2.28386      3.429651      3.821589
   2.25169      3.384538      3.781798
   2.21952      3.352343      3.640807
   2.18736      3.327095      3.515840
   2.15519      3.305690      3.430160
   2.12302      3.286604      3.402004
   2.09086      3.269137      3.418843
   2.05869      3.253013      3.456938
   2.02652      3.197391      3.502089
   1.99436      3.121504      3.546656
   1.96219      3.057924      3.585300
   1.93002      3.008143      3.613232
   1.89785      2.972806      3.678966
   1.86569      2.951790      3.709094
   1.83352      2.944808      3.712482
   1.83352      2.944808      3.712482
   1.80135      2.948548      3.709699
   1.76919      2.959571      3.702624
   1.73702      2.977355      3.693825
   1.70485      3.001196      3.684851
   1.67269      3.015423      3.669651
   1.64052      2.996943      3.605124
   1.60835      2.970890      3.543421
   1.57618      2.952693      3.294793
   1.54402      2.974723      3.217138
   1.51185      2.937059      3.143390
   1.47968      2.900982      3.071803
   1.44752      2.868012      3.004177
   1.41535      2.838836      2.942137
   1.38318      2.813520      2.887118
   1.35102      2.792285      2.840362
   1.31885      2.775431      2.802899
   1.28668      2.763213      2.775547
   1.25451      2.755813      2.758895
   1.22235      2.753333      2.753305
   1.22235      2.753333      2.753305
   1.19018      2.758924      2.755784
   1.15801      2.775575      2.763185
   1.12585      2.802927      2.775402
   1.09368      2.840390      2.792255
   1.06151      2.887146      2.813489
   1.02934      2.942165      2.838804
   0.99718      3.004205      2.867979
   0.96501      3.071831      2.900948
   0.93284      3.143418      2.937025
   0.90068      3.217166      2.974686
   0.86851      3.294789      2.952650
   0.83634      3.543453      2.970867
   0.80418      3.605157      2.996922
   0.77201      3.669685      3.015403
   0.73984      3.684875      3.001179
   0.70767      3.693844      2.977338
   0.67551      3.702639      2.959555
   0.64334      3.709711      2.948532
   0.61117      3.712494      2.944792
   0.61117      3.712494      2.944792
   0.57901      3.709104      2.951774
   0.54684      3.679010      2.972792
   0.51467      3.613276      3.008129
   0.48251      3.585340      3.057911
   0.45034      3.546693      3.121491
   0.41817      3.502124      3.197378
   0.38600      3.456972      3.252977
   0.35384      3.418877      3.269101
   0.32167      3.402040      3.286568
   0.28950      3.430199      3.305655
   0.25734      3.515881      3.327060
   0.22517      3.640848      3.352308
   0.19300      3.781842      3.384504
   0.16084      3.821604      3.429619
   0.12867      3.835960      3.497327
   0.09650      3.849858      3.595954
   0.06433      3.862793      3.717502
   0.03217      3.872746      3.828623
   0.00000      3.876621      3.876602
 
# Band-Index   21
   0.00000      4.219668      4.219656
   0.03217      4.218338      4.208719
   0.06433      4.214482      4.176615
   0.09650      4.208488      4.125294
   0.12867      4.086554      4.057537
   0.16084      3.935931      3.976496
   0.19300      3.811272      3.885356
   0.22517      3.794404      3.787154
   0.25734      3.779561      3.684717
   0.28950      3.764667      3.580682
   0.32167      3.749836      3.477543
   0.35384      3.735393      3.377706
   0.38600      3.721811      3.283538
   0.41817      3.709726      3.238068
   0.45034      3.700043      3.223825
   0.48251      3.694217      3.201583
   0.51467      3.694396      3.141634
   0.54684      3.701055      3.089462
   0.57901      3.789522      3.057379
   0.61117      3.847178      3.046621
   0.61117      3.847178      3.046621
   0.64334      3.842533      3.045630
   0.67551      3.825505      3.042539
   0.70767      3.788929      3.036974
   0.73984      3.733501      3.028269
   0.77201      3.675797      3.030374
   0.80418      3.666096      3.064363
   0.83634      3.557093      3.049265
   0.86851      3.486324      3.012544
   0.90068      3.434883      3.005463
   0.93284      3.390046      3.060109
   0.96501      3.352710      3.113856
   0.99718      3.323795      3.163849
   1.02934      3.304181      3.208108
   1.06151      3.294480      3.245808
   1.09368      3.294582      3.266431
   1.12585      3.302936      3.265850
   1.15801      3.307748      3.266661
   1.19018      3.278127      3.267480
   1.22235      3.267825      3.267795
   1.22235      3.267825      3.267795
   1.25451      3.267510      3.278096
   1.28668      3.266692      3.307713
   1.31885      3.265883      3.302906
   1.35102      3.266466      3.294551
   1.38318      3.245835      3.294448
   1.41535      3.208137      3.304149
   1.44752      3.163881      3.323763
   1.47968      3.113891      3.352678
   1.51185      3.060147      3.390014
   1.54402      3.005504      3.434851
   1.57618      3.012583      3.486292
   1.60835      3.049305      3.557091
   1.64052      3.064382      3.666065
   1.67269      3.030392      3.675770
   1.70485      3.028288      3.733464
   1.73702      3.036992      3.788887
   1.76919      3.042557      3.825456
   1.80135      3.045647      3.842480
   1.83352      3.046638      3.847125
   1.83352      3.046638      3.847125
   1.86569      3.057396      3.789473
   1.89785      3.089478      3.701046
   1.93002      3.141647      3.694388
   1.96219      3.201600      3.694206
   1.99436      3.223859      3.700030
   2.02652      3.238104      3.709713
   2.05869      3.283551      3.721798
   2.09086      3.377719      3.735380
   2.12302      3.477556      3.749824
   2.15519      3.580695      3.764655
   2.18736      3.684730      3.779551
   2.21952      3.787167      3.794395
   2.25169      3.885370      3.811269
   2.28386      3.976509      3.935898
   2.31603      4.057550      4.086521
   2.34819      4.125307      4.208476
   2.38036      4.176627      4.214469
   2.41253      4.208731      4.218325
   2.44469      4.219668      4.219656
   2.44469      4.219668      4.219656
   2.49018      4.206068      4.206055
   2.53568      4.166461      4.166448
   2.58117      4.104227      4.104214
   2.62666      4.024392      4.024378
   2.67215      3.932884      3.932869
   2.71764      3.802156      3.802132
   2.76313      3.649139      3.649116
   2.80862      3.510319      3.510296
   2.85411      3.399164      3.399143
   2.89960      3.329624      3.329603
   2.94510      3.297419      3.297401
   2.99059      3.263881      3.263873
   3.03608      3.240525      3.240497
   3.08157      3.260617      3.260591
   3.12706      3.274565      3.274539
   3.17255      3.291658      3.291631
   3.21804      3.303943      3.303907
   3.26353      3.277523      3.277491
   3.30902      3.267825      3.267795
 
# Band-Index   22
   3.30902      3.332439      3.332415
   3.26353      3.326390      3.326365
   3.21804      3.310808      3.310783
   3.17255      3.338897      3.338852
   3.12706      3.370892      3.370840
   3.08157      3.394077      3.394020
   3.03608      3.425578      3.425518
   2.99059      3.422348      3.422307
   2.94510      3.444744      3.444713
   2.89960      3.495321      3.495295
   2.85411      3.564421      3.564399
   2.80862      3.646939      3.646919
   2.76313      3.738827      3.738810
   2.71764      3.835801      3.835784
   2.67215      3.959266      3.959241
   2.62666      4.111812      4.111787
   2.58117      4.251851      4.251825
   2.53568      4.372552      4.372525
   2.49018      4.451039      4.451014
   2.44469      4.449258      4.449237
   2.44469      4.449258      4.449237
   2.41253      4.438188      4.467044
   2.38036      4.409536      4.376029
   2.34819      4.368860      4.234346
   2.31603      4.317491      4.200917
   2.28386      4.254856      4.192461
   2.25169      4.180192      4.183782
   2.21952      4.093245      4.175487
   2.18736      3.994618      4.168055
   2.15519      3.885939      4.161813
   2.12302      3.769883      4.156925
   2.09086      3.650039      4.153404
   2.05869      3.530692      4.151131
   2.02652      3.416591      4.149885
   1.99436      3.313077      4.149369
   1.96219      3.233353      4.149213
   1.93002      3.210882      4.148882
   1.89785      3.202860      4.147103
   1.86569      3.198460      4.137387
   1.83352      3.197018      4.114431
   1.83352      3.197018      4.114431
   1.80135      3.193456      4.061166
   1.76919      3.182932      3.995524
   1.73702      3.165907      3.949555
   1.70485      3.143105      3.925409
   1.67269      3.115431      3.913750
   1.64052      3.083862      3.823882
   1.60835      3.102853      3.655147
   1.57618      3.145836      3.642318
   1.54402      3.193855      3.626753
   1.51185      3.248057      3.607317
   1.47968      3.310055      3.582525
   1.44752      3.336337      3.550631
   1.41535      3.290031      3.510138
   1.38318      3.271883      3.461034
   1.35102      3.276805      3.406388
   1.31885      3.301023      3.352667
   1.28668      3.318429      3.315837
   1.25451      3.328928      3.327624
   1.22235      3.332439      3.332415
   1.22235      3.332439      3.332415
   1.19018      3.327649      3.328904
   1.15801      3.315864      3.318404
   1.12585      3.352707      3.300998
   1.09368      3.406436      3.276779
   1.06151      3.461090      3.271845
   1.02934      3.510198      3.289991
   0.99718      3.550691      3.336294
   0.96501      3.582581      3.310016
   0.93284      3.607368      3.248024
   0.90068      3.626797      3.193827
   0.86851      3.642357      3.145812
   0.83634      3.655181      3.102831
   0.80418      3.823906      3.083821
   0.77201      3.913798      3.115389
   0.73984      3.925454      3.143063
   0.70767      3.949593      3.165865
   0.67551      3.995556      3.182889
   0.64334      4.061195      3.193413
   0.61117      4.114462      3.196974
   0.61117      4.114462      3.196974
   0.57901      4.137412      3.198417
   0.54684      4.147123      3.202817
   0.51467      4.148900      3.210837
   0.48251      4.149230      3.233313
   0.45034      4.149386      3.313055
   0.41817      4.149901      3.416572
   0.38600      4.151146      3.530674
   0.35384      4.153418      3.650021
   0.32167      4.156939      3.769864
   0.28950      4.161826      3.885919
   0.25734      4.168068      3.994597
   0.22517      4.175499      4.093223
   0.19300      4.183795      4.180168
   0.16084      4.192473      4.254831
   0.12867      4.200929      4.317465
   0.09650      4.234377      4.368834
   0.06433      4.376058      4.409511
   0.03217      4.467066      4.438166
   0.00000      4.449258      4.449237
 
# Band-Index   23
   0.00000      4.589573      4.589534
   0.03217      4.510555      4.603170
   0.06433      4.524853      4.638815
   0.09650      4.604248      4.689392
   0.12867      4.697710      4.751567
   0.16084      4.790949      4.822966
   0.19300      4.861891      4.900005
   0.22517      4.882209      4.976428
   0.25734      4.850820      5.042294
   0.28950      4.794255      4.907226
   0.32167      4.731125      4.751629
   0.35384      4.669456      4.588171
   0.38600      4.612645      4.420065
   0.41817      4.562239      4.250844
   0.45034      4.518994      4.084552
   0.48251      4.483297      3.926189
   0.51467      4.455367      3.782543
   0.54684      4.343355      3.663361
   0.57901      4.225992      3.582010
   0.61117      4.185734      3.552681
   0.61117      4.185734      3.552681
   0.64334      4.244613      3.559986
   0.67551      4.329219      3.581680
   0.70767      4.322223      3.617035
   0.73984      4.235999      3.664658
   0.77201      4.070339      3.722350
   0.80418      3.907638      3.787060
   0.83634      3.903974      3.854966
   0.86851      3.901574      3.921704
   0.90068      3.899889      3.768388
   0.93284      3.898658      3.579476
   0.96501      3.897752      3.430553
   0.99718      3.897114      3.381094
   1.02934      3.896729      3.461130
   1.06151      3.883072      3.548173
   1.09368      3.861644      3.638757
   1.12585      3.844442      3.728100
   1.15801      3.831504      3.809674
   1.19018      3.823335      3.823702
   1.22235      3.820528      3.820017
   1.22235      3.820528      3.820017
   1.25451      3.824208      3.822828
   1.28668      3.809753      3.831010
   1.31885      3.728177      3.843965
   1.35102      3.638827      3.861183
   1.38318      3.548235      3.882623
   1.41535      3.461184      3.896676
   1.44752      3.381140      3.897061
   1.47968      3.430599      3.897699
   1.51185      3.579528      3.898606
   1.54402      3.768458      3.899837
   1.57618      3.921759      3.901522
   1.60835      3.855001      3.903923
   1.64052      3.787083      3.907588
   1.67269      3.722365      4.070239
   1.70485      3.664667      4.235791
   1.73702      3.617041      4.322018
   1.76919      3.581685      4.329192
   1.80135      3.559990      4.244591
   1.83352      3.552685      4.185715
   1.83352      3.552685      4.185715
   1.86569      3.582014      4.225962
   1.89785      3.663363      4.343312
   1.93002      3.782544      4.455258
   1.96219      3.926188      4.483189
   1.99436      4.084550      4.518885
   2.02652      4.250843      4.562131
   2.05869      4.420064      4.612536
   2.09086      4.588173      4.669347
   2.12302      4.751633      4.731017
   2.15519      4.907233      4.794149
   2.18736      5.042440      4.850719
   2.21952      4.976519      4.882122
   2.25169      4.900065      4.861828
   2.28386      4.823010      4.790906
   2.31603      4.751604      4.697677
   2.34819      4.689427      4.604221
   2.38036      4.638849      4.524829
   2.41253      4.603207      4.510525
   2.44469      4.589573      4.589534
   2.44469      4.589573      4.589534
   2.49018      4.536863      4.536836
   2.53568      4.574235      4.574209
   2.58117      4.660097      4.660061
   2.62666      4.736424      4.736362
   2.67215      4.754437      4.754309
   2.71764      4.690612      4.690401
   2.76313      4.577813      4.577548
   2.80862      4.443422      4.443141
   2.85411      4.281573      4.281351
   2.89960      4.053320      4.053223
   2.94510      3.781651      3.781602
   2.99059      3.544179      3.544128
   3.03608      3.445016      3.444963
   3.08157      3.514052      3.513990
   3.12706      3.606272      3.606202
   3.17255      3.703677      3.703599
   3.21804      3.794756      3.794674
   3.26353      3.826927      3.826425
   3.30902      3.820528      3.820017
 
# Band-Index   24
   3.30902      3.900080      3.900031
   3.26353      3.867735      3.867663
   3.21804      3.844781      3.844306
   3.17255      3.871415      3.870976
   3.12706      3.907515      3.907096
   3.08157      3.957335      3.956916
   3.03608      4.023492      4.023068
   2.99059      4.106851      4.106429
   2.94510      4.210423      4.210020
   2.89960      4.348849      4.348511
   2.85411      4.566032      4.565833
   2.80862      4.859715      4.859578
   2.76313      5.063284      5.062942
   2.71764      5.183026      5.182727
   2.67215      5.229420      5.229203
   2.62666      5.286590      5.286390
   2.58117      5.285539      5.285495
   2.53568      5.071062      5.071053
   2.49018      4.856813      4.856808
   2.44469      4.734362      4.734367
   2.44469      4.734362      4.734367
   2.41253      4.787225      4.810333
   2.38036      4.915600      4.927506
   2.34819      5.071861      5.047087
   2.31603      5.217316      5.164936
   2.28386      5.308676      5.277394
   2.25169      5.300391      5.309255
   2.21952      5.183767      5.317372
   2.18736      5.052091      5.375614
   2.15519      5.086408      5.370432
   2.12302      5.103577      5.316329
   2.09086      5.099837      5.211168
   2.05869      5.084744      5.077862
   2.02652      5.065376      4.935713
   1.99436      5.045776      4.787544
   1.96219      5.028064      4.636495
   1.93002      5.013314      4.486358
   1.89785      5.002228      4.435224
   1.86569      4.995395      4.423171
   1.83352      4.993096      4.419148
   1.83352      4.993096      4.419148
   1.80135      4.869518      4.408010
   1.76919      4.748012      4.375548
   1.73702      4.630199      4.411456
   1.70485      4.515741      4.482394
   1.67269      4.403028      4.351438
   1.64052      4.286823      4.251175
   1.60835      4.150869      4.180510
   1.57618      3.971583      4.120417
   1.54402      3.982867      4.066834
   1.51185      4.034371      4.018921
   1.47968      3.979260      3.976598
   1.44752      3.932101      3.939893
   1.41535      3.900904      3.908687
   1.38318      3.881541      3.896566
   1.35102      3.866483      3.896782
   1.31885      3.850198      3.897387
   1.28668      3.834755      3.898383
   1.25451      3.873397      3.899498
   1.22235      3.900080      3.900031
   1.22235      3.900080      3.900031
   1.19018      3.899549      3.873331
   1.15801      3.898435      3.834266
   1.12585      3.897440      3.849750
   1.09368      3.896836      3.866114
   1.06151      3.896620      3.881251
   1.02934      3.909131      3.900649
   0.99718      3.940335      3.931840
   0.96501      3.977037      3.978972
   0.93284      4.019352      4.034248
   0.90068      4.067251      3.982783
   0.86851      4.120812      3.971452
   0.83634      4.180870      4.150606
   0.80418      4.251476      4.286458
   0.77201      4.351622      4.402623
   0.73984      4.482457      4.515325
   0.70767      4.411494      4.629781
   0.67551      4.375711      4.747599
   0.64334      4.408134      4.869116
   0.61117      4.419256      4.992845
   0.61117      4.419256      4.992845
   0.57901      4.423280      4.995136
   0.54684      4.435333      5.001935
   0.51467      4.486411      5.012947
   0.48251      4.636559      5.027627
   0.45034      4.787621      5.045316
   0.41817      4.935808      5.064922
   0.38600      5.077980      5.084317
   0.35384      5.211314      5.099454
   0.32167      5.316963      5.103262
   0.28950      5.371027      5.086180
   0.25734      5.375632      5.052079
   0.22517      5.317404      5.183752
   0.19300      5.309310      5.300373
   0.16084      5.277421      5.308621
   0.12867      5.164946      5.217297
   0.09650      5.047093      5.071856
   0.06433      4.927511      4.915600
   0.03217      4.810336      4.787228
   0.00000      4.734362      4.734367
 
# Band-Index   25
   0.00000      5.634746      5.634732
   0.03217      5.633217      5.625146
   0.06433      5.627763      5.596533
   0.09650      5.535950      5.549265
   0.12867      5.442149      5.483813
   0.16084      5.361531      5.400663
   0.19300      5.379999      5.326285
   0.22517      5.434779      5.302469
   0.25734      5.419615      5.264287
   0.28950      5.388233      5.222565
   0.32167      5.330842      5.181615
   0.35384      5.265404      5.143396
   0.38600      5.218878      5.108890
   0.41817      5.178328      5.078617
   0.45034      5.144122      5.052866
   0.48251      5.116362      5.031815
   0.51467      5.095000      5.015597
   0.54684      5.079908      5.004210
   0.57901      5.070934      4.997456
   0.61117      5.067958      4.995212
   0.61117      5.067959      4.995212
   0.64334      5.072568      5.104908
   0.67551      5.027654      5.083180
   0.70767      4.784970      5.051846
   0.73984      4.534022      5.015706
   0.77201      4.531865      4.885204
   0.80418      4.551267      4.622103
   0.83634      4.541490      4.395148
   0.86851      4.511510      4.233557
   0.90068      4.470386      4.125020
   0.93284      4.423923      4.043003
   0.96501      4.375272      4.073502
   0.99718      4.325992      4.099849
   1.02934      4.276761      4.062036
   1.06151      4.199560      4.003040
   1.09368      4.099450      3.968180
   1.12585      4.030867      3.954724
   1.15801      3.988054      3.953804
   1.19018      3.965104      3.956485
   1.22235      3.957927      3.957868
   1.22235      3.957927      3.957868
   1.25451      3.956547      3.965042
   1.28668      3.953881      3.987987
   1.31885      3.954839      4.030794
   1.35102      3.968368      4.099375
   1.38318      4.003300      4.199490
   1.41535      4.062325      4.276295
   1.44752      4.100068      4.325531
   1.47968      4.073671      4.374825
   1.51185      4.043324      4.423498
   1.54402      4.125358      4.469995
   1.57618      4.233863      4.511168
   1.60835      4.395342      4.541215
   1.64052      4.622210      4.551073
   1.67269      4.885283      4.531749
   1.70485      5.016310      4.533997
   1.73702      5.052433      4.784996
   1.76919      5.083749      5.027586
   1.80135      5.105465      5.071872
   1.83352      4.995737      5.067227
   1.83352      4.995737      5.067227
   1.86569      4.997971      5.070204
   1.89785      5.004685      5.079182
   1.93002      5.015988      5.094281
   1.96219      5.032120      5.115651
   1.99436      5.053125      5.143422
   2.02652      5.078853      5.177640
   2.05869      5.109110      5.218203
   2.09086      5.143602      5.264746
   2.12302      5.181807      5.330660
   2.15519      5.222742      5.388048
   2.18736      5.264445      5.419106
   2.21952      5.302603      5.434480
   2.25169      5.326385      5.379908
   2.28386      5.400684      5.361462
   2.31603      5.483834      5.442075
   2.34819      5.549284      5.535880
   2.38036      5.596550      5.627703
   2.41253      5.625161      5.633199
   2.44469      5.634746      5.634732
   2.44469      5.634746      5.634732
   2.49018      5.623237      5.623218
   2.53568      5.584509      5.584463
   2.58117      5.494571      5.494412
   2.62666      5.415364      5.415185
   2.67215      5.302196      5.301951
   2.71764      5.210461      5.210257
   2.76313      5.121463      5.121280
   2.80862      4.946011      4.945635
   2.85411      4.832875      4.832474
   2.89960      4.724742      4.724324
   2.94510      4.622014      4.621586
   2.99059      4.524854      4.524423
   3.03608      4.433356      4.432929
   3.08157      4.284893      4.284791
   3.12706      4.140603      4.140490
   3.17255      4.042693      4.042586
   3.21804      3.988110      3.988027
   3.26353      3.964219      3.964154
   3.30902      3.957927      3.957868
 
# Band-Index   26
   3.30902      4.056265      4.055838
   3.26353      4.080520      4.080115
   3.21804      4.132278      4.131884
   3.17255      4.196056      4.195656
   3.12706      4.268331      4.267921
   3.08157      4.347705      4.347285
   3.03608      4.467232      4.467143
   2.99059      4.670726      4.670643
   2.94510      4.874144      4.874059
   2.89960      5.056257      5.056165
   2.85411      5.201852      5.201755
   2.80862      5.308878      5.308801
   2.76313      5.421163      5.421151
   2.71764      5.632964      5.632902
   2.67215      5.771054      5.770859
   2.62666      5.632805      5.632737
   2.58117      5.513376      5.513270
   2.53568      5.589940      5.589822
   2.49018      5.690113      5.690057
   2.44469      5.728673      5.728636
   2.44469      5.728673      5.728636
   2.41253      5.720038      5.699900
   2.38036      5.697657      5.627848
   2.34819      5.671670      5.616705
   2.31603      5.661494      5.597459
   2.28386      5.701171      5.568737
   2.25169      5.637763      5.531010
   2.21952      5.569012      5.486436
   2.18736      5.501914      5.437900
   2.15519      5.438069      5.445314
   2.12302      5.378595      5.343803
   2.09086      5.324265      5.295010
   2.05869      5.275608      5.253165
   2.02652      5.232986      5.216239
   1.99436      5.196645      5.184630
   1.96219      5.166750      5.158611
   1.93002      5.143410      5.138328
   1.89785      5.126696      5.123838
   1.86569      5.116652      5.115150
   1.83352      5.113301      5.112256
   1.83352      5.113301      5.112256
   1.80135      5.121812      5.104418
   1.76919      5.249941      5.083568
   1.73702      5.373596      5.056829
   1.70485      5.161485      5.034393
   1.67269      4.979576      5.028222
   1.64052      4.945659      5.047411
   1.60835      4.917431      5.090616
   1.57618      4.784547      5.141960
   1.54402      4.581193      5.072199
   1.51185      4.404466      4.899213
   1.47968      4.259570      4.693953
   1.44752      4.146632      4.501014
   1.41535      4.114580      4.333988
   1.38318      4.119101      4.227437
   1.35102      4.115440      4.179494
   1.31885      4.104762      4.133996
   1.28668      4.087846      4.094359
   1.25451      4.067562      4.066211
   1.22235      4.056265      4.055838
   1.22235      4.056265      4.055838
   1.19018      4.066641      4.067156
   1.15801      4.094796      4.087464
   1.12585      4.134443      4.104401
   1.09368      4.179952      4.115102
   1.06151      4.227902      4.118795
   1.02934      4.334050      4.114315
   0.99718      4.501069      4.146355
   0.96501      4.694004      4.259326
   0.93284      4.899278      4.404262
   0.90068      5.072334      4.581024
   0.86851      5.142177      4.784401
   0.83634      5.090845      4.916791
   0.80418      5.047691      4.945025
   0.77201      5.028542      4.978955
   0.73984      5.034723      5.161405
   0.70767      5.057138      5.373285
   0.67551      5.083842      5.249599
   0.64334      5.104660      5.121442
   0.61117      5.112486      5.112749
   0.61117      5.112486      5.112749
   0.57901      5.115380      5.116100
   0.54684      5.124067      5.126145
   0.51467      5.138555      5.142861
   0.48251      5.158836      5.166205
   0.45034      5.184852      5.196105
   0.41817      5.216457      5.232451
   0.38600      5.253378      5.275079
   0.35384      5.295216      5.323744
   0.32167      5.343995      5.378084
   0.28950      5.445523      5.437570
   0.25734      5.438070      5.501429
   0.22517      5.486586      5.568545
   0.19300      5.531136      5.637319
   0.16084      5.568835      5.701059
   0.12867      5.597530      5.661383
   0.09650      5.616751      5.671578
   0.06433      5.627876      5.697590
   0.03217      5.699944      5.719993
   0.00000      5.728673      5.728636
 
# Band-Index   27
   0.00000      5.910777      5.910527
   0.03217      5.904724      5.900634
   0.06433      5.886708      5.871862
   0.09650      5.857094      5.826951
   0.12867      5.816307      5.770013
   0.16084      5.764649      5.705497
   0.19300      5.702142      5.729160
   0.22517      5.628477      5.682361
   0.25734      5.543093      5.664952
   0.28950      5.447913      5.687777
   0.32167      5.502840      5.753206
   0.35384      5.524352      5.851048
   0.38600      5.513567      5.963553
   0.41817      5.482650      6.019962
   0.45034      5.444061      5.978575
   0.48251      5.406163      5.945081
   0.51467      5.373730      5.919253
   0.54684      5.349330      5.900921
   0.57901      5.334281      5.889967
   0.61117      5.329205      5.886324
   0.61117      5.329205      5.886324
   0.64334      5.249272      5.880582
   0.67551      5.109295      5.682638
   0.70767      5.121094      5.437485
   0.73984      5.142415      5.491528
   0.77201      5.159094      5.444619
   0.80418      5.166822      5.229715
   0.83634      5.162932      5.004845
   0.86851      5.147543      4.896736
   0.90068      5.206347      4.886846
   0.93284      5.180800      4.888141
   0.96501      5.148526      4.899961
   0.99718      5.125096      4.919441
   1.02934      5.105353      4.941721
   1.06151      5.088474      4.960921
   1.09368      5.074430      4.971655
   1.12585      5.060194      4.971067
   1.15801      4.997568      4.961122
   1.19018      4.957567      4.949084
   1.22235      4.943871      4.943742
   1.22235      4.943871      4.943742
   1.25451      4.949227      4.957445
   1.28668      4.961304      4.997467
   1.31885      4.971308      5.060124
   1.35102      4.971964      5.074446
   1.38318      4.961299      5.088479
   1.41535      4.942163      5.105343
   1.44752      4.919943      5.125068
   1.47968      4.900515      5.148478
   1.51185      4.888736      5.180738
   1.54402      4.887469      5.206196
   1.57618      4.897374      5.147357
   1.60835      5.004978      5.162649
   1.64052      5.229844      5.166465
   1.67269      5.444747      5.158656
   1.70485      5.491759      5.141893
   1.73702      5.437565      5.120493
   1.76919      5.682776      5.108733
   1.80135      5.880843      5.249319
   1.83352      5.886798      5.329318
   1.83352      5.886798      5.329318
   1.86569      5.890442      5.334377
   1.89785      5.901394      5.349431
   1.93002      5.919725      5.373831
   1.96219      5.945550      5.406260
   1.99436      5.979041      5.444139
   2.02652      6.020423      5.482697
   2.05869      5.968165      5.513581
   2.09086      5.852335      5.524356
   2.12302      5.753662      5.502844
   2.15519      5.688156      5.447908
   2.18736      5.665386      5.542856
   2.21952      5.682841      5.628217
   2.25169      5.729653      5.701869
   2.28386      5.705913      5.764372
   2.31603      5.770395      5.816033
   2.34819      5.827291      5.856827
   2.38036      5.872160      5.886449
   2.41253      5.900898      5.904472
   2.44469      5.910777      5.910527
   2.44469      5.910777      5.910527
   2.49018      5.895951      5.895686
   2.53568      5.862818      5.862534
   2.58117      5.830448      5.830168
   2.62666      5.803998      5.803738
   2.67215      5.777525      5.777283
   2.71764      5.745300      5.745070
   2.76313      5.705139      5.704914
   2.80862      5.657367      5.657139
   2.85411      5.591444      5.591344
   2.89960      5.488574      5.488504
   2.94510      5.390192      5.390141
   2.99059      5.303940      5.303907
   3.03608      5.231746      5.231730
   3.08157      5.173011      5.173009
   3.12706      5.126705      5.126716
   3.17255      5.085842      5.085663
   3.21804      5.013705      5.013551
   3.26353      4.962589      4.962454
   3.30902      4.943871      4.943742
 
# Band-Index   28
   3.30902      5.048865      5.048899
   3.26353      5.053536      5.053568
   3.21804      5.067718      5.067746
   3.17255      5.091882      5.091902
   3.12706      5.167637      5.167430
   3.08157      5.251033      5.250804
   3.03608      5.331576      5.331332
   2.99059      5.407375      5.407125
   2.94510      5.477906      5.477658
   2.89960      5.543151      5.542909
   2.85411      5.603088      5.602854
   2.80862      5.689637      5.689486
   2.76313      5.786994      5.786772
   2.71764      5.911909      5.911664
   2.67215      5.969831      5.969688
   2.62666      5.935556      5.935181
   2.58117      5.988343      5.987888
   2.53568      6.056560      6.056044
   2.49018      6.157508      6.156949
   2.44469      6.270594      6.269972
   2.44469      6.270594      6.269972
   2.41253      6.196767      6.183656
   2.38036      6.087699      6.071084
   2.34819      5.982524      5.962489
   2.31603      5.886268      5.861664
   2.28386      5.802301      5.772533
   2.25169      5.808954      5.704912
   2.21952      5.936439      5.689106
   2.18736      6.048208      5.751124
   2.15519      6.113836      5.852665
   2.12302      6.131053      5.964053
   2.09086      6.126300      6.075046
   2.05869      6.069966      6.081726
   2.02652      6.076373      6.029824
   1.99436      6.077873      5.992397
   1.96219      6.063241      5.960035
   1.93002      6.049679      5.935787
   1.89785      6.039246      5.919428
   1.86569      6.032770      5.910087
   1.83352      6.030402      5.903906
   1.83352      6.030402      5.903906
   1.80135      5.900246      5.872408
   1.76919      5.938550      5.843849
   1.73702      5.818351      5.814861
   1.70485      5.639670      5.787710
   1.67269      5.574505      5.758986
   1.64052      5.583752      5.711126
   1.60835      5.528854      5.602922
   1.57618      5.456062      5.425517
   1.54402      5.384282      5.255285
   1.51185      5.318365      5.257883
   1.47968      5.259579      5.293970
   1.44752      5.208255      5.304448
   1.41535      5.164429      5.278804
   1.38318      5.128011      5.217465
   1.35102      5.098821      5.137906
   1.31885      5.076608      5.063364
   1.28668      5.061066      5.055358
   1.25451      5.051894      5.050518
   1.22235      5.048865      5.048899
   1.22235      5.048865      5.048899
   1.19018      5.050485      5.051927
   1.15801      5.055328      5.061098
   1.12585      5.063341      5.076638
   1.09368      5.137938      5.098849
   1.06151      5.217463      5.128036
   1.02934      5.278797      5.164451
   0.99718      5.304476      5.208273
   0.96501      5.294047      5.259594
   0.93284      5.258001      5.318377
   0.90068      5.255316      5.384292
   0.86851      5.425521      5.456068
   0.83634      5.602929      5.528853
   0.80418      5.711137      5.583716
   0.77201      5.759004      5.574364
   0.73984      5.787740      5.639523
   0.70767      5.814907      5.818187
   0.67551      5.843889      5.938095
   0.64334      5.872099      5.899777
   0.61117      5.886597      6.028022
   0.61117      5.886597      6.028022
   0.57901      5.890367      6.031419
   0.54684      5.901653      6.036753
   0.51467      5.920371      6.043723
   0.48251      5.946374      6.053755
   0.45034      5.979431      6.066808
   0.41817      6.019263      6.061791
   0.38600      6.065728      6.069511
   0.35384      6.074950      6.119340
   0.32167      5.963766      6.128546
   0.28950      5.852502      6.112589
   0.25734      5.751246      6.047817
   0.22517      5.689437      5.936301
   0.19300      5.705441      5.808847
   0.16084      5.773120      5.801793
   0.12867      5.862260      5.885754
   0.09650      5.963079      5.982008
   0.06433      6.071668      6.087179
   0.03217      6.184233      6.196221
   0.00000      6.270593      6.269967
 
# Band-Index   29
   0.00000      6.348226      6.347800
   0.03217      6.416777      6.355258
   0.06433      6.391654      6.374297
   0.09650      6.363539      6.396822
   0.12867      6.343339      6.413802
   0.16084      6.337835      6.419173
   0.19300      6.349457      6.413204
   0.22517      6.377383      6.403999
   0.25734      6.343433      6.353034
   0.28950      6.257133      6.269453
   0.32167      6.182418      6.194145
   0.35384      6.119445      6.127501
   0.38600      6.181206      6.102094
   0.41817      6.126384      6.084898
   0.45034      6.073829      6.095973
   0.48251      6.031861      6.079466
   0.51467      5.999908      6.058400
   0.54684      5.977461      6.041822
   0.57901      5.964144      6.032822
   0.61117      5.959730      6.031426
   0.61117      5.959730      6.031426
   0.64334      5.971336      6.118372
   0.67551      6.003714      5.998069
   0.70767      6.050577      5.996194
   0.73984      6.103527      6.067733
   0.77201      6.152709      5.982587
   0.80418      6.186557      5.975289
   0.83634      6.066885      6.049444
   0.86851      6.031206      6.152360
   0.90068      6.049708      6.258960
   0.93284      5.997959      6.319688
   0.96501      5.890777      6.256647
   0.99718      5.790976      6.165867
   1.02934      5.717778      6.059589
   1.06151      5.678886      5.950478
   1.09368      5.664463      5.850089
   1.12585      5.661463      5.767726
   1.15801      5.662323      5.708926
   1.19018      5.663694      5.674769
   1.22235      5.664265      5.663720
   1.22235      5.664265      5.663720
   1.25451      5.675304      5.663148
   1.28668      5.709431      5.661771
   1.31885      5.768191      5.660900
   1.35102      5.850512      5.663884
   1.38318      5.950869      5.678290
   1.41535      6.059963      5.717185
   1.44752      6.166236      5.790415
   1.47968      6.257019      5.890242
   1.51185      6.320061      5.997420
   1.54402      6.259141      6.049654
   1.57618      6.152582      6.031154
   1.60835      6.049706      6.066837
   1.64052      5.975564      6.185742
   1.67269      5.982807      6.151825
   1.70485      6.068145      6.102582
   1.73702      5.996629      6.049576
   1.76919      5.999337      6.002661
   1.80135      6.170863      5.970247
   1.83352      6.158393      5.958628
   1.83352      6.158393      5.958628
   1.86569      6.167317      5.963043
   1.89785      6.203675      5.976364
   1.93002      6.320367      5.998818
   1.96219      6.303799      6.030782
   1.99436      6.243605      6.072765
   2.02652      6.118751      6.125342
   2.05869      6.112018      6.189000
   2.09086      6.127855      6.124869
   2.12302      6.194586      6.186966
   2.15519      6.269886      6.262046
   2.18736      6.353459      6.347401
   2.21952      6.404620      6.377229
   2.25169      6.413646      6.349278
   2.28386      6.419446      6.337626
   2.31603      6.414105      6.343097
   2.34819      6.397170      6.363265
   2.38036      6.374685      6.391353
   2.41253      6.355674      6.416455
   2.44469      6.348227      6.347805
   2.44469      6.348227      6.347805
   2.49018      6.372900      6.372536
   2.53568      6.376630      6.376303
   2.58117      6.366395      6.366126
   2.62666      6.304052      6.303884
   2.67215      6.129611      6.129500
   2.71764      6.204609      6.204553
   2.76313      6.284911      6.284855
   2.80862      6.268044      6.267977
   2.85411      6.274101      6.273914
   2.89960      6.225677      6.225459
   2.94510      6.160997      6.160745
   2.99059      6.082966      6.082678
   3.03608      5.996888      5.996560
   3.08157      5.909549      5.909175
   3.12706      5.828153      5.827730
   3.17255      5.759115      5.758645
   3.21804      5.707149      5.706639
   3.26353      5.675081      5.674545
   3.30902      5.664265      5.663720
 
# Band-Index   30
   3.30902      6.699034      6.699043
   3.26353      6.682484      6.682487
   3.21804      6.639093      6.639084
   3.17255      6.582292      6.582271
   3.12706      6.522812      6.522782
   3.08157      6.466117      6.466079
   3.03608      6.414410      6.414365
   2.99059      6.368503      6.368450
   2.94510      6.328936      6.328876
   2.89960      6.296803      6.296736
   2.85411      6.274740      6.274670
   2.80862      6.306709      6.306548
   2.76313      6.327788      6.327641
   2.71764      6.337960      6.337914
   2.67215      6.361853      6.361697
   2.62666      6.382769      6.382589
   2.58117      6.403642      6.403424
   2.53568      6.418836      6.418570
   2.49018      6.425672      6.425362
   2.44469      6.409291      6.409006
   2.44469      6.409291      6.409006
   2.41253      6.436260      6.433997
   2.38036      6.464124      6.521888
   2.34819      6.510335      6.619850
   2.31603      6.573462      6.686013
   2.28386      6.639696      6.638388
   2.25169      6.540564      6.540826
   2.21952      6.444285      6.442226
   2.18736      6.409458      6.418930
   2.15519      6.438810      6.442766
   2.12302      6.377015      6.349327
   2.09086      6.338291      6.263874
   2.05869      6.279034      6.189392
   2.02652      6.253876      6.293611
   1.99436      6.326914      6.376884
   1.96219      6.464165      6.443621
   1.93002      6.460322      6.494128
   1.89785      6.429984      6.529810
   1.86569      6.427963      6.550814
   1.83352      6.430216      6.557857
   1.83352      6.430216      6.557857
   1.80135      6.336590      6.618489
   1.76919      6.297547      6.742416
   1.73702      6.204109      6.656988
   1.70485      6.079384      6.531909
   1.67269      6.146258      6.371121
   1.64052      6.223235      6.190953
   1.60835      6.289654      6.191858
   1.57618      6.334336      6.160977
   1.54402      6.346481      6.092919
   1.51185      6.360101      6.094990
   1.47968      6.451447      6.155840
   1.44752      6.531632      6.227005
   1.41535      6.600658      6.305372
   1.38318      6.659363      6.388351
   1.35102      6.708262      6.472962
   1.31885      6.721353      6.554900
   1.28668      6.709304      6.627293
   1.25451      6.701628      6.679533
   1.22235      6.699034      6.699043
   1.22235      6.699034      6.699043
   1.19018      6.679530      6.701636
   1.15801      6.627302      6.709312
   1.12585      6.554922      6.721360
   1.09368      6.472994      6.708216
   1.06151      6.388392      6.659308
   1.02934      6.305419      6.600590
   0.99718      6.227057      6.531548
   0.96501      6.155894      6.451337
   0.93284      6.095045      6.359960
   0.90068      6.093499      6.346112
   0.86851      6.161628      6.333973
   0.83634      6.192593      6.289291
   0.80418      6.190934      6.222862
   0.77201      6.366946      6.145868
   0.73984      6.481533      6.078320
   0.70767      6.467660      6.191373
   0.67551      6.416685      6.237713
   0.64334      6.376451      6.264313
   0.61117      6.361572      6.383694
   0.61117      6.361572      6.383694
   0.57901      6.362691      6.381300
   0.54684      6.366279      6.372399
   0.51467      6.372878      6.351572
   0.48251      6.382294      6.310780
   0.45034      6.362197      6.250713
   0.41817      6.278762      6.218360
   0.38600      6.190016      6.246685
   0.35384      6.264856      6.299171
   0.32167      6.350273      6.363553
   0.28950      6.443639      6.433495
   0.25734      6.419066      6.408046
   0.22517      6.438399      6.443868
   0.19300      6.538405      6.540152
   0.16084      6.636275      6.639287
   0.12867      6.685518      6.573246
   0.09650      6.620020      6.510085
   0.06433      6.522148      6.463838
   0.03217      6.434445      6.435943
   0.00000      6.409291      6.409004
 
# Band-Index   31
   0.00000      6.427013      6.426684
   0.03217      6.441610      6.490864
   0.06433      6.545185      6.624345
   0.09650      6.642553      6.770403
   0.12867      6.709606      6.738397
   0.16084      6.730557      6.650944
   0.19300      6.710954      6.703504
   0.22517      6.647922      6.608196
   0.25734      6.545695      6.519666
   0.28950      6.473505      6.450907
   0.32167      6.526654      6.515973
   0.35384      6.486796      6.583711
   0.38600      6.452758      6.622948
   0.41817      6.425267      6.628684
   0.45034      6.406841      6.617041
   0.48251      6.444009      6.600966
   0.51467      6.500635      6.586054
   0.54684      6.542516      6.574551
   0.57901      6.567980      6.567395
   0.61117      6.576521      6.564975
   0.61117      6.576521      6.564975
   0.64334      6.653992      6.635866
   0.67551      6.808489      6.664292
   0.70767      6.872015      6.695431
   0.73984      6.805582      6.782447
   0.77201      6.814914      6.899956
   0.80418      6.910133      7.017476
   0.83634      6.927259      6.986417
   0.86851      6.913233      6.952491
   0.90068      6.899316      6.917737
   0.93284      6.885678      6.883088
   0.96501      6.872477      6.849441
   0.99718      6.859906      6.817646
   1.02934      6.848207      6.788499
   1.06151      6.837657      6.762758
   1.09368      6.828542      6.741594
   1.12585      6.821146      6.752006
   1.15801      6.815716      6.783213
   1.19018      6.812438      6.803990
   1.22235      6.811361      6.811325
   1.22235      6.811361      6.811325
   1.25451      6.804028      6.812402
   1.28668      6.783253      6.815680
   1.31885      6.752049      6.821110
   1.35102      6.741589      6.828508
   1.38318      6.762751      6.837622
   1.41535      6.788492      6.848174
   1.44752      6.817638      6.859873
   1.47968      6.849433      6.872445
   1.51185      6.883080      6.885648
   1.54402      6.917729      6.899287
   1.57618      6.952484      6.913204
   1.60835      6.986409      6.927231
   1.64052      7.017500      6.941406
   1.67269      6.900210      6.955200
   1.70485      7.074437      6.968215
   1.73702      7.096125      6.979734
   1.76919      7.112465      6.988812
   1.80135      7.122557      6.994714
   1.83352      7.125935      6.996789
   1.83352      7.125935      6.996789
   1.86569      7.116899      6.995803
   1.89785      7.091450      6.995749
   1.93002      7.053789      6.963389
   1.96219      7.004177      6.893052
   1.99436      6.925683      6.819880
   2.02652      6.838050      6.745625
   2.05869      6.711749      6.671988
   2.09086      6.601517      6.600567
   2.12302      6.519066      6.533497
   2.15519      6.464691      6.473351
   2.18736      6.528026      6.544827
   2.21952      6.618319      6.647087
   2.25169      6.722477      6.731006
   2.28386      6.651136      6.734961
   2.31603      6.738811      6.709532
   2.34819      6.770812      6.642215
   2.38036      6.624742      6.544774
   2.41253      6.491232      6.441330
   2.44469      6.427013      6.426684
   2.44469      6.427013      6.426684
   2.49018      6.546168      6.545797
   2.53568      6.755235      6.754921
   2.58117      6.737133      6.736973
   2.62666      6.627422      6.627273
   2.67215      6.449119      6.449071
   2.71764      6.344155      6.344010
   2.76313      6.394987      6.394865
   2.80862      6.476315      6.476166
   2.85411      6.515117      6.514987
   2.89960      6.552170      6.552063
   2.94510      6.592302      6.592214
   2.99059      6.632952      6.632879
   3.03608      6.671819      6.671757
   3.08157      6.707643      6.707590
   3.12706      6.739608      6.739562
   3.17255      6.766984      6.766942
   3.21804      6.789116      6.789077
   3.26353      6.805008      6.804971
   3.30902      6.811361      6.811325
 
# Band-Index   32
   3.30902      7.438494      7.438270
   3.26353      7.472401      7.472181
   3.21804      7.563002      7.562789
   3.17255      7.580440      7.580079
   3.12706      7.465980      7.465651
   3.08157      7.338565      7.338252
   3.03608      7.215439      7.215122
   2.99059      7.106467      7.106131
   2.94510      7.016226      7.015860
   2.89960      6.946509      6.946104
   2.85411      6.897585      6.897136
   2.80862      6.868223      6.867734
   2.76313      6.690442      6.690337
   2.71764      6.605092      6.604881
   2.67215      6.592938      6.592676
   2.62666      6.673905      6.673733
   2.58117      6.907629      6.907087
   2.53568      6.949359      6.948826
   2.49018      7.005528      7.004978
   2.44469      7.047435      7.046812
   2.44469      7.047435      7.046812
   2.41253      7.004066      7.039817
   2.38036      6.924638      7.017264
   2.34819      6.834713      6.928760
   2.31603      6.913194      6.837513
   2.28386      6.823972      6.826466
   2.25169      6.740345      6.746497
   2.21952      6.838312      6.720371
   2.18736      6.941950      6.640059
   2.15519      7.047682      6.581670
   2.12302      7.038887      6.563940
   2.09086      6.968294      6.600674
   2.05869      6.921011      6.697023
   2.02652      6.908945      6.838211
   1.99436      6.942773      6.997491
   1.96219      7.015164      6.995648
   1.93002      7.147815      6.996104
   1.89785      7.314787      7.029366
   1.86569      7.317518      7.088669
   1.83352      7.315769      7.126988
   1.83352      7.315769      7.126988
   1.80135      7.313931      7.131389
   1.76919      7.309045      7.143729
   1.73702      7.301999      7.144445
   1.70485      7.295454      7.129787
   1.67269      7.048505      7.115616
   1.64052      7.032070      7.107399
   1.60835      7.167490      7.038779
   1.57618      7.307341      7.141398
   1.54402      7.380837      7.194373
   1.51185      7.449482      7.267803
   1.47968      7.521920      7.352873
   1.44752      7.569422      7.439254
   1.41535      7.590826      7.517692
   1.38318      7.609477      7.582922
   1.35102      7.608464      7.634101
   1.31885      7.542154      7.598203
   1.28668      7.487594      7.517467
   1.25451      7.451298      7.459719
   1.22235      7.438494      7.438270
   1.22235      7.438494      7.438270
   1.19018      7.459938      7.451073
   1.15801      7.517674      7.487365
   1.12585      7.598398      7.541914
   1.09368      7.634541      7.608204
   1.06151      7.583373      7.609182
   1.02934      7.518153      7.590587
   0.99718      7.439722      7.569208
   0.96501      7.353342      7.521575
   0.93284      7.268265      7.448921
   0.90068      7.194818      7.380091
   0.86851      7.141823      7.306835
   0.83634      7.039132      7.167072
   0.80418      6.941745      7.031765
   0.77201      6.955244      7.048513
   0.73984      6.968251      7.074556
   0.70767      6.979873      7.096189
   0.67551      6.988855      7.112478
   0.64334      6.994744      7.122611
   0.61117      6.996811      7.126054
   0.61117      6.996811      7.126054
   0.57901      6.998760      7.117925
   0.54684      7.004107      7.094564
   0.51467      6.963610      7.058150
   0.48251      6.893191      7.006605
   0.45034      6.819997      6.939471
   0.41817      6.745737      6.905622
   0.38600      6.672098      6.872144
   0.35384      6.600782      6.864037
   0.32167      6.533611      6.886602
   0.28950      6.570128      6.928498
   0.25734      6.619375      6.941777
   0.22517      6.669141      6.838146
   0.19300      6.747302      6.740172
   0.16084      6.823212      6.804970
   0.12867      6.833429      6.901901
   0.09650      6.922946      6.834285
   0.06433      7.017928      6.924181
   0.03217      7.040450      7.003544
   0.00000      7.047434      7.046812
 
# Band-Index   33
   0.00000      7.176198      7.176071
   0.03217      7.174787      7.219159
   0.06433      7.044434      7.151121
   0.09650      6.976947      7.030607
   0.12867      6.916462      6.939723
   0.16084      6.838517      7.090469
   0.19300      6.794558      7.107811
   0.22517      6.720720      7.042634
   0.25734      6.640149      6.981857
   0.28950      6.582069      7.047479
   0.32167      6.564982      7.058324
   0.35384      6.605169      6.982985
   0.38600      6.700961      6.934511
   0.41817      6.840929      6.923466
   0.45034      7.010111      6.967431
   0.48251      7.020687      7.029979
   0.51467      7.011747      7.152834
   0.54684      7.029538      7.318774
   0.57901      7.088837      7.316521
   0.61117      7.127011      7.314554
   0.61117      7.127011      7.314554
   0.64334      7.131414      7.312865
   0.67551      7.143808      7.308135
   0.70767      7.144874      7.301377
   0.73984      7.130593      7.294299
   0.77201      7.116186      7.289430
   0.80418      7.107808      7.290381
   0.83634      7.113699      7.302109
   0.86851      7.185703      7.330516
   0.90068      7.345110      7.448183
   0.93284      7.513815      7.587673
   0.96501      7.668602      7.711437
   0.99718      7.766371      7.771148
   1.02934      7.863145      7.742629
   1.06151      7.783730      7.678825
   1.09368      7.690267      7.633778
   1.12585      7.672819      7.662889
   1.15801      7.699421      7.691217
   1.19018      7.715120      7.712137
   1.22235      7.720313      7.719892
   1.22235      7.720313      7.719892
   1.25451      7.712553      7.714698
   1.28668      7.691616      7.698995
   1.31885      7.663263      7.672387
   1.35102      7.634118      7.690081
   1.38318      7.679127      7.783551
   1.41535      7.743020      7.862963
   1.44752      7.771735      7.766338
   1.47968      7.712169      7.668572
   1.51185      7.588355      7.513386
   1.54402      7.448778      7.344685
   1.57618      7.331412      7.185300
   1.60835      7.303124      7.113290
   1.64052      7.291489      7.291665
   1.67269      7.290611      7.241870
   1.70485      7.942296      7.201158
   1.73702      7.844952      7.170183
   1.76919      7.657532      7.160487
   1.80135      7.556089      7.167474
   1.83352      7.587328      7.170133
   1.83352      7.587328      7.170133
   1.86569      7.499904      7.202929
   1.89785      7.323502      7.246879
   1.93002      7.331892      7.290331
   1.96219      7.341034      7.205155
   1.99436      7.346666      7.011824
   2.02652      7.340001      6.999492
   2.05869      7.307438      7.019061
   2.09086      7.241311      7.012756
   2.12302      7.150362      7.011632
   2.15519      7.135109      7.007498
   2.18736      7.181581      6.842810
   2.21952      7.135893      6.733008
   2.25169      7.128387      6.794579
   2.28386      7.091779      6.837742
   2.31603      6.972349      6.915721
   2.34819      7.070448      6.976243
   2.38036      7.173850      7.048466
   2.41253      7.219386      7.180181
   2.44469      7.176198      7.176071
   2.44469      7.176198      7.176071
   2.49018      7.143001      7.143315
   2.53568      6.975972      6.975795
   2.58117      6.942613      6.942132
   2.62666      6.880054      6.879504
   2.67215      6.863158      6.862609
   2.71764      6.854720      6.854180
   2.76313      6.855331      6.854811
   2.80862      6.891657      6.891616
   2.85411      7.140383      7.140343
   2.89960      7.390777      7.390710
   2.94510      7.626009      7.625886
   2.99059      7.838856      7.838650
   3.03608      8.026566      8.025979
   3.08157      7.959457      7.959250
   3.12706      7.827107      7.826897
   3.17255      7.688289      7.688079
   3.21804      7.662830      7.662434
   3.26353      7.707101      7.706685
   3.30902      7.720313      7.719892
 
# Band-Index   34
   3.30902      8.347008      8.346910
   3.26353      8.317684      8.317571
   3.21804      8.246972      8.246812
   3.17255      8.175070      8.174829
   3.12706      8.124836      8.124494
   3.08157      8.086131      8.085665
   3.03608      8.031948      8.031692
   2.99059      7.928423      7.927814
   2.94510      7.823697      7.823074
   2.89960      7.728674      7.728032
   2.85411      7.647554      7.646895
   2.80862      7.580613      7.579943
   2.76313      7.526105      7.525434
   2.71764      7.481195      7.480536
   2.67215      7.442647      7.442013
   2.62666      7.368859      7.366449
   2.58117      7.115136      7.114969
   2.53568      7.195173      7.195381
   2.49018      7.232049      7.231827
   2.44469      7.285577      7.279933
   2.44469      7.285577      7.279933
   2.41253      7.260487      7.198917
   2.38036      7.298897      7.261840
   2.34819      7.245094      7.343888
   2.31603      7.179127      7.337665
   2.28386      7.139801      7.357011
   2.25169      7.250942      7.457294
   2.21952      7.348061      7.579073
   2.18736      7.266663      7.654558
   2.15519      7.286542      7.617853
   2.12302      7.363808      7.571299
   2.09086      7.436419      7.520975
   2.05869      7.498372      7.471081
   2.02652      7.547600      7.423034
   1.99436      7.580004      7.377125
   1.96219      7.596789      7.333168
   1.93002      7.600890      7.414431
   1.89785      7.596421      7.634926
   1.86569      7.590624      7.769516
   1.83352      7.623438      7.763960
   1.83352      7.623438      7.763960
   1.80135      7.758465      7.659864
   1.76919      7.899033      7.503188
   1.73702      7.926907      7.458422
   1.70485      7.964293      7.582725
   1.67269      8.001635      7.742192
   1.64052      8.047947      7.873889
   1.60835      8.096914      7.350351
   1.57618      8.058298      7.417730
   1.54402      7.931866      7.493526
   1.51185      7.840882      7.577337
   1.47968      7.801727      7.686224
   1.44752      7.835322      7.841284
   1.41535      7.929800      7.869249
   1.38318      8.045899      7.975115
   1.35102      8.157017      8.080516
   1.31885      8.246636      8.180077
   1.28668      8.306444      8.265487
   1.25451      8.337737      8.325151
   1.22235      8.347008      8.346910
   1.22235      8.347008      8.346910
   1.19018      8.325243      8.337617
   1.15801      8.265565      8.306263
   1.12585      8.180141      8.246361
   1.09368      8.080569      8.156626
   1.06151      7.975159      8.045386
   1.02934      7.869287      7.929166
   0.99718      7.841614      7.834609
   0.96501      7.686636      7.801095
   0.93284      7.577366      7.840414
   0.90068      7.493552      7.931519
   0.86851      7.417756      8.058033
   0.83634      7.350377      8.096914
   0.80418      7.291691      8.047953
   0.77201      7.241898      8.001635
   0.73984      7.201195      7.959220
   0.70767      7.170243      7.854257
   0.67551      7.161099      7.664255
   0.64334      7.167984      7.558415
   0.61117      7.170650      7.590935
   0.61117      7.170650      7.590935
   0.57901      7.203501      7.502526
   0.54684      7.247651      7.322166
   0.51467      7.290785      7.330589
   0.48251      7.206191      7.339786
   0.45034      7.033682      7.345501
   0.41817      7.042810      7.339032
   0.38600      7.055615      7.306743
   0.35384      7.070174      7.240892
   0.32167      7.086253      7.150086
   0.28950      7.103162      7.156936
   0.25734      7.119516      7.240660
   0.22517      7.133115      7.185362
   0.19300      7.142039      7.145606
   0.16084      7.150198      7.125940
   0.12867      7.173114      7.131845
   0.09650      7.222122      7.161093
   0.06433      7.261975      7.206006
   0.03217      7.199045      7.252443
   0.00000      7.274967      7.275079
 
# Band-Index   35
   0.00000      7.370328      7.370301
   0.03217      7.348069      7.276953
   0.06433      7.288390      7.298609
   0.09650      7.352455      7.302386
   0.12867      7.430722      7.242947
   0.16084      7.457203      7.176878
   0.19300      7.514311      7.255999
   0.22517      7.597908      7.371743
   0.25734      7.654938      7.274861
   0.28950      7.618864      7.305417
   0.32167      7.571869      7.373897
   0.35384      7.521567      7.440718
   0.38600      7.471570      7.500323
   0.41817      7.423439      7.547796
   0.45034      7.377588      7.580119
   0.48251      7.333676      7.597168
   0.51467      7.414865      7.601736
   0.54684      7.635070      7.598707
   0.57901      7.775691      7.593791
   0.61117      7.770480      7.627771
   0.61117      7.770480      7.627771
   0.64334      7.660933      7.765231
   0.67551      7.503266      7.899905
   0.70767      7.474181      7.927706
   0.73984      7.626846      8.017644
   0.77201      7.825968      8.095409
   0.80418      7.998914      8.126384
   0.83634      7.906266      8.135331
   0.86851      7.843043      8.124845
   0.90068      7.811699      8.100086
   0.93284      7.811920      8.062403
   0.96501      7.842925      8.031304
   0.99718      7.904896      8.060746
   1.02934      7.997901      8.178893
   1.06151      8.118905      8.334231
   1.09368      8.260558      8.452229
   1.12585      8.412184      8.477507
   1.15801      8.503140      8.496041
   1.19018      8.509150      8.507365
   1.22235      8.511192      8.511174
   1.22235      8.511192      8.511174
   1.25451      8.507383      8.509132
   1.28668      8.496058      8.503122
   1.31885      8.477522      8.411944
   1.35102      8.452243      8.260288
   1.38318      8.334888      8.118611
   1.41535      8.179457      7.997588
   1.44752      8.061081      7.904568
   1.47968      8.031461      7.842586
   1.51185      8.062564      7.811586
   1.54402      8.100282      7.811367
   1.57618      8.125062      7.842721
   1.60835      8.135607      7.905965
   1.64052      8.134028      7.998637
   1.67269      8.201971      8.114056
   1.70485      8.187554      8.116457
   1.73702      8.166465      8.037281
   1.76919      7.956716      7.980885
   1.80135      7.882800      7.955987
   1.83352      7.877051      7.958842
   1.83352      7.877051      7.958842
   1.86569      8.012083      7.863005
   1.89785      8.088695      7.787908
   1.93002      8.009553      7.812060
   1.96219      7.916745      7.842393
   1.99436      7.821610      7.874036
   2.02652      7.737601      7.899127
   2.05869      7.681353      7.907933
   2.09086      7.662048      7.893422
   2.12302      7.671815      7.848613
   2.15519      7.696568      7.777503
   2.18736      7.648633      7.685053
   2.21952      7.502138      7.650303
   2.25169      7.609046      7.541401
   2.28386      7.607729      7.519995
   2.31603      7.493774      7.456210
   2.34819      7.390962      7.352318
   2.38036      7.308863      7.350050
   2.41253      7.357633      7.364437
   2.44469      7.370981      7.371301
   2.44469      7.370981      7.371301
   2.49018      7.319415      7.311912
   2.53568      7.312220      7.311872
   2.58117      7.367547      7.367052
   2.62666      7.406780      7.406195
   2.67215      7.473687      7.473203
   2.71764      7.527810      7.527367
   2.76313      7.587886      7.587503
   2.80862      7.648593      7.648211
   2.85411      7.726656      7.726239
   2.89960      7.831440      7.831003
   2.94510      7.961215      7.960791
   2.99059      8.075814      8.075422
   3.03608      8.066409      8.066196
   3.08157      8.211579      8.211286
   3.12706      8.338046      8.337768
   3.17255      8.447487      8.447462
   3.21804      8.485608      8.485591
   3.26353      8.505072      8.505054
   3.30902      8.511192      8.511174
 
# Band-Index   36
   3.30902      8.722339      8.722192
   3.26353      8.668713      8.668554
   3.21804      8.565118      8.564927
   3.17255      8.454049      8.453814
   3.12706      8.364752      8.364595
   3.08157      8.222104      8.221808
   3.03608      8.129487      8.129182
   2.99059      8.103877      8.103544
   2.94510      8.034440      8.033973
   2.89960      7.941429      7.940878
   2.85411      7.823610      7.823049
   2.80862      7.722905      7.722353
   2.76313      7.648739      7.648259
   2.71764      7.611596      7.611261
   2.67215      7.578052      7.577908
   2.62666      7.448867      7.446128
   2.58117      7.437939      7.468284
   2.53568      7.456133      7.463749
   2.49018      7.460941      7.426273
   2.44469      7.492870      7.397329
   2.44469      7.492870      7.397329
   2.41253      7.512030      7.476642
   2.38036      7.552770      7.524772
   2.34819      7.611542      7.565312
   2.31603      7.675260      7.606848
   2.28386      7.726850      7.557180
   2.25169      7.732992      7.633541
   2.21952      7.747672      7.665493
   2.18736      7.725332      7.818212
   2.15519      7.831518      8.015734
   2.12302      8.019931      8.196587
   2.09086      8.199023      8.193608
   2.05869      8.301728      8.141715
   2.02652      8.321394      8.092177
   1.99436      8.310544      8.051961
   1.96219      8.292532      8.018766
   1.93002      8.274361      7.993646
   1.89785      8.221007      7.975450
   1.86569      8.143197      7.970048
   1.83352      8.162666      8.094347
   1.83352      8.162666      8.094347
   1.80135      8.164139      8.114256
   1.76919      8.168722      8.132251
   1.73702      8.176505      8.159408
   1.70485      8.375023      8.193106
   1.67269      8.221775      8.203038
   1.64052      8.219425      8.265014
   1.60835      8.202858      8.300415
   1.57618      8.149648      8.330257
   1.54402      8.199755      8.256296
   1.51185      8.249670      8.179990
   1.47968      8.297684      8.105452
   1.44752      8.342809      8.046316
   1.41535      8.384177      8.118811
   1.38318      8.420925      8.286944
   1.35102      8.496591      8.458958
   1.31885      8.631737      8.493476
   1.28668      8.677567      8.558539
   1.25451      8.710257      8.675018
   1.22235      8.722339      8.722192
   1.22235      8.722339      8.722192
   1.19018      8.675184      8.710119
   1.15801      8.558743      8.677448
   1.12585      8.493495      8.631640
   1.09368      8.459334      8.495896
   1.06151      8.287366      8.420913
   1.02934      8.119247      8.384155
   0.99718      8.046539      8.342802
   0.96501      8.103489      8.297679
   0.93284      8.173357      8.249668
   0.90068      8.226955      8.199753
   0.86851      8.230101      8.149620
   0.83634      8.142388      8.202666
   0.80418      8.001819      8.219406
   0.77201      8.114400      8.201956
   0.73984      8.145322      8.187541
   0.70767      8.070024      8.171159
   0.67551      8.015579      7.960492
   0.64334      7.983040      7.883289
   0.61117      7.972141      7.877532
   0.61117      7.972141      7.877532
   0.57901      7.863027      8.013471
   0.54684      7.791006      8.088693
   0.51467      7.815151      8.009472
   0.48251      7.845229      7.916599
   0.45034      7.876135      7.821356
   0.41817      7.900486      7.737164
   0.38600      7.909348      7.680615
   0.35384      7.894239      7.661115
   0.32167      7.850483      7.670623
   0.28950      7.780109      7.695323
   0.25734      7.691678      7.649966
   0.22517      7.665746      7.513736
   0.19300      7.575200      7.618228
   0.16084      7.556029      7.607412
   0.12867      7.456350      7.493456
   0.09650      7.426299      7.390651
   0.06433      7.434157      7.346897
   0.03217      7.450505      7.368268
   0.00000      7.377367      7.377136
 
# Band-Index   37
   0.00000      7.464208      7.463422
   0.03217      7.482483      7.511049
   0.06433      7.525696      7.551741
   0.09650      7.566196      7.610467
   0.12867      7.628244      7.674123
   0.16084      7.557327      7.725631
   0.19300      7.633731      7.732684
   0.22517      7.680794      7.746389
   0.25734      7.837028      7.724056
   0.28950      8.019926      7.834600
   0.32167      8.209814      8.024267
   0.35384      8.212160      8.202631
   0.38600      8.158234      8.317483
   0.41817      8.110077      8.334218
   0.45034      8.069035      8.317999
   0.48251      8.035361      8.297631
   0.51467      8.009153      8.279076
   0.54684      7.990517      8.226754
   0.57901      7.980199      8.143044
   0.61117      8.095504      8.162579
   0.61117      8.095504      8.162579
   0.64334      8.114625      8.164108
   0.67551      8.132374      8.168721
   0.70767      8.159577      8.176495
   0.73984      8.193269      8.384795
   0.77201      8.227448      8.482291
   0.80418      8.265936      8.369274
   0.83634      8.300536      8.250633
   0.86851      8.332228      8.271867
   0.90068      8.360573      8.302579
   0.93284      8.385515      8.338341
   0.96501      8.408078      8.378930
   0.99718      8.428811      8.424121
   1.02934      8.447938      8.473403
   1.06151      8.465362      8.525785
   1.09368      8.480747      8.579513
   1.12585      8.611001      8.642354
   1.15801      8.722435      8.744735
   1.19018      8.783550      8.790324
   1.22235      8.801695      8.801279
   1.22235      8.801695      8.801279
   1.25451      8.790781      8.783160
   1.28668      8.745310      8.722091
   1.31885      8.643033      8.610662
   1.35102      8.579591      8.480727
   1.38318      8.525848      8.465342
   1.41535      8.473453      8.447921
   1.44752      8.424161      8.428794
   1.47968      8.378964      8.408056
   1.51185      8.338369      8.385492
   1.54402      8.302603      8.360736
   1.57618      8.271887      8.341179
   1.60835      8.250674      8.356565
   1.64052      8.369465      8.299316
   1.67269      8.490298      8.230428
   1.70485      8.403786      8.242142
   1.73702      8.301161      8.370042
   1.76919      8.265047      8.390175
   1.80135      8.251273      8.203343
   1.83352      8.247137      8.108246
   1.83352      8.247137      8.108246
   1.86569      8.250435      8.340427
   1.89785      8.272893      8.582116
   1.93002      8.467784      8.699450
   1.96219      8.594855      8.682623
   1.99436      8.602140      8.714154
   2.02652      8.598808      8.711280
   2.05869      8.562486      8.647807
   2.09086      8.464895      8.439099
   2.12302      8.322928      8.273909
   2.15519      8.168166      8.223482
   2.18736      8.015030      8.074068
   2.21952      7.869150      7.936910
   2.25169      7.751580      7.815141
   2.28386      7.791670      7.711261
   2.31603      7.991468      7.627479
   2.34819      7.897266      7.719190
   2.38036      7.770716      7.591429
   2.41253      7.549673      7.503129
   2.44469      7.497544      7.496544
   2.44469      7.497544      7.496544
   2.49018      7.520449      7.519468
   2.53568      7.601913      7.601048
   2.58117      7.745604      7.744892
   2.62666      7.900002      7.635182
   2.67215      7.719626      7.719344
   2.71764      7.958465      7.958492
   2.76313      7.950914      7.950270
   2.80862      7.952296      7.951692
   2.85411      7.968841      7.968278
   2.89960      7.997674      7.997153
   2.94510      8.072103      8.071607
   2.99059      8.133543      8.133342
   3.03608      8.241358      8.241038
   3.08157      8.353023      8.352765
   3.12706      8.448750      8.448389
   3.17255      8.573521      8.573051
   3.21804      8.694530      8.694079
   3.26353      8.774425      8.774000
   3.30902      8.801695      8.801279
 
# Band-Index   38
   3.30902      9.127596      9.127175
   3.26353      9.079485      9.079021
   3.21804      8.964526      8.963991
   3.17255      8.821018      8.820427
   3.12706      8.667760      8.667139
   3.08157      8.514184      8.513575
   3.03608      8.364799      8.364219
   2.99059      8.219705      8.219095
   2.94510      8.168981      8.168726
   2.89960      8.175919      8.175713
   2.85411      8.176194      8.175785
   2.80862      8.169064      8.168640
   2.76313      8.119949      8.120389
   2.71764      7.962832      7.962151
   2.67215      7.968661      7.967970
   2.62666      8.275904      7.899347
   2.58117      8.202718      8.183412
   2.53568      8.159588      8.147924
   2.49018      8.286890      8.283129
   2.44469      8.419700      8.419400
   2.44469      8.419700      8.419400
   2.41253      8.436584      8.270795
   2.38036      8.423339      8.056401
   2.34819      8.212444      7.946119
   2.31603      8.040133      8.086612
   2.28386      8.171955      8.238817
   2.25169      8.310502      8.251260
   2.21952      8.425806      8.309058
   2.18736      8.552621      8.399688
   2.15519      8.561666      8.328829
   2.12302      8.515255      8.380850
   2.09086      8.510125      8.533500
   2.05869      8.563919      8.655696
   2.02652      8.712432      8.879608
   1.99436      8.816748      9.080686
   1.96219      8.686867      8.908816
   1.93002      8.585657      8.823367
   1.89785      8.577829      8.676863
   1.86569      8.576516      8.654903
   1.83352      8.611208      8.646904
   1.83352      8.611208      8.646904
   1.80135      8.581410      8.577215
   1.76919      8.591174      8.484671
   1.73702      8.604782      8.582259
   1.70485      8.590740      8.767262
   1.67269      8.508764      8.922948
   1.64052      8.589499      9.005149
   1.60835      8.603695      9.094387
   1.57618      8.620958      9.186987
   1.54402      8.648957      9.282037
   1.51185      8.699003      9.323151
   1.47968      8.765166      9.246552
   1.44752      8.836665      8.847300
   1.41535      8.901057      8.917339
   1.38318      8.937089      8.973120
   1.35102      8.957920      9.014240
   1.31885      8.979973      9.045550
   1.28668      9.027309      9.079344
   1.25451      9.094472      9.112694
   1.22235      9.127596      9.127175
   1.22235      9.127596      9.127175
   1.19018      9.113187      9.094082
   1.15801      9.079999      9.027023
   1.12585      9.046330      8.979789
   1.09368      9.015043      8.957773
   1.06151      8.973813      8.936844
   1.02934      8.909932      8.897818
   0.99718      8.820727      8.836583
   0.96501      8.713017      8.765099
   0.93284      8.596154      8.698703
   0.90068      8.480834      8.647724
   0.86851      8.392979      8.614532
   0.83634      8.356816      8.590003
   0.80418      8.312228      8.552986
   0.77201      8.236171      8.508553
   0.73984      8.242410      8.404605
   0.70767      8.370346      8.312113
   0.67551      8.396473      8.276153
   0.64334      8.207428      8.261807
   0.61117      8.108454      8.257983
   0.61117      8.108454      8.257983
   0.57901      8.340920      8.261113
   0.54684      8.582567      8.276131
   0.51467      8.646737      8.467901
   0.48251      8.659435      8.594496
   0.45034      8.672217      8.601780
   0.41817      8.676804      8.598518
   0.38600      8.643979      8.562071
   0.35384      8.438803      8.464584
   0.32167      8.293451      8.322636
   0.28950      8.224174      8.167862
   0.25734      8.074630      8.014741
   0.22517      7.937504      7.868857
   0.19300      7.815789      7.750294
   0.16084      7.711963      7.798687
   0.12867      7.632943      7.993658
   0.09650      7.716053      7.875097
   0.06433      7.624881      7.718160
   0.03217      7.504109      7.570311
   0.00000      7.497546      7.496544
 
# Band-Index   39
   0.00000      7.772516      7.772493
   0.03217      7.816325      7.792870
   0.06433      7.916435      7.850296
   0.09650      7.938086      7.934604
   0.12867      8.029256      8.035163
   0.16084      8.196223      8.144863
   0.19300      8.252264      8.259270
   0.22517      8.310447      8.375441
   0.25734      8.425261      8.491090
   0.28950      8.353601      8.587912
   0.32167      8.381292      8.547150
   0.35384      8.533787      8.525033
   0.38600      8.655276      8.573363
   0.41817      8.878088      8.716252
   0.45034      8.938751      8.817238
   0.48251      8.850172      8.687445
   0.51467      8.771445      8.585310
   0.54684      8.636747      8.577485
   0.57901      8.630485      8.572401
   0.61117      8.628365      8.570651
   0.61117      8.628365      8.570651
   0.64334      8.575602      8.576337
   0.67551      8.485052      8.591008
   0.70767      8.588032      8.604826
   0.73984      8.770727      8.590551
   0.77201      8.923916      8.661993
   0.80418      9.006151      8.924716
   0.83634      9.095731      9.064630
   0.86851      9.189553      9.136558
   0.90068      9.283767      9.201890
   0.93284      9.374145      9.249552
   0.96501      9.367471      9.275525
   0.99718      9.360241      9.285148
   1.02934      9.367843      9.289360
   1.06151      9.346956      9.300463
   1.09368      9.311233      9.329837
   1.12585      9.278850      9.299899
   1.15801      9.250537      9.260394
   1.19018      9.229533      9.232016
   1.22235      9.221461      9.221463
   1.22235      9.221461      9.221463
   1.25451      9.232026      9.229511
   1.28668      9.260435      9.250459
   1.31885      9.299977      9.278710
   1.35102      9.330247      9.311040
   1.38318      9.300876      9.346722
   1.41535      9.289763      9.386021
   1.44752      9.285561      9.429307
   1.47968      9.275971      9.456308
   1.51185      9.250046      9.373269
   1.54402      9.202430      9.361057
   1.57618      9.137122      9.354702
   1.60835      9.065197      9.275205
   1.64052      9.001495      9.121158
   1.67269      8.968670      8.945077
   1.70485      9.001669      8.850322
   1.73702      9.102542      8.788477
   1.76919      9.219020      8.737373
   1.80135      9.540136      9.611877
   1.83352      9.555504      9.616283
   1.83352      9.555504      9.616283
   1.86569      9.535127      9.561005
   1.89785      9.411831      9.483328
   1.93002      9.395137      9.392543
   1.96219      9.249119      9.059076
   1.99436      9.143668      9.101359
   2.02652      9.043156      9.039051
   2.05869      8.918788      8.954858
   2.09086      8.834008      8.884952
   2.12302      8.708471      8.748119
   2.15519      8.625646      8.576628
   2.18736      8.621843      8.424738
   2.21952      8.535989      8.467483
   2.25169      8.438233      8.388682
   2.28386      8.386512      8.252342
   2.31603      8.381358      8.293861
   2.34819      8.406299      8.352756
   2.38036      8.443467      8.416910
   2.41253      8.475291      8.467312
   2.44469      8.488151      8.487019
   2.44469      8.488151      8.487019
   2.49018      8.456872      8.455776
   2.53568      8.383367      8.382666
   2.58117      8.306150      8.305329
   2.62666      8.353340      8.275239
   2.67215      8.375304      8.374802
   2.71764      8.572964      8.572584
   2.76313      8.662596      8.693850
   2.80862      8.679206      8.678815
   2.85411      8.719910      8.719971
   2.89960      8.762950      8.759565
   2.94510      8.772528      8.772288
   2.99059      8.753643      8.753392
   3.03608      8.767271      8.767000
   3.08157      8.820661      8.820367
   3.12706      8.912585      8.912282
   3.17255      9.032225      9.031946
   3.21804      9.153547      9.153357
   3.26353      9.222308      9.222257
   3.30902      9.221461      9.221463
 
# Band-Index   40
   3.30902      9.551444      9.551041
   3.26353      9.594154      9.593746
   3.21804      9.504464      9.503969
   3.17255      9.379906      9.379497
   3.12706      9.250898      9.250557
   3.08157      9.111738      9.113305
   3.03608      8.979774      8.981180
   2.99059      8.880248      8.879527
   2.94510      8.810043      8.808494
   2.89960      8.810346      8.810105
   2.85411      8.847094      8.846887
   2.80862      8.847661      8.847418
   2.76313      8.757333      8.757046
   2.71764      8.608943      8.626883
   2.67215      8.533666      8.570367
   2.62666      8.605325      8.475196
   2.58117      8.696223      8.705268
   2.53568      8.765593      8.770641
   2.49018      8.760137      8.759613
   2.44469      8.690616      8.690135
   2.44469      8.690616      8.690135
   2.41253      8.607724      8.841699
   2.38036      8.483025      8.972911
   2.34819      8.547803      8.879851
   2.31603      8.624555      8.763071
   2.28386      8.685602      8.656858
   2.25169      8.749684      8.571365
   2.21952      8.669363      8.563011
   2.18736      8.670496      8.676901
   2.15519      8.829876      8.779353
   2.12302      8.853003      8.833481
   2.09086      8.857393      8.908730
   2.05869      8.930467      8.990217
   2.02652      9.052595      9.089078
   1.99436      9.161874      9.193178
   1.96219      9.282580      9.293391
   1.93002      9.443481      9.553623
   1.89785      9.479889      9.691951
   1.86569      9.800066      9.672466
   1.83352      9.867630      9.639991
   1.83352      9.867630      9.639991
   1.80135      9.821867      9.624936
   1.76919      9.500291      9.579467
   1.73702      9.452191      9.524350
   1.70485      9.410180      9.483880
   1.67269      9.377280      9.485550
   1.64052      9.390886      9.539942
   1.60835      9.248007      9.602202
   1.57618      9.361620      9.642532
   1.54402      9.385513      9.583727
   1.51185      9.380165      9.528398
   1.47968      9.352472      9.476828
   1.44752      9.339665      9.530925
   1.41535      9.443297      9.598757
   1.38318      9.394006      9.397375
   1.35102      9.347254      9.444373
   1.31885      9.392704      9.505676
   1.28668      9.480534      9.577580
   1.25451      9.542811      9.591095
   1.22235      9.551444      9.551041
   1.22235      9.551444      9.551041
   1.19018      9.591493      9.542382
   1.15801      9.577998      9.480042
   1.12585      9.505936      9.392223
   1.09368      9.444458      9.347105
   1.06151      9.396360      9.393859
   1.02934      9.386283      9.357980
   0.99718      9.429589      9.339334
   0.96501      9.457136      9.346317
   0.93284      9.380554      9.364896
   0.90068      9.387966      9.382190
   0.86851      9.367925      9.359093
   0.83634      9.280244      9.169604
   0.80418      9.121418      9.000957
   0.77201      8.946049      8.968205
   0.73984      8.851295      9.001573
   0.70767      8.789531      9.102526
   0.67551      8.738186      9.218832
   0.64334      8.693796      9.306572
   0.61117      8.658027      9.339133
   0.61117      8.658027      9.339133
   0.57901      8.671348      9.358338
   0.54684      8.710197      9.411538
   0.51467      8.823659      9.394634
   0.48251      9.059344      9.248495
   0.45034      9.100155      9.143357
   0.41817      9.020234      9.043167
   0.38600      8.915307      8.918706
   0.35384      8.871924      8.823012
   0.32167      8.748533      8.715016
   0.28950      8.577354      8.605153
   0.25734      8.429357      8.620535
   0.22517      8.500452      8.535538
   0.19300      8.377689      8.388322
   0.16084      8.253389      8.213638
   0.12867      8.167934      8.048715
   0.09650      8.038540      8.214835
   0.06433      8.069218      8.425731
   0.03217      8.275749      8.436973
   0.00000      8.419716      8.419706
 
# Band-Index   41
   0.00000      8.488246      8.487347
   0.03217      8.468728      8.474654
   0.06433      8.418784      8.442670
   0.09650      8.355444      8.405628
   0.12867      8.294820      8.380726
   0.16084      8.297043      8.386494
   0.19300      8.420167      8.437651
   0.22517      8.532507      8.552022
   0.25734      8.631088      8.669890
   0.28950      8.717872      8.829326
   0.32167      8.799901      8.852860
   0.35384      8.886083      8.857314
   0.38600      8.981444      8.931244
   0.41817      9.048411      9.052514
   0.45034      9.191506      9.161748
   0.48251      9.291919      9.282393
   0.51467      9.391005      9.443020
   0.54684      9.481514      9.477360
   0.57901      9.561475      9.520772
   0.61117      9.616146      9.533480
   0.61117      9.616146      9.533480
   0.64334      9.611977      9.524454
   0.67551      9.580315      9.495357
   0.70767      9.526487      9.450803
   0.73984      9.488290      9.413152
   0.77201      9.491316      9.403477
   0.80418      9.548298      9.417114
   0.83634      9.613603      9.431197
   0.86851      9.642959      9.470816
   0.90068      9.584181      9.651936
   0.93284      9.528710      9.597789
   0.96501      9.477122      9.544983
   0.99718      9.531668      9.493481
   1.02934      9.599464      9.443125
   1.06151      9.663887      9.411808
   1.09368      9.726301      9.493980
   1.12585      9.741842      9.584460
   1.15801      9.683456      9.661894
   1.19018      9.655081      9.698480
   1.22235      9.697116      9.696507
   1.22235      9.697116      9.696507
   1.25451      9.699087      9.654527
   1.28668      9.662313      9.683043
   1.31885      9.584747      9.741272
   1.35102      9.494308      9.725661
   1.38318      9.455742      9.663247
   1.41535      9.631465      9.745120
   1.44752      9.493671      9.751097
   1.47968      9.545186      9.728077
   1.51185      9.597998      9.702858
   1.54402      9.652145      9.676345
   1.57618      9.707425      9.646164
   1.60835      9.762460      9.615234
   1.64052      9.747471      9.596613
   1.67269      9.653141      9.585069
   1.70485      9.720499      9.584586
   1.73702      9.724045      9.592077
   1.76919      9.757083      9.603384
   1.80135      9.996566      9.935506
   1.83352     10.028415      9.966395
   1.83352     10.028415      9.966395
   1.86569      9.937537      9.904176
   1.89785      9.639987      9.751179
   1.93002      9.488821      9.576977
   1.96219      9.423512      9.339212
   1.99436      9.229316      9.299815
   2.02652      9.276357      9.489036
   2.05869      9.388396      9.169709
   2.09086      9.194163      8.924609
   2.12302      9.006322      8.883680
   2.15519      8.874492      8.916047
   2.18736      8.907960      8.957713
   2.21952      8.837031      9.001628
   2.25169      8.806937      9.057362
   2.28386      8.876864      9.110450
   2.31603      8.991332      9.162745
   2.34819      9.082753      9.212357
   2.38036      9.158337      9.088118
   2.41253      9.180316      9.133344
   2.44469      9.192950      9.193021
   2.44469      9.192950      9.193021
   2.49018      9.171806      9.124920
   2.53568      9.055673      9.024333
   2.58117      8.955657      8.938437
   2.62666      8.677261      8.729542
   2.67215      8.691428      8.659734
   2.71764      8.693056      8.721662
   2.76313      8.769014      8.767768
   2.80862      9.036961      9.030453
   2.85411      9.420290      9.335428
   2.89960      9.738177      9.735930
   2.94510      9.692450      9.691971
   2.99059      9.628802      9.628431
   3.03608      9.568908      9.574932
   3.08157      9.541834      9.541516
   3.12706      9.532049      9.531714
   3.17255      9.548221      9.547845
   3.21804      9.592514      9.592073
   3.26353      9.631117      9.630565
   3.30902      9.697116      9.696507
 
# Band-Index   42
   3.30902      9.728454      9.727848
   3.26353      9.730686      9.730194
   3.21804      9.783018      9.782616
   3.17255      9.760629      9.760617
   3.12706      9.712216      9.700342
   3.08157      9.633310      9.930303
   3.03608      9.575260     10.093379
   2.99059     10.108684     10.107195
   2.94510     10.011453     10.010469
   2.89960      9.842982      9.744596
   2.85411      9.704365      9.703810
   2.80862      9.227993      9.255001
   2.76313      9.050212      9.384804
   2.71764      8.850619      9.345830
   2.67215      8.760572      9.341318
   2.62666      9.323823      9.323295
   2.58117      9.283366      9.283438
   2.53568      9.242474      9.242622
   2.49018      9.210066      9.208377
   2.44469      9.241128      9.249429
   2.44469      9.241128      9.249429
   2.41253      9.184580      9.218531
   2.38036      9.164848      9.254711
   2.34819      9.123486      9.266304
   2.31603      9.078229      9.250600
   2.28386      8.964956      9.230047
   2.25169      8.991983      9.225047
   2.21952      8.947729      9.232880
   2.18736      8.977929      9.103497
   2.15519      9.108693      9.174607
   2.12302      9.246909      9.298584
   2.09086      9.376503      9.505720
   2.05869      9.460133      9.583076
   2.02652      9.538217      9.513026
   1.99436      9.598682      9.643670
   1.96219      9.576426      9.667060
   1.93002      9.621751      9.685791
   1.89785      9.805633      9.797917
   1.86569      9.965180      9.952372
   1.83352     10.030077     10.015885
   1.83352     10.030077     10.015885
   1.80135     10.014295     10.006306
   1.76919      9.980357      9.874861
   1.73702      9.936326      9.823700
   1.70485      9.891672      9.786140
   1.67269      9.850820      9.764711
   1.64052      9.818887      9.766285
   1.60835      9.772057      9.703867
   1.57618      9.753788      9.727629
   1.54402      9.784586      9.865274
   1.51185      9.784647      9.954464
   1.47968      9.775987      9.951116
   1.44752      9.765691      9.953378
   1.41535      9.857553      9.951434
   1.38318      9.781071      9.756119
   1.35102      9.725871      9.749207
   1.31885      9.691111      9.764197
   1.28668      9.664521      9.734245
   1.25451      9.711902      9.729507
   1.22235      9.728454      9.727848
   1.22235      9.728454      9.727848
   1.19018      9.730107      9.711354
   1.15801      9.734826      9.664088
   1.12585      9.764772      9.690690
   1.09368      9.749760      9.725264
   1.06151      9.756421      9.738722
   1.02934      9.758861      9.752483
   0.99718      9.753691      9.765116
   0.96501      9.738289      9.775467
   0.93284      9.712543      9.783109
   0.90068      9.679685      9.655705
   0.86851      9.645128      9.707221
   0.83634      9.658513      9.763119
   0.80418      9.596051      9.818706
   0.77201      9.584572      9.762066
   0.73984      9.584373      9.718338
   0.70767      9.592152      9.718524
   0.67551      9.603654      9.755302
   0.64334      9.624905      9.821801
   0.61117      9.640317      9.865273
   0.61117      9.640317      9.865274
   0.57901      9.673045      9.798433
   0.54684      9.689253      9.638851
   0.51467      9.552819      9.488274
   0.48251      9.338167      9.423378
   0.45034      9.229011      9.229197
   0.41817      9.084806      9.276044
   0.38600      9.036139      9.387851
   0.35384      8.919262      9.193647
   0.32167      8.884943      9.005767
   0.28950      8.918055      8.874431
   0.25734      8.785706      8.849740
   0.22517      8.597561      8.789857
   0.19300      8.619038      8.832899
   0.16084      8.716331      8.734673
   0.12867      8.823079      8.641050
   0.09650      8.936486      8.555962
   0.06433      9.036547      8.485305
   0.03217      8.843082      8.608404
   0.00000      8.691417      8.691438
 
# Band-Index   43
   0.00000      9.192707      9.192577
   0.03217      9.190929      9.183713
   0.06433      9.110287      9.159234
   0.09650      9.213847      9.089272
   0.12867      9.164420      9.000113
   0.16084      9.111952      8.915409
   0.19300      9.059149      8.840789
   0.22517      9.008029      8.936560
   0.25734      8.960328      8.907947
   0.28950      8.993896      9.025814
   0.32167      9.209973      9.229147
   0.35384      9.404144      9.362219
   0.38600      9.375722      9.452002
   0.41817      9.490614      9.525242
   0.45034      9.299154      9.584197
   0.48251      9.424595      9.575918
   0.51467      9.621428      9.621568
   0.54684      9.751143      9.801625
   0.57901      9.904116      9.930955
   0.61117      9.965525     10.024916
   0.61117      9.965525     10.024915
   0.64334      9.933605     10.010886
   0.67551      9.874368      9.975472
   0.70767      9.822872      9.931454
   0.73984      9.784197      9.888859
   0.77201      9.759670      9.853244
   0.80418      9.761736      9.825910
   0.83634      9.704180      9.808202
   0.86851      9.795027      9.797057
   0.90068      9.944163      9.789927
   0.93284      9.955045      9.870482
   0.96501      9.952687      9.897861
   0.99718      9.955934      9.890134
   1.02934      9.953080      9.857089
   1.06151      9.931018      9.803420
   1.09368      9.881058      9.743266
   1.12585      9.823235      9.713430
   1.15801      9.860507      9.704261
   1.19018      9.873935      9.719325
   1.22235      9.847436      9.847041
   1.22235      9.847436      9.847041
   1.25451      9.719824      9.873556
   1.28668      9.704865      9.859853
   1.31885      9.714032      9.822743
   1.35102      9.743700      9.880577
   1.38318      9.803862      9.930777
   1.41535     10.393412     10.260462
   1.44752      9.890644     10.094680
   1.47968      9.898365     10.133920
   1.51185      9.895301     10.022427
   1.54402      9.902894      9.969465
   1.57618      9.932027      9.999173
   1.60835      9.928869      9.828986
   1.64052      9.826125      9.771347
   1.67269      9.872729      9.828113
   1.70485      9.922977      9.886902
   1.73702      9.967335      9.939479
   1.76919     10.001746      9.981759
   1.80135     10.325277     10.435160
   1.83352     10.239893     10.492658
   1.83352     10.239893     10.492658
   1.86569     10.339484     10.459605
   1.89785      9.810571     10.306081
   1.93002      9.709083     10.080227
   1.96219      9.651141      9.774188
   1.99436      9.651106      9.647752
   2.02652      9.576527      9.618183
   2.05869      9.484111      9.709427
   2.09086      9.622419      9.757211
   2.12302      9.274153      9.493748
   2.15519      9.504333      9.587272
   2.18736      9.540606      9.574591
   2.21952      9.480959      9.661769
   2.25169      9.460265      9.661535
   2.28386      9.344140      9.590166
   2.31603      9.383964      9.490231
   2.34819      9.330802      9.328081
   2.38036      9.289882      9.268490
   2.41253      9.263792      9.274516
   2.44469      9.272687      9.284371
   2.44469      9.272687      9.284371
   2.49018      9.259821      9.307354
   2.53568      9.294679      9.334012
   2.58117      9.360820      9.359712
   2.62666      9.383550      9.381924
   2.67215      9.341772      9.424383
   2.71764      9.346467      9.493311
   2.76313      9.385421      9.574322
   2.80862      9.513138      9.513376
   2.85411      9.724909      9.724252
   2.89960      9.880767      9.880402
   2.94510     10.103250     10.077361
   2.99059     10.128497     10.140406
   3.03608     10.109944     10.168778
   3.08157     10.094015     10.212107
   3.12706     10.168044     10.129667
   3.17255     10.022547     10.022198
   3.21804      9.807477      9.807124
   3.26353      9.748011      9.747457
   3.30902      9.847436      9.847041
 
# Band-Index   44
   3.30902      9.919820      9.919081
   3.26353     10.089366     10.088809
   3.21804     10.209219     10.209821
   3.17255     10.182832     10.186062
   3.12706     10.180786     10.180595
   3.08157     10.218422     10.442354
   3.03608     10.180822     10.303791
   2.99059     10.303908     10.291781
   2.94510     10.248263     10.244871
   2.89960     10.212309     10.212284
   2.85411     10.149560     10.203309
   2.80862      9.658782      9.662250
   2.76313      9.575645      9.795509
   2.71764      9.494548      9.658278
   2.67215      9.426502      9.547627
   2.62666      9.478566      9.464160
   2.58117      9.407268      9.442402
   2.53568      9.334326      9.380360
   2.49018      9.350692      9.317072
   2.44469      9.307808      9.296039
   2.44469      9.307808      9.296039
   2.41253      9.382196      9.284919
   2.38036      9.429079      9.288116
   2.34819      9.483347      9.383895
   2.31603      9.602255      9.556293
   2.28386      9.733014      9.757589
   2.25169      9.948414      9.797856
   2.21952      9.909137      9.799109
   2.18736      9.979256      9.775926
   2.15519      9.981308      9.743346
   2.12302      9.893954      9.728001
   2.09086      9.719561      9.876591
   2.05869      9.714923      9.834611
   2.02652      9.808770      9.990901
   1.99436      9.844649     10.171256
   1.96219     10.024158     10.337669
   1.93002     10.214244     10.430816
   1.89785     10.366155     10.465153
   1.86569     10.402279     10.480401
   1.83352     10.446112     10.519092
   1.83352     10.446112     10.519092
   1.80135     10.341463     10.555904
   1.76919     10.394456     10.395567
   1.73702     10.303068     10.315726
   1.70485     10.212593     10.238187
   1.67269     10.125425     10.165662
   1.64052     10.047999     10.099179
   1.60835      9.981975     10.043018
   1.57618     10.295520     10.009560
   1.54402     10.477892     10.288710
   1.51185     10.399752     10.466197
   1.47968     10.329716     10.470429
   1.44752     10.273127     10.498900
   1.41535     10.449286     10.583817
   1.38318     10.544085     10.407488
   1.35102     10.248464     10.226602
   1.31885     10.222507     10.071402
   1.28668     10.184883      9.950738
   1.25451     10.091519      9.902382
   1.22235      9.919820      9.919081
   1.22235      9.919820      9.919081
   1.19018      9.903094     10.090920
   1.15801      9.951077     10.183607
   1.12585     10.071693     10.211042
   1.09368     10.226860     10.201522
   1.06151     10.235948     10.206974
   1.02934     10.233107     10.225278
   0.99718     10.229833     10.233176
   0.96501     10.190940     10.080812
   0.93284     10.086358      9.894845
   0.90068      9.969941      9.902562
   0.86851      9.999607      9.931684
   0.83634      9.829187      9.981666
   0.80418      9.766589      9.878241
   0.77201      9.828404      9.872570
   0.73984      9.887174      9.922742
   0.70767      9.939653      9.966666
   0.67551      9.981855     10.001344
   0.64334     10.009527     10.023742
   0.61117     10.019206     10.031508
   0.61117     10.019206     10.031508
   0.57901      9.955793      9.965091
   0.54684      9.806508      9.810472
   0.51467      9.681214      9.704481
   0.48251      9.656470      9.638720
   0.45034      9.625824      9.650847
   0.41817      9.512720      9.576080
   0.38600      9.572097      9.474558
   0.35384      9.432520      9.438365
   0.32167      9.493783      9.259514
   0.28950      9.449656      9.151159
   0.25734      9.394471      9.042679
   0.22517      9.351115      8.947928
   0.19300      9.322623      8.991596
   0.16084      9.306281      9.036920
   0.12867      9.297778      9.081833
   0.09650      9.293245      9.123764
   0.06433      9.256330      9.177263
   0.03217      9.218865      9.252409
   0.00000      9.285022      9.285094
 
# Band-Index   45
   0.00000      9.289530      9.289493
   0.03217      9.286455      9.295596
   0.06433      9.288715      9.324948
   0.09650      9.331066      9.371891
   0.12867      9.490798      9.432916
   0.16084      9.590497      9.502700
   0.19300      9.663820      9.574632
   0.22517      9.689302      9.642390
   0.25734      9.659280      9.702330
   0.28950      9.587057      9.755663
   0.32167      9.504533      9.809204
   0.35384      9.545127      9.712078
   0.38600      9.660302      9.692450
   0.41817      9.597196      9.807887
   0.45034      9.683807      9.843928
   0.48251      9.897709     10.023229
   0.51467     10.113615     10.207040
   0.54684     10.315520     10.365324
   0.57901     10.474189     10.324892
   0.61117     10.477709     10.224252
   0.61117     10.477708     10.224251
   0.64334     10.468119     10.297602
   0.67551     10.391375     10.382305
   0.70767     10.314305     10.296335
   0.73984     10.238008     10.209479
   0.77201     10.165351     10.125266
   0.80418     10.099522     10.047835
   0.83634     10.043438     10.085545
   0.86851     10.015985     10.351316
   0.90068     10.305705     10.426269
   0.93284     10.455812     10.373369
   0.96501     10.455891     10.325243
   0.99718     10.475801     10.339890
   1.02934     10.510564     10.508818
   1.06151     10.407910     10.576576
   1.09368     10.252484     10.473878
   1.12585     10.285573     10.351633
   1.15801     10.210361     10.297155
   1.19018     10.110004     10.096852
   1.22235     10.058855     10.058353
   1.22235     10.058855     10.058353
   1.25451     10.097351     10.109547
   1.28668     10.314779     10.210070
   1.31885     10.363894     10.305199
   1.35102     10.496675     10.313873
   1.38318     10.641918     10.397678
   1.41535     10.656580     10.607071
   1.44752     10.592140     10.577368
   1.47968     10.576228     10.665457
   1.51185     10.604111     10.645650
   1.54402     10.656404     10.504140
   1.57618     10.570784     10.549444
   1.60835     10.627142     10.608495
   1.64052     10.697390     10.673997
   1.67269     10.766591     10.728195
   1.70485     10.800926     10.793765
   1.73702     10.713621     10.825813
   1.76919     10.520141     10.705960
   1.80135     10.615900     10.634284
   1.83352     10.652318     10.557366
   1.83352     10.652318     10.557366
   1.86569     10.627701     10.590585
   1.89785     10.467723     10.626270
   1.93002     10.506330     10.720703
   1.96219     10.384167     10.775777
   1.99436     10.161970     10.844988
   2.02652      9.922604     10.906609
   2.05869      9.878771     10.721873
   2.09086      9.941881     10.850595
   2.12302      9.935273     10.003071
   2.15519     10.050534     10.077292
   2.18736     10.161552     10.090218
   2.21952     10.215957     10.038249
   2.25169     10.211480      9.924498
   2.28386     10.009428      9.794627
   2.31603      9.947215      9.776810
   2.34819      9.821180      9.732415
   2.38036      9.633427      9.591677
   2.41253      9.454900      9.460345
   2.44469      9.371412      9.352663
   2.44469      9.371412      9.352663
   2.49018      9.483960      9.489071
   2.53568      9.691308      9.696307
   2.58117      9.942993      9.927042
   2.62666     10.068086     10.067146
   2.67215      9.675322     10.140462
   2.71764      9.537225     10.163636
   2.76313      9.826345     10.177968
   2.80862     10.196137     10.054521
   2.85411     10.203798     10.236723
   2.89960     10.280953     10.261251
   2.94510     10.290333     10.289694
   2.99059     10.418750     10.417917
   3.03608     10.475277     10.572130
   3.08157     10.600631     10.727661
   3.12706     10.576000     10.590082
   3.17255     10.405010     10.423851
   3.21804     10.294488     10.294015
   3.26353     10.133477     10.133055
   3.30902     10.058855     10.058353
 
# Band-Index   46
   3.30902     10.392945     10.392326
   3.26353     10.343393     10.343414
   3.21804     10.323921     10.320287
   3.17255     10.464538     10.464113
   3.12706     10.623965     10.623590
   3.08157     10.729571     10.794777
   3.03608     10.574457     11.054764
   2.99059     10.984890     10.953505
   2.94510     10.698037     10.675051
   2.89960     10.626443     10.625657
   2.85411     10.320163     10.443103
   2.80862     10.228408     10.198956
   2.76313     10.178459     10.341365
   2.71764     10.163689     10.303098
   2.67215     10.140136     10.199615
   2.62666     10.087597     10.080687
   2.58117      9.941824      9.940688
   2.53568      9.820585      9.810000
   2.49018      9.756447      9.720099
   2.44469      9.713401      9.689115
   2.44469      9.713401      9.689115
   2.41253      9.755868      9.704860
   2.38036      9.848945      9.742705
   2.34819      9.853883      9.778780
   2.31603      9.990001      9.900641
   2.28386     10.130334     10.003269
   2.25169     10.370105     10.120363
   2.21952     10.257743     10.246463
   2.18736     10.402959     10.420423
   2.15519     10.563573     10.548771
   2.12302      9.989710     10.710789
   2.09086     10.900004     11.059455
   2.05869     10.031583     10.962488
   2.02652     10.100604     11.108739
   1.99436     10.236807     11.019864
   1.96219     10.426027     10.789415
   1.93002     10.649127     10.711634
   1.89785     10.769630     10.872473
   1.86569     10.775842     10.867761
   1.83352     10.748286     10.876835
   1.83352     10.748286     10.876835
   1.80135     10.774811     10.891011
   1.76919     10.814445     10.734489
   1.73702     10.895698     10.823678
   1.70485     10.929801     10.893045
   1.67269     10.882471     10.879935
   1.64052     10.835133     10.938399
   1.60835     10.778467     10.939782
   1.57618     10.717836     10.923687
   1.54402     10.691115     10.922983
   1.51185     11.030414     10.910170
   1.47968     10.990573     10.934731
   1.44752     10.823198     10.817432
   1.41535     10.749188     10.625323
   1.38318     10.745937     10.523496
   1.35102     10.736215     10.411658
   1.31885     10.545061     10.310231
   1.28668     10.322038     10.364038
   1.25451     10.351314     10.375311
   1.22235     10.392945     10.392326
   1.22235     10.393296     10.392375
   1.19018     10.373093     10.350782
   1.15801     10.330260     10.314207
   1.12585     10.312537     10.544509
   1.09368     10.409667     10.653662
   1.06151     10.507465     10.622801
   1.02934     10.605409     10.591944
   0.99718     10.593757     10.566742
   0.96501     10.513430     10.552052
   0.93284     10.496964     10.551474
   0.90068     10.475941     10.567003
   0.86851     10.513539     10.557543
   0.83634     10.565096     10.615439
   0.80418     10.626554     10.696538
   0.77201     10.693159     10.761638
   0.73984     10.758393     10.778666
   0.70767     10.811909     10.637144
   0.67551     10.682229     10.455494
   0.64334     10.540020     10.463600
   0.61117     10.538510     10.512642
   0.61117     10.538511     10.512642
   0.57901     10.475696     10.473974
   0.54684     10.459795     10.463478
   0.51467     10.410094     10.500123
   0.48251     10.321859     10.379701
   0.45034     10.129479     10.145728
   0.41817      9.894074      9.912474
   0.38600      9.710245      9.877884
   0.35384      9.876198      9.874343
   0.32167      9.822672      9.894021
   0.28950      9.803206     10.003806
   0.25734      9.808390      9.978937
   0.22517      9.820918      9.913372
   0.19300      9.828478      9.816575
   0.16084      9.760216      9.702966
   0.12867      9.557969      9.585624
   0.09650      9.384779      9.475377
   0.06433      9.291114      9.382630
   0.03217      9.289621      9.319012
   0.00000      9.297564      9.296039
 
# Band-Index   47
   0.00000      9.385607      9.385447
   0.03217      9.488488      9.470421
   0.06433      9.635837      9.643677
   0.09650      9.783712      9.813387
   0.12867      9.808436      9.900129
   0.16084      9.824992     10.004350
   0.19300      9.925076     10.123991
   0.22517     10.038450     10.221886
   0.25734     10.090727     10.163707
   0.28950     10.077828     10.050289
   0.32167     10.003368      9.989220
   0.35384      9.881911      9.943798
   0.38600      9.975854      9.963280
   0.41817     10.090181     10.082776
   0.45034     10.209999     10.228864
   0.48251     10.363898     10.385304
   0.51467     10.587061     10.600595
   0.54684     10.662316     10.756910
   0.57901     10.593069     10.696896
   0.61117     10.557909     10.652299
   0.61117     10.557908     10.652299
   0.64334     10.635491     10.711008
   0.67551     10.729298     10.795448
   0.70767     10.819664     10.831697
   0.73984     10.879794     10.814784
   0.77201     10.830527     10.773981
   0.80418     10.753851     10.701842
   0.83634     10.675292     10.644569
   0.86851     10.603207     10.598701
   0.90068     10.545254     10.656157
   0.93284     10.660621     10.603678
   0.96501     10.912221     10.575935
   0.99718     10.780406     10.591653
   1.02934     10.607340     10.657356
   1.06151     10.554763     10.750383
   1.09368     10.599118     10.735765
   1.12585     10.639329     10.636596
   1.15801     10.590667     10.562373
   1.19018     10.525135     10.516783
   1.22235     10.501856     10.501411
   1.22235     10.501856     10.501411
   1.25451     10.517228     10.524677
   1.28668     10.562814     10.590132
   1.31885     10.637038     10.654960
   1.35102     10.744845     10.618692
   1.38318     10.858567     10.574573
   1.41535     10.998673     11.002166
   1.44752     11.147930     10.952940
   1.47968     11.297493     11.007529
   1.51185     11.143348     10.937421
   1.54402     11.320569     11.098061
   1.57618     11.467481     11.298344
   1.60835     11.520028     11.389540
   1.64052     11.210834     11.273379
   1.67269     11.003743     10.931724
   1.70485     10.974697     11.025173
   1.73702     10.909950     10.901894
   1.76919     10.839091     10.855212
   1.80135     11.221262     11.288336
   1.83352     11.303902     11.298210
   1.83352     11.303902     11.298210
   1.86569     11.199436     11.257384
   1.89785     10.786537     11.243259
   1.93002     10.870114     11.333380
   1.96219     10.938052     11.316041
   1.99436     10.996697     11.340887
   2.02652     11.050382     11.258525
   2.05869     11.049681     11.134177
   2.09086     11.001450     11.068789
   2.12302     10.723730     10.881278
   2.15519     10.718474     10.740518
   2.18736     10.612394     10.595022
   2.21952     10.472770     10.428991
   2.25169     10.722437     10.246905
   2.28386     10.194936     10.081603
   2.31603     10.088616      9.919840
   2.34819      9.971378      9.814752
   2.38036     10.783020      9.747965
   2.41253     10.754416      9.722352
   2.44469     10.642865      9.714979
   2.44469     10.642865      9.714979
   2.49018     10.762508      9.750023
   2.53568      9.885286      9.873886
   2.58117     10.079910     10.076358
   2.62666     10.328622     10.297306
   2.67215     10.524938     10.495207
   2.71764     10.586489     10.644952
   2.76313     10.221392     10.684526
   2.80862     10.261351     10.387900
   2.85411     10.487717     10.487396
   2.89960     10.645573     10.681638
   2.94510     10.865021     10.864825
   2.99059     11.078572     11.078067
   3.03608     11.054389     11.055535
   3.08157     10.811456     10.864375
   3.12706     10.886670     10.887941
   3.17255     10.805876     10.805314
   3.21804     10.645489     10.644986
   3.26353     10.539582     10.539106
   3.30902     10.501856     10.501411
 
# Band-Index   48
   3.30902     10.700047     10.697233
   3.26353     10.756978     10.766724
   3.21804     10.819515     10.849689
   3.17255     10.932817     11.009724
   3.12706     11.242466     11.178240
   3.08157     10.864692     11.307364
   3.03608     11.056587     11.201501
   2.99059     11.185934     11.194131
   2.94510     11.085481     11.123455
   2.89960     10.764534     10.800984
   2.85411     10.538246     10.674018
   2.80862     10.522010     10.519159
   2.76313     10.685196     10.777415
   2.71764     10.843101     10.887739
   2.67215     10.817748     10.817296
   2.62666     10.717540     10.716981
   2.58117     10.724356     10.712167
   2.53568     10.774067     10.754638
   2.49018     10.951465     10.797451
   2.44469     10.961208     10.818043
   2.44469     10.961208     10.818043
   2.41253     10.956264     10.811318
   2.38036     10.947254     10.767538
   2.34819     10.880394     10.710023
   2.31603     10.825082     10.641505
   2.28386     10.829030     10.584569
   2.25169     10.881281     10.554213
   2.21952     10.780271     10.574940
   2.18736     10.827983     10.666202
   2.15519     10.913176     10.793712
   2.12302     11.029351     10.934944
   2.09086     11.159410     11.140056
   2.05869     11.134008     11.374367
   2.02652     11.242340     11.510119
   1.99436     11.282260     11.549874
   1.96219     11.060947     11.499844
   1.93002     10.951889     11.331998
   1.89785     11.007654     11.244839
   1.86569     11.303078     11.274101
   1.83352     11.417460     11.298339
   1.83352     11.417460     11.298339
   1.80135     11.331246     11.363992
   1.76919     11.233172     11.286929
   1.73702     11.190540     11.281969
   1.70485     11.118410     11.293978
   1.67269     11.327382     11.399075
   1.64052     11.481835     11.500811
   1.60835     11.614719     11.614211
   1.57618     11.621574     11.576813
   1.54402     11.546781     11.464554
   1.51185     11.434935     11.265922
   1.47968     11.390926     11.027885
   1.44752     11.439737     10.945481
   1.41535     11.275908     11.218561
   1.38318     11.089775     10.959356
   1.35102     10.996008     10.820840
   1.31885     10.963262     10.691981
   1.28668     10.898845     10.733606
   1.25451     10.737103     10.702111
   1.22235     10.700047     10.697233
   1.22235     10.705085     10.699454
   1.19018     10.690355     10.717250
   1.15801     10.670723     10.703823
   1.12585     10.691519     10.681765
   1.09368     10.821244     10.744306
   1.06151     10.916353     10.807206
   1.02934     10.781906     10.806940
   0.99718     10.818093     10.929732
   0.96501     10.927596     11.073012
   0.93284     10.915966     11.086105
   0.90068     10.915547     10.743917
   0.86851     10.921001     10.717651
   0.83634     10.927323     10.778843
   0.80418     10.929272     10.834789
   0.77201     10.919531     10.882076
   0.73984     10.886285     10.912377
   0.70767     10.829560     10.895240
   0.67551     10.843872     10.811978
   0.64334     10.851685     10.745014
   0.61117     10.851172     10.723263
   0.61117     10.851183     10.723282
   0.57901     10.850623     10.758781
   0.54684     10.770371     10.785475
   0.51467     10.729978     10.868913
   0.48251     10.790506     10.937219
   0.45034     10.847619     10.995901
   0.41817     10.903806     11.049546
   0.38600     10.947540     11.046498
   0.35384     10.867492     10.889390
   0.32167     10.710198     10.721674
   0.28950     10.550407     10.558202
   0.25734     10.397147     10.402653
   0.22517     10.253707     10.257313
   0.19300     10.122205     10.215973
   0.16084     10.004332     10.142049
   0.12867      9.901630     10.006356
   0.09650      9.793385      9.832596
   0.06433      9.749146      9.746862
   0.03217      9.705561      9.704226
   0.00000      9.690116      9.689398
 
# Band-Index   49
   0.00000      9.734623      9.734295
   0.03217      9.741214      9.773224
   0.06433      9.759349      9.868962
   0.09650      9.815782      9.992905
   0.12867      9.957422     10.129010
   0.16084     10.128323     10.273940
   0.19300     10.305036     10.434009
   0.22517     10.487063     10.606075
   0.25734     10.650939     10.785557
   0.28950     10.776778     10.911970
   0.32167     10.932068     11.028131
   0.35384     11.068751     11.149013
   0.38600     11.086928     11.132641
   0.41817     11.225342     11.206495
   0.45034     11.208736     11.135076
   0.48251     11.148803     11.014452
   0.51467     11.115224     10.921370
   0.54684     11.133305     10.988588
   0.57901     11.192405     11.144742
   0.61117     11.230008     11.254636
   0.61117     11.229789     11.254382
   0.64334     11.229359     11.233994
   0.67551     11.215626     11.177618
   0.70767     11.218211     11.116815
   0.73984     11.268031     11.076990
   0.77201     11.363092     11.199674
   0.80418     11.482394     11.397672
   0.83634     11.576235     11.569920
   0.86851     11.449104     11.541607
   0.90068     11.256722     11.388199
   0.93284     11.075491     11.227481
   0.96501     11.021617     11.297548
   0.99718     10.955130     11.147591
   1.02934     10.994209     10.998231
   1.06151     10.959180     10.859083
   1.09368     11.038693     10.973250
   1.12585     11.021485     11.091596
   1.15801     10.876811     10.921237
   1.19018     10.764576     10.768962
   1.22235     10.738408     10.726759
   1.22235     10.733639     10.728078
   1.25451     10.772074     10.788490
   1.28668     11.160642     10.926421
   1.31885     11.092296     11.100978
   1.35102     11.224259     11.214400
   1.38318     11.457394     11.141094
   1.41535     11.604693     11.591758
   1.44752     11.615502     11.370268
   1.47968     11.581178     11.075929
   1.51185     11.710622     11.664245
   1.54402     11.795682     11.729448
   1.57618     11.728737     11.705390
   1.60835     11.651329     11.740457
   1.64052     11.597261     11.677411
   1.67269     11.352654     11.549515
   1.70485     11.259036     11.400059
   1.73702     11.268025     11.370239
   1.76919     11.264095     11.317758
   1.80135     11.468715     11.381014
   1.83352     11.458552     11.331932
   1.83352     11.458552     11.331932
   1.86569     11.345267     11.336034
   1.89785     11.308162     11.379773
   1.93002     11.302582     11.443818
   1.96219     11.380768     11.517035
   1.99436     11.318064     11.587315
   2.02652     11.355109     11.510646
   2.05869     11.302626     11.506224
   2.09086     11.186634     11.274427
   2.12302     11.111105     11.138553
   2.15519     10.993433     11.154150
   2.18736     10.881696     11.112642
   2.21952     10.849865     11.107606
   2.25169     11.589056     11.071733
   2.28386     10.898089     11.030826
   2.31603     10.914775     11.001548
   2.34819     10.936546     10.974133
   2.38036     11.241198     10.959782
   2.41253     11.138008     10.953453
   2.44469     11.140775     10.953782
   2.44469     11.140775     10.953782
   2.49018     11.160155     10.950798
   2.53568     10.944506     10.944238
   2.58117     10.932000     10.938614
   2.62666     10.916745     10.944250
   2.67215     10.926952     10.951836
   2.71764     10.887908     10.989437
   2.76313     10.853919     11.011695
   2.80862     10.889103     10.881689
   2.85411     10.957829     10.989742
   2.89960     11.037780     11.053405
   2.94510     11.144722     11.143287
   2.99059     11.296692     11.296029
   3.03608     11.288327     11.446003
   3.08157     11.385886     11.495922
   3.12706     11.296843     11.252608
   3.17255     11.178303     11.131518
   3.21804     11.263407     11.081329
   3.26353     10.822166     10.831619
   3.30902     10.733639     10.728078
 
# Band-Index   50
   3.30902     11.214548     11.214135
   3.26353     11.223994     11.223580
   3.21804     11.438675     11.264548
   3.17255     11.287196     11.266174
   3.12706     11.543509     11.390707
   3.08157     11.497311     11.637101
   3.03608     11.447519     11.602544
   2.99059     11.580699     11.576043
   2.94510     11.616895     11.616290
   2.89960     11.640711     11.640371
   2.85411     11.313018     11.608113
   2.80862     11.479127     11.475341
   2.76313     11.266814     11.266062
   2.71764     11.051763     11.051303
   2.67215     11.174492     11.174463
   2.62666     11.427532     11.426316
   2.58117     11.678915     11.514470
   2.53568     11.881477     11.355286
   2.49018     12.090824     11.262337
   2.44469     12.161064     11.261299
   2.44469     12.161064     11.261299
   2.41253     12.118095     11.294639
   2.38036     12.032713     11.295806
   2.34819     11.920532     11.355309
   2.31603     11.784562     11.426016
   2.28386     11.674770     11.491378
   2.25169     11.598517     11.486029
   2.21952     11.497779     11.412935
   2.18736     11.411024     11.311886
   2.15519     11.325802     11.221346
   2.12302     11.250897     11.192328
   2.09086     11.260145     11.524157
   2.05869     11.362450     11.784225
   2.02652     11.426096     12.015569
   1.99436     11.374017     11.972400
   1.96219     11.522098     11.844898
   1.93002     11.415489     11.574356
   1.89785     11.368092     11.425183
   1.86569     11.416699     11.403069
   1.83352     11.534583     11.379263
   1.83352     11.534583     11.379263
   1.80135     11.580783     11.490021
   1.76919     11.485057     11.378979
   1.73702     11.601823     11.329663
   1.70485     11.310060     11.432627
   1.67269     11.469715     11.576400
   1.64052     11.630928     11.713330
   1.60835     11.770756     11.839194
   1.57618     11.829901     11.971613
   1.54402     11.865917     11.948595
   1.51185     11.875649     11.849369
   1.47968     11.853031     11.519521
   1.44752     11.770269     11.413975
   1.41535     11.690434     11.765071
   1.38318     11.605004     11.639523
   1.35102     11.491916     11.311110
   1.31885     11.515783     11.269379
   1.28668     11.531841     11.259018
   1.25451     11.207377     11.227436
   1.22235     11.214548     11.214135
   1.22235     11.214563     11.214187
   1.19018     11.227843     11.206908
   1.15801     11.259308     11.173236
   1.12585     11.269361     11.105025
   1.09368     11.210390     11.002203
   1.06151     11.140224     11.090102
   1.02934     11.200434     11.275659
   0.99718     11.359806     11.441166
   0.96501     11.031727     11.424752
   0.93284     11.235031     11.435158
   0.90068     11.406814     11.545921
   0.86851     11.523219     11.619268
   0.83634     11.602674     11.612338
   0.80418     11.577306     11.480295
   0.77201     11.449075     11.344810
   0.73984     11.285680     11.223595
   0.70767     11.222223     11.157740
   0.67551     11.242743     11.196648
   0.64334     11.248817     11.243453
   0.61117     11.287293     11.291067
   0.61117     11.287295     11.291070
   0.57901     11.263394     11.310853
   0.54684     11.238340     11.278786
   0.51467     11.244227     11.255230
   0.48251     11.267145     11.265021
   0.45034     11.297788     11.291866
   0.41817     11.264993     11.233336
   0.38600     11.251716     11.203221
   0.35384     11.101625     11.156116
   0.32167     11.057319     11.077310
   0.28950     10.864631     10.969878
   0.25734     10.673915     10.827251
   0.22517     10.572769     10.779757
   0.19300     10.553547     10.763016
   0.16084     10.583955     10.765246
   0.12867     10.641277     10.776386
   0.09650     10.705097     10.789828
   0.06433     10.761026     10.801606
   0.03217     10.798974     10.809447
   0.00000     10.812406     10.812180
 
# Band-Index   51
   0.00000     10.954591     10.954120
   0.03217     10.956811     10.950497
   0.06433     10.964144     10.940401
   0.09650     10.978493     10.926131
   0.12867     11.002453     10.911456
   0.16084     11.037967     10.901425
   0.19300     11.084513     10.901855
   0.22517     11.138251     10.918223
   0.25734     11.193063     10.953952
   0.28950     11.220332     11.008750
   0.32167     11.138220     11.156364
   0.35384     11.248365     11.185423
   0.38600     11.296844     11.268475
   0.41817     11.315482     11.309387
   0.45034     11.355464     11.366512
   0.48251     11.433051     11.441268
   0.51467     11.431092     11.348333
   0.54684     11.351141     11.366698
   0.57901     11.313032     11.311076
   0.61117     11.331802     11.413523
   0.61117     11.331802     11.406788
   0.64334     11.342626     11.337064
   0.67551     11.272095     11.221028
   0.70767     11.296644     11.196910
   0.73984     11.396040     11.276114
   0.77201     11.531899     11.416468
   0.80418     11.615713     11.589689
   0.83634     11.646637     11.652475
   0.86851     11.696273     11.727576
   0.90068     11.719469     11.792304
   0.93284     11.648005     11.706099
   0.96501     11.517824     11.581245
   0.99718     11.378641     11.656120
   1.02934     11.646069     11.646806
   1.06151     11.540922     11.500189
   1.09368     11.340094     11.306742
   1.12585     11.272289     11.148982
   1.15801     11.339634     11.291464
   1.19018     11.411506     11.381317
   1.22235     11.559741     11.514621
   1.22235     11.553451     11.498865
   1.25451     11.564297     11.661670
   1.28668     11.550312     11.643656
   1.31885     11.563897     11.566972
   1.35102     11.777306     11.615136
   1.38318     11.884016     11.712448
   1.41535     11.945146     11.830009
   1.44752     11.900108     11.930522
   1.47968     11.911101     12.000749
   1.51185     11.912290     11.999043
   1.54402     11.883754     11.984014
   1.57618     11.952583     11.985014
   1.60835     11.837985     11.891195
   1.64052     11.720236     11.772934
   1.67269     11.621542     11.732862
   1.70485     11.672838     11.491996
   1.73702     11.447774     11.453342
   1.76919     11.577398     11.473095
   1.80135     11.733663     11.517781
   1.83352     11.730061     11.469062
   1.83352     11.730061     11.469062
   1.86569     11.682036     11.549149
   1.89785     11.398960     11.766642
   1.93002     11.434198     12.060178
   1.96219     11.681218     11.976806
   1.99436     11.760327     11.996862
   2.02652     11.842840     12.046380
   2.05869     11.759344     12.202178
   2.09086     11.868743     11.849759
   2.12302     11.968719     11.842600
   2.15519     12.019157     11.884403
   2.18736     12.003176     11.929708
   2.21952     11.944629     11.872185
   2.25169     12.365298     11.768808
   2.28386     12.339740     11.754683
   2.31603     12.354746     11.833686
   2.34819     12.375658     11.941402
   2.38036     12.413332     12.046434
   2.41253     12.412189     12.127526
   2.44469     12.403604     12.160270
   2.44469     12.403604     12.160270
   2.49018     12.428948     12.089913
   2.53568     12.200231     11.919943
   2.58117     12.202447     11.698315
   2.62666     11.750553     11.744029
   2.67215     12.028359     11.976905
   2.71764     12.265253     12.107204
   2.76313     12.133725     12.111256
   2.80862     12.086369     12.072905
   2.85411     11.608435     12.110979
   2.89960     12.037284     12.025570
   2.94510     11.761242     11.752222
   2.99059     11.711360     11.717936
   3.03608     11.603159     11.845137
   3.08157     11.602895     11.643276
   3.12706     11.556730     11.544561
   3.17255     11.390278     11.388137
   3.21804     11.614314     11.446304
   3.26353     11.581227     11.608196
   3.30902     11.553451     11.498865
 
# Band-Index   52
   3.30902     11.679469     11.672367
   3.26353     11.670615     11.819152
   3.21804     11.723254     11.721209
   3.17255     11.652466     11.670994
   3.12706     11.735364     11.738879
   3.08157     11.638073     11.871731
   3.03608     11.844717     11.968058
   2.99059     11.895235     11.887336
   2.94510     11.986968     11.993426
   2.89960     12.103337     12.104134
   2.85411     12.105170     12.203633
   2.80862     12.088146     12.131662
   2.76313     12.263500     12.338581
   2.71764     12.310298     12.366353
   2.67215     12.300808     12.322026
   2.62666     12.306241     12.356912
   2.58117     12.347118     12.372819
   2.53568     12.428258     12.454250
   2.49018     12.548974     12.555857
   2.44469     12.683097     12.631260
   2.44469     12.683097     12.631260
   2.41253     12.647751     12.608045
   2.38036     12.585589     12.542513
   2.34819     12.543773     12.528130
   2.31603     12.506847     12.437245
   2.28386     12.474511     12.393895
   2.25169     12.453740     12.366617
   2.21952     12.426556     12.361874
   2.18736     12.277692     12.124505
   2.15519     12.407713     11.991804
   2.12302     12.292350     11.908378
   2.09086     12.164932     12.506371
   2.05869     11.970167     12.437045
   2.02652     11.852864     12.504606
   1.99436     11.855005     12.451658
   1.96219     11.946520     12.441697
   1.93002     11.955931     12.626403
   1.89785     11.832892     12.567185
   1.86569     12.523317     11.555083
   1.83352     12.603784     11.540962
   1.83352     12.603784     11.540962
   1.80135     12.609430     11.715837
   1.76919     11.881401     11.561730
   1.73702     11.904094     11.608834
   1.70485     11.956002     11.668498
   1.67269     11.820023     11.905295
   1.64052     11.875420     11.967733
   1.60835     11.948363     12.017379
   1.57618     12.013495     12.034757
   1.54402     12.033251     12.044473
   1.51185     12.013094     12.059911
   1.47968     11.997460     11.991981
   1.44752     12.002804     11.969108
   1.41535     12.179132     11.927918
   1.38318     12.050331     11.790007
   1.35102     11.903200     11.704089
   1.31885     11.852437     11.677070
   1.28668     11.792580     11.670311
   1.25451     11.718835     11.752274
   1.22235     11.679469     11.672367
   1.22235     11.683870     11.675086
   1.19018     11.673545     11.620653
   1.15801     11.641263     11.532568
   1.12585     11.567622     11.487800
   1.09368     11.603829     11.504353
   1.06151     11.707734     11.565121
   1.02934     11.786358     11.659794
   0.99718     11.831549     11.769898
   0.96501     11.888916     11.852758
   0.93284     11.966060     11.875075
   0.90068     11.943947     11.866259
   0.86851     11.852537     11.829655
   0.83634     11.748182     11.782124
   0.80418     11.694041     11.649375
   0.77201     11.542012     11.618917
   0.73984     11.487516     11.572957
   0.70767     11.428613     11.523447
   0.67551     11.377249     11.480448
   0.64334     11.348194     11.451550
   0.61117     11.364722     11.441576
   0.61117     11.364722     11.441577
   0.57901     11.341057     11.350595
   0.54684     11.372888     11.684734
   0.51467     11.442494     11.429062
   0.48251     11.506973     11.490365
   0.45034     11.552636     11.579748
   0.41817     11.586955     11.592419
   0.38600     11.430544     11.500149
   0.35384     11.300702     11.338710
   0.32167     11.280312     11.250772
   0.28950     11.242425     11.325751
   0.25734     11.310128     11.408161
   0.22517     11.402244     11.497439
   0.19300     11.478940     11.588261
   0.16084     11.484553     11.554189
   0.12867     11.418619     11.448740
   0.09650     11.343095     11.357138
   0.06433     11.281126     11.286796
   0.03217     11.241167     11.242470
   0.00000     11.227394     11.227318
 
# Band-Index   53
   0.00000     12.160058     12.160050
   0.03217     12.127241     12.120151
   0.06433     12.045641     12.031605
   0.09650     11.940857     11.925327
   0.12867     11.832850     11.814937
   0.16084     11.749200     11.709106
   0.19300     11.752249     11.690835
   0.22517     11.839450     11.809533
   0.25734     11.885734     11.933202
   0.28950     11.768672     11.977474
   0.32167     11.666613     11.847549
   0.35384     11.584784     11.742778
   0.38600     11.542702     11.690595
   0.41817     11.602641     11.731050
   0.45034     11.675129     11.841126
   0.48251     11.646379     11.799297
   0.51467     11.555177     11.728514
   0.54684     11.505125     11.777336
   0.57901     11.486270     11.656553
   0.61117     11.385445     11.526050
   0.61117     11.383662     11.526050
   0.64334     11.431823     11.600339
   0.67551     11.516173     11.701860
   0.70767     11.567721     11.730280
   0.73984     11.640950     11.768257
   0.77201     11.736117     11.813503
   0.80418     11.797597     11.850548
   0.83634     11.873845     11.801679
   0.86851     11.982326     11.952394
   0.90068     11.977918     11.913373
   0.93284     11.992970     11.963020
   0.96501     11.985951     11.992806
   0.99718     11.929944     12.002160
   1.02934     11.828161     11.947297
   1.06151     11.750165     11.904828
   1.09368     11.721081     11.872072
   1.12585     11.698768     11.847566
   1.15801     11.682932     11.830526
   1.19018     11.757175     11.820526
   1.22235     11.819003     11.818776
   1.22235     11.819258     11.818549
   1.25451     11.829171     11.839161
   1.28668     11.844173     11.943585
   1.31885     11.950017     11.988056
   1.35102     11.960414     12.056290
   1.38318     12.253192     12.072129
   1.41535     12.246165     12.198647
   1.44752     12.016053     12.034401
   1.47968     12.074486     12.074274
   1.51185     12.172932     12.494881
   1.54402     12.210646     12.240910
   1.57618     12.033583     12.263829
   1.60835     12.040110     12.137275
   1.64052     12.093025     12.136253
   1.67269     12.090525     11.954248
   1.70485     12.059887     11.821062
   1.73702     12.496431     11.696844
   1.76919     12.787896     11.617237
   1.80135     13.073884     12.755276
   1.83352     13.280325     12.732292
   1.83352     13.280325     12.732292
   1.86569     13.036332     12.606213
   1.89785     12.675946     12.908591
   1.93002     12.323023     12.758125
   1.96219     12.217319     12.775073
   1.99436     12.234675     12.774453
   2.02652     12.433561     12.752866
   2.05869     12.695963     12.712604
   2.09086     12.972101     12.596345
   2.12302     12.841885     12.397172
   2.15519     12.784371     12.699098
   2.18736     12.458993     12.721731
   2.21952     12.560995     12.674918
   2.25169     12.696432     12.381674
   2.28386     12.683483     12.447154
   2.31603     12.654270     12.532414
   2.34819     12.794732     12.620714
   2.38036     12.787131     12.704366
   2.41253     12.771356     12.712591
   2.44469     12.730433     12.727443
   2.44469     12.730433     12.727443
   2.49018     12.717782     12.599130
   2.53568     12.546585     12.517939
   2.58117     12.490751     12.472006
   2.62666     12.431491     12.388952
   2.67215     12.367034     12.361924
   2.71764     12.363830     12.387558
   2.76313     12.290797     12.450552
   2.80862     12.427602     12.389772
   2.85411     12.343097     12.375147
   2.89960     12.176698     12.279369
   2.94510     12.319608     12.393027
   2.99059     12.236076     12.237797
   3.03608     11.929438     12.009616
   3.08157     11.859218     11.909827
   3.12706     12.187959     12.228180
   3.17255     11.966414     12.097758
   3.21804     11.832478     11.764895
   3.26353     11.772391     11.812178
   3.30902     11.819258     11.818549
 
# Band-Index   54
   3.30902     12.317140     12.024677
   3.26353     12.370625     12.627991
   3.21804     12.484940     12.471080
   3.17255     12.637769     12.589012
   3.12706     12.528255     12.442031
   3.08157     11.910031     12.296672
   3.03608     11.966168     12.103500
   2.99059     12.410819     12.378823
   2.94510     12.656421     12.580668
   2.89960     12.761410     12.714745
   2.85411     12.474776     12.639584
   2.80862     12.642384     12.635890
   2.76313     12.579465     12.582620
   2.71764     12.412073     12.432535
   2.67215     12.540297     12.531092
   2.62666     12.614865     12.612630
   2.58117     12.657442     12.677549
   2.53568     12.692698     12.546619
   2.49018     13.004827     12.769921
   2.44469     12.979567     12.835069
   2.44469     12.979567     12.835069
   2.41253     13.029199     12.856916
   2.38036     12.977154     12.725980
   2.34819     12.891080     12.690335
   2.31603     12.807250     12.659866
   2.28386     12.828809     12.664043
   2.25169     12.739872     12.683650
   2.21952     12.648105     12.720914
   2.18736     12.714200     12.777096
   2.15519     13.069702     12.731557
   2.12302     12.997495     12.625699
   2.09086     12.985907     12.886433
   2.05869     13.050408     12.714770
   2.02652     12.989028     13.545832
   1.99436     12.689769     13.688507
   1.96219     12.543349     13.845663
   1.93002     12.591959     13.993564
   1.89785     12.691666     13.041579
   1.86569     13.381614     12.928611
   1.83352     13.586713     13.138159
   1.83352     13.586713     13.138159
   1.80135     13.412955     13.038168
   1.76919     12.875880     12.761091
   1.73702     12.790448     12.590563
   1.70485     12.468952     12.360064
   1.67269     12.281162     12.182128
   1.64052     12.135493     12.146284
   1.60835     12.119930     12.309346
   1.57618     12.187784     12.314197
   1.54402     12.291760     12.384068
   1.51185     12.472390     12.615491
   1.47968     12.590161     12.609951
   1.44752     12.378602     12.404895
   1.41535     12.375980     12.303097
   1.38318     12.665778     12.180488
   1.35102     12.816933     12.427818
   1.31885     12.588500     12.612324
   1.28668     12.486213     12.509779
   1.25451     12.346310     12.357973
   1.22235     12.317140     12.024677
   1.22235     12.321073     12.233264
   1.19018     11.889361     12.001695
   1.15801     11.940320     11.900921
   1.12585     11.891919     11.994780
   1.09368     11.915547     11.963502
   1.06151     11.893950     12.011982
   1.02934     11.909297     12.010247
   0.99718     11.932458     12.018874
   0.96501     12.011854     12.038282
   0.93284     11.997470     12.066603
   0.90068     12.078671     12.101771
   0.86851     12.036107     11.987370
   0.83634     11.988950     12.015048
   0.80418     11.963078     12.030373
   0.77201     11.895182     12.089669
   0.73984     11.792308     12.019163
   0.70767     11.669859     11.894064
   0.67551     11.544543     11.743358
   0.64334     11.488022     11.681032
   0.61117     11.482190     11.619992
   0.61117     11.483049     11.628587
   0.57901     11.497933     11.674670
   0.54684     11.680435     11.826997
   0.51467     11.832141     11.946660
   0.48251     11.853508     11.942011
   0.45034     11.742795     11.870831
   0.41817     11.604551     11.855524
   0.38600     11.654875     11.847904
   0.35384     11.715174     11.886755
   0.32167     11.781265     11.946839
   0.28950     11.851426     12.018507
   0.25734     11.924084     12.097653
   0.22517     11.998996     12.180800
   0.19300     12.077458     12.264962
   0.16084     12.161119     12.349180
   0.12867     12.250733     12.435027
   0.09650     12.345600     12.433095
   0.06433     12.393641     12.406201
   0.03217     12.356900     12.364870
   0.00000     12.343338     12.343418
 
# Band-Index   55
   0.00000     12.419086     12.418628
   0.03217     12.432704     12.420695
   0.06433     12.442755     12.426927
   0.09650     12.436562     12.456016
   0.12867     12.420468     12.438817
   0.16084     12.302524     12.427196
   0.19300     12.158336     12.370874
   0.22517     12.017434     12.259931
   0.25734     11.952666     12.121162
   0.28950     12.066437     12.051550
   0.32167     12.170966     12.151738
   0.35384     12.254770     12.168007
   0.38600     12.305331     12.048631
   0.41817     12.311398     11.976782
   0.45034     12.186798     11.982739
   0.48251     12.138882     12.041363
   0.51467     12.065568     12.065046
   0.54684     11.945409     12.146718
   0.57901     11.814958     11.741040
   0.61117     11.772677     11.685404
   0.61117     11.753451     11.683911
   0.64334     11.826808     11.727956
   0.67551     11.925515     11.849589
   0.70767     12.028258     11.998382
   0.73984     12.107953     12.105606
   0.77201     12.092375     12.154751
   0.80418     11.991334     12.092830
   0.83634     12.132720     12.039971
   0.86851     12.138460     12.123054
   0.90068     12.288539     12.202112
   0.93284     11.998961     12.169022
   0.96501     12.558228     12.073967
   0.99718     11.996329     12.077727
   1.02934     11.930518     12.180379
   1.06151     12.085635     12.056649
   1.09368     12.378027     12.022946
   1.12585     12.360404     12.364761
   1.15801     12.348681     12.356621
   1.19018     12.335059     12.338265
   1.22235     12.595579     12.380034
   1.22235     12.542743     12.329796
   1.25451     12.684941     12.637824
   1.28668     12.941059     12.713059
   1.31885     13.029329     12.708150
   1.35102     12.900048     12.865232
   1.38318     12.952082     12.959772
   1.41535     12.900223     12.984951
   1.44752     12.551050     12.833147
   1.47968     12.687631     12.798353
   1.51185     12.593730     12.818799
   1.54402     12.340177     12.851428
   1.57618     12.431059     12.632467
   1.60835     12.518760     12.525387
   1.64052     12.486250     12.715647
   1.67269     12.458005     12.600745
   1.70485     13.548294     12.678063
   1.73702     13.840965     12.714304
   1.76919     14.097093     12.804969
   1.80135     14.136883     13.500846
   1.83352     14.165871     13.527511
   1.83352     14.165871     13.527511
   1.86569     14.134335     13.317335
   1.89785     14.091304     13.959661
   1.93002     14.022979     14.022908
   1.96219     13.896684     13.972182
   1.99436     13.137197     13.970261
   2.02652     13.103361     13.895988
   2.05869     13.069508     13.428396
   2.09086     13.059300     13.224868
   2.12302     13.242989     13.003702
   2.15519     13.469092     13.118971
   2.18736     12.813018     13.206670
   2.21952     12.782679     13.290629
   2.25169     13.490617     12.858058
   2.28386     13.427708     12.893505
   2.31603     13.315075     12.730143
   2.34819     13.233792     13.074397
   2.38036     13.101566     12.978327
   2.41253     13.135873     12.880445
   2.44469     13.120257     13.062656
   2.44469     13.120257     13.062656
   2.49018     13.138858     12.775206
   2.53568     13.169890     12.732872
   2.58117     13.253580     12.852440
   2.62666     13.324209     13.246410
   2.67215     13.285597     12.890699
   2.71764     13.096009     12.742070
   2.76313     12.823328     12.771759
   2.80862     12.751634     12.747613
   2.85411     12.882022     12.852043
   2.89960     12.903797     12.820125
   2.94510     12.812193     12.776357
   2.99059     12.506053     12.562216
   3.03608     12.039404     12.300264
   3.08157     11.953985     12.480545
   3.12706     12.561908     12.541591
   3.17255     12.686935     12.633720
   3.21804     12.874178     12.715861
   3.26353     12.718844     13.117973
   3.30902     12.542743     12.329796
 
# Band-Index   56
   3.30902     13.152907     13.125366
   3.26353     13.157899     13.198413
   3.21804     13.154329     13.050234
   3.17255     13.062738     13.106668
   3.12706     12.859966     12.863583
   3.08157     12.289062     12.599137
   3.03608     12.299718     12.623635
   2.99059     12.661414     12.622750
   2.94510     12.840627     12.857516
   2.89960     12.924207     12.995890
   2.85411     12.910971     12.924943
   2.80862     12.884699     12.848824
   2.76313     12.989668     12.816333
   2.71764     13.146115     13.056860
   2.67215     13.433207     13.335375
   2.62666     13.566507     13.245395
   2.58117     13.410201     12.969082
   2.53568     13.147962     12.867883
   2.49018     13.136308     13.173076
   2.44469     13.218711     13.063807
   2.44469     13.218711     13.063807
   2.41253     13.240352     13.264961
   2.38036     13.303569     13.318417
   2.34819     13.397484     13.451420
   2.31603     13.470577     13.165300
   2.28386     13.530118     13.251318
   2.25169     13.709893     13.300186
   2.21952     13.529478     13.757585
   2.18736     13.541446     13.582662
   2.15519     13.695071     13.586157
   2.12302     13.737366     13.627105
   2.09086     13.775375     13.840749
   2.05869     13.666690     13.880574
   2.02652     13.727615     13.903845
   1.99436     13.791217     13.982982
   1.96219     13.927336     14.116810
   1.93002     14.081247     14.261025
   1.89785     14.243023     14.370085
   1.86569     14.490309     14.267341
   1.83352     14.613569     14.154494
   1.83352     14.613569     14.154494
   1.80135     14.429907     14.215500
   1.76919     14.150598     13.951895
   1.73702     13.938155     13.621473
   1.70485     13.770185     13.288121
   1.67269     12.598078     13.000323
   1.64052     12.675539     13.514427
   1.60835     12.563005     13.461315
   1.57618     12.583037     13.412644
   1.54402     12.651176     13.097810
   1.51185     12.746678     12.903870
   1.47968     12.698410     12.836551
   1.44752     12.893861     13.089463
   1.41535     13.067406     13.283936
   1.38318     13.123292     13.219314
   1.35102     13.147409     13.165351
   1.31885     13.109525     13.105956
   1.28668     13.129924     13.122335
   1.25451     13.156052     13.134301
   1.22235     13.152907     13.125366
   1.22235     13.153441     13.140976
   1.19018     12.993726     13.051746
   1.15801     12.893316     13.051930
   1.12585     12.706798     13.008714
   1.09368     12.424588     12.381952
   1.06151     12.262769     12.407643
   1.02934     12.248500     12.359695
   0.99718     12.361359     12.390073
   0.96501     12.717326     12.582950
   0.93284     12.524458     12.420167
   0.90068     12.576911     12.291286
   0.86851     12.240655     12.141936
   0.83634     12.140072     12.177858
   0.80418     12.161222     12.197750
   0.77201     12.155809     12.179526
   0.73984     12.162901     12.150559
   0.70767     12.062962     12.007517
   0.67551     11.943221     11.888241
   0.64334     12.555836     12.490763
   0.61117     11.851883     11.765724
   0.61117     12.563063     12.499116
   0.57901     11.951326     11.911851
   0.54684     12.142242     12.352357
   0.51467     12.280100     12.202529
   0.48251     12.249810     12.159527
   0.45034     12.278518     12.192915
   0.41817     12.378164     12.244974
   0.38600     12.347715     12.260309
   0.35384     12.473638     12.225854
   0.32167     12.600594     12.290733
   0.28950     12.685633     12.385535
   0.25734     12.697498     12.440146
   0.22517     12.657707     12.462301
   0.19300     12.609432     12.468827
   0.16084     12.578096     12.473686
   0.12867     12.554910     12.484646
   0.09650     12.505816     12.503625
   0.06433     12.464521     12.531508
   0.03217     12.532474     12.561765
   0.00000     12.577970     12.577829
 
# Band-Index   57
   0.00000     12.725804     12.725792
   0.03217     12.689204     12.725338
   0.06433     12.634739     12.622200
   0.09650     12.592886     12.525978
   0.12867     12.572529     12.509907
   0.16084     12.611457     12.571607
   0.19300     12.674657     12.640675
   0.22517     12.743099     12.715971
   0.25734     12.814714     12.795353
   0.28950     12.886309     12.874095
   0.32167     12.951627     12.947078
   0.35384     12.832368     12.929628
   0.38600     12.663089     12.671789
   0.41817     12.934745     12.442202
   0.45034     12.367511     12.317384
   0.48251     12.329527     12.347203
   0.51467     12.289692     12.333557
   0.54684     12.373093     12.408712
   0.57901     12.487168     12.430989
   0.61117     12.658430     12.669158
   0.61117     12.564135     12.499129
   0.64334     12.652602     12.662135
   0.67551     12.537200     12.471247
   0.70767     12.519386     12.451085
   0.73984     12.481695     12.439351
   0.77201     12.517067     12.443440
   0.80418     12.539426     12.467626
   0.83634     12.443105     12.510171
   0.86851     12.348140     12.428884
   0.90068     12.704981     12.293541
   0.93284     12.756041     12.486878
   0.96501     12.729115     12.639425
   0.99718     12.556824     12.523879
   1.02934     12.465092     12.449543
   1.06151     12.412407     12.654620
   1.09368     12.988522     12.909104
   1.12585     13.070976     13.158828
   1.15801     13.009070     13.160977
   1.19018     13.141247     13.111642
   1.22235     13.154252     13.141560
   1.22235     13.152443     13.148588
   1.25451     13.160858     13.192478
   1.28668     13.210537     13.235836
   1.31885     13.248943     13.259205
   1.35102     13.304336     13.292872
   1.38318     13.254853     13.356809
   1.41535     13.205645     13.332096
   1.44752     12.957582     13.184986
   1.47968     12.827481     13.101489
   1.51185     12.835891     13.021274
   1.54402     12.999057     13.146279
   1.57618     13.005845     13.423547
   1.60835     13.017677     13.798694
   1.64052     13.114425     14.111005
   1.67269     13.036140     13.646616
   1.70485     13.780080     13.699059
   1.73702     14.049771     13.857417
   1.76919     14.167688     14.012421
   1.80135     14.459178     14.286449
   1.83352     14.685168     14.518149
   1.83352     14.685168     14.518149
   1.86569     14.682793     14.459983
   1.89785     14.397413     14.465908
   1.93002     14.175589     14.422563
   1.96219     13.987920     14.377249
   1.99436     13.898693     14.312695
   2.02652     13.868758     14.219027
   2.05869     13.845385     14.070619
   2.09086     13.822966     13.884893
   2.12302     13.742838     13.692338
   2.15519     13.829943     13.782342
   2.18736     13.822173     13.910251
   2.21952     13.851962     13.913237
   2.25169     13.935436     13.824675
   2.28386     13.857937     13.976266
   2.31603     13.664729     13.968873
   2.34819     13.538419     13.826034
   2.38036     13.599245     13.687747
   2.41253     13.620140     13.582607
   2.44469     13.615093     13.550533
   2.44469     13.615093     13.550533
   2.49018     13.648640     13.544127
   2.53568     13.672930     13.610765
   2.58117     13.730667     13.850508
   2.62666     13.769085     13.753484
   2.67215     13.707652     13.444238
   2.71764     13.815562     13.265439
   2.76313     13.824836     13.091595
   2.80862     13.588083     12.881696
   2.85411     12.962870     12.971403
   2.89960     13.121690     13.149301
   2.94510     12.943001     12.953715
   2.99059     12.950809     12.979674
   3.03608     12.447786     13.136664
   3.08157     12.501841     13.219275
   3.12706     13.263898     13.185927
   3.17255     13.247038     13.260180
   3.21804     13.288782     13.213493
   3.26353     13.150577     13.602682
   3.30902     13.152443     13.148588
 
# Band-Index   58
   3.30902     13.647195     13.643804
   3.26353     13.612867     13.703276
   3.21804     13.520372     13.472526
   3.17255     13.452014     13.304213
   3.12706     13.310548     13.331052
   3.08157     12.587492     13.436843
   3.03608     12.636552     13.420542
   2.99059     13.518483     13.454412
   2.94510     13.411549     13.407891
   2.89960     13.469198     13.378617
   2.85411     13.621719     13.589602
   2.80862     13.748426     13.815735
   2.76313     13.906861     13.951294
   2.71764     13.949103     13.969362
   2.67215     14.172138     14.110485
   2.62666     13.876895     14.071372
   2.58117     14.015502     13.897221
   2.53568     14.250054     14.027791
   2.49018     14.461499     14.279129
   2.44469     14.574657     14.325131
   2.44469     14.574657     14.325131
   2.41253     14.544084     14.336810
   2.38036     14.360049     14.374197
   2.34819     14.221036     14.376904
   2.31603     14.098796     14.184707
   2.28386     14.095683     14.048292
   2.25169     14.120800     14.140476
   2.21952     14.112100     14.180014
   2.18736     14.120795     14.075990
   2.15519     14.026461     14.095973
   2.12302     13.890684     14.188001
   2.09086     14.044302     14.375489
   2.05869     14.183528     14.495852
   2.02652     14.333217     14.807736
   1.99436     14.463138     15.004018
   1.96219     14.569038     15.098386
   1.93002     14.645682     15.055376
   1.89785     14.693492     14.486931
   1.86569     14.745674     14.660556
   1.83352     14.788525     14.784123
   1.83352     14.788525     14.784123
   1.80135     14.462584     14.742508
   1.76919     14.239866     14.609742
   1.73702     14.087980     14.509689
   1.70485     14.301470     14.405385
   1.67269     13.336813     14.350493
   1.64052     13.421839     14.194241
   1.60835     13.271843     14.195653
   1.57618     13.136565     14.160104
   1.54402     13.024281     14.124458
   1.51185     12.898642     13.910707
   1.47968     12.856743     13.421241
   1.44752     13.010962     13.417044
   1.41535     13.209675     13.476757
   1.38318     13.314999     13.442511
   1.35102     13.453344     13.606855
   1.31885     13.554411     13.639867
   1.28668     13.622463     13.615144
   1.25451     13.626827     13.636433
   1.22235     13.647195     13.643804
   1.22235     13.650823     13.640769
   1.19018     13.606894     13.580853
   1.15801     13.556650     13.559352
   1.12585     13.536211     13.478082
   1.09368     13.011995     12.949449
   1.06151     13.079634     13.040383
   1.02934     13.071446     13.014693
   0.99718     12.978159     12.853555
   0.96501     12.900831     12.649800
   0.93284     12.779030     12.722141
   0.90068     12.876778     12.641413
   0.86851     12.629679     12.568357
   0.83634     12.577790     12.530485
   0.80418     12.553394     12.561519
   0.77201     12.557906     12.519685
   0.73984     12.510977     12.474747
   0.70767     12.601228     12.617156
   0.67551     12.630509     12.643019
   0.64334     12.845673     12.796354
   0.61117     12.661117     12.669344
   0.61117     12.834947     12.780424
   0.57901     12.711992     12.670945
   0.54684     12.643627     12.722469
   0.51467     12.542171     12.552698
   0.48251     12.577352     12.679384
   0.45034     12.755133     12.836226
   0.41817     12.978682     12.928630
   0.38600     12.996157     12.983796
   0.35384     12.996385     12.993600
   0.32167     12.975726     12.949105
   0.28950     13.087777     12.878726
   0.25734     13.050466     12.816257
   0.22517     12.935851     12.777788
   0.19300     12.824855     12.783369
   0.16084     12.727536     12.854118
   0.12867     12.675502     12.972411
   0.09650     12.746191     12.888544
   0.06433     12.898182     12.811319
   0.03217     12.878426     12.751741
   0.00000     12.835754     12.834648
 
# Band-Index   59
   0.00000     12.835868     12.835186
   0.03217     12.885630     12.949212
   0.06433     12.954989     13.066220
   0.09650     13.036478     13.100063
   0.12867     13.118651     12.978243
   0.16084     13.200305     13.078548
   0.19300     13.280523     13.188303
   0.22517     13.254789     13.306401
   0.25734     13.178581     13.431363
   0.28950     13.160608     13.383128
   0.32167     13.251508     13.179681
   0.35384     13.283496     13.014119
   0.38600     13.187615     13.044803
   0.41817     13.320989     12.985852
   0.45034     12.890700     12.874777
   0.48251     12.849041     12.728397
   0.51467     12.727881     12.612228
   0.54684     12.718364     13.484779
   0.57901     12.714724     12.710958
   0.61117     13.041071     13.079808
   0.61117     12.728753     12.737551
   0.64334     12.907987     12.930203
   0.67551     12.701483     12.699645
   0.70767     12.616205     12.625382
   0.73984     12.573972     12.591717
   0.77201     12.571521     12.573163
   0.80418     12.682656     12.636549
   0.83634     12.654794     12.863598
   0.86851     12.722446     12.872861
   0.90068     12.904119     12.945945
   0.93284     12.837782     12.831475
   0.96501     13.027627     12.722461
   0.99718     12.989931     12.875648
   1.02934     13.118075     13.033596
   1.06151     13.134191     13.108331
   1.09368     13.510922     13.135893
   1.12585     13.667140     13.506018
   1.15801     13.669712     13.701864
   1.19018     13.663935     13.657467
   1.22235     13.660024     13.659297
   1.22235     13.660166     13.658233
   1.25451     13.705589     13.671365
   1.28668     13.770575     13.679046
   1.31885     13.591360     13.678275
   1.35102     13.471115     13.784873
   1.38318     13.628938     13.889285
   1.41535     13.831194     14.003203
   1.44752     13.150822     14.032215
   1.47968     13.195210     14.374511
   1.51185     13.301194     14.544229
   1.54402     13.411041     14.502592
   1.57618     13.517638     14.266351
   1.60835     13.449993     14.221009
   1.64052     13.473004     14.506871
   1.67269     13.597085     14.512074
   1.70485     15.241945     14.823164
   1.73702     15.240154     15.084632
   1.76919     15.106598     15.275253
   1.80135     15.113225     15.178787
   1.83352     14.937054     14.861265
   1.83352     14.937054     14.861265
   1.86569     14.882894     14.952936
   1.89785     14.979996     15.288774
   1.93002     15.153276     15.492280
   1.96219     15.265620     15.224794
   1.99436     15.080767     15.026626
   2.02652     14.966590     14.910509
   2.05869     14.878784     14.696607
   2.09086     14.705975     14.645999
   2.12302     14.496728     14.454815
   2.15519     14.390717     14.403320
   2.18736     14.228173     14.344075
   2.21952     14.354116     14.251882
   2.25169     14.608553     14.417322
   2.28386     14.535688     14.453776
   2.31603     14.538424     14.261775
   2.34819     14.548720     14.393306
   2.38036     14.605460     14.407914
   2.41253     14.614521     14.438512
   2.44469     14.621719     14.431281
   2.44469     14.621719     14.431281
   2.49018     14.581791     14.355690
   2.53568     14.487890     14.153002
   2.58117     14.413877     13.980344
   2.62666     14.313336     14.141990
   2.67215     14.225688     14.143881
   2.71764     14.138847     13.977309
   2.76313     14.046363     13.981558
   2.80862     14.023271     13.868515
   2.85411     13.750085     13.654467
   2.89960     13.585123     13.418334
   2.94510     13.705143     13.483617
   2.99059     13.764876     13.462451
   3.03608     12.943542     13.685979
   3.08157     13.118932     13.517796
   3.12706     13.427876     13.490768
   3.17255     13.464008     13.404419
   3.21804     13.732357     13.705456
   3.26353     13.706637     13.960654
   3.30902     13.660166     13.658233
 
# Band-Index   60
   3.30902     14.024082     14.004513
   3.26353     13.952042     14.380147
   3.21804     13.798623     13.764816
   3.17255     13.543830     13.596541
   3.12706     13.991380     13.652349
   3.08157     13.356635     13.788034
   3.03608     13.416723     13.869111
   2.99059     13.951338     13.883806
   2.94510     14.005417     13.981046
   2.89960     13.960179     14.025920
   2.85411     14.010173     14.146696
   2.80862     14.139440     13.977162
   2.76313     14.210566     14.060330
   2.71764     14.241102     14.097902
   2.67215     14.287934     14.273019
   2.62666     14.414172     14.393614
   2.58117     14.643935     14.636523
   2.53568     14.692448     14.746315
   2.49018     14.815101     14.855031
   2.44469     14.896347     14.966613
   2.44469     14.896347     14.966613
   2.41253     14.928717     14.858691
   2.38036     14.948623     14.645840
   2.34819     14.995073     14.453000
   2.31603     15.132559     14.480910
   2.28386     14.893312     14.511886
   2.25169     14.650758     14.725409
   2.21952     14.643062     14.803371
   2.18736     14.531718     14.742691
   2.15519     14.637565     14.653514
   2.12302     14.576453     14.617479
   2.09086     14.879240     14.647761
   2.05869     15.001129     14.766090
   2.02652     15.224469     15.083280
   1.99436     15.249086     15.316163
   1.96219     15.280101     15.472752
   1.93002     15.554068     15.691554
   1.89785     15.466717     15.739582
   1.86569     15.148597     15.109697
   1.83352     14.960848     14.965544
   1.83352     14.960848     14.965544
   1.80135     15.180524     15.815141
   1.76919     16.006785     15.656078
   1.73702     15.655506     15.609309
   1.70485     15.278206     15.237467
   1.67269     13.948462     14.864065
   1.64052     13.974797     15.171004
   1.60835     13.938167     15.014009
   1.57618     13.757622     14.857983
   1.54402     13.499387     14.696656
   1.51185     13.443695     14.720123
   1.47968     13.452836     14.494684
   1.44752     13.570990     14.251156
   1.41535     14.013322     14.122918
   1.38318     13.954645     13.935266
   1.35102     13.945554     13.937976
   1.31885     13.853988     13.957613
   1.28668     13.810388     14.017764
   1.25451     13.970740     14.030970
   1.22235     14.024082     14.004513
   1.22235     14.025258     14.012135
   1.19018     13.927376     13.979216
   1.15801     14.013501     13.764346
   1.12585     13.866050     13.826843
   1.09368     13.601689     13.301469
   1.06151     13.405239     13.221244
   1.02934     13.203477     13.057670
   0.99718     13.103879     12.955433
   0.96501     13.086837     12.854417
   0.93284     12.908825     12.866674
   0.90068     13.333254     12.991616
   0.86851     12.947705     13.032423
   0.83634     12.875323     12.903644
   0.80418     12.754527     12.776929
   0.77201     13.013803     13.013159
   0.73984     12.686389     12.651590
   0.70767     12.683405     12.668003
   0.67551     12.791555     12.799029
   0.64334     13.565725     13.472814
   0.61117     12.830378     12.780492
   0.61117     13.271027     13.363196
   0.57901     12.771009     12.743331
   0.54684     12.773568     13.784519
   0.51467     12.814880     12.805946
   0.48251     12.888406     12.837558
   0.45034     13.072893     12.994849
   0.41817     13.481432     13.292552
   0.38600     13.611662     13.600639
   0.35384     13.773470     13.708008
   0.32167     13.636579     13.680720
   0.28950     13.512264     13.560190
   0.25734     13.430707     13.490318
   0.22517     13.357848     13.497707
   0.19300     13.297161     13.454984
   0.16084     13.275353     13.385406
   0.12867     13.198321     13.291854
   0.09650     13.094754     13.182419
   0.06433     12.984628     13.209407
   0.03217     13.065458     13.228832
   0.00000     13.190088     13.190087
 
# Band-Index   61
   0.00000     13.306693     13.306538
   0.03217     13.425340     13.281862
   0.06433     13.578074     13.336454
   0.09650     13.721308     13.493151
   0.12867     13.853452     13.680342
   0.16084     13.975007     13.859985
   0.19300     13.935829     13.908916
   0.22517     13.947219     13.962176
   0.25734     13.848001     13.896023
   0.28950     13.788001     13.808818
   0.32167     13.813734     13.812766
   0.35384     13.811835     13.760204
   0.38600     13.674303     13.639933
   0.41817     13.677776     13.482705
   0.45034     13.218388     13.187187
   0.48251     13.787870     12.930400
   0.51467     12.857339     12.811324
   0.54684     13.539224     13.882628
   0.57901     12.983518     13.028329
   0.61117     14.182693     14.238419
   0.61117     13.028203     13.090416
   0.64334     14.153069     14.223268
   0.67551     12.873561     12.821774
   0.70767     12.915714     12.867710
   0.73984     12.965685     12.931843
   0.77201     13.025990     13.304962
   0.80418     12.842097     13.066962
   0.83634     13.155444     13.135428
   0.86851     13.172005     13.103906
   0.90068     13.344533     13.055214
   0.93284     12.980526     13.069557
   0.96501     13.442483     13.187448
   0.99718     13.209744     13.155270
   1.02934     13.365876     13.170243
   1.06151     13.435668     13.240626
   1.09368     13.954815     13.392194
   1.12585     14.079939     14.103979
   1.15801     14.379197     14.275103
   1.19018     14.425348     14.559076
   1.22235     14.732703     14.727963
   1.22235     14.735837     14.727155
   1.25451     14.680069     14.530941
   1.28668     14.280029     14.350842
   1.31885     14.068080     14.100984
   1.35102     13.976841     13.965478
   1.38318     14.126028     14.038651
   1.41535     14.284859     14.250197
   1.44752     13.932296     14.351944
   1.47968     14.083025     14.639362
   1.51185     14.190402     14.752799
   1.54402     14.213897     14.968226
   1.57618     14.209889     15.256029
   1.60835     13.973399     15.547399
   1.64052     14.230464     15.661047
   1.67269     14.033699     15.341879
   1.70485     15.675585     15.476553
   1.73702     15.876265     15.719917
   1.76919     16.054445     15.799789
   1.80135     16.212316     15.943116
   1.83352     16.322446     16.156878
   1.83352     16.322446     16.156878
   1.86569     16.182362     16.060396
   1.89785     15.887564     15.970207
   1.93002     16.058981     15.730294
   1.96219     15.769282     15.849618
   1.99436     15.519324     15.988931
   2.02652     15.308211     16.127031
   2.05869     15.150848     15.987447
   2.09086     15.043877     15.870355
   2.12302     14.966839     14.757573
   2.15519     14.905864     14.785638
   2.18736     14.769448     15.021531
   2.21952     14.744864     15.087298
   2.25169     15.037449     14.822889
   2.28386     15.361248     14.984205
   2.31603     15.190076     15.283738
   2.34819     15.483113     15.559110
   2.38036     15.737940     15.668315
   2.41253     15.645980     15.589758
   2.44469     15.544707     15.534595
   2.44469     15.544707     15.534595
   2.49018     15.708803     15.608463
   2.53568     15.442868     15.317701
   2.58117     14.899703     14.918520
   2.62666     14.576303     14.584146
   2.67215     14.295450     14.274164
   2.71764     14.421712     14.361199
   2.76313     14.376521     14.346796
   2.80862     14.189180     14.360692
   2.85411     14.201834     14.253878
   2.89960     14.253450     14.293610
   2.94510     14.254343     14.310689
   2.99059     14.279854     14.303947
   3.03608     13.461893     14.251952
   3.08157     13.385340     14.081046
   3.12706     14.276047     14.101257
   3.17255     13.971117     14.012094
   3.21804     13.886278     13.900740
   3.26353     14.567990     14.704165
   3.30902     14.735837     14.727155
 
# Band-Index   62
   3.30902     15.310665     15.309173
   3.26353     14.695423     15.317035
   3.21804     14.541110     14.547213
   3.17255     14.408347     14.398254
   3.12706     14.306941     14.265638
   3.08157     13.775187     14.188478
   3.03608     13.648849     14.279084
   2.99059     14.657582     14.543491
   2.94510     14.781446     14.699975
   2.89960     14.414335     14.557379
   2.85411     14.235730     14.496082
   2.80862     14.329339     14.447883
   2.76313     14.729731     14.628722
   2.71764     14.892336     14.909673
   2.67215     14.843632     14.928355
   2.62666     14.890925     15.006975
   2.58117     15.129349     15.255833
   2.53568     15.482366     15.615486
   2.49018     15.914244     15.767336
   2.44469     16.116217     15.895003
   2.44469     16.116217     15.895003
   2.41253     16.154456     15.923254
   2.38036     15.841926     15.850538
   2.34819     15.863295     15.743842
   2.31603     15.862681     15.718672
   2.28386     15.656396     15.658170
   2.25169     15.588808     15.546057
   2.21952     15.199119     15.313918
   2.18736     14.834722     15.374731
   2.15519     15.197796     15.648473
   2.12302     15.472255     15.953234
   2.09086     15.795172     16.216121
   2.05869     15.966751     16.204448
   2.02652     16.062675     16.114699
   1.99436     16.228959     16.230083
   1.96219     16.253096     16.328797
   1.93002     16.100476     16.467453
   1.89785     16.399251     16.244268
   1.86569     16.577019     16.191993
   1.83352     16.736957     16.175823
   1.83352     16.736957     16.175823
   1.80135     16.387906     16.468635
   1.76919     16.137475     16.070540
   1.73702     16.028626     16.191417
   1.70485     16.217688     16.263097
   1.67269     14.287139     16.121333
   1.64052     14.297971     15.859169
   1.60835     14.345206     15.670262
   1.57618     14.256680     15.466127
   1.54402     14.459724     15.259333
   1.51185     14.548686     15.040093
   1.47968     14.487515     15.079150
   1.44752     14.375795     15.258423
   1.41535     15.192173     15.381295
   1.38318     15.112689     15.270055
   1.35102     15.110919     15.184355
   1.31885     14.875127     15.147236
   1.28668     15.010834     15.451243
   1.25451     15.373717     15.444355
   1.22235     15.310665     15.309173
   1.22235     15.313168     15.312007
   1.19018     14.495210     14.803984
   1.15801     14.500904     14.525101
   1.12585     14.419549     14.370752
   1.09368     14.058261     13.949203
   1.06151     13.719813     13.768619
   1.02934     13.519590     13.577060
   0.99718     13.327176     13.393160
   0.96501     13.799066     13.221912
   0.93284     13.207868     13.300739
   0.90068     13.558440     13.277721
   0.86851     13.203209     13.142507
   0.83634     13.272194     13.277863
   0.80418     13.089685     13.090496
   0.77201     13.534883     13.676635
   0.73984     13.298308     13.569301
   0.70767     13.561940     13.639025
   0.67551     13.566825     13.489761
   0.64334     14.305560     14.352068
   0.61117     13.378164     13.218096
   0.61117     14.530012     14.473419
   0.57901     13.427442     13.304812
   0.54684     13.902210     13.994693
   0.51467     13.717688     13.691104
   0.48251     13.838937     13.768768
   0.45034     13.753592     13.685183
   0.41817     13.922862     13.655087
   0.38600     13.780515     13.750625
   0.35384     13.845348     13.912589
   0.32167     13.942021     13.861528
   0.28950     14.152590     14.056297
   0.25734     14.011769     14.040658
   0.22517     14.005186     14.056012
   0.19300     14.087457     13.964004
   0.16084     14.014402     13.883493
   0.12867     14.099451     13.775721
   0.09650     13.925010     13.704128
   0.06433     13.766772     13.653538
   0.03217     13.656643     13.625347
   0.00000     13.617121     13.616932
 
# Band-Index   63
   0.00000     14.401947     14.401815
   0.03217     14.411096     14.354092
   0.06433     14.434970     14.235583
   0.09650     14.371861     14.097628
   0.12867     14.171920     13.979122
   0.16084     14.233551     13.910633
   0.19300     14.219594     14.060242
   0.22517     14.189476     14.072765
   0.25734     14.234504     14.149821
   0.28950     14.181200     14.165542
   0.32167     14.115839     14.150913
   0.35384     13.931476     13.942192
   0.38600     13.862454     13.783701
   0.41817     13.989695     13.678996
   0.45034     14.027614     13.766543
   0.48251     14.111675     13.864599
   0.51467     13.891965     13.852017
   0.54684     14.068147     14.285313
   0.57901     13.761458     13.800682
   0.61117     14.711164     14.707556
   0.61117     13.691928     13.773517
   0.64334     14.534822     14.459721
   0.67551     13.697525     13.785147
   0.70767     13.657354     13.769517
   0.73984     13.632148     13.714609
   0.77201     14.027802     13.971971
   0.80418     13.405747     13.433216
   0.83634     13.770229     13.835361
   0.86851     13.308201     13.144046
   0.90068     14.084371     13.385646
   0.93284     13.442267     13.404721
   0.96501     13.992280     13.487114
   0.99718     13.660836     13.595263
   1.02934     13.781280     13.711652
   1.06151     13.946857     13.827478
   1.09368     14.652063     13.950591
   1.12585     14.757952     14.760604
   1.15801     14.929606     14.659702
   1.19018     14.790940     15.221125
   1.22235     15.415024     15.406512
   1.22235     15.413124     15.406485
   1.25451     15.551603     15.535133
   1.28668     15.274807     15.688253
   1.31885     15.169060     15.288317
   1.35102     15.111551     15.198594
   1.38318     15.269244     15.301545
   1.41535     15.364666     15.396062
   1.44752     14.405832     15.493793
   1.47968     14.737821     15.661112
   1.51185     15.067803     15.810795
   1.54402     14.620152     15.884587
   1.57618     14.539487     15.982143
   1.60835     14.523758     16.154312
   1.64052     14.617413     16.364014
   1.67269     14.561111     16.156622
   1.70485     16.436075     16.391050
   1.73702     16.677404     16.462959
   1.76919     16.621461     16.536820
   1.80135     16.477966     16.755563
   1.83352     16.810880     16.865107
   1.83352     16.810880     16.865107
   1.86569     16.650707     16.671940
   1.89785     16.405504     16.538977
   1.93002     16.316958     16.605060
   1.96219     16.327754     16.634147
   1.99436     16.250236     16.705789
   2.02652     16.257683     16.810572
   2.05869     16.085910     16.790756
   2.09086     15.863677     16.582011
   2.12302     15.735489     16.178052
   2.15519     15.614286     16.080113
   2.18736     15.579363     16.005911
   2.21952     15.588977     15.944043
   2.25169     15.736117     16.079156
   2.28386     15.900637     16.142613
   2.31603     16.019568     16.123919
   2.34819     16.124413     16.092923
   2.38036     16.129552     16.016740
   2.41253     16.127211     15.973307
   2.44469     16.189990     16.015768
   2.44469     16.189990     16.015768
   2.49018     16.141902     16.088589
   2.53568     16.265956     16.004129
   2.58117     16.093842     16.015748
   2.62666     15.763803     15.723921
   2.67215     15.449168     15.381094
   2.71764     15.183858     14.965458
   2.76313     14.799928     14.731014
   2.80862     14.471227     14.677073
   2.85411     14.731192     14.826301
   2.89960     15.143186     15.116127
   2.94510     14.856716     14.890770
   2.99059     14.814773     14.938472
   3.03608     13.947625     15.088986
   3.08157     14.166424     15.165090
   3.12706     15.113073     15.192621
   3.17255     15.020636     15.203968
   3.21804     15.113909     15.246561
   3.26353     15.224447     15.430201
   3.30902     15.413124     15.406485
 
# Band-Index   64
   3.30902     15.530200     15.524927
   3.26353     15.249239     15.485259
   3.21804     15.237292     15.381411
   3.17255     15.220902     15.258342
   3.12706     15.216778     15.258302
   3.08157     14.227418     15.248592
   3.03608     14.527059     15.148249
   2.99059     14.958420     15.009444
   2.94510     14.921343     15.059632
   2.89960     15.304271     15.281085
   2.85411     15.595950     15.416262
   2.80862     14.844766     15.114156
   2.76313     14.999845     15.025785
   2.71764     15.198871     15.227180
   2.67215     15.715272     15.702286
   2.62666     16.222281     16.165607
   2.58117     16.325592     16.404914
   2.53568     16.326179     16.234329
   2.49018     16.313569     16.225499
   2.44469     16.803170     16.847206
   2.44469     16.803170     16.847206
   2.41253     16.533785     16.417800
   2.38036     16.175313     16.147997
   2.34819     16.128224     16.158288
   2.31603     16.300934     16.327575
   2.28386     16.077603     16.579845
   2.25169     15.954060     16.730444
   2.21952     16.069451     16.759069
   2.18736     16.210778     16.687017
   2.15519     16.422692     16.579688
   2.12302     16.589116     16.476556
   2.09086     16.913549     16.574957
   2.05869     16.856908     16.995000
   2.02652     16.848232     17.161013
   1.99436     16.799856     17.164966
   1.96219     16.654537     17.142872
   1.93002     16.531564     17.132157
   1.89785     17.038883     16.626293
   1.86569     17.012888     16.770794
   1.83352     17.150067     16.998759
   1.83352     17.150067     16.998759
   1.80135     16.887003     16.839811
   1.76919     16.864868     16.812546
   1.73702     17.087949     16.632257
   1.70485     16.780456     16.983909
   1.67269     14.933550     16.548340
   1.64052     15.348882     16.538156
   1.60835     15.257933     16.433599
   1.57618     15.186270     16.344530
   1.54402     15.121216     16.118548
   1.51185     15.097675     15.880269
   1.47968     15.009991     15.763911
   1.44752     14.971255     15.717644
   1.41535     15.537711     16.005089
   1.38318     15.543561     15.897459
   1.35102     15.516310     15.828660
   1.31885     15.494433     15.775115
   1.28668     15.475879     15.808706
   1.25451     15.713140     15.766788
   1.22235     15.530200     15.524927
   1.22235     15.556804     15.546177
   1.19018     15.142983     15.305417
   1.15801     15.001341     14.932205
   1.12585     14.822239     15.183517
   1.09368     14.671359     14.121099
   1.06151     14.328588     14.041829
   1.02934     14.140076     14.032316
   0.99718     13.988949     13.878031
   0.96501     14.404131     13.687091
   0.93284     13.588156     13.484615
   0.90068     14.416004     13.495287
   0.86851     13.503893     13.519011
   0.83634     14.140482     13.941962
   0.80418     13.923930     13.667372
   0.77201     14.415820     14.348705
   0.73984     13.932719     13.806541
   0.70767     13.888046     13.834073
   0.67551     13.837005     13.868159
   0.64334     14.713756     14.609914
   0.61117     13.800652     13.812459
   0.61117     14.786636     14.894822
   0.57901     13.823693     13.839865
   0.54684     14.161952     14.440911
   0.51467     14.094214     13.904933
   0.48251     14.139036     14.097904
   0.45034     14.247166     13.951889
   0.41817     14.159746     13.933458
   0.38600     13.960195     13.875685
   0.35384     13.979595     13.996168
   0.32167     14.217999     14.274913
   0.28950     14.597230     14.578458
   0.25734     14.271349     14.177025
   0.22517     14.285571     14.160968
   0.19300     14.287217     14.265090
   0.16084     14.418957     14.496971
   0.12867     14.485189     14.484357
   0.09650     14.466760     14.483499
   0.06433     14.582547     14.486428
   0.03217     14.490714     14.489406
   0.00000     14.850623     14.490590
