#K-Path(1/A)         Spin-Up(eV)   Spin-down(eV)
# NKPTS & NBANDS: 100  64
# Band-Index    1
   0.00000    -18.281392    -18.281393
   0.04732    -18.283880    -18.284003
   0.09464    -18.291263    -18.291753
   0.14195    -18.303312    -18.304398
   0.18927    -18.319658    -18.321553
   0.23659    -18.339802    -18.342693
   0.28391    -18.363135    -18.367178
   0.33122    -18.388948    -18.394264
   0.37854    -18.416510    -18.423184
   0.42586    -18.445028    -18.453106
   0.47318    -18.473717    -18.483204
   0.52049    -18.501789    -18.512653
   0.56781    -18.528502    -18.540677
   0.61513    -18.553174    -18.566559
   0.66245    -18.575180    -18.589643
   0.70977    -18.593961    -18.609343
   0.75708    -18.609055    -18.625176
   0.80440    -18.620098    -18.636759
   0.85172    -18.626832    -18.643823
   0.89904    -18.629086    -18.646186
   0.89904    -18.629086    -18.646186
   0.94635    -18.631892    -18.648862
   0.99367    -18.640186    -18.656768
   1.04099    -18.653731    -18.669682
   1.08831    -18.672104    -18.687205
   1.13562    -18.694745    -18.708806
   1.18294    -18.720971    -18.733839
   1.23026    -18.750013    -18.761572
   1.27758    -18.781032    -18.791208
   1.32490    -18.813146    -18.821909
   1.37221    -18.845464    -18.852819
   1.41953    -18.877111    -18.883106
   1.46685    -18.907253    -18.911965
   1.51417    -18.935094    -18.938633
   1.56148    -18.959926    -18.962429
   1.60880    -18.981128    -18.982753
   1.65612    -18.998177    -18.999101
   1.70344    -19.010666    -19.011079
   1.75076    -19.018278    -19.018382
   1.79807    -19.020836    -19.020836
   1.79807    -19.020836    -19.020836
   1.84539    -19.018382    -19.018278
   1.89271    -19.011079    -19.010666
   1.94003    -18.999101    -18.998177
   1.98734    -18.982753    -18.981128
   2.03466    -18.962429    -18.959926
   2.08198    -18.938633    -18.935095
   2.12930    -18.911965    -18.907253
   2.17661    -18.883106    -18.877112
   2.22393    -18.852819    -18.845464
   2.27125    -18.821909    -18.813147
   2.31857    -18.791208    -18.781033
   2.36589    -18.761572    -18.750014
   2.41320    -18.733838    -18.720971
   2.46052    -18.708806    -18.694745
   2.50784    -18.687205    -18.672105
   2.55516    -18.669682    -18.653732
   2.60247    -18.656768    -18.640187
   2.64979    -18.648862    -18.631893
   2.69711    -18.646186    -18.629086
   2.69711    -18.646186    -18.629086
   2.74443    -18.643823    -18.626833
   2.79174    -18.636759    -18.620099
   2.83906    -18.625176    -18.609056
   2.88638    -18.609343    -18.593962
   2.93370    -18.589642    -18.575180
   2.98102    -18.566559    -18.553175
   3.02833    -18.540676    -18.528503
   3.07565    -18.512653    -18.501790
   3.12297    -18.483203    -18.473718
   3.17029    -18.453105    -18.445029
   3.21760    -18.423184    -18.416511
   3.26492    -18.394264    -18.388949
   3.31224    -18.367178    -18.363136
   3.35956    -18.342692    -18.339803
   3.40687    -18.321552    -18.319659
   3.45419    -18.304397    -18.303313
   3.50151    -18.291752    -18.291264
   3.54883    -18.284002    -18.283881
   3.59615    -18.281392    -18.281393
   3.59615    -18.281392    -18.281393
   3.66306    -18.286493    -18.286494
   3.72998    -18.301646    -18.301647
   3.79690    -18.326430    -18.326431
   3.86381    -18.360153    -18.360154
   3.93073    -18.401830    -18.401830
   3.99765    -18.450304    -18.450304
   4.06457    -18.504222    -18.504223
   4.13148    -18.562095    -18.562095
   4.19840    -18.622347    -18.622347
   4.26532    -18.683329    -18.683329
   4.33224    -18.743382    -18.743382
   4.39915    -18.800909    -18.800909
   4.46607    -18.854351    -18.854351
   4.53299    -18.902273    -18.902273
   4.59991    -18.943380    -18.943380
   4.66682    -18.976562    -18.976562
   4.73374    -19.000932    -19.000932
   4.80066    -19.015824    -19.015824
   4.86757    -19.020836    -19.020836
 
# Band-Index    2
   4.86757    -17.561799    -17.561800
   4.80066    -17.563664    -17.563665
   4.73374    -17.569220    -17.569221
   4.66682    -17.578319    -17.578320
   4.59991    -17.590737    -17.590738
   4.53299    -17.606142    -17.606143
   4.46607    -17.624117    -17.624119
   4.39915    -17.644201    -17.644202
   4.33224    -17.665855    -17.665856
   4.26532    -17.688507    -17.688509
   4.19840    -17.711530    -17.711531
   4.13148    -17.734294    -17.734295
   4.06457    -17.756174    -17.756175
   3.99765    -17.776561    -17.776562
   3.93073    -17.794882    -17.794883
   3.86381    -17.810623    -17.810624
   3.79690    -17.823349    -17.823351
   3.72998    -17.832706    -17.832708
   3.66306    -17.838428    -17.838429
   3.59615    -17.840331    -17.840333
   3.59615    -17.840331    -17.840333
   3.54883    -17.839331    -17.839444
   3.50151    -17.836300    -17.836752
   3.45419    -17.831330    -17.832341
   3.40687    -17.824558    -17.826327
   3.35956    -17.816144    -17.818859
   3.31224    -17.806321    -17.810145
   3.26492    -17.795336    -17.800402
   3.21760    -17.783487    -17.789900
   3.17029    -17.771089    -17.778918
   3.12297    -17.758473    -17.767748
   3.07565    -17.745988    -17.756701
   3.02833    -17.733976    -17.746079
   2.98102    -17.722772    -17.736176
   2.93370    -17.712687    -17.727268
   2.88638    -17.704007    -17.719604
   2.83906    -17.696978    -17.713399
   2.79174    -17.691802    -17.708832
   2.74443    -17.688637    -17.706040
   2.69711    -17.687569    -17.705098
   2.69711    -17.687569    -17.705098
   2.64979    -17.686731    -17.704145
   2.60247    -17.684214    -17.701288
   2.55516    -17.680105    -17.696619
   2.50784    -17.674498    -17.690248
   2.46052    -17.667548    -17.682350
   2.41320    -17.659428    -17.673119
   2.36589    -17.650363    -17.662806
   2.31857    -17.640584    -17.651679
   2.27125    -17.630375    -17.640056
   2.22393    -17.619992    -17.628227
   2.17661    -17.609726    -17.616524
   2.12930    -17.599852    -17.605262
   2.08198    -17.590647    -17.594758
   2.03466    -17.582368    -17.585305
   1.98734    -17.575247    -17.577171
   1.94003    -17.569493    -17.570595
   1.89271    -17.565258    -17.565755
   1.84539    -17.562665    -17.562791
   1.79807    -17.561799    -17.561800
   1.79807    -17.561799    -17.561800
   1.75076    -17.562790    -17.562666
   1.70344    -17.565754    -17.565259
   1.65612    -17.570594    -17.569494
   1.60880    -17.577170    -17.575248
   1.56148    -17.585304    -17.582369
   1.51417    -17.594757    -17.590648
   1.46685    -17.605261    -17.599853
   1.41953    -17.616523    -17.609727
   1.37221    -17.628226    -17.619993
   1.32490    -17.640054    -17.630376
   1.27758    -17.651678    -17.640585
   1.23026    -17.662805    -17.650363
   1.18294    -17.673117    -17.659429
   1.13562    -17.682349    -17.667549
   1.08831    -17.690247    -17.674498
   1.04099    -17.696618    -17.680105
   0.99367    -17.701286    -17.684215
   0.94635    -17.704143    -17.686732
   0.89904    -17.705097    -17.687570
   0.89904    -17.705097    -17.687570
   0.85172    -17.706038    -17.688638
   0.80440    -17.708830    -17.691803
   0.75708    -17.713398    -17.696979
   0.70977    -17.719602    -17.704007
   0.66245    -17.727267    -17.712688
   0.61513    -17.736174    -17.722773
   0.56781    -17.746077    -17.733977
   0.52049    -17.756700    -17.745989
   0.47318    -17.767747    -17.758474
   0.42586    -17.778916    -17.771090
   0.37854    -17.789899    -17.783488
   0.33122    -17.800401    -17.795337
   0.28391    -17.810144    -17.806322
   0.23659    -17.818857    -17.816145
   0.18927    -17.826326    -17.824559
   0.14195    -17.832339    -17.831331
   0.09464    -17.836750    -17.836301
   0.04732    -17.839443    -17.839332
   0.00000    -17.840331    -17.840333
 
# Band-Index    3
   0.00000     -5.894439     -5.894443
   0.04732     -5.886175     -5.890848
   0.09464     -5.861577     -5.880066
   0.14195     -5.821193     -5.862367
   0.18927     -5.765954     -5.838030
   0.23659     -5.697102     -5.807524
   0.28391     -5.616212     -5.771408
   0.33122     -5.525211     -5.730394
   0.37854     -5.426456     -5.685376
   0.42586     -5.364395     -5.637297
   0.47318     -5.357105     -5.587337
   0.52049     -5.350189     -5.536747
   0.56781     -5.343819     -5.486900
   0.61513     -5.338153     -5.439304
   0.66245     -5.333303     -5.395509
   0.70977     -5.329304     -5.357016
   0.75708     -5.326188     -5.325286
   0.80440     -5.323958     -5.301580
   0.85172     -5.322626     -5.286923
   0.89904     -5.322152     -5.281935
   0.89904     -5.322152     -5.281935
   0.94635     -5.313501     -5.274323
   0.99367     -5.287886     -5.251960
   1.04099     -5.247253     -5.217456
   1.08831     -5.196039     -5.177393
   1.13562     -5.145658     -5.148250
   1.18294     -5.120667     -5.151232
   1.23026     -5.138472     -5.183499
   1.27758     -5.184263     -5.230258
   1.32490     -5.241578     -5.283046
   1.37221     -5.302346     -5.337502
   1.41953     -5.362553     -5.391068
   1.46685     -5.419687     -5.441860
   1.51417     -5.471988     -5.488432
   1.56148     -5.518143     -5.529624
   1.60880     -5.557146     -5.564515
   1.65612     -5.588234     -5.592383
   1.70344     -5.610832     -5.612674
   1.75076     -5.624526     -5.624982
   1.79807     -5.629145     -5.629139
   1.79807     -5.629145     -5.629139
   1.84539     -5.624988     -5.624519
   1.89271     -5.612681     -5.610825
   1.94003     -5.592389     -5.588228
   1.98734     -5.564522     -5.557140
   2.03466     -5.529630     -5.518137
   2.08198     -5.488438     -5.471982
   2.12930     -5.441866     -5.419681
   2.17661     -5.391074     -5.362547
   2.22393     -5.337508     -5.302341
   2.27125     -5.283052     -5.241573
   2.31857     -5.230264     -5.184259
   2.36589     -5.183504     -5.138469
   2.41320     -5.151237     -5.120666
   2.46052     -5.148255     -5.145658
   2.50784     -5.177398     -5.196041
   2.55516     -5.217461     -5.247255
   2.60247     -5.251965     -5.287889
   2.64979     -5.274328     -5.313504
   2.69711     -5.281940     -5.322155
   2.69711     -5.281940     -5.322155
   2.74443     -5.286928     -5.322629
   2.79174     -5.301585     -5.323960
   2.83906     -5.325290     -5.326191
   2.88638     -5.357020     -5.329306
   2.93370     -5.395512     -5.333306
   2.98102     -5.439307     -5.338155
   3.02833     -5.486902     -5.343822
   3.07565     -5.536748     -5.350192
   3.12297     -5.587338     -5.357107
   3.17029     -5.637297     -5.364397
   3.21760     -5.685375     -5.426460
   3.26492     -5.730393     -5.525216
   3.31224     -5.771405     -5.616217
   3.35956     -5.807521     -5.697106
   3.40687     -5.838026     -5.765959
   3.45419     -5.862364     -5.821197
   3.50151     -5.880062     -5.861581
   3.54883     -5.890843     -5.886179
   3.59615     -5.894439     -5.894443
   3.59615     -5.894439     -5.894443
   3.66306     -5.882579     -5.882582
   3.72998     -5.847670     -5.847671
   3.79690     -5.791555     -5.791552
   3.86381     -5.717154     -5.717146
   3.93073     -5.628149     -5.628135
   3.99765     -5.528872     -5.528851
   4.06457     -5.424459     -5.424428
   4.13148     -5.322490     -5.322448
   4.19840     -5.237663     -5.237610
   4.26532     -5.196086     -5.196027
   4.33224     -5.215051     -5.215001
   4.39915     -5.275905     -5.275867
   4.46607     -5.352029     -5.352002
   4.53299     -5.428153     -5.428133
   4.59991     -5.496530     -5.496515
   4.66682     -5.552928     -5.552917
   4.73374     -5.594777     -5.594768
   4.80066     -5.620470     -5.620463
   4.86757     -5.629145     -5.629139
 
# Band-Index    4
   4.86757     -4.960183     -4.960173
   4.80066     -4.954179     -4.954171
   4.73374     -4.936879     -4.936874
   4.66682     -4.910131     -4.910132
   4.59991     -4.876021     -4.876028
   4.53299     -4.835221     -4.835235
   4.46607     -4.786748     -4.786765
   4.39915     -4.728938     -4.728957
   4.33224     -4.660219     -4.660239
   4.26532     -4.689065     -4.689120
   4.19840     -4.725932     -4.725979
   4.13148     -4.813373     -4.813400
   4.06457     -4.937017     -4.937035
   3.99765     -5.058094     -5.058109
   3.93073     -5.164889     -5.164900
   3.86381     -5.253367     -5.253375
   3.79690     -5.322090     -5.322096
   3.72998     -5.370912     -5.370916
   3.66306     -5.400039     -5.400042
   3.59615     -5.409719     -5.409721
   3.59615     -5.409719     -5.409721
   3.54883     -5.400771     -5.408999
   3.50151     -5.374175     -5.406817
   3.45419     -5.330616     -5.403311
   3.40687     -5.271370     -5.398595
   3.35956     -5.198242     -5.392873
   3.31224     -5.113875     -5.386350
   3.26492     -5.022111     -5.379253
   3.21760     -4.929026     -5.371861
   3.17029     -4.844120     -5.322531
   3.12297     -4.781172     -5.216546
   3.07565     -4.751546     -5.112008
   3.02833     -4.752621     -5.013051
   2.98102     -4.771640     -4.924714
   2.93370     -4.797535     -4.852840
   2.88638     -4.823709     -4.802681
   2.83906     -4.846497     -4.774778
   2.79174     -4.863894     -4.762999
   2.74443     -4.874735     -4.759361
   2.69711     -4.878392     -4.758673
   2.69711     -4.878392     -4.758673
   2.64979     -4.882933     -4.764648
   2.60247     -4.895766     -4.781827
   2.55516     -4.914181     -4.807891
   2.50784     -4.931169     -4.837586
   2.46052     -4.929914     -4.858728
   2.41320     -4.888867     -4.845982
   2.36589     -4.810772     -4.781498
   2.31857     -4.727450     -4.679949
   2.27125     -4.752818     -4.692454
   2.22393     -4.784331     -4.736877
   2.17661     -4.817156     -4.779259
   2.12930     -4.848366     -4.818678
   2.08198     -4.876731     -4.854325
   2.03466     -4.901516     -4.885572
   1.98734     -4.922274     -4.911851
   1.94003     -4.938718     -4.932741
   1.89271     -4.950594     -4.947897
   1.84539     -4.957770     -4.957088
   1.79807     -4.960183     -4.960173
   1.79807     -4.960183     -4.960173
   1.75076     -4.957098     -4.957760
   1.70344     -4.947907     -4.950584
   1.65612     -4.932750     -4.938707
   1.60880     -4.911859     -4.922263
   1.56148     -4.885580     -4.901504
   1.51417     -4.854332     -4.876719
   1.46685     -4.818685     -4.848351
   1.41953     -4.779266     -4.817138
   1.37221     -4.736884     -4.784308
   1.32490     -4.692460     -4.752788
   1.27758     -4.679947     -4.727428
   1.23026     -4.781496     -4.810766
   1.18294     -4.845982     -4.888860
   1.13562     -4.858730     -4.929907
   1.08831     -4.837589     -4.931162
   1.04099     -4.807893     -4.914175
   0.99367     -4.781829     -4.895759
   0.94635     -4.764650     -4.882927
   0.89904     -4.758675     -4.878385
   0.89904     -4.758675     -4.878385
   0.85172     -4.759363     -4.874729
   0.80440     -4.763000     -4.863888
   0.75708     -4.774778     -4.846491
   0.70977     -4.802679     -4.823704
   0.66245     -4.852837     -4.797530
   0.61513     -4.924710     -4.771636
   0.56781     -5.013047     -4.752618
   0.52049     -5.112003     -4.751544
   0.47318     -5.216541     -4.781171
   0.42586     -5.322525     -4.844120
   0.37854     -5.371858     -4.929027
   0.33122     -5.379251     -5.022113
   0.28391     -5.386347     -5.113876
   0.23659     -5.392870     -5.198244
   0.18927     -5.398593     -5.271372
   0.14195     -5.403308     -5.330618
   0.09464     -5.406814     -5.374177
   0.04732     -5.408997     -5.400773
   0.00000     -5.409719     -5.409721
 
# Band-Index    5
   0.00000     -3.960028     -3.960027
   0.04732     -3.965575     -3.966628
   0.09464     -3.981821     -3.985865
   0.14195     -4.008087     -4.016558
   0.18927     -4.043149     -4.056666
   0.23659     -4.085503     -4.103545
   0.28391     -4.133462     -4.153920
   0.33122     -4.185127     -4.203484
   0.37854     -4.238640     -4.246350
   0.42586     -4.292099     -4.273514
   0.47318     -4.343536     -4.272313
   0.52049     -4.390919     -4.306349
   0.56781     -4.431865     -4.381847
   0.61513     -4.463422     -4.449051
   0.66245     -4.481984     -4.507072
   0.70977     -4.484507     -4.555307
   0.75708     -4.472645     -4.593295
   0.80440     -4.454463     -4.620635
   0.85172     -4.439474     -4.637156
   0.89904     -4.433786     -4.642666
   0.89904     -4.433786     -4.642666
   0.94635     -4.430928     -4.644170
   0.99367     -4.429533     -4.648503
   1.04099     -4.452031     -4.655647
   1.08831     -4.481923     -4.665359
   1.13562     -4.517890     -4.677456
   1.18294     -4.558387     -4.691672
   1.23026     -4.601946     -4.708053
   1.27758     -4.647059     -4.710531
   1.32490     -4.558119     -4.724804
   1.37221     -4.500439     -4.746623
   1.41953     -4.568412     -4.764859
   1.46685     -4.630029     -4.781234
   1.51417     -4.684597     -4.795971
   1.56148     -4.731509     -4.808977
   1.60880     -4.770375     -4.819994
   1.65612     -4.800910     -4.828824
   1.70344     -4.822856     -4.835267
   1.75076     -4.836073     -4.839192
   1.79807     -4.840504     -4.840520
   1.79807     -4.840504     -4.840520
   1.84539     -4.839176     -4.836089
   1.89271     -4.835251     -4.822871
   1.94003     -4.828807     -4.800925
   1.98734     -4.819976     -4.770389
   2.03466     -4.808959     -4.731522
   2.08198     -4.795951     -4.684609
   2.12930     -4.781212     -4.630040
   2.17661     -4.764833     -4.568422
   2.22393     -4.746591     -4.500448
   2.27125     -4.724766     -4.558122
   2.31857     -4.710536     -4.647053
   2.36589     -4.708065     -4.601940
   2.41320     -4.691677     -4.558380
   2.46052     -4.677458     -4.517884
   2.50784     -4.665359     -4.481917
   2.55516     -4.655646     -4.452024
   2.60247     -4.648501     -4.429526
   2.64979     -4.644167     -4.430934
   2.69711     -4.642664     -4.433792
   2.69711     -4.642664     -4.433792
   2.74443     -4.637154     -4.439480
   2.79174     -4.620633     -4.454469
   2.83906     -4.593294     -4.472649
   2.88638     -4.555306     -4.484510
   2.93370     -4.507072     -4.481985
   2.98102     -4.449052     -4.463422
   3.02833     -4.381851     -4.431865
   3.07565     -4.306356     -4.390919
   3.12297     -4.272312     -4.343535
   3.17029     -4.273514     -4.292098
   3.21760     -4.246351     -4.238639
   3.26492     -4.203485     -4.185126
   3.31224     -4.153921     -4.133461
   3.35956     -4.103546     -4.085502
   3.40687     -4.056667     -4.043148
   3.45419     -4.016558     -4.008086
   3.50151     -3.985866     -3.981820
   3.54883     -3.966628     -3.965574
   3.59615     -3.960028     -3.960027
   3.59615     -3.960028     -3.960027
   3.66306     -3.972101     -3.972100
   3.72998     -4.007535     -4.007535
   3.79690     -4.064468     -4.064469
   3.86381     -4.139731     -4.139734
   3.93073     -4.228994     -4.228999
   3.99765     -4.326385     -4.326394
   4.06457     -4.422985     -4.422998
   4.13148     -4.500162     -4.500176
   4.19840     -4.505738     -4.505745
   4.26532     -4.579553     -4.579574
   4.33224     -4.620861     -4.620909
   4.39915     -4.512767     -4.512754
   4.46607     -4.603693     -4.603682
   4.53299     -4.681279     -4.681272
   4.59991     -4.743337     -4.743336
   4.66682     -4.788848     -4.788853
   4.73374     -4.818723     -4.818734
   4.80066     -4.835247     -4.835261
   4.86757     -4.840504     -4.840520
 
# Band-Index    6
   4.86757     -3.519274     -3.519271
   4.80066     -3.588028     -3.588032
   4.73374     -3.727623     -3.727633
   4.66682     -3.885910     -3.885924
   4.59991     -4.049198     -4.049216
   4.53299     -4.211112     -4.211134
   4.46607     -4.366164     -4.366192
   4.39915     -4.507053     -4.507090
   4.33224     -4.410987     -4.410973
   4.26532     -4.400884     -4.400888
   4.19840     -4.486376     -4.486396
   4.13148     -4.380734     -4.380754
   4.06457     -4.263366     -4.263384
   3.99765     -4.135677     -4.135694
   3.93073     -4.000145     -4.000160
   3.86381     -3.860823     -3.860835
   3.79690     -3.724740     -3.724748
   3.72998     -3.604595     -3.604598
   3.66306     -3.521679     -3.521678
   3.59615     -3.493473     -3.493469
   3.59615     -3.493473     -3.493469
   3.54883     -3.510997     -3.504207
   3.50151     -3.558913     -3.534935
   3.45419     -3.627594     -3.582383
   3.40687     -3.707904     -3.642576
   3.35956     -3.793443     -3.711315
   3.31224     -3.880221     -3.785080
   3.26492     -3.965911     -3.860953
   3.21760     -4.050389     -3.936606
   3.17029     -4.136684     -4.010172
   3.12297     -4.223779     -4.080165
   3.07565     -4.251203     -4.145390
   3.02833     -4.309431     -4.204867
   2.98102     -4.360294     -4.257852
   2.93370     -4.403689     -4.303639
   2.88638     -4.439410     -4.341740
   2.83906     -4.467336     -4.371768
   2.79174     -4.487356     -4.393377
   2.74443     -4.499407     -4.406442
   2.69711     -4.503437     -4.410800
   2.69711     -4.503437     -4.410800
   2.64979     -4.507433     -4.415579
   2.60247     -4.519170     -4.422265
   2.55516     -4.538066     -4.407826
   2.50784     -4.563096     -4.387590
   2.46052     -4.593049     -4.361514
   2.41320     -4.626437     -4.329550
   2.36589     -4.661560     -4.291667
   2.31857     -4.695831     -4.349553
   2.27125     -4.597016     -4.427090
   2.22393     -4.475257     -4.424856
   2.17661     -4.348845     -4.285499
   2.12930     -4.220990     -4.144437
   2.08198     -4.094508     -4.005665
   2.03466     -3.972018     -3.874049
   1.98734     -3.855750     -3.779847
   1.94003     -3.747499     -3.695342
   1.89271     -3.648853     -3.614006
   1.84539     -3.563905     -3.547393
   1.79807     -3.519274     -3.519271
   1.79807     -3.519274     -3.519271
   1.75076     -3.547394     -3.563901
   1.70344     -3.614006     -3.648848
   1.65612     -3.695339     -3.747495
   1.60880     -3.779845     -3.855745
   1.56148     -3.874051     -3.972013
   1.51417     -4.005663     -4.094503
   1.46685     -4.144435     -4.220985
   1.41953     -4.285497     -4.348840
   1.37221     -4.424853     -4.475252
   1.32490     -4.427082     -4.597011
   1.27758     -4.349545     -4.695862
   1.23026     -4.291659     -4.661581
   1.18294     -4.329543     -4.626452
   1.13562     -4.361506     -4.593061
   1.08831     -4.387583     -4.563107
   1.04099     -4.407819     -4.538075
   0.99367     -4.422259     -4.519179
   0.94635     -4.415586     -4.507442
   0.89904     -4.410807     -4.503446
   0.89904     -4.410807     -4.503446
   0.85172     -4.406449     -4.499416
   0.80440     -4.393383     -4.487365
   0.75708     -4.371774     -4.467345
   0.70977     -4.341747     -4.439420
   0.66245     -4.303646     -4.403699
   0.61513     -4.257858     -4.360305
   0.56781     -4.204873     -4.309444
   0.52049     -4.145396     -4.251218
   0.47318     -4.080171     -4.223766
   0.42586     -4.010178     -4.136661
   0.37854     -3.936611     -4.050365
   0.33122     -3.860958     -3.965896
   0.28391     -3.785085     -3.880212
   0.23659     -3.711319     -3.793437
   0.18927     -3.642580     -3.707899
   0.14195     -3.582387     -3.627590
   0.09464     -3.534939     -3.558910
   0.04732     -3.504211     -3.510993
   0.00000     -3.493473     -3.493469
 
# Band-Index    7
   0.00000     -3.405097     -3.405101
   0.04732     -3.411213     -3.422379
   0.09464     -3.428592     -3.470782
   0.14195     -3.455166     -3.542832
   0.18927     -3.488282     -3.630634
   0.23659     -3.525473     -3.727436
   0.28391     -3.564750     -3.828220
   0.33122     -3.604467     -3.928973
   0.37854     -3.643517     -4.025499
   0.42586     -3.680997     -4.111513
   0.47318     -3.716242     -4.185604
   0.52049     -3.748747     -4.233041
   0.56781     -3.778143     -4.160468
   0.61513     -3.804114     -4.070024
   0.66245     -3.826459     -3.975811
   0.70977     -3.844950     -3.887594
   0.75708     -3.859467     -3.812286
   0.80440     -3.869900     -3.754864
   0.85172     -3.876196     -3.718951
   0.89904     -3.878307     -3.706686
   0.89904     -3.878307     -3.706686
   0.94635     -3.889587     -3.705889
   0.99367     -3.922117     -3.703370
   1.04099     -3.972651     -3.699143
   1.08831     -4.036804     -3.693137
   1.13562     -4.110185     -3.685249
   1.18294     -4.188811     -3.675357
   1.23026     -4.269459     -3.663337
   1.27758     -4.247810     -3.649054
   1.32490     -4.197988     -3.632388
   1.37221     -4.142158     -3.613216
   1.41953     -4.080382     -3.591484
   1.46685     -4.012735     -3.567146
   1.51417     -3.939431     -3.540359
   1.56148     -3.859885     -3.511412
   1.60880     -3.748357     -3.481008
   1.65612     -3.637541     -3.450571
   1.70344     -3.540361     -3.422696
   1.75076     -3.456893     -3.401899
   1.79807     -3.393898     -3.393903
   1.79807     -3.393898     -3.393903
   1.84539     -3.401894     -3.456893
   1.89271     -3.422690     -3.540362
   1.94003     -3.450564     -3.637544
   1.98734     -3.481001     -3.748361
   2.03466     -3.511405     -3.859894
   2.08198     -3.540352     -3.939439
   2.12930     -3.567140     -4.012743
   2.17661     -3.591477     -4.080390
   2.22393     -3.613210     -4.142165
   2.27125     -3.632382     -4.197996
   2.31857     -3.649049     -4.247817
   2.36589     -3.663332     -4.269465
   2.41320     -3.675352     -4.188817
   2.46052     -3.685244     -4.110189
   2.50784     -3.693133     -4.036808
   2.55516     -3.699139     -3.972654
   2.60247     -3.703366     -3.922120
   2.64979     -3.705885     -3.889590
   2.69711     -3.706682     -3.878310
   2.69711     -3.706682     -3.878310
   2.74443     -3.718947     -3.876199
   2.79174     -3.754860     -3.869902
   2.83906     -3.812282     -3.859470
   2.88638     -3.887590     -3.844953
   2.93370     -3.975807     -3.826462
   2.98102     -4.070021     -3.804117
   3.02833     -4.160464     -3.778146
   3.07565     -4.233039     -3.748750
   3.12297     -4.185583     -3.716246
   3.17029     -4.111482     -3.681000
   3.21760     -4.025469     -3.643521
   3.26492     -3.928952     -3.604470
   3.31224     -3.828205     -3.564754
   3.35956     -3.727425     -3.525477
   3.40687     -3.630626     -3.488287
   3.45419     -3.542825     -3.455170
   3.50151     -3.470776     -3.428596
   3.54883     -3.422374     -3.411218
   3.59615     -3.405097     -3.405101
   3.59615     -3.405097     -3.405101
   3.66306     -3.427085     -3.427090
   3.72998     -3.478118     -3.478119
   3.79690     -3.546368     -3.546366
   3.86381     -3.630318     -3.630313
   3.93073     -3.727637     -3.727630
   3.99765     -3.835148     -3.835138
   4.06457     -3.949464     -3.949453
   4.13148     -4.067306     -4.067294
   4.19840     -4.185483     -4.185470
   4.26532     -4.301005     -4.300991
   4.33224     -4.252604     -4.252608
   4.39915     -4.096907     -4.096911
   4.46607     -3.945411     -3.945414
   4.53299     -3.804850     -3.804853
   4.59991     -3.680575     -3.680577
   4.66682     -3.577201     -3.577202
   4.73374     -3.498072     -3.498073
   4.80066     -3.442271     -3.442272
   4.86757     -3.393898     -3.393903
 
# Band-Index    8
   4.86757     -3.372490     -3.372479
   4.80066     -3.300457     -3.300444
   4.73374     -3.209833     -3.209815
   4.66682     -3.094836     -3.094816
   4.59991     -2.947388     -2.947366
   4.53299     -2.766950     -2.766927
   4.46607     -2.556303     -2.556280
   4.39915     -2.320511     -2.320488
   4.33224     -2.076000     -2.075999
   4.26532     -1.917149     -1.917152
   4.19840     -1.916980     -1.916966
   4.13148     -2.000951     -2.000933
   4.06457     -2.090582     -2.090560
   3.99765     -2.181271     -2.181247
   3.93073     -2.269224     -2.269197
   3.86381     -2.351880     -2.351851
   3.79690     -2.428438     -2.428411
   3.72998     -2.499619     -2.499600
   3.66306     -2.559776     -2.559771
   3.59615     -2.585540     -2.585541
   3.59615     -2.585540     -2.585541
   3.54883     -2.564307     -2.576782
   3.50151     -2.505236     -2.551390
   3.45419     -2.418328     -2.511655
   3.40687     -2.313281     -2.460476
   3.35956     -2.200111     -2.400750
   3.31224     -2.131125     -2.335187
   3.26492     -2.084394     -2.266839
   3.21760     -2.046516     -2.205128
   3.17029     -2.017399     -2.174274
   3.12297     -1.996533     -2.158812
   3.07565     -1.982979     -2.149754
   3.02833     -1.975467     -2.145283
   2.98102     -1.972632     -2.144272
   2.93370     -1.973037     -2.145617
   2.88638     -1.975371     -2.148316
   2.83906     -1.996287     -2.151420
   2.79174     -2.018352     -2.154191
   2.74443     -2.032051     -2.156097
   2.69711     -2.036695     -2.156736
   2.69711     -2.036695     -2.156736
   2.64979     -2.043602     -2.146233
   2.60247     -2.064032     -2.116142
   2.55516     -2.097172     -2.070421
   2.50784     -2.141762     -2.014427
   2.46052     -2.196243     -1.979263
   2.41320     -2.258872     -2.096490
   2.36589     -2.327868     -2.221238
   2.31857     -2.401494     -2.349368
   2.27125     -2.478131     -2.477264
   2.22393     -2.556300     -2.601888
   2.17661     -2.634771     -2.720757
   2.12930     -2.713404     -2.831966
   2.08198     -2.817810     -2.934180
   2.03466     -2.941860     -3.026702
   1.98734     -3.055048     -3.109591
   1.94003     -3.157287     -3.183841
   1.89271     -3.249488     -3.251577
   1.84539     -3.329606     -3.316016
   1.79807     -3.372490     -3.372479
   1.79807     -3.372490     -3.372479
   1.75076     -3.316022     -3.329596
   1.70344     -3.251583     -3.249479
   1.65612     -3.183848     -3.157277
   1.60880     -3.109599     -3.055037
   1.56148     -3.026710     -2.941848
   1.51417     -2.934187     -2.817794
   1.46685     -2.831974     -2.713417
   1.41953     -2.720766     -2.634793
   1.37221     -2.601897     -2.556325
   1.32490     -2.477272     -2.478157
   1.27758     -2.349377     -2.401521
   1.23026     -2.221247     -2.327896
   1.18294     -2.096498     -2.258900
   1.13562     -1.979271     -2.196273
   1.08831     -2.014427     -2.141792
   1.04099     -2.070420     -2.097203
   0.99367     -2.116142     -2.064064
   0.94635     -2.146233     -2.043634
   0.89904     -2.156736     -2.036727
   0.89904     -2.156736     -2.036727
   0.85172     -2.156097     -2.032083
   0.80440     -2.154191     -2.018383
   0.75708     -2.151420     -1.996317
   0.70977     -2.148316     -1.975368
   0.66245     -2.145618     -1.973034
   0.61513     -2.144274     -1.972629
   0.56781     -2.145286     -1.975465
   0.52049     -2.149759     -1.982977
   0.47318     -2.158822     -1.996531
   0.42586     -2.174294     -2.017397
   0.37854     -2.205167     -2.046514
   0.33122     -2.266854     -2.084391
   0.28391     -2.335192     -2.131120
   0.23659     -2.400751     -2.200096
   0.18927     -2.460477     -2.313280
   0.14195     -2.511655     -2.418328
   0.09464     -2.551389     -2.505236
   0.04732     -2.576781     -2.564308
   0.00000     -2.585540     -2.585541
 
# Band-Index    9
   0.00000     -2.392406     -2.392414
   0.04732     -2.385736     -2.379686
   0.09464     -2.366924     -2.344677
   0.14195     -2.339114     -2.294828
   0.18927     -2.306151     -2.237893
   0.23659     -2.271666     -2.177260
   0.28391     -2.238372     -2.069850
   0.33122     -2.207384     -1.943783
   0.37854     -2.172382     -1.816578
   0.42586     -2.111402     -1.716319
   0.47318     -2.041338     -1.759939
   0.52049     -1.972204     -1.804530
   0.56781     -1.906492     -1.848912
   0.61513     -1.845842     -1.891753
   0.66245     -1.791688     -1.931600
   0.70977     -1.745332     -1.966948
   0.75708     -1.707933     -1.978431
   0.80440     -1.680468     -1.981296
   0.85172     -1.663678     -1.983309
   0.89904     -1.662461     -1.983991
   0.89904     -1.662461     -1.983991
   0.94635     -1.676747     -1.980257
   0.99367     -1.718694     -1.969233
   1.04099     -1.785751     -1.951626
   1.08831     -1.874113     -1.928549
   1.13562     -1.953727     -1.901337
   1.18294     -1.893487     -1.871586
   1.23026     -1.837973     -1.841004
   1.27758     -1.790250     -1.991765
   1.32490     -1.752236     -2.180145
   1.37221     -1.906487     -2.357542
   1.41953     -2.079183     -2.522488
   1.46685     -2.246167     -2.673074
   1.51417     -2.406552     -2.782190
   1.56148     -2.559324     -2.854868
   1.60880     -2.703069     -2.920908
   1.65612     -2.835352     -2.979564
   1.70344     -2.951055     -3.027893
   1.75076     -3.038265     -3.061094
   1.79807     -3.073168     -3.073195
   1.79807     -3.073168     -3.073195
   1.84539     -3.061068     -3.038290
   1.89271     -3.027866     -2.951077
   1.94003     -2.979538     -2.835371
   1.98734     -2.920882     -2.703087
   2.03466     -2.854840     -2.559340
   2.08198     -2.782158     -2.406568
   2.12930     -2.673072     -2.246182
   2.17661     -2.522493     -2.079197
   2.22393     -2.357549     -1.906501
   2.27125     -2.180153     -1.752236
   2.31857     -1.991773     -1.790249
   2.36589     -1.841006     -1.837973
   2.41320     -1.871588     -1.893486
   2.46052     -1.901339     -1.953727
   2.50784     -1.928551     -1.874105
   2.55516     -1.951629     -1.785742
   2.60247     -1.969236     -1.718686
   2.64979     -1.980260     -1.676738
   2.69711     -1.983994     -1.662453
   2.69711     -1.983994     -1.662453
   2.74443     -1.983312     -1.663694
   2.79174     -1.981299     -1.680484
   2.83906     -1.978434     -1.707950
   2.88638     -1.966920     -1.745348
   2.93370     -1.931573     -1.791705
   2.98102     -1.891728     -1.845859
   3.02833     -1.848890     -1.906510
   3.07565     -1.804510     -1.972224
   3.12297     -1.759921     -2.041362
   3.17029     -1.716303     -2.111436
   3.21760     -1.816571     -2.172434
   3.26492     -1.943775     -2.207412
   3.31224     -2.069838     -2.238389
   3.35956     -2.177238     -2.271680
   3.40687     -2.237884     -2.306162
   3.45419     -2.294820     -2.339124
   3.50151     -2.344669     -2.366933
   3.54883     -2.379678     -2.385744
   3.59615     -2.392406     -2.392414
   3.59615     -2.392406     -2.392414
   3.66306     -2.370187     -2.370200
   3.72998     -2.302420     -2.302444
   3.79690     -2.194975     -2.195005
   3.86381     -2.064839     -2.064869
   3.93073     -1.927461     -1.927489
   3.99765     -1.792244     -1.792268
   4.06457     -1.664319     -1.664340
   4.13148     -1.691838     -1.691825
   4.19840     -1.795611     -1.795606
   4.26532     -1.843448     -1.843437
   4.33224     -2.026271     -2.026247
   4.39915     -2.179966     -2.179969
   4.46607     -2.327098     -2.327108
   4.53299     -2.476211     -2.476226
   4.59991     -2.625874     -2.625893
   4.66682     -2.773356     -2.773378
   4.73374     -2.912419     -2.912444
   4.80066     -3.025571     -3.025598
   4.86757     -3.073168     -3.073195
 
# Band-Index   10
   4.86757     -1.720970     -1.720969
   4.80066     -1.718962     -1.718960
   4.73374     -1.713705     -1.713704
   4.66682     -1.707227     -1.707225
   4.59991     -1.702765     -1.702763
   4.53299     -1.704296     -1.704293
   4.46607     -1.716103     -1.716099
   4.39915     -1.741974     -1.741969
   4.33224     -1.784351     -1.784344
   4.26532     -1.781277     -1.781241
   4.19840     -1.504824     -1.504792
   4.13148     -1.546148     -1.546166
   4.06457     -1.608245     -1.608226
   3.99765     -1.547010     -1.546989
   3.93073     -1.508310     -1.508290
   3.86381     -1.489538     -1.489522
   3.79690     -1.485399     -1.485390
   3.72998     -1.489166     -1.489163
   3.66306     -1.494422     -1.494423
   3.59615     -1.496699     -1.496701
   3.59615     -1.496699     -1.496701
   3.54883     -1.499741     -1.491023
   3.50151     -1.508811     -1.474095
   3.45419     -1.523762     -1.446187
   3.40687     -1.544349     -1.407780
   3.35956     -1.570228     -1.359475
   3.31224     -1.600963     -1.302037
   3.26492     -1.636001     -1.236396
   3.21760     -1.674704     -1.163879
   3.17029     -1.690979     -1.088142
   3.12297     -1.569154     -1.098914
   3.07565     -1.453094     -1.202209
   3.02833     -1.344730     -1.302483
   2.98102     -1.245945     -1.393824
   2.93370     -1.158569     -1.473728
   2.88638     -1.084311     -1.540631
   2.83906     -1.024729     -1.593507
   2.79174     -0.981143     -1.631684
   2.74443     -0.954568     -1.654743
   2.69711     -0.945641     -1.658044
   2.69711     -0.945641     -1.658044
   2.64979     -0.945001     -1.651725
   2.60247     -0.943177     -1.633061
   2.55516     -0.990944     -1.602900
   2.50784     -1.181734     -1.562543
   2.46052     -1.384564     -1.513629
   2.41320     -1.590671     -1.457986
   2.36589     -1.794367     -1.397529
   2.31857     -1.811238     -1.548005
   2.27125     -1.783915     -1.729058
   2.22393     -1.760371     -1.724555
   2.17661     -1.741626     -1.706825
   2.12930     -1.728151     -1.697781
   2.08198     -1.719781     -1.695598
   2.03466     -1.715837     -1.698240
   1.98734     -1.715205     -1.703662
   1.94003     -1.716569     -1.710001
   1.89271     -1.718633     -1.715702
   1.84539     -1.720319     -1.719585
   1.79807     -1.720970     -1.720969
   1.79807     -1.720970     -1.720969
   1.75076     -1.719587     -1.720317
   1.70344     -1.715703     -1.718632
   1.65612     -1.710003     -1.716567
   1.60880     -1.703664     -1.715204
   1.56148     -1.698241     -1.715835
   1.51417     -1.695600     -1.719780
   1.46685     -1.697782     -1.728150
   1.41953     -1.706826     -1.741626
   1.37221     -1.724555     -1.760370
   1.32490     -1.729045     -1.783914
   1.27758     -1.547992     -1.811237
   1.23026     -1.397516     -1.794357
   1.18294     -1.457972     -1.590661
   1.13562     -1.513615     -1.384554
   1.08831     -1.562528     -1.181723
   1.04099     -1.602884     -0.990932
   0.99367     -1.633046     -0.943186
   0.94635     -1.651709     -0.945010
   0.89904     -1.658028     -0.945650
   0.89904     -1.658028     -0.945650
   0.85172     -1.654752     -0.954578
   0.80440     -1.631693     -0.981152
   0.75708     -1.593516     -1.024739
   0.70977     -1.540640     -1.084320
   0.66245     -1.473737     -1.158578
   0.61513     -1.393834     -1.245954
   0.56781     -1.302493     -1.344738
   0.52049     -1.202220     -1.453101
   0.47318     -1.098928     -1.569162
   0.42586     -1.088147     -1.690986
   0.37854     -1.163880     -1.674718
   0.33122     -1.236396     -1.636013
   0.28391     -1.302036     -1.600973
   0.23659     -1.359473     -1.570236
   0.18927     -1.407778     -1.544355
   0.14195     -1.446185     -1.523766
   0.09464     -1.474092     -1.508815
   0.04732     -1.491020     -1.499744
   0.00000     -1.496699     -1.496701
 
# Band-Index   11
   0.00000     -0.582944     -0.582949
   0.04732     -0.584888     -0.576046
   0.09464     -0.591243     -0.555579
   0.14195     -0.603680     -0.522228
   0.18927     -0.625200     -0.477018
   0.23659     -0.660113     -0.421188
   0.28391     -0.713026     -0.356089
   0.33122     -0.786316     -0.283130
   0.37854     -0.877514     -0.203822
   0.42586     -0.977876     -0.120151
   0.47318     -0.991672     -0.043313
   0.52049     -0.908236     -0.134629
   0.56781     -0.820459     -0.257265
   0.61513     -0.733472     -0.365200
   0.66245     -0.650469     -0.456945
   0.70977     -0.574856     -0.532096
   0.75708     -0.510346     -0.590518
   0.80440     -0.460700     -0.632200
   0.85172     -0.429306     -0.657182
   0.89904     -0.418541     -0.665503
   0.89904     -0.418541     -0.665503
   0.94635     -0.450859     -0.709009
   0.99367     -0.540542     -0.826169
   1.04099     -0.671743     -0.940493
   1.08831     -0.829117     -0.937364
   1.13562     -1.001517     -0.934264
   1.18294     -1.181649     -0.931565
   1.23026     -1.364831     -0.929449
   1.27758     -1.334153     -0.927816
   1.32490     -1.269730     -0.926284
   1.37221     -1.205979     -0.924254
   1.41953     -1.144502     -0.921121
   1.46685     -1.086756     -0.916444
   1.51417     -1.034037     -0.910165
   1.56148     -0.987484     -0.902624
   1.60880     -0.948060     -0.894553
   1.65612     -0.916566     -0.886892
   1.70344     -0.893622     -0.880589
   1.75076     -0.879676     -0.876450
   1.79807     -0.874999     -0.875011
   1.79807     -0.874999     -0.875011
   1.84539     -0.876438     -0.879688
   1.89271     -0.880578     -0.893633
   1.94003     -0.886881     -0.916578
   1.98734     -0.894542     -0.948072
   2.03466     -0.902613     -0.987496
   2.08198     -0.910154     -1.034048
   2.12930     -0.916434     -1.086768
   2.17661     -0.921111     -1.144514
   2.22393     -0.924244     -1.205991
   2.27125     -0.926274     -1.269742
   2.31857     -0.927806     -1.334166
   2.36589     -0.929440     -1.364843
   2.41320     -0.931556     -1.181660
   2.46052     -0.934255     -1.001527
   2.50784     -0.937354     -0.829126
   2.55516     -0.940484     -0.671751
   2.60247     -0.826182     -0.540547
   2.64979     -0.709023     -0.450861
   2.69711     -0.665517     -0.418542
   2.69711     -0.665517     -0.418542
   2.74443     -0.657196     -0.429308
   2.79174     -0.632214     -0.460701
   2.83906     -0.590532     -0.510347
   2.88638     -0.532109     -0.574857
   2.93370     -0.456958     -0.650470
   2.98102     -0.365213     -0.733473
   3.02833     -0.257277     -0.820460
   3.07565     -0.134639     -0.908238
   3.12297     -0.043304     -0.991678
   3.17029     -0.120148     -0.977874
   3.21760     -0.203819     -0.877510
   3.26492     -0.283127     -0.786312
   3.31224     -0.356086     -0.713025
   3.35956     -0.421184     -0.660113
   3.40687     -0.477014     -0.625202
   3.45419     -0.522224     -0.603683
   3.50151     -0.555574     -0.591247
   3.54883     -0.576041     -0.584893
   3.59615     -0.582944     -0.582949
   3.59615     -0.582944     -0.582949
   3.66306     -0.578191     -0.578199
   3.72998     -0.565587     -0.565603
   3.79690     -0.551989     -0.552016
   3.86381     -0.555938     -0.555970
   3.93073     -0.613913     -0.613935
   3.99765     -0.757182     -0.757184
   4.06457     -0.973356     -0.973341
   4.13148     -1.230349     -1.230323
   4.19840     -1.438292     -1.438306
   4.26532     -1.340005     -1.340016
   4.33224     -1.250124     -1.250133
   4.39915     -1.167963     -1.167970
   4.46607     -1.093794     -1.093802
   4.53299     -1.028717     -1.028725
   4.59991     -0.974059     -0.974068
   4.66682     -0.930896     -0.930906
   4.73374     -0.899865     -0.899876
   4.80066     -0.881214     -0.881226
   4.86757     -0.874999     -0.875011
 
# Band-Index   12
   4.86757      0.878826      0.878825
   4.80066      0.884547      0.884544
   4.73374      0.900255      0.900249
   4.66682      0.921800      0.921788
   4.59991      0.942824      0.942804
   4.53299      0.955386      0.955354
   4.46607      0.950503      0.950457
   4.39915      0.918917      0.918854
   4.33224      0.853040      0.852962
   4.26532      0.750964      0.750875
   4.19840      0.620681      0.620591
   4.13148      0.480348      0.480266
   4.06457      0.355315      0.355251
   3.99765      0.277584      0.277549
   3.93073      0.283108      0.283105
   3.86381      0.381530      0.381546
   3.79690      0.530545      0.530562
   3.72998      0.674063      0.674072
   3.66306      0.771795      0.771796
   3.59615      0.805414      0.805411
   3.59615      0.805414      0.805411
   3.54883      0.812553      0.767849
   3.50151      0.833693      0.670467
   3.45419      0.867994      0.542056
   3.40687      0.913917      0.406378
   3.35956      0.897180      0.280517
   3.31224      0.702046      0.176974
   3.26492      0.512867      0.103356
   3.21760      0.333527      0.061066
   3.17029      0.166719      0.046395
   3.12297      0.023725      0.053723
   3.07565      0.065422      0.077870
   3.02833      0.153890      0.114723
   2.98102      0.241464      0.160941
   2.93370      0.324369      0.213420
   2.88638      0.399332      0.268736
   2.83906      0.462904      0.322575
   2.79174      0.511599      0.369246
   2.74443      0.542301      0.401773
   2.69711      0.552803      0.413568
   2.69711      0.552803      0.413568
   2.64979      0.578726      0.421335
   2.60247      0.642875      0.444332
   2.55516      0.719330      0.481441
   2.50784      0.789009      0.530563
   2.46052      0.843711      0.588739
   2.41320      0.882608      0.652379
   2.36589      0.908079      0.717520
   2.31857      0.923138      0.780086
   2.27125      0.930405      0.836185
   2.22393      0.931928      0.882445
   2.17661      0.929260      0.916381
   2.12930      0.923623      0.936753
   2.08198      0.916047      0.943830
   2.03466      0.907461      0.939469
   1.98734      0.898756      0.926926
   1.94003      0.890800      0.910412
   1.89271      0.884408      0.894425
   1.84539      0.880265      0.882974
   1.79807      0.878826      0.878825
   1.79807      0.878826      0.878825
   1.75076      0.882976      0.880263
   1.70344      0.894426      0.884406
   1.65612      0.910414      0.890799
   1.60880      0.926928      0.898754
   1.56148      0.939471      0.907459
   1.51417      0.943832      0.916045
   1.46685      0.936755      0.923621
   1.41953      0.916384      0.929258
   1.37221      0.882449      0.931927
   1.32490      0.836189      0.930404
   1.27758      0.780091      0.923137
   1.23026      0.717526      0.908078
   1.18294      0.652386      0.882607
   1.13562      0.588748      0.843710
   1.08831      0.530575      0.789009
   1.04099      0.481458      0.719330
   0.99367      0.444354      0.642875
   0.94635      0.421362      0.578725
   0.89904      0.413597      0.552802
   0.89904      0.413597      0.552802
   0.85172      0.401803      0.542300
   0.80440      0.369275      0.511598
   0.75708      0.322603      0.462903
   0.70977      0.268763      0.399332
   0.66245      0.213447      0.324369
   0.61513      0.160966      0.241464
   0.56781      0.114747      0.153891
   0.52049      0.077892      0.065425
   0.47318      0.053744      0.023746
   0.42586      0.046415      0.166735
   0.37854      0.061083      0.333541
   0.33122      0.103371      0.512881
   0.28391      0.176986      0.702060
   0.23659      0.280525      0.897198
   0.18927      0.406384      0.913917
   0.14195      0.542060      0.867992
   0.09464      0.670470      0.833691
   0.04732      0.767852      0.812551
   0.00000      0.805414      0.805411
 
# Band-Index   13
   0.00000      1.635908      1.635886
   0.04732      1.638137      1.643828
   0.09464      1.644608      1.489499
   0.14195      1.654681      1.298335
   0.18927      1.667360      1.099748
   0.23659      1.681399      0.972875
   0.28391      1.695468      1.036143
   0.33122      1.708350      1.106412
   0.37854      1.719116      1.180161
   0.42586      1.727238      1.254875
   0.47318      1.732603      1.328191
   0.52049      1.735431      1.397959
   0.56781      1.736175      1.462315
   0.61513      1.683060      1.519755
   0.66245      1.590756      1.569179
   0.70977      1.501389      1.609908
   0.75708      1.420089      1.641627
   0.80440      1.353254      1.664283
   0.85172      1.308402      1.677957
   0.89904      1.292461      1.682599
   0.89904      1.292461      1.682599
   0.94635      1.328278      1.688438
   0.99367      1.428265      1.710277
   1.04099      1.576085      1.749328
   1.08831      1.746538      1.803579
   1.13562      1.767145      1.870146
   1.18294      1.799782      1.945715
   1.23026      1.847364      2.026696
   1.27758      1.912230      2.109338
   1.32490      1.995849      2.189888
   1.37221      2.098674      2.264796
   1.41953      2.220100      2.331001
   1.46685      2.358550      2.386262
   1.51417      2.484532      2.429456
   1.56148      2.489796      2.460719
   1.60880      2.494462      2.481365
   1.65612      2.498241      2.493556
   1.70344      2.500973      2.499818
   1.75076      2.502607      2.502480
   1.79807      2.503148      2.503172
   1.79807      2.503148      2.503172
   1.84539      2.502456      2.502631
   1.89271      2.499794      2.500997
   1.94003      2.493532      2.498266
   1.98734      2.481342      2.494486
   2.03466      2.460697      2.489821
   2.08198      2.429434      2.484557
   2.12930      2.386241      2.358534
   2.17661      2.330981      2.220084
   2.22393      2.264777      2.098656
   2.27125      2.189870      1.995830
   2.31857      2.109321      1.912210
   2.36589      2.026680      1.847343
   2.41320      1.945701      1.799760
   2.46052      1.870133      1.767122
   2.50784      1.803568      1.746514
   2.55516      1.749320      1.576086
   2.60247      1.710272      1.428269
   2.64979      1.688438      1.328285
   2.69711      1.682605      1.292469
   2.69711      1.682605      1.292469
   2.74443      1.677962      1.308409
   2.79174      1.664287      1.353262
   2.83906      1.641629      1.420097
   2.88638      1.609910      1.501396
   2.93370      1.569182      1.590763
   2.98102      1.519757      1.683066
   3.02833      1.462317      1.736150
   3.07565      1.397962      1.735406
   3.12297      1.328194      1.732578
   3.17029      1.254878      1.727213
   3.21760      1.180165      1.719092
   3.26492      1.106416      1.708326
   3.31224      1.036147      1.695445
   3.35956      0.972883      1.681376
   3.40687      1.099738      1.667337
   3.45419      1.298324      1.654659
   3.50151      1.489488      1.644586
   3.54883      1.643850      1.638115
   3.59615      1.635908      1.635886
   3.59615      1.635908      1.635886
   3.66306      1.646150      1.646128
   3.72998      1.621580      1.621606
   3.79690      1.592783      1.592809
   3.86381      1.606453      1.606477
   3.93073      1.651538      1.651561
   3.99765      1.719187      1.719209
   4.06457      1.803280      1.803299
   4.13148      1.899265      1.899274
   4.19840      2.002918      2.002905
   4.26532      2.108381      2.108336
   4.33224      2.207677      2.207613
   4.39915      2.295244      2.295184
   4.46607      2.368274      2.368231
   4.53299      2.424435      2.424410
   4.59991      2.462990      2.462982
   4.66682      2.485935      2.485942
   4.73374      2.497416      2.497433
   4.80066      2.502022      2.502044
   4.86757      2.503148      2.503172
 
# Band-Index   14
   4.86757      3.109725      3.109732
   4.80066      3.104525      3.104533
   4.73374      3.087695      3.087708
   4.66682      3.023566      3.023543
   4.59991      2.867283      2.867257
   4.53299      2.721742      2.721712
   4.46607      2.592304      2.592270
   4.39915      2.479457      2.479420
   4.33224      2.380508      2.380467
   4.26532      2.290787      2.290744
   4.19840      2.205141      2.205098
   4.13148      2.119661      2.119620
   4.06457      2.032992      2.032954
   3.99765      1.946515      1.946480
   3.93073      1.863529      1.863498
   3.86381      1.788163      1.788135
   3.79690      1.724545      1.724520
   3.72998      1.676280      1.676257
   3.66306      1.696241      1.696262
   3.59615      1.765385      1.765393
   3.59615      1.765385      1.765393
   3.54883      1.661959      1.793338
   3.50151      1.667744      1.861297
   3.45419      1.707746      1.937937
   3.40687      1.764011      1.998484
   3.35956      1.836537      2.046568
   3.31224      1.925010      2.076023
   3.26492      2.028641      2.075910
   3.21760      2.091684      2.049325
   3.17029      2.048091      2.001496
   3.12297      2.000374      1.936994
   3.07565      1.950929      1.859916
   3.02833      1.901895      1.774050
   2.98102      1.855198      1.735362
   2.93370      1.812557      1.733619
   2.88638      1.775477      1.731445
   2.83906      1.745228      1.729292
   2.79174      1.722815      1.727510
   2.74443      1.708950      1.726340
   2.69711      1.704189      1.725939
   2.69711      1.704189      1.725939
   2.64979      1.721543      1.726550
   2.60247      1.768974      1.728958
   2.55516      1.843489      1.734791
   2.50784      1.942082      1.755860
   2.46052      2.058703      1.955799
   2.41320      2.185299      2.167681
   2.36589      2.314019      2.384018
   2.31857      2.438687      2.456448
   2.27125      2.555224      2.462873
   2.22393      2.661401      2.468281
   2.17661      2.756309      2.473594
   2.12930      2.839789      2.479050
   2.08198      2.911943      2.511554
   2.03466      2.972852      2.675812
   1.98734      3.022512      2.846780
   1.94003      3.060914      3.017551
   1.89271      3.088135      3.110345
   1.84539      3.104347      3.109909
   1.79807      3.109725      3.109732
   1.79807      3.109725      3.109732
   1.75076      3.109902      3.104353
   1.70344      3.110339      3.088141
   1.65612      3.017566      3.060920
   1.60880      2.846794      3.022518
   1.56148      2.675826      2.972858
   1.51417      2.511569      2.911948
   1.46685      2.479024      2.839793
   1.41953      2.473567      2.756314
   1.37221      2.468253      2.661405
   1.32490      2.462842      2.555229
   1.27758      2.456405      2.438692
   1.23026      2.383982      2.314024
   1.18294      2.167679      2.185304
   1.13562      1.955800      2.058708
   1.08831      1.755861      1.942087
   1.04099      1.734815      1.843496
   0.99367      1.728984      1.768982
   0.94635      1.726575      1.721556
   0.89904      1.725965      1.704207
   0.89904      1.725965      1.704207
   0.85172      1.726366      1.708967
   0.80440      1.727535      1.722831
   0.75708      1.729318      1.745244
   0.70977      1.731470      1.775492
   0.66245      1.733644      1.812571
   0.61513      1.735387      1.855212
   0.56781      1.774045      1.901909
   0.52049      1.859913      1.950943
   0.47318      1.936993      2.000388
   0.42586      2.001498      2.048104
   0.37854      2.049334      2.091697
   0.33122      2.075929      2.028619
   0.28391      2.076060      1.924988
   0.23659      2.046617      1.836515
   0.18927      1.998527      1.763989
   0.14195      1.937959      1.707724
   0.09464      1.861297      1.667722
   0.04732      1.793332      1.661969
   0.00000      1.765385      1.765393
 
# Band-Index   15
   0.00000      1.911211      1.911227
   0.04732      1.918507      1.985394
   0.09464      1.940504      2.073024
   0.14195      1.978919      2.131840
   0.18927      2.035133      2.161827
   0.23659      2.091431      2.167794
   0.28391      2.146951      2.155093
   0.33122      2.210216      2.128432
   0.37854      2.278250      2.146024
   0.42586      2.346982      2.275138
   0.47318      2.413093      2.413155
   0.52049      2.473261      2.556391
   0.56781      2.523225      2.699459
   0.61513      2.555682      2.823842
   0.66245      2.557709      2.854529
   0.70977      2.522728      2.779218
   0.75708      2.469755      2.703989
   0.80440      2.420935      2.646692
   0.85172      2.388042      2.610699
   0.89904      2.376530      2.598411
   0.89904      2.376530      2.598411
   0.94635      2.380106      2.609415
   0.99367      2.389901      2.642067
   1.04099      2.403526      2.695284
   1.08831      2.418172      2.767373
   1.13562      2.431659      2.856147
   1.18294      2.443024      2.929289
   1.23026      2.453960      2.969911
   1.27758      2.608796      3.021307
   1.32490      2.825949      3.084007
   1.37221      3.025524      3.158025
   1.41953      3.082384      3.242835
   1.46685      3.096777      3.336945
   1.51417      3.104789      3.343031
   1.56148      3.108906      3.342403
   1.60880      3.110522      3.341785
   1.65612      3.110728      3.341255
   1.70344      3.175474      3.340854
   1.75076      3.295085      3.340604
   1.79807      3.340544      3.340519
   1.79807      3.340544      3.340519
   1.84539      3.340629      3.295062
   1.89271      3.340879      3.175455
   1.94003      3.341280      3.110734
   1.98734      3.341810      3.110527
   2.03466      3.342427      3.108910
   2.08198      3.343055      3.104792
   2.12930      3.336923      3.096776
   2.17661      3.242815      3.082372
   2.22393      3.158005      3.025458
   2.27125      3.083987      2.825916
   2.31857      3.021287      2.608759
   2.36589      2.969891      2.453933
   2.41320      2.929269      2.443034
   2.46052      2.856141      2.431674
   2.50784      2.767366      2.418189
   2.55516      2.695276      2.403543
   2.60247      2.642058      2.389918
   2.64979      2.609406      2.380124
   2.69711      2.598402      2.376548
   2.69711      2.598402      2.376548
   2.74443      2.610690      2.388060
   2.79174      2.646683      2.420952
   2.83906      2.703981      2.469772
   2.88638      2.779211      2.522746
   2.93370      2.854511      2.557730
   2.98102      2.823845      2.555705
   3.02833      2.699478      2.523250
   3.07565      2.556411      2.473288
   3.12297      2.413177      2.413122
   3.17029      2.275159      2.347014
   3.21760      2.146045      2.278288
   3.26492      2.128420      2.210264
   3.31224      2.155081      2.147016
   3.35956      2.167782      2.091507
   3.40687      2.161815      2.035201
   3.45419      2.131828      1.978965
   3.50151      2.073012      1.940527
   3.54883      1.985380      1.918524
   3.59615      1.911211      1.911227
   3.59615      1.911211      1.911227
   3.66306      1.990775      1.990772
   3.72998      2.095713      2.095686
   3.79690      2.167734      2.167688
   3.86381      2.201159      2.201101
   3.93073      2.205970      2.205909
   3.99765      2.197902      2.197847
   4.06457      2.192860      2.192820
   4.13148      2.204918      2.204903
   4.19840      2.246235      2.246256
   4.26532      2.327076      2.327139
   4.33224      2.451711      2.451799
   4.39915      2.608637      2.608722
   4.46607      2.770213      2.770283
   4.53299      2.905379      2.905431
   4.59991      2.998430      2.998465
   4.66682      3.055115      3.055137
   4.73374      3.176365      3.176342
   4.80066      3.295326      3.295302
   4.86757      3.340544      3.340519
 
# Band-Index   16
   4.86757      3.645206      3.645223
   4.80066      3.617001      3.617016
   4.73374      3.566504      3.566516
   4.66682      3.514224      3.514233
   4.59991      3.457490      3.457498
   4.53299      3.394901      3.394909
   4.46607      3.327867      3.327876
   4.39915      3.259390      3.259400
   4.33224      3.193497      3.193507
   4.26532      3.134758      3.134767
   4.19840      3.087406      3.087413
   4.13148      3.053956      3.053959
   4.06457      3.033961      3.033961
   3.99765      3.023637      3.023634
   3.93073      3.016742      3.016740
   3.86381      3.007649      3.007651
   3.79690      2.995608      2.995616
   3.72998      2.983913      2.983926
   3.66306      2.975764      2.975781
   3.59615      2.972881      2.972898
   3.59615      2.972881      2.972898
   3.54883      2.971869      2.976891
   3.50151      2.968882      2.989153
   3.45419      2.964045      3.010482
   3.40687      2.957563      3.042066
   3.35956      2.949700      3.085220
   3.31224      2.940762      3.118162
   3.26492      2.931086      3.100815
   3.21760      2.921019      3.080986
   3.17029      2.910928      3.059310
   3.12297      2.901223      3.036277
   3.07565      2.892499      3.012474
   3.02833      2.886365      2.965728
   2.98102      2.896925      2.874541
   2.93370      2.868578      2.812929
   2.88638      2.852847      2.790789
   2.83906      2.849325      2.793017
   2.79174      2.846363      2.801601
   2.74443      2.844474      2.808543
   2.69711      2.843833      2.811080
   2.69711      2.843833      2.811080
   2.64979      2.845529      2.815390
   2.60247      2.850887      2.828291
   2.55516      2.860671      2.849512
   2.50784      2.876048      2.878119
   2.46052      2.898426      2.912218
   2.41320      2.959047      2.949118
   2.36589      3.073274      2.985911
   2.31857      3.195844      3.020167
   2.27125      3.318711      3.050830
   2.22393      3.340861      3.089211
   2.17661      3.343667      3.256368
   2.12930      3.344195      3.370294
   2.08198      3.440560      3.420916
   2.03466      3.546028      3.467559
   1.98734      3.583017      3.509615
   1.94003      3.609681      3.547450
   1.89271      3.629234      3.583565
   1.84539      3.641185      3.621752
   1.79807      3.645206      3.645223
   1.79807      3.645206      3.645223
   1.75076      3.621735      3.641202
   1.70344      3.583551      3.629251
   1.65612      3.547438      3.609698
   1.60880      3.509604      3.583033
   1.56148      3.467548      3.546031
   1.51417      3.420905      3.440579
   1.46685      3.370284      3.344169
   1.41953      3.256358      3.343642
   1.37221      3.089147      3.340842
   1.32490      3.050801      3.318720
   1.27758      3.020145      3.195846
   1.23026      2.985891      3.073278
   1.18294      2.949099      2.959051
   1.13562      2.912199      2.898445
   1.08831      2.878100      2.876068
   1.04099      2.849492      2.860691
   0.99367      2.828271      2.850906
   0.94635      2.815369      2.845548
   0.89904      2.811060      2.843852
   0.89904      2.811060      2.843852
   0.85172      2.808523      2.844494
   0.80440      2.801581      2.846382
   0.75708      2.792997      2.849344
   0.70977      2.790772      2.852867
   0.66245      2.812914      2.868585
   0.61513      2.874530      2.896925
   0.56781      2.965719      2.886381
   0.52049      3.012462      2.892516
   0.47318      3.036265      2.901240
   0.42586      3.059299      2.910945
   0.37854      3.080975      2.921037
   0.33122      3.100805      2.931103
   0.28391      3.118158      2.940780
   0.23659      3.085204      2.949717
   0.18927      3.042049      2.957580
   0.14195      3.010464      2.964062
   0.09464      2.989136      2.968899
   0.04732      2.976873      2.971886
   0.00000      2.972881      2.972898
 
# Band-Index   17
   0.00000      3.169276      3.169287
   0.04732      3.167850      3.168695
   0.09464      3.163577      3.166927
   0.14195      3.156476      3.164002
   0.18927      3.146594      3.159952
   0.23659      3.134064      3.154826
   0.28391      3.142059      3.148691
   0.33122      3.211735      3.141637
   0.37854      3.295692      3.133780
   0.42586      3.291323      3.125266
   0.47318      3.181295      3.116278
   0.52049      3.070999      3.107032
   0.56781      2.988583      3.074657
   0.61513      2.965413      2.968277
   0.66245      2.943794      2.994052
   0.70977      2.924592      3.071978
   0.75708      2.908633      3.066369
   0.80440      2.896648      3.061760
   0.85172      2.889211      3.058869
   0.89904      2.886688      3.057886
   0.89904      2.886688      3.057886
   0.94635      2.891724      3.061848
   0.99367      2.906603      3.073626
   1.04099      2.930673      3.092897
   1.08831      2.962974      3.119127
   1.13562      3.002348      3.151583
   1.18294      3.047558      3.189337
   1.23026      3.097331      3.231235
   1.27758      3.150399      3.275686
   1.32490      3.205494      3.323657
   1.37221      3.261353      3.381755
   1.41953      3.316701      3.425601
   1.46685      3.449123      3.470399
   1.51417      3.628551      3.512733
   1.56148      3.789284      3.555340
   1.60880      3.926631      3.666052
   1.65612      4.035064      3.783451
   1.70344      4.106314      3.899851
   1.75076      4.123962      4.005366
   1.79807      4.059538      4.059576
   1.79807      4.059538      4.059576
   1.84539      4.005333      4.123998
   1.89271      3.899822      4.106314
   1.94003      3.783424      4.035058
   1.98734      3.666026      3.926624
   2.03466      3.555302      3.789278
   2.08198      3.512713      3.628547
   2.12930      3.470380      3.449122
   2.17661      3.425584      3.316711
   2.22393      3.381742      3.261363
   2.27125      3.323656      3.205505
   2.31857      3.275670      3.150410
   2.36589      3.231217      3.097343
   2.41320      3.189319      3.047570
   2.46052      3.151565      3.002360
   2.50784      3.119108      2.962987
   2.55516      3.092878      2.930686
   2.60247      3.073607      2.906617
   2.64979      3.061829      2.891738
   2.69711      3.057867      2.886702
   2.69711      3.057867      2.886702
   2.74443      3.058850      2.889225
   2.79174      3.061741      2.896662
   2.83906      3.066350      2.908647
   2.88638      3.071956      2.924605
   2.93370      2.994072      2.943807
   2.98102      2.968270      2.965425
   3.02833      3.074650      2.988596
   3.07565      3.107017      3.071007
   3.12297      3.116264      3.181302
   3.17029      3.125253      3.291330
   3.21760      3.133767      3.295712
   3.26492      3.141624      3.211756
   3.31224      3.148679      3.142085
   3.35956      3.154814      3.134078
   3.40687      3.159941      3.146605
   3.45419      3.163991      3.156487
   3.50151      3.166916      3.163588
   3.54883      3.168684      3.167860
   3.59615      3.169276      3.169287
   3.59615      3.169276      3.169287
   3.66306      3.167342      3.167354
   3.72998      3.162569      3.162584
   3.79690      3.158234      3.158256
   3.86381      3.160136      3.160166
   3.93073      3.175144      3.175182
   3.99765      3.206861      3.206903
   4.06457      3.254291      3.254333
   4.13148      3.315154      3.315196
   4.19840      3.387633      3.387674
   4.26532      3.470072      3.470111
   4.33224      3.560318      3.560356
   4.39915      3.575443      3.575466
   4.46607      3.613450      3.613462
   4.53299      3.698344      3.698349
   4.59991      3.824185      3.824184
   4.66682      3.962920      3.962917
   4.73374      4.041036      4.041070
   4.80066      4.061105      4.061141
   4.86757      4.059538      4.059576
 
# Band-Index   18
   4.86757      4.139272      4.139291
   4.80066      4.134539      4.134548
   4.73374      4.078999      4.078994
   4.66682      3.993333      3.993367
   4.59991      3.925249      3.925283
   4.53299      3.842707      3.842742
   4.46607      3.751020      3.751056
   4.39915      3.655308      3.655345
   4.33224      3.573049      3.573081
   4.26532      3.592981      3.593022
   4.19840      3.625624      3.625672
   4.13148      3.664682      3.664736
   4.06457      3.705998      3.706057
   3.99765      3.746702      3.746765
   3.93073      3.784612      3.784679
   3.86381      3.817735      3.817804
   3.79690      3.843634      3.843707
   3.72998      3.858157      3.858231
   3.66306      3.855657      3.855722
   3.59615      3.848314      3.848366
   3.59615      3.848314      3.848366
   3.54883      3.873222      3.842528
   3.50151      3.901669      3.822473
   3.45419      3.874689      3.785947
   3.40687      3.825823      3.733577
   3.35956      3.762444      3.666850
   3.31224      3.686660      3.587381
   3.26492      3.600122      3.496926
   3.21760      3.504562      3.397470
   3.17029      3.401917      3.392941
   3.12297      3.294367      3.501699
   3.07565      3.184364      3.619285
   3.02833      3.097774      3.742094
   2.98102      3.088841      3.865721
   2.93370      3.080682      3.985067
   2.88638      3.112703      4.094496
   2.83906      3.213411      4.188087
   2.79174      3.290861      4.260101
   2.74443      3.339524      4.305586
   2.69711      3.356125      4.321153
   2.69711      3.356125      4.321153
   2.64979      3.356037      4.321084
   2.60247      3.355790      4.320889
   2.55516      3.355386      4.320566
   2.50784      3.354854      4.320131
   2.46052      3.354233      4.319596
   2.41320      3.353597      4.318982
   2.36589      3.353095      4.318305
   2.31857      3.353205      4.317592
   2.27125      3.356677      4.316855
   2.22393      3.453520      4.316120
   2.17661      3.582164      4.315408
   2.12930      3.706236      4.314738
   2.08198      3.822302      4.314126
   2.03466      3.926809      4.313584
   1.98734      4.015919      4.278736
   1.94003      4.084842      4.241168
   1.89271      4.126481      4.224689
   1.84539      4.138790      4.134692
   1.79807      4.139272      4.139291
   1.79807      4.139272      4.139291
   1.75076      4.134679      4.138805
   1.70344      4.224656      4.126485
   1.65612      4.241129      4.084838
   1.60880      4.278696      4.015914
   1.56148      4.313565      3.926805
   1.51417      4.314107      3.822299
   1.46685      4.314719      3.706234
   1.41953      4.315390      3.582163
   1.37221      4.316101      3.453520
   1.32490      4.316836      3.356662
   1.27758      4.317573      3.353183
   1.23026      4.318286      3.353071
   1.18294      4.318963      3.353573
   1.13562      4.319577      3.354208
   1.08831      4.320112      3.354830
   1.04099      4.320547      3.355361
   0.99367      4.320870      3.355766
   0.94635      4.321065      3.356012
   0.89904      4.321134      3.356101
   0.89904      4.321134      3.356101
   0.85172      4.305568      3.339499
   0.80440      4.260082      3.290837
   0.75708      4.188068      3.213386
   0.70977      4.094476      3.112675
   0.66245      3.985048      3.080696
   0.61513      3.865701      3.088856
   0.56781      3.742074      3.097788
   0.52049      3.619265      3.184370
   0.47318      3.501679      3.294373
   0.42586      3.392921      3.401923
   0.37854      3.397464      3.504568
   0.33122      3.496918      3.600128
   0.28391      3.587372      3.686667
   0.23659      3.666839      3.762453
   0.18927      3.733563      3.825835
   0.14195      3.785926      3.874710
   0.09464      3.822442      3.901721
   0.04732      3.842483      3.873285
   0.00000      3.848314      3.848366
 
# Band-Index   19
   0.00000      3.959017      3.958980
   0.04732      3.969598      3.957351
   0.09464      4.004686      3.995943
   0.14195      4.068451      4.125930
   0.18927      4.162022      4.303102
   0.23659      4.284089      4.509237
   0.28391      4.430874      4.732824
   0.33122      4.596497      4.964769
   0.37854      4.773951      5.197677
   0.42586      4.956141      5.425402
   0.47318      5.136521      5.642731
   0.52049      5.309421      5.845243
   0.56781      5.470122      6.029261
   0.61513      5.614858      6.191873
   0.66245      5.740752      6.330954
   0.70977      5.845733      6.445112
   0.75708      5.928403      6.521885
   0.80440      5.987904      6.419436
   0.85172      6.023752      6.355026
   0.89904      6.035725      6.333367
   0.89904      6.035725      6.333367
   0.94635      5.997929      6.260644
   0.99367      5.900473      6.120123
   1.04099      5.769299      5.963239
   1.08831      5.621135      5.800807
   1.13562      5.465034      5.636216
   1.18294      5.306487      5.471472
   1.23026      5.149506      5.308394
   1.27758      4.997459      5.148891
   1.32490      4.853400      4.995038
   1.37221      4.720089      4.849062
   1.41953      4.599931      4.713303
   1.46685      4.494804      4.590109
   1.51417      4.405929      4.481703
   1.56148      4.333848      4.390060
   1.60880      4.313105      4.316961
   1.65612      4.312725      4.264686
   1.70344      4.268619      4.237594
   1.75076      4.230966      4.235215
   1.79807      4.238247      4.238260
   1.79807      4.238247      4.238260
   1.84539      4.235197      4.230985
   1.89271      4.237564      4.268654
   1.94003      4.264648      4.312744
   1.98734      4.316922      4.313124
   2.03466      4.390020      4.333888
   2.08198      4.481663      4.405968
   2.12930      4.590070      4.494842
   2.17661      4.713265      4.599967
   2.22393      4.849025      4.720123
   2.27125      4.995002      4.853431
   2.31857      5.148856      4.997488
   2.36589      5.308362      5.149532
   2.41320      5.471442      5.306509
   2.46052      5.636188      5.465053
   2.50784      5.800782      5.621151
   2.55516      5.963217      5.769311
   2.60247      6.120104      5.900481
   2.64979      6.260629      5.997933
   2.69711      6.333354      6.035727
   2.69711      6.333354      6.035727
   2.74443      6.355012      6.023754
   2.79174      6.419422      5.987906
   2.83906      6.521864      5.928406
   2.88638      6.445098      5.845735
   2.93370      6.330941      5.740755
   2.98102      6.191860      5.614860
   3.02833      6.029249      5.470125
   3.07565      5.845231      5.309423
   3.12297      5.642720      5.136524
   3.17029      5.425391      4.956143
   3.21760      5.197667      4.773954
   3.26492      4.964760      4.596499
   3.31224      4.732816      4.430876
   3.35956      4.509231      4.284089
   3.40687      4.303099      4.162020
   3.45419      4.125936      4.068443
   3.50151      3.995980      4.004668
   3.54883      3.957401      3.969567
   3.59615      3.959017      3.958980
   3.59615      3.959017      3.958980
   3.66306      3.979001      3.978954
   3.72998      4.059099      4.059055
   3.79690      4.209669      4.209644
   3.86381      4.414908      4.414900
   3.93073      4.651121      4.651125
   3.99765      4.889073      4.889085
   4.06457      5.093757      5.093776
   4.13148      5.226442      5.226465
   4.19840      5.257507      5.257534
   4.26532      5.187383      5.187414
   4.33224      5.047204      5.047238
   4.39915      4.875224      4.875261
   4.46607      4.700478      4.700517
   4.53299      4.541204      4.541245
   4.59991      4.407974      4.408016
   4.66682      4.306589      4.306630
   4.73374      4.242044      4.242084
   4.80066      4.227576      4.227600
   4.86757      4.238247      4.238260
 
# Band-Index   20
   4.86757      4.312290      4.312310
   4.80066      4.376924      4.376946
   4.73374      4.545791      4.545820
   4.66682      4.767502      4.767540
   4.59991      5.012066      5.012113
   4.53299      5.267423      5.267480
   4.46607      5.529432      5.529499
   4.39915      5.797882      5.797958
   4.33224      6.074582      6.074666
   4.26532      6.362138      6.362228
   4.19840      6.663138      6.663232
   4.13148      6.979635      6.979730
   4.06457      7.312827      7.312921
   3.99765      7.662787      7.662878
   3.93073      8.028120      8.028206
   3.86381      8.405368      8.405447
   3.79690      8.787726      8.787797
   3.72998      9.161546      9.161608
   3.66306      9.492378      9.492429
   3.59615      9.657906      9.657950
   3.59615      9.657906      9.657950
   3.54883      9.571045      9.570970
   3.50151      9.384080      9.391193
   3.45419      9.169706      9.190641
   3.40687      8.952370      8.990651
   3.35956      8.740333      8.798037
   3.31224      8.537033      8.615580
   3.26492      8.344216      8.444664
   3.21760      8.162948      8.286085
   3.17029      7.994014      8.140356
   3.12297      7.838087      8.007831
   3.07565      7.565500      7.842549
   3.02833      7.302258      7.614756
   2.98102      7.062417      7.408906
   2.93370      6.850345      7.228380
   2.88638      6.670231      7.076242
   2.83906      6.537644      6.955110
   2.79174      6.597478      6.867076
   2.74443      6.635125      6.813649
   2.69711      6.647653      6.795741
   2.69711      6.647653      6.795741
   2.64979      6.721497      6.829315
   2.60247      6.864937      6.911005
   2.55516      6.718111      6.964699
   2.50784      6.518125      6.747903
   2.46052      6.320064      6.534044
   2.41320      6.128261      6.325953
   2.36589      5.944378      6.124250
   2.31857      5.768836      5.928508
   2.27125      5.601421      5.737727
   2.22393      5.441580      5.550581
   2.17661      5.288576      5.365599
   2.12930      5.141588      5.181365
   2.08198      4.999798      4.996767
   2.03466      4.862479      4.811324
   1.98734      4.729153      4.625666
   1.94003      4.599932      4.442459
   1.89271      4.476615      4.312594
   1.84539      4.367570      4.312368
   1.79807      4.312290      4.312310
   1.79807      4.312290      4.312310
   1.75076      4.312349      4.367594
   1.70344      4.312575      4.476645
   1.65612      4.442421      4.599966
   1.60880      4.625623      4.729192
   1.56148      4.811275      4.862523
   1.51417      4.996712      4.999847
   1.46685      5.181303      5.141641
   1.41953      5.365530      5.288633
   1.37221      5.550506      5.441641
   1.32490      5.737647      5.601485
   1.27758      5.928423      5.768903
   1.23026      6.124161      5.944447
   1.18294      6.325862      6.128331
   1.13562      6.533951      6.320135
   1.08831      6.747811      6.518196
   1.04099      6.964608      6.718180
   0.99367      6.910972      6.864949
   0.94635      6.829286      6.721510
   0.89904      6.795711      6.647668
   0.89904      6.795711      6.647668
   0.85172      6.813619      6.635140
   0.80440      6.867046      6.597493
   0.75708      6.955079      6.537651
   0.70977      7.076211      6.670246
   0.66245      7.228347      6.850362
   0.61513      7.408872      7.062435
   0.56781      7.614720      7.302278
   0.52049      7.842510      7.565523
   0.47318      8.007759      7.838150
   0.42586      8.140286      7.994078
   0.37854      8.286017      8.163012
   0.33122      8.444597      8.344279
   0.28391      8.615516      8.537095
   0.23659      8.797975      8.740394
   0.18927      8.990592      8.952430
   0.14195      9.190585      9.169763
   0.09464      9.391141      9.384133
   0.04732      9.570922      9.571094
   0.00000      9.657906      9.657950
 
# Band-Index   21
   0.00000     10.269433     10.269494
   0.04732     10.349814     10.242194
   0.09464     10.265752     10.165199
   0.14195     10.050337     10.002874
   0.18927      9.765848      9.701953
   0.23659      9.477029      9.392393
   0.28391      9.188309      9.078581
   0.33122      8.902441      8.763698
   0.37854      8.621953      8.451034
   0.42586      8.349646      8.144326
   0.47318      8.088682      7.847698
   0.52049      7.888697      7.695879
   0.56781      7.783295      7.567931
   0.61513      7.691702      7.455000
   0.66245      7.614036      7.357804
   0.70977      7.550384      7.277055
   0.75708      7.500814      7.213426
   0.80440      7.465375      7.167506
   0.85172      7.444099      7.139758
   0.89904      7.437004      7.130475
   0.89904      7.437004      7.130474
   0.94635      7.356078      7.065031
   0.99367      7.175860      6.909359
   1.04099      7.002999      7.023564
   1.08831      7.063141      7.170478
   1.13562      7.054893      7.225226
   1.18294      6.980741      7.125973
   1.23026      6.870935      6.977429
   1.27758      6.748448      6.825760
   1.32490      6.625024      6.681276
   1.37221      6.506576      6.547337
   1.41953      6.396375      6.425522
   1.46685      6.296421      6.316777
   1.51417      6.208031      6.221741
   1.56148      6.132113      6.140860
   1.60880      6.069310      6.074433
   1.65612      6.020072      6.022649
   1.70344      5.984706      5.985614
   1.75076      5.963413      5.963380
   1.79807      5.956304      5.955967
   1.79807      5.956304      5.955967
   1.84539      5.963716      5.963078
   1.89271      5.985946      5.984375
   1.94003      6.022976      6.019748
   1.98734      6.074751      6.068996
   2.03466      6.141168      6.131813
   2.08198      6.222036      6.207747
   2.12930      6.317056      6.296158
   2.17661      6.425782      6.396137
   2.22393      6.547576      6.506368
   2.27125      6.681490      6.624851
   2.31857      6.825944      6.748316
   2.36589      6.977577      6.870850
   2.41320      7.126070      6.980709
   2.46052      7.225247      7.054910
   2.50784      7.170463      7.063182
   2.55516      7.023550      7.003038
   2.60247      6.909292      7.175948
   2.64979      7.064968      7.356161
   2.69711      7.130414      7.437083
   2.69711      7.130414      7.437083
   2.74443      7.139697      7.444177
   2.79174      7.167446      7.465453
   2.83906      7.213364      7.500892
   2.88638      7.276993      7.550461
   2.93370      7.357742      7.614112
   2.98102      7.454938      7.691778
   3.02833      7.567868      7.783369
   3.07565      7.695816      7.888770
   3.12297      7.847672      8.088723
   3.17029      8.144296      8.349691
   3.21760      8.451000      8.622002
   3.26492      8.763659      8.902494
   3.31224      9.078538      9.188366
   3.35956      9.392345      9.477089
   3.40687      9.701902      9.765908
   3.45419     10.002822     10.050402
   3.50151     10.165126     10.265844
   3.54883     10.242130     10.349896
   3.59615     10.269433     10.269494
   3.59615     10.269433     10.269494
   3.66306     10.313412     10.313476
   3.72998      9.834614      9.834687
   3.79690      9.340048      9.340122
   3.86381      8.864197      8.864270
   3.93073      8.419679      8.419749
   3.99765      8.016740      8.016806
   4.06457      7.666393      7.666450
   4.13148      7.378009      7.378047
   4.19840      7.149454      7.149456
   4.26532      6.959709      6.959655
   4.33224      6.784174      6.784056
   4.39915      6.613943      6.613765
   4.46607      6.452907      6.452681
   4.53299      6.307875      6.307610
   4.59991      6.184274      6.183982
   4.66682      6.085644      6.085331
   4.73374      6.014094      6.013768
   4.80066      5.970793      5.970458
   4.86757      5.956304      5.955967
 
# Band-Index   22
   4.86757      6.479350      6.479502
   4.80066      6.502373      6.502523
   4.73374      6.571378      6.571523
   4.66682      6.686040      6.686178
   4.59991      6.845424      6.845551
   4.53299      7.047565      7.047680
   4.46607      7.289253      7.289354
   4.39915      7.566206      7.566293
   4.33224      7.873599      7.873675
   4.26532      8.206655      8.206720
   4.19840      8.440304      8.439652
   4.13148      8.672605      8.671981
   4.06457      8.963822      8.963250
   3.99765      9.307079      9.306577
   3.93073      9.688461      9.688049
   3.86381     10.087137     10.086849
   3.79690     10.419334     10.419399
   3.72998     10.359908     10.359974
   3.66306     10.319023     10.319086
   3.59615     10.380037     10.380115
   3.59615     10.380037     10.380115
   3.54883     10.475758     10.367021
   3.50151     10.285269     10.308780
   3.45419     10.050095     10.094488
   3.40687      9.904032      9.878803
   3.35956      9.697367      9.669163
   3.31224      9.501269      9.469235
   3.26492      9.317755      9.281192
   3.21760      9.148018      9.106373
   3.17029      8.992798      8.945645
   3.12297      8.852562      8.799578
   3.07565      8.727601      8.668552
   3.02833      8.618071      8.552817
   2.98102      8.524006      8.452522
   2.93370      8.430105      8.367741
   2.88638      8.327932      8.298486
   2.83906      8.243155      8.244726
   2.79174      8.179220      8.206400
   2.74443      8.139318      8.183440
   2.69711      8.125738      8.175793
   2.69711      8.125738      8.175793
   2.64979      8.186137      8.129558
   2.60247      8.011258      8.025061
   2.55516      7.823039      7.917636
   2.50784      7.660650      7.853996
   2.46052      7.608634      7.865203
   2.41320      7.726348      7.930345
   2.36589      7.891855      7.985091
   2.31857      7.699876      7.836701
   2.27125      7.499551      7.620533
   2.22393      7.314411      7.418032
   2.17661      7.145537      7.231071
   2.12930      6.993880      7.061474
   2.08198      6.860324      6.911006
   2.03466      6.745701      6.781277
   1.98734      6.650771      6.673631
   1.94003      6.576200      6.589083
   1.89271      6.522531      6.528312
   1.84539      6.490166      6.491719
   1.79807      6.479350      6.479502
   1.79807      6.479350      6.479502
   1.75076      6.491568      6.490317
   1.70344      6.528163      6.522681
   1.65612      6.588939      6.576346
   1.60880      6.673494      6.650913
   1.56148      6.781148      6.745838
   1.51417      6.910886      6.860456
   1.46685      7.061364      6.994006
   1.41953      7.230971      7.145657
   1.37221      7.417942      7.314525
   1.32490      7.620453      7.499660
   1.27758      7.836630      7.699979
   1.23026      7.985561      7.891657
   1.18294      7.930701      7.726215
   1.13562      7.865467      7.608490
   1.08831      7.854176      7.660525
   1.04099      7.917730      7.822965
   0.99367      8.025075      8.011237
   0.94635      8.129504      8.186175
   0.89904      8.175705      8.125836
   0.89904      8.175705      8.125836
   0.85172      8.183352      8.139415
   0.80440      8.206312      8.179319
   0.75708      8.244638      8.243257
   0.70977      8.298397      8.328036
   0.66245      8.367651      8.430212
   0.61513      8.452431      8.524094
   0.56781      8.552725      8.618161
   0.52049      8.668460      8.727693
   0.47318      8.799484      8.852656
   0.42586      8.945550      8.992894
   0.37854      9.106277      9.148115
   0.33122      9.281095      9.317854
   0.28391      9.469139      9.501369
   0.23659      9.669066      9.697468
   0.18927      9.878709      9.904133
   0.14195     10.094395     10.050178
   0.09464     10.308685     10.285321
   0.04732     10.366963     10.475832
   0.00000     10.380037     10.380115
 
# Band-Index   23
   0.00000     10.624311     10.624374
   0.04732     10.507971     10.519744
   0.09464     10.320926     10.331519
   0.14195     10.142679     10.117774
   0.18927      9.995664      9.909985
   0.23659      9.836143      9.755226
   0.28391      9.671796      9.593534
   0.33122      9.507558      9.430065
   0.37854      9.346576      9.268228
   0.42586      9.190887      9.110292
   0.47318      9.041884      8.957857
   0.52049      8.900642      8.812206
   0.56781      8.768192      8.674613
   0.61513      8.645760      8.546611
   0.66245      8.534983      8.445403
   0.70977      8.438062      8.381866
   0.75708      8.357766      8.333141
   0.80440      8.297219      8.298799
   0.85172      8.259409      8.278412
   0.89904      8.246535      8.271657
   0.89904      8.246535      8.271657
   0.94635      8.335766      8.201211
   0.99367      8.534739      8.381138
   1.04099      8.733889      8.571969
   1.08831      8.734278      8.567266
   1.13562      8.535925      8.368210
   1.18294      8.300219      8.139172
   1.23026      8.064327      7.914027
   1.27758      7.985504      8.001345
   1.32490      7.939963      7.994307
   1.37221      7.874276      7.925777
   1.41953      7.803778      7.844200
   1.46685      7.735780      7.765300
   1.51417      7.673828      7.694260
   1.56148      7.619773      7.633076
   1.60880      7.574657      7.582599
   1.65612      7.539100      7.543195
   1.70344      7.513481      7.515011
   1.75076      7.498029      7.498097
   1.79807      7.492865      7.492459
   1.79807      7.492865      7.492459
   1.84539      7.498504      7.497621
   1.89271      7.515423      7.513069
   1.94003      7.543613      7.538680
   1.98734      7.583026      7.574226
   2.03466      7.633515      7.619327
   2.08198      7.694712      7.673364
   2.12930      7.765769      7.735295
   2.17661      7.844684      7.803269
   2.22393      7.926273      7.873743
   2.27125      7.994786      7.939413
   2.31857      8.001712      7.984964
   2.36589      7.913928      8.064391
   2.41320      8.139077      8.300278
   2.46052      8.368116      8.535983
   2.50784      8.567169      8.734348
   2.55516      8.571874      8.733992
   2.60247      8.381046      8.534853
   2.64979      8.201116      8.335887
   2.69711      8.271577      8.246661
   2.69711      8.271577      8.246661
   2.74443      8.278332      8.259535
   2.79174      8.298718      8.297346
   2.83906      8.333058      8.357895
   2.88638      8.381782      8.438193
   2.93370      8.445316      8.535118
   2.98102      8.546500      8.645897
   3.02833      8.674500      8.768330
   3.07565      8.812091      8.900782
   3.12297      8.957741      9.042025
   3.17029      9.110176      9.191028
   3.21760      9.268112      9.346713
   3.26492      9.429953      9.507694
   3.31224      9.593426      9.671927
   3.35956      9.755125      9.836266
   3.40687      9.909891      9.995778
   3.45419     10.117675     10.142782
   3.50151     10.331427     10.320986
   3.54883     10.519684     10.508052
   3.59615     10.624315     10.624375
   3.59615     10.624315     10.624375
   3.66306     10.461398     10.461474
   3.72998     10.608857     10.608946
   3.79690     10.464099     10.463972
   3.86381     10.425107     10.425204
   3.93073     10.089449     10.089528
   3.99765      9.707062      9.707126
   4.06457      9.316757      9.316813
   4.13148      8.932506      8.932561
   4.19840      8.560984      8.561042
   4.26532      8.259974      8.259329
   4.33224      8.112181      8.111571
   4.39915      7.980669      7.980105
   4.46607      7.860512      7.859992
   4.53299      7.753301      7.752818
   4.59991      7.661977      7.661523
   4.66682      7.588952      7.588519
   4.73374      7.535850      7.535432
   4.80066      7.503650      7.503241
   4.86757      7.492865      7.492459
 
# Band-Index   24
   4.86757      9.423706      9.423003
   4.80066      9.442297      9.441595
   4.73374      9.498059      9.497358
   4.66682      9.590950      9.590251
   4.59991      9.720865      9.720169
   4.53299      9.887576      9.886885
   4.46607     10.090604     10.089917
   4.39915      9.877274      9.877295
   4.33224      9.667312      9.667312
   4.26532      9.547059      9.547026
   4.19840      9.538832      9.538750
   4.13148      9.635660      9.635514
   4.06457      9.813514      9.813302
   3.99765     10.048784     10.048503
   3.93073     10.323713     10.323359
   3.86381     10.502414     10.502480
   3.79690     10.628626     10.628734
   3.72998     10.647807     10.647889
   3.66306     10.637235     10.637319
   3.59615     10.647645     10.647695
   3.59615     10.647645     10.647695
   3.54883     10.530299     10.546704
   3.50151     10.687679     10.577745
   3.45419     10.935934     10.826791
   3.40687     10.917135     10.926304
   3.35956     10.653753     10.682964
   3.31224     10.400353     10.444466
   3.26492     10.163059     10.217747
   3.21760      9.944830     10.006568
   3.17029      9.746910      9.813008
   3.12297      9.569613      9.638245
   3.07565      9.412685      9.482624
   3.02833      9.275690      9.346220
   2.98102      9.158118      9.228833
   2.93370      9.059487      9.130172
   2.88638      8.979370      9.049921
   2.83906      8.917416      8.987837
   2.79174      8.873357      8.943667
   2.74443      8.847047      8.917235
   2.69711      8.838280      8.908440
   2.69711      8.838280      8.908440
   2.64979      8.912694      8.938574
   2.60247      9.019691      8.975512
   2.55516      9.008327      8.948465
   2.50784      8.894438      8.869169
   2.46052      8.753541      8.783719
   2.41320      8.621297      8.733363
   2.36589      8.527072      8.761941
   2.31857      8.532979      8.894597
   2.27125      8.691399      9.110578
   2.22393      8.943295      9.377013
   2.17661      9.236425      9.671795
   2.12930      9.550310      9.894617
   2.08198      9.745062      9.769906
   2.03466      9.646957      9.664111
   1.98734      9.566629      9.577403
   1.94003      9.504117      9.509887
   1.89271      9.459449      9.461628
   1.84539      9.432642      9.432660
   1.79807      9.423706      9.423003
   1.79807      9.423706      9.423003
   1.75076      9.433363      9.431940
   1.70344      9.462329      9.458747
   1.65612      9.510588      9.503416
   1.60880      9.578102      9.565929
   1.56148      9.664808      9.646259
   1.51417      9.770600      9.744366
   1.46685      9.895308      9.550322
   1.41953      9.671771      9.236431
   1.37221      9.376998      8.943290
   1.32490      9.110583      8.691352
   1.27758      8.894652      8.532789
   1.23026      8.762110      8.526681
   1.18294      8.733686      8.620798
   1.13562      8.784165      8.752991
   1.08831      8.869674      8.893875
   1.04099      8.948950      9.007827
   0.99367      8.975881      9.019382
   0.94635      8.938826      8.912492
   0.89904      8.908664      8.838025
   0.89904      8.908664      8.838025
   0.85172      8.917462      8.846798
   0.80440      8.943893      8.873156
   0.75708      8.988064      8.917213
   0.70977      9.050149      8.979164
   0.66245      9.130383      9.059279
   0.61513      9.229045      9.157909
   0.56781      9.346435      9.275478
   0.52049      9.482831      9.412468
   0.47318      9.638418      9.569386
   0.42586      9.813171      9.746676
   0.37854     10.006675      9.944565
   0.33122     10.217859     10.162777
   0.28391     10.444596     10.400065
   0.23659     10.683066     10.653451
   0.18927     10.926526     10.916808
   0.14195     10.826739     10.936005
   0.09464     10.577691     10.687749
   0.04732     10.546643     10.530369
   0.00000     10.647644     10.647693
 
# Band-Index   25
   0.00000     10.827515     10.827615
   0.04732     10.909232     10.903386
   0.09464     11.013747     10.992484
   0.14195     11.097931     11.060969
   0.18927     11.082096     11.119289
   0.23659     11.200396     11.162320
   0.28391     11.056372     11.065291
   0.33122     10.866744     10.881384
   0.37854     10.685424     10.702917
   0.42586     10.517659     10.537801
   0.47318     10.364843     10.387622
   0.52049     10.227563     10.252942
   0.56781     10.106119     10.134007
   0.61513     10.000688     10.030927
   0.66245      9.911373      9.943745
   0.70977      9.838241      9.872463
   0.75708      9.781331      9.817065
   0.80440      9.740667      9.777524
   0.85172      9.716265      9.753812
   0.89904      9.708130      9.745910
   0.89904      9.708130      9.745910
   0.94635      9.692864      9.586336
   0.99367      9.507729      9.308332
   1.04099      9.295475      9.090941
   1.08831      9.320265      9.115738
   1.13562      9.572451      9.369729
   1.18294      9.885013      9.682007
   1.23026     10.215244     10.013958
   1.27758     10.514100     10.353880
   1.32490     10.377753     10.313059
   1.37221     10.200073     10.144665
   1.41953     10.038647      9.993660
   1.46685      9.979563      9.860192
   1.51417     10.284419      9.873349
   1.56148     10.559006     10.194037
   1.60880     10.750859     10.494678
   1.65612     10.835073     10.733628
   1.70344     10.862360     10.843126
   1.75076     10.870524     10.868320
   1.79807     10.872283     10.872478
   1.79807     10.872283     10.872478
   1.84539     10.868128     10.870718
   1.89271     10.842953     10.862551
   1.94003     10.733529     10.835254
   1.98734     10.494636     10.751001
   2.03466     10.194013     10.559089
   2.08198      9.873333     10.284468
   2.12930      9.860886      9.979596
   2.17661      9.994351     10.037960
   2.22393     10.145352     10.199389
   2.27125     10.313742     10.377077
   2.31857     10.353826     10.513835
   2.36589     10.013901     10.215304
   2.41320      9.681946      9.885087
   2.46052      9.369665      9.572526
   2.50784      9.115676      9.320331
   2.55516      9.090874      9.295510
   2.60247      9.308258      9.507758
   2.64979      9.586254      9.697337
   2.69711      9.821441      9.996925
   2.69711      9.821441      9.996925
   2.74443      9.830562     10.004904
   2.79174      9.857887     10.028857
   2.83906      9.903290     10.068756
   2.88638      9.966570     10.124565
   2.93370     10.047439     10.196239
   2.98102     10.145518     10.283681
   3.02833     10.260326     10.386638
   3.07565     10.391235     10.505230
   3.12297     10.537371     10.638686
   3.17029     10.697371     10.786339
   3.21760     10.868690     10.946309
   3.26492     11.007973     11.093249
   3.31224     11.081912     11.080542
   3.35956     11.167976     11.209082
   3.40687     11.119932     11.082150
   3.45419     11.061016     11.098017
   3.50151     10.992468     11.013808
   3.54883     10.903323     10.909307
   3.59615     10.827516     10.827615
   3.59615     10.827516     10.827615
   3.66306     10.873528     10.873585
   3.72998     10.748792     10.748798
   3.79690     10.663422     10.663499
   3.86381     10.624464     10.624031
   3.93073     10.599610     10.599671
   3.99765     10.702072     10.702139
   4.06457     10.706569     10.706631
   4.13148     10.709409     10.709467
   4.19840     10.715255     10.715309
   4.26532     10.729870     10.729920
   4.33224     10.600863     10.600189
   4.39915     10.328991     10.328310
   4.46607     10.135183     10.135220
   4.53299     10.395740     10.395798
   4.59991     10.618931     10.619021
   4.66682     10.771660     10.771801
   4.73374     10.843276     10.843455
   4.80066     10.867037     10.867229
   4.86757     10.872283     10.872478
 
# Band-Index   26
   4.86757     11.383514     11.383515
   4.80066     11.342141     11.342145
   4.73374     11.239605     11.239623
   4.66682     11.129262     11.129313
   4.59991     11.048344     11.048420
   4.53299     10.969582     10.969644
   4.46607     10.882360     10.882407
   4.39915     10.809401     10.809446
   4.33224     10.759388     10.759435
   4.26532     10.902268     10.901604
   4.19840     11.158201     11.158178
   4.13148     11.002340     11.002387
   4.06457     10.852586     10.852639
   3.99765     10.717558     10.717614
   3.93073     10.693159     10.693230
   3.86381     10.679591     10.679669
   3.79690     10.939470     10.938977
   3.72998     11.251066     11.250665
   3.66306     11.469713     11.469585
   3.59615     11.465527     11.465553
   3.59615     11.465527     11.465553
   3.54883     11.495696     11.471484
   3.50151     11.402596     11.364886
   3.45419     11.177726     11.162761
   3.40687     11.169838     11.168505
   3.35956     11.287837     11.281608
   3.31224     11.208577     11.263949
   3.26492     11.045335     11.110870
   3.21760     11.151126     11.333696
   3.17029     10.995079     11.186712
   3.12297     10.838901     11.036092
   3.07565     10.686289     10.906820
   3.02833     10.540891     10.761754
   2.98102     10.406291     10.629637
   2.93370     10.285921     10.510366
   2.88638     10.182918     10.407349
   2.83906     10.099971     10.323673
   2.79174     10.039217     10.261936
   2.74443     10.002163     10.224083
   2.69711      9.989711     10.210771
   2.69711      9.989711     10.210771
   2.64979      9.699829      9.780431
   2.60247      9.649862      9.702103
   2.55516      9.745031      9.809758
   2.50784      9.967772     10.004601
   2.46052     10.240457     10.243074
   2.41320     10.523020     10.492454
   2.36589     10.702201     10.724129
   2.31857     10.499597     10.628061
   2.27125     10.694651     10.903978
   2.22393     11.028663     11.081749
   2.17661     11.115401     11.101428
   2.12930     11.090347     11.105458
   2.08198     11.061745     11.112073
   2.03466     11.037836     11.146433
   1.98734     11.028641     11.254774
   1.94003     11.062832     11.450408
   1.89271     11.187529     11.447165
   1.84539     11.327073     11.399645
   1.79807     11.383514     11.383515
   1.79807     11.383514     11.383515
   1.75076     11.399644     11.327077
   1.70344     11.447164     11.187553
   1.65612     11.450388     11.062931
   1.60880     11.254712     11.028797
   1.56148     11.146311     11.038012
   1.51417     11.111917     11.061929
   1.46685     11.105286     11.090533
   1.41953     11.101253     11.115585
   1.37221     11.081577     11.028703
   1.32490     10.903919     10.694696
   1.27758     10.628402     10.498916
   1.23026     10.724019     10.701524
   1.18294     10.492370     10.523061
   1.13562     10.243039     10.240454
   1.08831     10.004649      9.967696
   1.04099      9.809941      9.744794
   0.99367      9.702470      9.649318
   0.94635      9.780396      9.697350
   0.89904      9.996870      9.821560
   0.89904      9.996870      9.821560
   0.85172     10.004855      9.830681
   0.80440     10.028804      9.858005
   0.75708     10.068700      9.903408
   0.70977     10.124510      9.966688
   0.66245     10.196180     10.047555
   0.61513     10.283620     10.145634
   0.56781     10.386693     10.260441
   0.52049     10.505165     10.391348
   0.47318     10.638625     10.537484
   0.42586     10.786265     10.697485
   0.37854     10.946227     10.868804
   0.33122     11.113091     11.045450
   0.28391     11.263863     11.208694
   0.23659     11.281536     11.287944
   0.18927     11.168529     11.169919
   0.14195     11.162834     11.177419
   0.09464     11.364901     11.402316
   0.04732     11.471481     11.495616
   0.00000     11.465521     11.465543
 
# Band-Index   27
   0.00000     11.786587     11.786543
   0.04732     11.825663     11.824566
   0.09464     11.885850     11.847564
   0.14195     11.727740     11.729618
   0.18927     11.520560     11.525005
   0.23659     11.347740     11.329810
   0.28391     11.366484     11.290722
   0.33122     11.454976     11.303214
   0.37854     11.346413     11.151121
   0.42586     11.199257     10.995069
   0.47318     11.050220     10.838890
   0.52049     10.903170     10.686280
   0.56781     10.761779     10.540885
   0.61513     10.629664     10.406290
   0.66245     10.510387     10.285926
   0.70977     10.407362     10.182928
   0.75708     10.323682     10.099987
   0.80440     10.261946     10.039232
   0.85172     10.224101     10.002181
   0.89904     10.211352      9.989732
   0.89904     10.211352      9.989732
   0.94635     10.443690     10.242083
   0.99367     10.714069     10.576646
   1.04099     10.942102     10.927837
   1.08831     11.192783     11.223639
   1.13562     11.281740     11.156988
   1.18294     11.033817     10.921024
   1.23026     10.803671     10.783910
   1.27758     10.907933     10.983076
   1.32490     11.024768     11.091441
   1.37221     11.228293     11.123978
   1.41953     11.534689     11.348137
   1.46685     11.811116     11.644000
   1.51417     11.891472     11.906954
   1.56148     11.751165     12.128822
   1.60880     11.627251     12.050990
   1.65612     11.525337     11.985579
   1.70344     11.666721     11.936306
   1.75076     11.832021     11.905691
   1.79807     11.895308     11.895312
   1.79807     11.895308     11.895312
   1.84539     11.905688     11.832025
   1.89271     11.936303     11.666729
   1.94003     11.985576     11.525339
   1.98734     12.050988     11.627252
   2.03466     12.128806     11.751166
   2.08198     11.906932     11.891473
   2.12930     11.643972     11.811152
   2.17661     11.348103     11.534734
   2.22393     11.123802     11.228346
   2.27125     11.091283     11.024929
   2.31857     10.982949     10.908073
   2.36589     10.783820     10.803016
   2.41320     10.921697     11.033159
   2.46052     11.157656     11.281087
   2.50784     11.291345     11.462183
   2.55516     10.927768     11.112389
   2.60247     10.576582     10.769663
   2.64979     10.242024     10.443709
   2.69711     10.336246     10.416432
   2.69711     10.336246     10.416432
   2.74443     10.341330     10.408110
   2.79174     10.384347     10.430977
   2.83906     10.430187     10.473568
   2.88638     10.462517     10.522327
   2.93370     10.523340     10.601680
   2.98102     10.617360     10.684952
   3.02833     10.719737     10.775188
   3.07565     10.841174     10.903146
   3.12297     10.968794     11.050196
   3.17029     11.121229     11.199242
   3.21760     11.290869     11.346400
   3.26492     11.303208     11.456127
   3.31224     11.299070     11.376813
   3.35956     11.355376     11.371667
   3.40687     11.567090     11.519814
   3.45419     11.750925     11.745081
   3.50151     11.847423     11.888516
   3.54883     11.824778     11.825777
   3.59615     11.786625     11.786628
   3.59615     11.786625     11.786628
   3.66306     11.836568     11.836514
   3.72998     11.755793     11.755863
   3.79690     11.584389     11.584395
   3.86381     11.556560     11.556551
   3.93073     11.642614     11.642590
   3.99765     11.753414     11.753310
   4.06457     11.768264     11.767882
   4.13148     11.549260     11.548655
   4.19840     11.235413     11.234825
   4.26532     11.340252     11.340287
   4.33224     11.445860     11.446039
   4.39915     11.368458     11.368631
   4.46607     11.320107     11.320262
   4.53299     11.320774     11.320889
   4.59991     11.400588     11.400649
   4.66682     11.549552     11.549580
   4.73374     11.713278     11.713291
   4.80066     11.843377     11.843384
   4.86757     11.895308     11.895312
 
# Band-Index   28
   4.86757     12.584453     12.584461
   4.80066     12.558763     12.558771
   4.73374     12.484798     12.484808
   4.66682     12.370588     12.370601
   4.59991     12.226271     12.226287
   4.53299     12.061613     12.061632
   4.46607     11.884806     11.884829
   4.39915     11.702331     11.702359
   4.33224     11.519325     11.519357
   4.26532     11.541858     11.542032
   4.19840     11.646122     11.646286
   4.13148     11.742936     11.743076
   4.06457     11.810668     11.810773
   3.99765     11.834324     11.834382
   3.93073     11.824412     11.824417
   3.86381     11.813238     11.813181
   3.79690     11.837850     11.837668
   3.72998     11.853171     11.853174
   3.66306     11.878843     11.878999
   3.59615     11.888867     11.888697
   3.59615     11.888867     11.888697
   3.54883     11.884017     11.897890
   3.50151     11.859920     11.895529
   3.45419     11.783223     11.871595
   3.40687     11.692283     11.815850
   3.35956     11.578577     11.728847
   3.31224     11.447211     11.616946
   3.26492     11.365937     11.487360
   3.21760     11.457188     11.563732
   3.17029     11.569200     11.690722
   3.12297     11.697899     11.835279
   3.07565     11.842762     11.997063
   3.02833     12.002361     12.174593
   2.98102     12.173480     12.364318
   2.93370     12.350338     12.556993
   2.88638     12.523043     12.714428
   2.83906     12.580828     12.711859
   2.79174     12.597126     12.681007
   2.74443     12.598458     12.660635
   2.69711     12.591743     12.653773
   2.69711     12.591743     12.653773
   2.64979     12.255868     12.426191
   2.60247     11.960826     12.119981
   2.55516     11.678101     11.826579
   2.50784     11.410822     11.551562
   2.46052     11.667906     11.831550
   2.41320     12.053476     12.201328
   2.36589     11.828877     11.842284
   2.31857     11.976431     12.021088
   2.27125     12.193261     12.241269
   2.22393     12.481206     12.358173
   2.17661     12.403706     12.200156
   2.12930     12.309533     12.042894
   2.08198     12.216777     12.047537
   2.03466     12.129291     12.237283
   1.98734     12.304595     12.379229
   1.94003     12.433832     12.477656
   1.89271     12.520100     12.540001
   1.84539     12.568797     12.573821
   1.79807     12.584453     12.584461
   1.79807     12.584453     12.584461
   1.75076     12.573813     12.568805
   1.70344     12.539992     12.520108
   1.65612     12.477644     12.433842
   1.60880     12.379214     12.304607
   1.56148     12.237262     12.129292
   1.51417     12.047510     12.216777
   1.46685     12.042893     12.309532
   1.41953     12.200155     12.403705
   1.37221     12.358171     12.481244
   1.32490     12.241210     12.193284
   1.27758     12.021095     11.976430
   1.23026     11.842312     11.828724
   1.18294     11.660339     11.683891
   1.13562     11.440880     11.479041
   1.08831     11.462168     11.291417
   1.04099     11.112349     10.954455
   0.99367     10.769636     10.699897
   0.94635     10.540472     10.492980
   0.89904     10.471194     10.402926
   0.89904     10.471194     10.402926
   0.85172     10.478691     10.410686
   0.80440     10.501198     10.433986
   0.75708     10.538758     10.472878
   0.70977     10.591434     10.527445
   0.66245     10.659292     10.597787
   0.61513     10.742378     10.684007
   0.56781     10.840691     10.786191
   0.52049     10.954143     10.904378
   0.47318     11.082507     11.038524
   0.42586     11.225348     11.188440
   0.37854     11.381924     11.353694
   0.33122     11.487359     11.362642
   0.28391     11.616933     11.447231
   0.23659     11.728818     11.578619
   0.18927     11.815787     11.692353
   0.14195     11.871491     11.783327
   0.09464     11.895384     11.858066
   0.04732     11.897716     11.884189
   0.00000     11.888734     11.888645
 
# Band-Index   29
   0.00000     11.895560     11.895746
   0.04732     11.908479     11.885013
   0.09464     12.013972     12.022932
   0.14195     12.102305     12.161901
   0.18927     11.883170     11.969402
   0.23659     11.750897     11.922801
   0.28391     11.730988     11.726418
   0.33122     11.551145     11.533547
   0.37854     11.563988     11.457371
   0.42586     11.690759     11.569249
   0.47318     11.835371     11.697962
   0.52049     11.997382     11.842994
   0.56781     12.175114     12.002746
   0.61513     12.364811     12.173855
   0.66245     12.558318     12.350503
   0.70977     12.715178     12.523253
   0.75708     12.711950     12.580196
   0.80440     12.681002     12.536155
   0.85172     12.660596     12.509514
   0.89904     12.653649     12.500601
   0.89904     12.653649     12.500601
   0.94635     12.426434     12.255102
   0.99367     12.120624     11.960169
   1.04099     11.827229     11.677441
   1.08831     11.552185     11.410160
   1.13562     11.831497     11.667985
   1.18294     12.201287     12.053563
   1.23026     12.575748     12.447687
   1.27758     12.658049     12.662282
   1.32490     12.512210     12.582802
   1.37221     12.512448     12.496558
   1.41953     12.816789     12.810751
   1.46685     13.128568     13.148571
   1.51417     13.416473     13.463042
   1.56148     13.634209     13.701642
   1.60880     13.726655     13.788686
   1.65612     13.690476     13.724061
   1.70344     13.588673     13.599545
   1.75076     13.489246     13.490742
   1.79807     13.447623     13.447635
   1.79807     13.447623     13.447635
   1.84539     13.490729     13.489258
   1.89271     13.599531     13.588685
   1.94003     13.724042     13.690489
   1.98734     13.788659     13.726672
   2.03466     13.701598     13.634241
   2.08198     13.462979     13.416524
   2.12930     13.148497     13.128632
   2.17661     12.810691     12.816873
   2.22393     12.496560     12.512530
   2.27125     12.582804     12.512213
   2.31857     12.662285     12.658051
   2.36589     12.447592     12.575821
   2.41320     12.473382     12.511958
   2.46052     12.437739     12.484407
   2.50784     12.472081     12.503411
   2.55516     12.543217     12.543578
   2.60247     12.623729     12.594558
   2.64979     12.685888     12.637291
   2.69711     12.734165     12.753875
   2.69711     12.734165     12.753875
   2.74443     12.743968     12.755778
   2.79174     12.730111     12.782059
   2.83906     12.673455     12.825387
   2.88638     12.641613     12.828318
   2.93370     12.717911     12.853735
   2.98102     12.807275     12.927789
   3.02833     12.904202     13.018842
   3.07565     12.993953     13.123061
   3.12297     13.031098     13.079773
   3.17029     12.922693     12.761375
   3.21760     12.672145     12.443565
   3.26492     12.376654     12.134322
   3.31224     12.098456     11.863449
   3.35956     11.922766     11.750941
   3.40687     11.969331     11.883240
   3.45419     12.161810     12.102389
   3.50151     12.023434     12.014354
   3.54883     11.885248     11.908539
   3.59615     11.895561     11.895746
   3.59615     11.895561     11.895746
   3.66306     11.943788     11.943665
   3.72998     11.967001     11.966591
   3.79690     11.903868     11.903739
   3.86381     11.953772     11.953792
   3.93073     12.036620     12.036625
   3.99765     12.151251     12.151261
   4.06457     12.299428     12.299458
   4.13148     12.478896     12.478968
   4.19840     12.694202     12.694249
   4.26532     12.934397     12.934456
   4.33224     13.194769     13.194830
   4.39915     13.463629     13.463690
   4.46607     13.719593     13.719648
   4.53299     13.922655     13.922694
   4.59991     14.008818     14.008835
   4.66682     13.928525     13.928528
   4.73374     13.729699     13.729702
   4.80066     13.531349     13.531357
   4.86757     13.447623     13.447635
 
# Band-Index   30
   4.86757     14.052628     14.052427
   4.80066     14.068404     14.068202
   4.73374     14.115911     14.115708
   4.66682     14.195431     14.195228
   4.59991     14.306746     14.306542
   4.53299     14.164202     14.164214
   4.46607     13.932415     13.932453
   4.39915     13.682385     13.682518
   4.33224     13.313726     13.313858
   4.26532     12.982916     12.983044
   4.19840     12.697147     12.697266
   4.13148     12.481128     12.481165
   4.06457     12.422798     12.422646
   3.99765     12.656679     12.656252
   3.93073     12.935367     12.935566
   3.86381     12.777999     12.778140
   3.79690     12.550757     12.550911
   3.72998     12.436646     12.436797
   3.66306     12.348093     12.347506
   3.59615     12.562672     12.561963
   3.59615     12.562672     12.561963
   3.54883     12.475934     12.494073
   3.50151     12.366259     12.352995
   3.45419     12.266988     12.260398
   3.40687     12.519050     12.107681
   3.35956     12.940711     12.974868
   3.31224     13.329428     13.365360
   3.26492     13.516845     13.523203
   3.21760     13.495119     13.469772
   3.17029     13.393283     13.358294
   3.12297     13.278712     13.237926
   3.07565     13.168254     13.218187
   3.02833     13.067349     13.146461
   2.98102     12.973095     13.057237
   2.93370     12.878669     12.967753
   2.88638     12.800062     12.884598
   2.83906     12.738167     12.964156
   2.79174     12.843941     13.112323
   2.74443     12.923195     13.214003
   2.69711     12.951542     13.250328
   2.69711     12.951542     13.250328
   2.64979     12.946730     13.240863
   2.60247     12.934236     13.212581
   2.55516     12.913707     13.165326
   2.50784     12.883409     13.099144
   2.46052     12.843321     13.014287
   2.41320     12.793131     12.911506
   2.36589     12.732614     12.792109
   2.31857     12.848188     12.951697
   2.27125     13.252590     13.325237
   2.22393     13.657118     13.692015
   2.17661     14.056605     14.044997
   2.12930     14.410817     14.331711
   2.08198     14.329490     14.327049
   2.03466     14.245560     14.249254
   1.98734     14.176334     14.179561
   1.94003     14.122303     14.124208
   1.89271     14.083623     14.084387
   1.84539     14.060382     14.060424
   1.79807     14.052628     14.052427
   1.79807     14.052628     14.052427
   1.75076     14.060626     14.060180
   1.70344     14.084589     14.083422
   1.65612     14.124411     14.122101
   1.60880     14.179764     14.176132
   1.56148     14.249458     14.245356
   1.51417     14.327246     14.329284
   1.46685     14.331736     14.410693
   1.41953     14.044874     14.056754
   1.37221     13.691894     13.657257
   1.32490     13.325131     13.252716
   1.27758     12.951608     12.848302
   1.23026     12.783969     12.732063
   1.18294     12.597872     12.541821
   1.13562     12.515263     12.464400
   1.08831     12.510137     12.482841
   1.04099     12.546554     12.548472
   0.99367     12.596374     12.626563
   0.94635     12.637640     12.689736
   0.89904     12.699375     12.657045
   0.89904     12.699375     12.657045
   0.85172     12.707505     12.666031
   0.80440     12.731851     12.692922
   0.75708     12.772250     12.673678
   0.70977     12.828347     12.640983
   0.66245     12.853661     12.717286
   0.61513     12.927703     12.806657
   0.56781     13.018710     12.903603
   0.52049     13.122984     12.993403
   0.47318     13.043424     13.030689
   0.42586     12.760044     12.922511
   0.37854     12.443484     12.672093
   0.33122     12.134357     12.376647
   0.28391     11.863424     12.098469
   0.23659     11.918624     11.929553
   0.18927     12.108199     12.136161
   0.14195     12.242337     12.258402
   0.09464     12.352901     12.319416
   0.04732     12.455898     12.429783
   0.00000     12.563139     12.561629
 
# Band-Index   31
   0.00000     12.866777     12.866931
   0.04732     12.623236     12.671381
   0.09464     12.394560     12.406554
   0.14195     12.387664     12.412814
   0.18927     12.657479     12.647791
   0.23659     13.002756     12.987844
   0.28391     13.359658     13.325316
   0.33122     13.519724     13.513251
   0.37854     13.469980     13.494418
   0.42586     13.358224     13.393611
   0.47318     13.237836     13.279247
   0.52049     13.142260     13.168770
   0.56781     13.074309     13.067818
   0.61513     12.983393     12.972444
   0.66245     12.899368     12.878016
   0.70977     12.828974     12.799407
   0.75708     12.886239     12.737509
   0.80440     12.839949     12.730443
   0.85172     12.811954     12.719840
   0.89904     12.802588     12.714337
   0.89904     12.802588     12.714337
   0.94635     13.087036     12.916741
   0.99367     13.212602     12.934932
   1.04099     13.165369     12.913765
   1.08831     13.099206     12.883422
   1.13562     13.014375     12.843376
   1.18294     12.911574     12.793217
   1.23026     12.792217     12.746735
   1.27758     13.062359     13.048310
   1.32490     13.400955     13.405871
   1.37221     13.774851     13.793863
   1.41953     14.165991     14.196883
   1.46685     14.548070     14.467724
   1.51417     14.784613     14.761943
   1.56148     14.762620     14.681378
   1.60880     14.772109     14.691352
   1.65612     14.848105     14.797311
   1.70344     14.932239     14.909802
   1.75076     14.986901     14.981279
   1.79807     15.004954     15.004697
   1.79807     15.004954     15.004697
   1.84539     14.981523     14.986657
   1.89271     14.910007     14.932032
   1.94003     14.797455     14.847960
   1.98734     14.691441     14.772035
   2.03466     14.681448     14.762576
   2.08198     14.762052     14.784435
   2.12930     14.467632     14.547479
   2.17661     14.545855     14.605866
   2.22393     14.672158     14.733542
   2.27125     14.809302     14.879606
   2.31857     14.945291     15.026622
   2.36589     15.081695     15.074813
   2.41320     15.049848     14.998334
   2.46052     14.813143     14.785868
   2.50784     14.589289     14.584741
   2.55516     14.388193     14.405722
   2.60247     14.222594     14.260066
   2.64979     14.106956     14.164542
   2.69711     16.563396     14.131259
   2.69711     16.563396     14.131259
   2.74443     16.496610     14.134563
   2.79174     14.081396     14.146358
   2.83906     12.803537     14.165752
   2.88638     12.842089     14.192287
   2.93370     12.902699     14.226279
   2.98102     12.978423     14.262643
   3.02833     13.082063     13.912507
   3.07565     13.203800     13.586865
   3.12297     13.335739     13.496772
   3.17029     13.473940     13.604696
   3.21760     13.611203     13.739995
   3.26492     13.698788     13.733158
   3.31224     13.345258     13.401507
   3.35956     13.009911     13.085598
   3.40687     12.687175     12.657526
   3.45419     12.439442     12.491692
   3.50151     12.406457     12.425759
   3.54883     12.671265     12.623343
   3.59615     12.866779     12.866933
   3.59615     12.866779     12.866933
   3.66306     12.570524     12.570641
   3.72998     12.495805     12.495863
   3.79690     12.868970     12.852381
   3.86381     12.929937     12.957800
   3.93073     13.000733     13.000603
   3.99765     12.915007     12.914691
   4.06457     12.924969     12.924851
   4.13148     12.998092     12.998051
   4.19840     13.131154     13.131161
   4.26532     13.304900     13.304936
   4.33224     13.501971     13.502023
   4.39915     13.712071     13.712124
   4.46607     14.084409     14.084538
   4.53299     14.440579     14.440398
   4.59991     14.404202     14.404170
   4.66682     14.638289     14.638195
   4.73374     14.836412     14.836246
   4.80066     14.963231     14.963000
   4.86757     15.004954     15.004697
 
# Band-Index   32
   4.86757     16.246656     16.246722
   4.80066     16.194461     16.194513
   4.73374     15.901468     15.901580
   4.66682     15.446359     15.446484
   4.59991     14.976966     14.977096
   4.53299     14.529825     14.529933
   4.46607     14.626744     14.626543
   4.39915     14.823103     14.822900
   4.33224     14.726089     14.726232
   4.26532     14.426511     14.426635
   4.19840     14.149088     14.149205
   4.13148     13.889350     13.889454
   4.06457     13.630875     13.630963
   3.99765     13.352407     13.352487
   3.93073     13.100457     13.100202
   3.86381     13.175352     13.263258
   3.79690     13.138735     13.072546
   3.72998     12.933699     12.964443
   3.66306     12.856500     12.893541
   3.59615     12.909589     12.925961
   3.59615     12.909589     12.925961
   3.54883     13.005241     13.131399
   3.50151     13.108238     13.216112
   3.45419     13.271281     13.337300
   3.40687     13.473553     12.795846
   3.35956     13.674751     13.675024
   3.31224     13.778623     13.821568
   3.26492     13.730145     13.857167
   3.21760     13.813054     14.042805
   3.17029     13.737233     14.255999
   3.12297     13.835605     14.333042
   3.07565     14.108729     14.330596
   3.02833     14.262137     14.300134
   2.98102     14.217247     14.265013
   2.93370     14.173514     14.618676
   2.88638     14.135122     14.965984
   2.83906     14.104087     15.291945
   2.79174     16.248503     15.575437
   2.74443     17.002920     15.780582
   2.69711     16.987901     15.859169
   2.69711     16.987901     15.859169
   2.64979     16.378884     15.862668
   2.60247     16.168351     15.873873
   2.55516     15.974482     15.892387
   2.50784     15.772369     15.918525
   2.46052     15.570323     15.713028
   2.41320     15.378304     15.501377
   2.36589     15.244774     15.207917
   2.31857     15.465182     15.405283
   2.27125     15.514882     15.565950
   2.22393     15.356738     15.427334
   2.17661     15.171213     15.229247
   2.12930     14.591774     14.552578
   2.08198     14.822708     14.804148
   2.03466     15.174114     15.149596
   1.98734     15.503101     15.512978
   1.94003     15.807158     15.834317
   1.89271     16.040459     16.039860
   1.84539     16.186836     16.214719
   1.79807     16.246656     16.246722
   1.79807     16.246656     16.246721
   1.75076     16.214668     16.186887
   1.70344     16.039842     16.040459
   1.65612     15.834343     15.807294
   1.60880     15.512802     15.503260
   1.56148     15.149415     15.174288
   1.51417     14.803975     14.822888
   1.46685     14.552585     14.591130
   1.41953     14.606037     14.545662
   1.37221     14.733730     14.671961
   1.32490     14.879803     14.809103
   1.27758     15.026843     14.945082
   1.23026     15.075220     14.984550
   1.18294     14.827719     14.709374
   1.13562     14.486643     14.342799
   1.08831     14.131618     13.971228
   1.04099     13.776600     13.606942
   0.99367     13.427089     13.254104
   0.94635     13.240894     12.947403
   0.89904     13.250313     12.951525
   0.89904     13.250313     12.951525
   0.85172     13.214005     12.922012
   0.80440     13.112325     12.844415
   0.75708     12.964839     12.803947
   0.70977     12.950225     12.842500
   0.66245     13.030969     12.903156
   0.61513     13.127092     12.978808
   0.56781     13.236634     13.081422
   0.52049     13.356814     13.203162
   0.47318     13.483566     13.335106
   0.42586     13.599777     13.473313
   0.37854     13.725863     13.610590
   0.33122     13.712827     13.685656
   0.28391     13.379571     13.339744
   0.23659     13.094794     13.020136
   0.18927     12.795831     12.710130
   0.14195     12.539164     12.446404
   0.09464     12.516901     12.573676
   0.04732     12.704518     12.753335
   0.00000     12.907089     12.906395
 
# Band-Index   33
   0.00000     12.948270     12.948072
   0.04732     13.126044     13.005287
   0.09464     13.216160     13.108902
   0.14195     13.337662     13.271336
   0.18927     13.500949     13.473665
   0.23659     13.675247     13.674851
   0.28391     13.796114     13.778265
   0.33122     13.804147     13.729580
   0.37854     13.754780     13.812497
   0.42586     13.610569     13.736806
   0.47318     13.505617     13.835411
   0.52049     13.620354     14.108663
   0.56781     13.923686     14.262195
   0.61513     14.261985     14.217397
   0.66245     14.224837     14.173689
   0.70977     14.192109     14.135298
   0.75708     14.165584     14.104253
   0.80440     14.146184     14.081582
   0.85172     14.134392     14.067814
   0.89904     14.130438     14.063200
   0.89904     14.130438     14.063200
   0.94635     14.164355     14.104792
   0.99367     14.260299     14.219875
   1.04099     14.404974     14.388284
   1.08831     14.584196     14.591408
   1.13562     14.785632     14.814976
   1.18294     14.998190     15.046765
   1.23026     15.210244     15.272786
   1.27758     15.407983     15.467745
   1.32490     15.568790     15.514882
   1.37221     15.429724     15.359305
   1.41953     15.245734     15.176023
   1.46685     15.091116     15.008982
   1.51417     15.095962     15.072048
   1.56148     15.366158     15.394953
   1.60880     15.619492     15.657783
   1.65612     15.885747     15.860298
   1.70344     16.250498     16.074482
   1.75076     16.252180     16.272299
   1.79807     16.288861     16.288928
   1.79807     16.288861     16.288928
   1.84539     16.272217     16.252247
   1.89271     16.074374     16.250638
   1.94003     15.860389     15.885907
   1.98734     15.658155     15.619479
   2.03466     15.395628     15.365763
   2.08198     15.072590     15.095543
   2.12930     15.009081     15.091031
   2.17661     15.903320     15.790412
   2.22393     15.824989     15.704642
   2.27125     15.735560     15.633703
   2.31857     15.595639     15.631113
   2.36589     15.974726     15.429540
   2.41320     16.162069     15.988197
   2.46052     16.354035     15.950728
   2.50784     16.561016     15.935784
   2.55516     16.764568     16.169287
   2.60247     16.980225     16.412782
   2.64979     17.220119     16.650410
   2.69711     17.224928     16.843190
   2.69711     17.224928     16.843190
   2.74443     17.127529     16.717908
   2.79174     16.932141     16.758567
   2.83906     15.998388     16.813550
   2.88638     15.631786     16.880828
   2.93370     15.241715     16.804701
   2.98102     14.845200     16.422711
   3.02833     14.461372     16.017298
   3.07565     14.298674     15.636680
   3.12297     14.303151     15.275277
   3.17029     14.222660     14.880891
   3.21760     14.007539     14.494789
   3.26492     13.971728     14.199233
   3.31224     14.113765     14.131311
   3.35956     14.207759     14.209762
   3.40687     14.057948     13.500941
   3.45419     13.735213     13.739481
   3.50151     13.411797     13.422012
   3.54883     13.120157     13.145348
   3.59615     12.969811     12.969854
   3.59615     12.969811     12.969854
   3.66306     13.053513     13.053568
   3.72998     13.100446     13.100502
   3.79690     13.172426     13.172483
   3.86381     13.263232     13.514555
   3.93073     13.432677     13.432703
   3.99765     13.602374     13.602422
   4.06457     13.816083     13.833989
   4.13148     13.997987     14.010716
   4.19840     14.222849     14.210185
   4.26532     14.466710     14.473730
   4.33224     14.738997     14.752839
   4.39915     15.019977     15.037844
   4.46607     15.298410     15.297858
   4.53299     15.593152     15.592715
   4.59991     15.821836     15.821611
   4.66682     15.936663     15.936700
   4.73374     16.073786     16.073844
   4.80066     16.223395     16.223447
   4.86757     16.288861     16.288928
 
# Band-Index   34
   4.86757     16.348425     16.348495
   4.80066     16.248246     16.248330
   4.73374     16.097511     16.097479
   4.66682     15.997925     15.997779
   4.59991     15.879375     15.878904
   4.53299     15.701530     15.700748
   4.46607     15.386863     15.387026
   4.39915     15.048681     15.048826
   4.33224     14.996910     14.996726
   4.26532     14.817141     14.817117
   4.19840     14.467861     14.467875
   4.13148     14.130401     14.130429
   4.06457     13.833948     13.870177
   3.99765     13.863090     13.897325
   3.93073     13.913079     13.926699
   3.86381     13.515111     13.644780
   3.79690     13.921071     13.186840
   3.72998     13.888289     13.888268
   3.66306     13.436169     13.436186
   3.59615     13.122582     13.122638
   3.59615     13.122582     13.122638
   3.54883     13.335785     13.230395
   3.50151     13.651877     13.551895
   3.45419     13.995855     13.890623
   3.40687     14.338860     14.004699
   3.35956     14.379132     14.354144
   3.31224     14.168597     14.341910
   3.26492     14.148556     14.699892
   3.21760     14.421080     14.924265
   3.17029     14.814995     15.074214
   3.12297     15.252809     15.360312
   3.07565     15.632711     15.802711
   3.02833     15.993719     16.275881
   2.98102     16.355308     16.842483
   2.93370     16.700070     17.132871
   2.88638     17.007425     17.098263
   2.83906     17.077051     17.106115
   2.79174     17.071130     17.055042
   2.74443     17.547918     17.006415
   2.69711     17.583131     17.383694
   2.69711     17.583131     17.383694
   2.64979     17.231656     17.209832
   2.60247     17.207935     16.899686
   2.55516     17.189254     16.742454
   2.50784     17.163691     16.574184
   2.46052     17.131563     16.404560
   2.41320     17.095067     16.222839
   2.36589     17.054788     16.025811
   2.31857     15.800834     15.827820
   2.27125     15.945905     15.923918
   2.22393     16.262275     16.163600
   2.17661     16.495426     16.204978
   2.12930     15.988365     16.241974
   2.08198     16.077633     16.017186
   2.03466     16.458460     16.205906
   1.98734     16.396008     16.318428
   1.94003     16.348409     16.295823
   1.89271     16.315091     16.268518
   1.84539     16.295367     16.346827
   1.79807     16.348425     16.348495
   1.79807     16.348425     16.348495
   1.75076     16.346758     16.295432
   1.70344     16.268452     16.315157
   1.65612     16.295757     16.348474
   1.60880     16.318370     16.395988
   1.56148     16.206437     16.238144
   1.51417     16.017602     16.077242
   1.46685     15.904205     15.987571
   1.41953     15.814985     15.918397
   1.37221     15.715295     15.836496
   1.32490     15.639073     15.743762
   1.27758     15.631709     15.595020
   1.23026     15.429968     15.337065
   1.18294     15.524502     15.404053
   1.13562     15.719806     15.578464
   1.08831     15.918689     15.774901
   1.04099     15.892745     15.977936
   0.99367     15.873710     16.173408
   0.94635     15.862100     16.332665
   0.89904     15.858204     16.399520
   0.89904     15.858204     16.399520
   0.85172     15.780591     16.371442
   0.80440     15.575605     16.251102
   0.75708     15.292218     15.988444
   0.70977     14.966596     15.631100
   0.66245     14.620690     15.240450
   0.61513     14.268603     14.845165
   0.56781     14.299916     14.461332
   0.52049     14.330433     14.298425
   0.47318     14.332495     14.301805
   0.42586     14.252897     14.217516
   0.37854     14.032490     13.997909
   0.33122     13.936277     13.971132
   0.28391     14.062372     14.064611
   0.23659     14.097855     14.109707
   0.18927     13.999185     13.995149
   0.14195     13.720472     13.704072
   0.09464     13.410245     13.386969
   0.04732     13.145294     13.093316
   0.00000     12.969804     12.969854
 
# Band-Index   35
   0.00000     13.122578     13.122630
   0.04732     13.154399     13.154412
   0.09464     13.439954     13.433430
   0.14195     13.760760     13.760195
   0.18927     14.106906     14.115786
   0.23659     14.355128     14.378580
   0.28391     14.137343     14.168000
   0.33122     14.160377     14.122437
   0.37854     14.471489     14.408828
   0.42586     14.874020     14.805521
   0.47318     15.259013     15.244277
   0.52049     15.613649     15.615839
   0.56781     15.997661     15.979744
   0.61513     16.384449     16.346204
   0.66245     16.756016     16.694677
   0.70977     16.882336     16.852136
   0.75708     16.815232     16.845740
   0.80440     16.760301     16.932744
   0.85172     16.719562     17.031483
   0.89904     16.703032     17.015645
   0.89904     16.703032     17.015645
   0.94635     16.607837     16.959267
   0.99367     16.403953     16.829878
   1.04099     16.172132     16.672642
   1.08831     15.940273     16.504793
   1.13562     15.950986     16.331573
   1.18294     15.988528     16.154543
   1.23026     16.026444     15.975522
   1.27758     15.829115     15.805104
   1.32490     15.924494     15.945297
   1.37221     16.163575     16.261772
   1.41953     16.204946     16.495089
   1.46685     16.241936     16.633143
   1.51417     16.273434     16.537296
   1.56148     16.298897     16.458630
   1.60880     16.334244     16.520373
   1.65612     16.332352     16.723898
   1.70344     16.341574     16.707777
   1.75076     16.558611     16.697985
   1.79807     16.694602     16.694701
   1.79807     16.694602     16.694701
   1.84539     16.697887     16.558726
   1.89271     16.707681     16.341640
   1.94003     16.723805     16.332415
   1.98734     16.745954     16.334338
   2.03466     16.773690     16.298949
   2.08198     16.537239     16.273479
   2.12930     16.638129     16.509167
   2.17661     16.747140     16.465866
   2.22393     16.881851     16.204355
   2.27125     16.970574     16.119493
   2.31857     17.014498     16.074388
   2.36589     17.221445     16.030162
   2.41320     17.384208     17.131921
   2.46052     17.521948     17.189545
   2.50784     17.663712     17.290913
   2.55516     17.778724     17.434574
   2.60247     17.636520     17.550904
   2.64979     17.870120     17.678043
   2.69711     17.891377     17.678317
   2.69711     17.891377     17.678317
   2.74443     17.924524     17.506439
   2.79174     17.430354     17.528276
   2.83906     17.112777     17.383789
   2.88638     17.061698     17.131583
   2.93370     16.995832     17.244353
   2.98102     16.644239     17.146928
   3.02833     16.190534     16.737716
   3.07565     15.723677     16.283384
   3.12297     15.336777     15.844556
   3.17029     15.107957     15.427541
   3.21760     15.007866     15.074496
   3.26492     14.674533     14.850340
   3.31224     14.444859     14.786822
   3.35956     14.403442     14.589486
   3.40687     14.500353     14.176081
   3.45419     14.595954     14.441778
   3.50151     14.348243     14.302874
   3.54883     14.198669     14.184322
   3.59615     14.150109     14.147107
   3.59615     14.150109     14.147107
   3.66306     14.209436     14.205582
   3.72998     14.385332     14.393922
   3.79690     14.306745     13.920534
   3.86381     13.763940     14.033283
   3.93073     14.405296     14.397480
   3.99765     15.016843     15.021055
   4.06457     15.548077     15.570859
   4.13148     15.937799     15.945662
   4.19840     15.681710     15.681526
   4.26532     15.416516     15.416363
   4.33224     15.368924     15.368919
   4.39915     15.727250     15.727247
   4.46607     15.407857     15.407146
   4.53299     15.730983     15.731154
   4.59991     16.056290     16.056463
   4.66682     16.318344     16.318504
   4.73374     16.478769     16.478896
   4.80066     16.592806     16.592915
   4.86757     16.694602     16.694701
 
# Band-Index   36
   4.86757     17.537102     17.537079
   4.80066     17.570303     17.570184
   4.73374     17.351431     17.350921
   4.66682     16.994286     16.981134
   4.59991     16.702242     16.680656
   4.53299     16.605901     16.531107
   4.46607     16.163079     16.163088
   4.39915     16.348741     16.332269
   4.33224     16.269134     16.265485
   4.26532     16.188390     16.175153
   4.19840     16.112452     16.071105
   4.13148     15.945892     15.945650
   4.06457     15.944980     15.944431
   3.99765     15.697165     15.690169
   3.93073     15.371927     15.371414
   3.86381     14.087370     14.978630
   3.79690     14.545502     14.233720
   3.72998     14.531830     14.530971
   3.66306     14.884897     14.884485
   3.59615     15.024951     15.022266
   3.59615     15.024951     15.022266
   3.54883     14.951191     14.984527
   3.50151     14.804912     14.858769
   3.45419     14.645827     14.685076
   3.40687     14.542742     14.246515
   3.35956     14.605372     14.605102
   3.31224     14.917315     14.942122
   3.26492     14.991941     15.313409
   3.21760     15.009525     15.696419
   3.17029     15.391418     16.056682
   3.12297     15.807346     16.368234
   3.07565     16.248350     16.631094
   3.02833     16.711068     16.865172
   2.98102     17.153217     17.179830
   2.93370     17.083434     17.486862
   2.88638     17.121227     17.449280
   2.83906     17.266169     17.565031
   2.79174     17.454221     17.594700
   2.74443     18.370984     17.646915
   2.69711     18.264848     17.819874
   2.69711     18.264848     17.819874
   2.64979     18.181563     17.796394
   2.60247     17.846410     17.730844
   2.55516     17.801971     17.629132
   2.50784     17.871719     17.503163
   2.46052     17.812948     17.362859
   2.41320     17.604428     17.218307
   2.36589     17.396338     17.011951
   2.31857     17.092000     16.942577
   2.27125     17.034188     16.817773
   2.22393     16.926600     16.706104
   2.17661     16.883833     16.605508
   2.12930     16.657242     16.724707
   2.08198     16.806396     16.445967
   2.03466     17.014307     16.384248
   1.98734     17.274278     17.635974
   1.94003     16.910715     17.671382
   1.89271     17.336851     17.447684
   1.84539     17.551453     17.564740
   1.79807     17.537102     17.537079
   1.79807     17.537102     17.537079
   1.75076     17.564814     17.551378
   1.70344     17.355632     17.336263
   1.65612     16.918089     16.909605
   1.60880     16.513301     16.746044
   1.56148     16.384186     16.773775
   1.51417     16.445906     16.806475
   1.46685     16.519805     16.656985
   1.41953     16.466362     16.747217
   1.37221     16.204883     16.880356
   1.32490     16.119473     16.970635
   1.27758     16.074372     17.014550
   1.23026     16.030150     17.057116
   1.18294     16.218198     17.097041
   1.13562     16.399962     17.133097
   1.08831     16.568576     17.164180
   1.04099     16.721247     17.189350
   0.99367     16.852506     17.207861
   0.94635     16.948725     17.219175
   0.89904     16.985876     17.222976
   0.89904     16.985876     17.222976
   0.85172     17.006348     17.114574
   0.80440     17.054975     17.070654
   0.75708     17.105777     17.112042
   0.70977     17.094282     17.006458
   0.66245     16.962302     16.908412
   0.61513     16.713040     16.633420
   0.56781     16.253876     16.177149
   0.52049     15.779050     15.706078
   0.47318     15.315318     15.286379
   0.42586     14.988834     15.048238
   0.37854     14.859814     14.948607
   0.33122     14.802946     14.674624
   0.28391     14.630434     14.444807
   0.23659     14.470347     14.403093
   0.18927     14.246390     14.338917
   0.14195     13.891313     13.996099
   0.09464     13.552066     13.655058
   0.04732     13.230291     13.335871
   0.00000     14.039073     14.062700
 
# Band-Index   37
   0.00000     15.022566     15.021973
   0.04732     14.304390     14.325182
   0.09464     14.400606     14.472176
   0.14195     14.528256     14.645331
   0.18927     14.581557     14.499931
   0.23659     14.606262     14.487484
   0.28391     14.791963     14.838671
   0.33122     14.822925     14.933121
   0.37854     15.093913     15.007954
   0.42586     15.452443     15.391446
   0.47318     15.852643     15.807294
   0.52049     16.282784     16.248262
   0.56781     16.736456     16.710388
   0.61513     17.055235     16.995171
   0.66245     17.046510     16.990235
   0.70977     17.130063     17.119024
   0.75708     17.379335     17.263850
   0.80440     17.528737     17.429708
   0.85172     17.507237     17.408649
   0.89904     17.500047     17.401631
   0.89904     17.500047     17.401631
   0.94635     17.575059     17.474150
   0.99367     17.497372     17.643211
   1.04099     17.392117     17.629606
   1.08831     17.274896     17.495985
   1.13562     17.162467     17.356909
   1.18294     17.070389     17.231950
   1.23026     17.012715     17.138119
   1.27758     16.941599     17.093278
   1.32490     16.817526     17.032806
   1.37221     16.705524     16.926673
   1.41953     16.606262     16.883916
   1.46685     16.725085     16.843519
   1.51417     17.001718     16.813593
   1.56148     17.307757     17.014120
   1.60880     17.639856     17.274336
   1.65612     17.892250     17.582006
   1.70344     17.785079     17.752017
   1.75076     17.904794     17.883100
   1.79807     17.923498     17.923716
   1.79807     17.923498     17.923716
   1.84539     17.883533     17.904457
   1.89271     17.752616     18.188936
   1.94003     17.582046     17.977113
   1.98734     18.029388     18.066535
   2.03466     18.023385     17.307719
   2.08198     16.813761     17.001416
   2.12930     16.843452     17.496775
   2.17661     17.398921     17.370222
   2.22393     17.217976     17.180933
   2.27125     17.114687     17.055600
   2.31857     17.207460     17.003036
   2.36589     17.557305     17.076440
   2.41320     17.688925     17.988790
   2.46052     17.826252     18.104358
   2.50784     18.057963     18.218561
   2.55516     18.272595     18.131600
   2.60247     18.471953     18.010445
   2.64979     18.625070     18.427371
   2.69711     18.689132     18.426027
   2.69711     18.689132     18.426027
   2.74443     18.647325     17.724354
   2.79174     18.027776     17.718098
   2.83906     18.117953     17.600386
   2.88638     17.933552     17.614500
   2.93370     17.643858     17.716687
   2.98102     17.211251     17.257474
   3.02833     17.363396     17.172174
   3.07565     17.011623     17.137477
   3.12297     16.609499     16.705884
   3.17029     16.186549     16.262091
   3.21760     15.762341     15.806787
   3.26492     15.348876     15.406526
   3.31224     15.018477     15.006028
   3.35956     14.776778     14.620000
   3.40687     14.685359     14.591190
   3.45419     14.687947     14.781871
   3.50151     14.860657     14.892699
   3.54883     15.018939     15.015925
   3.59615     15.089786     15.085490
   3.59615     15.089786     15.085490
   3.66306     14.958461     14.954488
   3.72998     14.769262     14.753381
   3.79690     14.942118     14.545741
   3.86381     14.980100     15.329097
   3.93073     15.846601     15.773910
   3.99765     16.200967     16.195614
   4.06457     16.390891     16.404586
   4.13148     16.462727     16.462160
   4.19840     16.723787     16.756506
   4.26532     17.064800     17.061322
   4.33224     17.194681     17.238414
   4.39915     17.190928     17.229701
   4.46607     16.459369     16.458857
   4.53299     16.622243     16.622237
   4.59991     17.083244     16.740955
   4.66682     17.509480     17.509513
   4.73374     17.400528     17.399917
   4.80066     17.811909     17.811438
   4.86757     17.923498     17.923716
 
# Band-Index   38
   4.86757     18.095777     18.095568
   4.80066     18.010769     18.010949
   4.73374     17.860719     17.860803
   4.66682     18.153907     18.114837
   4.59991     18.060486     17.083234
   4.53299     17.716968     16.756845
   4.46607     17.056283     17.022229
   4.39915     17.588384     17.558308
   4.33224     17.454314     17.406574
   4.26532     17.163056     17.071135
   4.19840     16.878009     16.828581
   4.13148     16.600678     16.600284
   4.06457     16.471124     16.418093
   3.99765     16.375284     16.242216
   3.93073     16.058189     16.057370
   3.86381     15.256536     15.838402
   3.79690     15.594272     14.911006
   3.72998     15.448057     15.448066
   3.66306     15.440583     15.446005
   3.59615     15.677095     15.572027
   3.59615     15.677095     15.572027
   3.54883     15.519781     15.400575
   3.50151     15.215478     15.108875
   3.45419     14.930281     14.842630
   3.40687     14.788644     14.632286
   3.35956     14.937129     14.736125
   3.31224     15.156991     15.903946
   3.26492     15.565808     16.049989
   3.21760     15.991064     16.259176
   3.17029     16.433208     16.526861
   3.12297     16.898352     16.839409
   3.07565     17.351075     17.226142
   3.02833     17.379970     17.461725
   2.98102     17.545278     17.692774
   2.93370     17.685326     18.370094
   2.88638     18.176758     17.990831
   2.83906     18.384390     17.961760
   2.79174     18.543275     17.767132
   2.74443     19.655515     17.793053
   2.69711     19.954009     19.898580
   2.69711     19.954009     19.898580
   2.64979     19.947750     19.866440
   2.60247     18.483787     18.379515
   2.55516     18.467402     18.168352
   2.50784     18.541449     18.268156
   2.46052     18.801350     18.509566
   2.41320     19.094956     18.778644
   2.36589     19.260837     17.909096
   2.31857     17.440976     17.866701
   2.27125     17.371620     17.888571
   2.22393     17.394685     17.988648
   2.17661     17.561429     18.164415
   2.12930     17.869862     18.382412
   2.08198     18.193376     18.129198
   2.03466     18.220075     18.119247
   1.98734     18.301538     18.372328
   1.94003     17.878578     18.380463
   1.89271     17.875113     18.309063
   1.84539     17.947339     18.019359
   1.79807     18.095777     18.095568
   1.79807     18.095777     18.095568
   1.75076     18.019158     17.947535
   1.70344     18.188822     17.875194
   1.65612     17.977234     17.850974
   1.60880     18.011679     17.975235
   1.56148     18.118470     18.094134
   1.51417     17.927755     17.930261
   1.46685     17.634653     17.650472
   1.41953     17.380053     17.406224
   1.37221     17.183177     17.222345
   1.32490     17.057067     17.117480
   1.27758     17.003519     17.205679
   1.23026     17.076141     17.396183
   1.18294     17.218101     17.603272
   1.13562     17.362610     17.819185
   1.08831     17.502546     17.886061
   1.04099     17.628537     17.818018
   0.99367     17.729736     17.716007
   0.94635     17.607507     17.656853
   0.89904     17.607506     17.604483
   0.89904     17.607507     17.604484
   0.85172     17.646639     17.566665
   0.80440     17.592764     17.452790
   0.75708     17.564241     17.464712
   0.70977     17.446323     17.513500
   0.66245     17.266261     17.575812
   0.61513     17.063436     17.190792
   0.56781     16.838209     17.103785
   0.52049     16.586431     16.947177
   0.47318     16.302597     16.573404
   0.42586     15.971524     16.135241
   0.37854     15.610223     15.721861
   0.33122     15.232180     15.319897
   0.28391     14.858667     14.990453
   0.23659     14.619894     14.667080
   0.18927     14.591842     14.571896
   0.14195     14.693332     14.659658
   0.09464     14.863486     14.804029
   0.04732     14.984752     14.950461
   0.00000     15.085524     15.085893
 
# Band-Index   39
   0.00000     15.572440     15.571829
   0.04732     15.020840     15.020793
   0.09464     14.893443     14.863383
   0.14195     14.782479     14.692025
   0.18927     14.654853     14.683988
   0.23659     14.691659     14.776685
   0.28391     15.006163     15.022113
   0.33122     15.408430     15.385573
   0.37854     15.825615     15.810472
   0.42586     16.256688     16.254512
   0.47318     16.698667     16.876468
   0.52049     17.122482     17.148301
   0.56781     17.156499     17.317251
   0.61513     17.208313     17.523774
   0.66245     17.622897     17.630872
   0.70977     17.612522     17.921518
   0.75708     17.599040     18.111490
   0.80440     17.717286     18.026309
   0.85172     17.723247     17.934180
   0.89904     17.767072     17.901064
   0.89904     17.767073     17.901062
   0.94635     17.795582     17.879726
   0.99367     17.847274     17.879759
   1.04099     18.076595     18.022317
   1.08831     18.218929     18.050004
   1.13562     18.106211     17.823253
   1.18294     17.994782     17.693797
   1.23026     17.908439     17.558322
   1.27758     17.866561     17.441005
   1.32490     17.888583     17.371622
   1.37221     17.988719     17.394617
   1.41953     18.164452     17.561236
   1.46685     18.382581     17.869529
   1.51417     18.277197     18.258602
   1.56148     18.281921     18.265939
   1.60880     18.501376     18.433535
   1.65612     18.380319     18.311320
   1.70344     18.309395     18.238178
   1.75076     18.431595     18.399051
   1.79807     18.548836     18.548099
   1.79807     18.548844     18.548094
   1.84539     18.398915     18.431516
   1.89271     18.238437     18.442053
   1.94003     18.312083     18.585430
   1.98734     18.435723     18.501552
   2.03466     18.544514     18.578488
   2.08198     18.258983     18.555274
   2.12930     18.388281     18.480307
   2.17661     18.662106     18.628426
   2.22393     18.798955     18.747344
   2.27125     18.904324     18.825764
   2.31857     18.895925     18.848703
   2.36589     19.365534     18.750601
   2.41320     19.547105     19.142207
   2.46052     19.683559     18.791298
   2.50784     19.741128     18.481734
   2.55516     19.807501     18.375254
   2.60247     19.895788     19.745219
   2.64979     20.121010     19.891067
   2.69711     20.188487     20.011403
   2.69711     20.188487     20.011403
   2.74443     19.809295     18.611048
   2.79174     19.028738     18.774919
   2.83906     18.683816     18.623723
   2.88638     18.181945     18.211523
   2.93370     17.939026     18.636541
   2.98102     17.702704     18.140390
   3.02833     17.559201     17.656936
   3.07565     17.362411     17.357457
   3.12297     17.054536     17.457952
   3.17029     16.754756     17.600491
   3.21760     16.465718     17.750547
   3.26492     16.194189     17.645352
   3.31224     15.968015     17.075494
   3.35956     15.835395     15.838190
   3.40687     15.808748     14.676127
   3.45419     15.840103     15.855050
   3.50151     15.893811     15.894208
   3.54883     15.908021     15.928664
   3.59615     15.814800     15.818573
   3.59615     15.814800     15.818573
   3.66306     15.727060     15.728279
   3.72998     15.756769     15.765131
   3.79690     15.843813     15.593395
   3.86381     15.838629     15.987683
   3.93073     16.302088     16.299964
   3.99765     16.423020     16.447666
   4.06457     16.578955     16.575003
   4.13148     16.706572     16.706006
   4.19840     16.957215     17.004492
   4.26532     17.258526     17.238285
   4.33224     17.497862     17.412054
   4.39915     17.791009     17.760156
   4.46607     17.962958     17.844386
   4.53299     18.069279     18.062285
   4.59991     18.073188     18.071984
   4.66682     18.115473     18.249032
   4.73374     18.166520     18.166938
   4.80066     18.181430     18.180888
   4.86757     18.548844     18.548094
 
# Band-Index   40
   4.86757     18.563204     18.562354
   4.80066     18.379715     18.379832
   4.73374     18.245854     18.245887
   4.66682     18.828015     18.880529
   4.59991     18.762232     18.386467
   4.53299     18.543702     18.066823
   4.46607     18.038089     17.962457
   4.39915     18.553930     18.571725
   4.33224     18.909988     18.864697
   4.26532     18.629185     18.623101
   4.19840     17.032900     18.186071
   4.13148     16.806109     16.808227
   4.06457     16.583465     16.614252
   3.99765     16.480043     16.600091
   3.93073     16.348745     16.348317
   3.86381     15.988140     16.175370
   3.79690     16.080036     15.841124
   3.72998     16.010793     16.009679
   3.66306     15.968348     15.968017
   3.59615     15.943262     15.942713
   3.59615     15.943262     15.942713
   3.54883     15.943122     15.952168
   3.50151     16.072305     16.158966
   3.45419     16.292642     16.442036
   3.40687     16.783343     15.790078
   3.35956     17.104314     16.800577
   3.31224     17.402392     17.406007
   3.26492     17.605431     17.691717
   3.21760     17.804579     17.780932
   3.17029     17.832489     17.797652
   3.12297     17.643899     17.758094
   3.07565     17.464587     17.721187
   3.02833     17.870803     17.843517
   2.98102     18.272811     18.266782
   2.93370     18.646547     18.626474
   2.88638     18.721432     18.363844
   2.83906     18.771843     18.718517
   2.79174     19.210745     19.173182
   2.74443     20.049569     19.675257
   2.69711     20.241486     20.247494
   2.69711     20.241486     20.247494
   2.64979     20.185987     20.198186
   2.60247     20.034467     19.785243
   2.55516     19.951938     19.654111
   2.50784     19.865602     19.515851
   2.46052     19.745301     19.374173
   2.41320     19.650489     19.248173
   2.36589     19.606933     19.127589
   2.31857     19.370696     19.029007
   2.27125     19.340485     18.951891
   2.22393     19.182968     18.898469
   2.17661     19.018268     18.870740
   2.12930     18.863798     18.868192
   2.08198     18.722693     18.709641
   2.03466     18.939026     18.677534
   1.98734     18.843887     18.842740
   1.94003     18.711400     18.651460
   1.89271     18.524517     19.060791
   1.84539     18.466482     18.500103
   1.79807     18.563204     18.562354
   1.79807     18.563049     18.562285
   1.75076     18.499947     18.465433
   1.70344     18.495132     18.517120
   1.65612     18.607439     18.599626
   1.60880     18.567808     18.526484
   1.56148     18.578364     18.543263
   1.51417     18.555285     18.266845
   1.46685     18.403634     18.406572
   1.41953     18.536502     18.553057
   1.37221     18.664838     18.696083
   1.32490     18.770722     18.815965
   1.27758     18.807287     18.852935
   1.23026     18.735562     18.759916
   1.18294     18.590303     18.593016
   1.13562     18.418669     18.402356
   1.08831     18.243500     18.208063
   1.04099     18.130036     18.273806
   0.99367     17.928482     18.472543
   0.94635     17.815120     18.514129
   0.89904     17.818571     18.531344
   0.89904     17.818571     18.531344
   0.85172     17.792814     18.645888
   0.80440     17.767027     18.542084
   0.75708     17.959187     18.381290
   0.70977     17.976638     18.175083
   0.66245     17.639620     17.686773
   0.61513     17.481230     17.645170
   0.56781     17.417901     17.446300
   0.52049     17.155240     17.207627
   0.47318     16.765264     16.885017
   0.42586     16.274893     16.432184
   0.37854     15.832712     15.990715
   0.33122     15.409432     15.564801
   0.28391     15.016081     15.156569
   0.23659     14.751797     14.950738
   0.18927     14.676574     14.835245
   0.14195     14.841266     14.929414
   0.09464     15.104657     15.208103
   0.04732     15.375555     15.505342
   0.00000     15.814332     15.813743
 
# Band-Index   41
   0.00000     15.825036     15.824310
   0.04732     15.872556     15.661807
   0.09464     15.895901     15.863909
   0.14195     15.859346     15.845395
   0.18927     15.846322     15.831463
   0.23659     15.883166     15.900394
   0.28391     15.985908     16.068506
   0.33122     16.151775     16.305909
   0.37854     16.369749     16.579196
   0.42586     16.635615     16.870839
   0.47318     17.450159     17.410634
   0.52049     17.319548     17.410186
   0.56781     17.654831     17.739784
   0.61513     17.764434     17.651424
   0.66245     17.745672     17.929799
   0.70977     18.211121     18.194756
   0.75708     18.613303     18.709159
   0.80440     18.774736     19.026979
   0.85172     18.610429     18.682828
   0.89904     18.545477     18.682076
   0.89904     18.545477     18.682076
   0.94635     18.523012     18.625112
   0.99367     18.459878     18.475636
   1.04099     18.373501     18.448709
   1.08831     18.484782     18.536504
   1.13562     18.803252     18.760887
   1.18294     19.130992     19.044836
   1.23026     19.127222     19.326407
   1.27758     19.028779     19.367618
   1.32490     18.951643     19.265210
   1.37221     18.898258     19.127490
   1.41953     18.870233     19.018289
   1.46685     18.853671     18.864061
   1.51417     18.777003     18.722866
   1.56148     18.709461     18.725705
   1.60880     18.652619     18.676721
   1.65612     18.618047     18.626664
   1.70344     18.574869     18.590811
   1.75076     18.555108     18.569270
   1.79807     18.565975     18.566166
   1.79807     18.565975     18.566166
   1.84539     18.574828     18.560383
   1.89271     18.624174     19.133629
   1.94003     18.710100     18.905845
   1.98734     19.161179     19.005225
   2.03466     19.255928     18.935808
   2.08198     18.989828     18.891011
   2.12930     19.142780     19.106822
   2.17661     19.297786     19.214280
   2.22393     19.349393     19.271096
   2.27125     19.345517     19.237562
   2.31857     19.461684     19.284663
   2.36589     19.642616     19.337151
   2.41320     19.759014     19.413457
   2.46052     20.061045     19.488276
   2.50784     20.161969     19.568407
   2.55516     20.178119     19.667910
   2.60247     20.183933     20.221919
   2.64979     20.470750     20.497686
   2.69711     20.404649     20.432924
   2.69711     20.404649     20.432924
   2.74443     20.447804     19.755054
   2.79174     19.221116     19.222047
   2.83906     19.354834     18.944256
   2.88638     19.044112     18.906155
   2.93370     18.673169     19.486820
   2.98102     18.334718     19.009265
   3.02833     17.897268     17.856471
   3.07565     17.764750     18.006597
   3.12297     17.799775     18.084965
   3.17029     17.839105     18.193667
   3.21760     17.829665     18.249906
   3.26492     17.657098     18.092654
   3.31224     17.753098     17.714928
   3.35956     17.384097     17.116669
   3.40687     16.800848     16.497808
   3.45419     16.506897     16.526650
   3.50151     16.240702     16.260116
   3.54883     16.031873     16.049882
   3.59615     15.963196     15.962249
   3.59615     15.963196     15.962249
   3.66306     16.069270     16.065598
   3.72998     16.268206     16.265415
   3.79690     16.428926     16.067578
   3.86381     16.161784     16.535546
   3.93073     16.555218     16.549328
   3.99765     16.881692     16.865947
   4.06457     17.014142     16.964703
   4.13148     17.599481     17.592415
   4.19840     18.181557     18.742720
   4.26532     19.131476     19.160984
   4.33224     18.933052     18.988165
   4.39915     19.135587     19.158088
   4.46607     18.205994     18.205497
   4.53299     19.030353     18.621455
   4.59991     19.190176     19.027579
   4.66682     19.200625     19.183738
   4.73374     19.270381     19.193447
   4.80066     18.830095     18.826619
   4.86757     18.565975     18.566166
 
# Band-Index   42
   4.86757     18.720575     18.719811
   4.80066     19.254564     19.236048
   4.73374     19.330939     19.326260
   4.66682     19.390479     19.346457
   4.59991     19.201796     19.161845
   4.53299     19.274558     19.269973
   4.46607     19.201907     19.237418
   4.39915     20.192950     20.083361
   4.33224     19.803169     19.798257
   4.26532     19.557365     19.558548
   4.19840     18.682616     18.756817
   4.13148     18.329122     18.330825
   4.06457     18.438107     17.595749
   3.99765     18.441513     16.942824
   3.93073     17.298285     17.298106
   3.86381     16.336317     17.732611
   3.79690     18.092375     16.431391
   3.72998     17.738573     17.740229
   3.66306     17.526579     17.527996
   3.59615     17.459832     17.468977
   3.59615     17.459832     17.468977
   3.54883     17.494056     17.491799
   3.50151     17.591503     17.581644
   3.45419     17.737158     17.716400
   3.40687     17.912546     16.816029
   3.35956     18.105312     17.401352
   3.31224     18.302614     18.268869
   3.26492     18.201486     18.465704
   3.21760     17.951834     18.431144
   3.17029     18.227732     18.569892
   3.12297     18.603575     18.985729
   3.07565     19.106801     19.117303
   3.02833     19.207764     19.205266
   2.98102     19.312425     19.269931
   2.93370     18.976861     20.168004
   2.88638     19.315331     19.006298
   2.83906     19.384715     19.300646
   2.79174     19.641850     19.562525
   2.74443     21.134102     19.816291
   2.69711     20.712585     20.532595
   2.69711     20.712585     20.532595
   2.64979     20.557808     20.591938
   2.60247     20.541073     20.651231
   2.55516     20.501408     20.149204
   2.50784     20.393343     20.024174
   2.46052     20.274751     20.104575
   2.41320     20.180905     20.148490
   2.36589     19.971492     19.730064
   2.31857     19.480398     19.688510
   2.27125     19.445224     19.479424
   2.22393     19.425566     19.358707
   2.17661     19.418377     19.232391
   2.12930     19.424366     19.142029
   2.08198     19.444559     19.090313
   2.03466     19.638011     19.141142
   1.98734     19.629293     19.493799
   1.94003     19.409976     19.067352
   1.89271     19.470246     19.495330
   1.84539     19.095848     19.120566
   1.79807     18.720575     18.719811
   1.79807     18.720546     18.719676
   1.75076     19.084489     19.051974
   1.70344     19.133908     19.242358
   1.65612     19.067254     19.039048
   1.60880     18.956919     18.945979
   1.56148     18.935701     18.740788
   1.51417     18.890849     18.818599
   1.46685     18.868077     18.909636
   1.41953     18.956936     19.027486
   1.37221     19.024744     19.181387
   1.32490     19.123651     19.345500
   1.27758     19.197347     19.380732
   1.23026     19.277183     19.450474
   1.18294     19.243716     19.587238
   1.13562     19.373963     19.655623
   1.08831     19.511983     19.728532
   1.04099     19.612593     19.799774
   0.99367     19.729939     19.861183
   0.94635     19.858283     19.903458
   0.89904     19.892133     19.918632
   0.89904     19.892132     19.918632
   0.85172     19.665866     19.679286
   0.80440     19.160413     19.198194
   0.75708     18.717440     18.754679
   0.70977     18.355965     18.706011
   0.66245     18.538933     18.585605
   0.61513     18.115270     18.207652
   0.56781     17.720428     17.838880
   0.52049     17.345856     17.495455
   0.47318     17.753918     17.799103
   0.42586     17.597296     17.575643
   0.37854     17.752355     17.762807
   0.33122     17.467603     17.421233
   0.28391     17.116372     17.058445
   0.23659     16.792243     16.718796
   0.18927     16.498480     16.404208
   0.14195     16.239910     16.117341
   0.09464     16.025231     15.896089
   0.04732     15.930630     15.944268
   0.00000     15.943160     15.943563
 
# Band-Index   43
   0.00000     15.962553     15.962948
   0.04732     16.036615     16.033560
   0.09464     16.261934     16.244531
   0.14195     16.529475     16.512868
   0.18927     16.824331     16.809343
   0.23659     17.129250     17.117571
   0.28391     17.422876     17.417648
   0.33122     17.663304     17.669917
   0.37854     17.791324     17.804363
   0.42586     17.807072     17.841188
   0.47318     18.071274     17.952066
   0.52049     17.766816     17.801920
   0.56781     17.853214     17.871069
   0.61513     18.145995     18.372021
   0.66245     18.559650     18.854723
   0.70977     18.895795     18.949711
   0.75708     18.940639     19.285040
   0.80440     19.217058     19.217419
   0.85172     19.744175     19.748248
   0.89904     19.933607     20.166739
   0.89904     19.933580     20.166721
   0.94635     19.859348     20.072679
   0.99367     19.771169     19.987208
   1.04099     19.648902     19.913896
   1.08831     19.514086     19.834945
   1.13562     19.429999     19.741314
   1.18294     19.353253     19.599205
   1.23026     19.446259     19.508721
   1.27758     19.407809     19.461307
   1.32490     19.469593     19.420578
   1.37221     19.357742     19.424362
   1.41953     19.213440     19.417877
   1.46685     19.106778     19.349181
   1.51417     19.089956     19.210530
   1.56148     19.089090     19.059321
   1.60880     18.997284     19.108876
   1.65612     19.071702     19.394107
   1.70344     19.299476     19.470164
   1.75076     19.182954     19.351030
   1.79807     19.201215     19.201289
   1.79807     19.201252     19.201339
   1.84539     19.351039     19.183353
   1.89271     19.614778     19.621638
   1.94003     19.609957     19.459784
   1.98734     19.770874     19.497357
   2.03466     19.941858     19.214300
   2.08198     19.990866     19.390618
   2.12930     20.001303     19.855324
   2.17661     20.014036     19.837552
   2.22393     20.013552     19.763131
   2.27125     19.982058     19.524371
   2.31857     19.766304     19.723464
   2.36589     20.300676     19.722832
   2.41320     20.278051     20.141900
   2.46052     20.309212     20.331024
   2.50784     20.434620     20.533750
   2.55516     20.634444     20.690517
   2.60247     20.694204     20.850676
   2.64979     21.026830     21.005242
   2.69711     21.158008     21.120326
   2.69711     21.158008     21.120326
   2.74443     21.389107     20.360357
   2.79174     20.495465     20.490362
   2.83906     20.067320     20.110297
   2.88638     19.676299     19.685116
   2.93370     19.360957     20.634698
   2.98102     19.303675     20.212908
   3.02833     19.624927     19.329969
   3.07565     19.149907     19.451354
   3.12297     18.984043     19.012360
   3.17029     18.842131     18.833052
   3.21760     18.678678     18.655961
   3.26492     18.495888     18.478107
   3.31224     18.372601     18.291381
   3.35956     18.565937     18.071361
   3.40687     18.774840     17.036376
   3.45419     18.993991     18.992014
   3.50151     19.109699     19.100905
   3.54883     19.184443     19.191986
   3.59615     19.211666     19.313457
   3.59615     19.211666     19.313457
   3.66306     19.153830     19.152427
   3.72998     18.721259     18.726589
   3.79690     18.224674     17.382228
   3.86381     17.721597     18.530502
   3.93073     18.552720     18.548334
   3.99765     20.219047     18.476466
   4.06457     20.439640     18.461631
   4.13148     18.510626     18.521426
   4.19840     19.092219     20.224868
   4.26532     19.853248     19.810792
   4.33224     20.272943     20.277282
   4.39915     20.300495     20.302005
   4.46607     19.950334     19.950309
   4.53299     20.084422     19.815695
   4.59991     20.055497     19.851079
   4.66682     19.747476     19.731685
   4.73374     19.488094     19.485981
   4.80066     19.250101     19.250915
   4.86757     19.201252     19.201339
 
# Band-Index   44
   4.86757     19.490798     19.490925
   4.80066     19.511806     19.510736
   4.73374     19.769121     19.761666
   4.66682     20.190057     20.005115
   4.59991     20.295709     20.055024
   4.53299     20.409011     20.118756
   4.46607     20.225567     20.225663
   4.39915     20.332707     20.306644
   4.33224     20.669465     20.647223
   4.26532     20.778385     20.852959
   4.19840     20.093807     20.736780
   4.13148     20.391494     20.374587
   4.06457     20.491293     19.874365
   3.99765     20.230405     19.272613
   3.93073     18.643753     18.639549
   3.86381     18.031250     18.706312
   3.79690     18.840836     18.094274
   3.72998     19.009681     19.009344
   3.66306     19.214221     19.221537
   3.59615     19.502994     19.590714
   3.59615     19.502994     19.590714
   3.54883     19.436362     19.461842
   3.50151     19.222317     19.255199
   3.45419     19.002676     19.047484
   3.40687     18.886640     17.884040
   3.35956     18.776469     18.648171
   3.31224     18.695771     18.633022
   3.26492     18.686247     18.669010
   3.21760     18.810081     18.790274
   3.17029     19.075566     19.040847
   3.12297     19.412231     19.323305
   3.07565     19.701518     19.470058
   3.02833     20.010225     19.891108
   2.98102     20.449186     21.055977
   2.93370     20.428012     21.402738
   2.88638     19.977352     20.046290
   2.83906     20.104047     20.199689
   2.79174     20.670103     20.640858
   2.74443     21.401615     21.024184
   2.69711     21.672642     21.656843
   2.69711     21.672642     21.656843
   2.64979     21.428958     21.410569
   2.60247     20.840563     21.194317
   2.55516     20.927928     20.822916
   2.50784     21.036297     20.778597
   2.46052     21.017544     20.620551
   2.41320     20.977218     20.778952
   2.36589     20.913531     20.187393
   2.31857     19.830013     19.849649
   2.27125     20.008936     20.005756
   2.22393     20.114252     20.098297
   2.17661     20.150854     20.137436
   2.12930     20.122336     20.164209
   2.08198     20.070213     20.203020
   2.03466     20.347797     20.158565
   1.98734     20.123013     20.278336
   1.94003     19.962929     19.887078
   1.89271     19.698059     19.675372
   1.84539     19.522283     19.492628
   1.79807     19.490798     19.490925
   1.79807     19.490798     19.490925
   1.75076     19.492499     19.522336
   1.70344     19.495257     19.593363
   1.65612     19.459749     19.554515
   1.60880     19.367442     19.513043
   1.56148     19.214356     19.475014
   1.51417     19.241118     19.444709
   1.46685     19.369905     19.425029
   1.41953     19.582955     19.523207
   1.37221     19.477508     19.452062
   1.32490     19.522820     19.445025
   1.27758     19.681041     19.479716
   1.23026     19.461838     19.527673
   1.18294     19.581668     19.631602
   1.13562     19.722625     19.766722
   1.08831     19.857498     19.924410
   1.04099     19.973150     20.048204
   0.99367     20.071292     20.123628
   0.94635     20.161555     20.158418
   0.89904     20.221826     20.168572
   0.89904     20.221860     20.168604
   0.85172     19.777428     19.895688
   0.80440     19.518763     19.600869
   0.75708     19.231402     19.419118
   0.70977     18.908963     19.383085
   0.66245     18.635821     18.885672
   0.61513     18.964111     18.373415
   0.56781     17.948874     17.952089
   0.52049     17.956203     17.840361
   0.47318     18.662889     18.642787
   0.42586     18.189652     18.066857
   0.37854     17.843189     17.813689
   0.33122     17.869374     17.964739
   0.28391     17.729503     17.998211
   0.23659     17.393553     17.611468
   0.18927     17.037072     17.224842
   0.14195     16.687457     16.851482
   0.09464     16.351422     16.492480
   0.04732     16.051615     16.148243
   0.00000     17.461281     17.461477
 
# Band-Index   45
   0.00000     19.201689     19.201607
   0.04732     17.493326     17.496975
   0.09464     17.583025     17.595250
   0.14195     17.718259     17.740300
   0.18927     17.885529     17.915586
   0.23659     18.073158     18.107670
   0.28391     18.271230     18.221243
   0.33122     18.344890     18.358790
   0.37854     18.336769     18.217196
   0.42586     18.252028     18.226550
   0.47318     18.979695     18.988915
   0.52049     19.100320     19.085039
   0.56781     19.293083     19.273856
   0.61513     19.396568     19.303676
   0.66245     18.911110     19.000472
   0.70977     19.454298     19.442316
   0.75708     20.024163     20.011173
   0.80440     20.482533     20.479838
   0.85172     20.347410     20.391937
   0.89904     20.344228     20.235167
   0.89904     20.344219     20.235116
   0.94635     20.413196     20.393084
   0.99367     20.504014     20.494607
   1.04099     20.528259     20.487851
   1.08831     20.476126     20.400229
   1.13562     20.297041     20.205604
   1.18294     20.098653     20.012333
   1.23026     19.902185     19.840519
   1.27758     19.757519     19.807689
   1.32490     19.949478     19.981123
   1.37221     20.072941     20.113450
   1.41953     20.120210     20.149476
   1.46685     20.129214     20.122811
   1.51417     20.136188     20.070246
   1.56148     20.159601     20.012728
   1.60880     20.062828     19.962159
   1.65612     19.874946     19.889159
   1.70344     19.675535     19.692097
   1.75076     19.616546     19.621869
   1.79807     19.633823     19.633910
   1.79807     19.633806     19.633806
   1.84539     19.629688     19.620910
   1.89271     19.745101     19.962655
   1.94003     20.245517     20.209961
   1.98734     20.309409     20.376112
   2.03466     20.487657     20.314937
   2.08198     20.313768     20.315009
   2.12930     20.340780     20.375305
   2.17661     20.315470     20.318422
   2.22393     20.300135     20.240429
   2.27125     20.335260     20.217954
   2.31857     20.349402     20.247047
   2.36589     21.378589     20.301737
   2.41320     21.519190     21.558549
   2.46052     21.679523     21.406836
   2.50784     21.355805     21.322099
   2.55516     21.137667     21.140511
   2.60247     21.241914     21.682630
   2.64979     21.949546     21.659746
   2.69711     22.054520     21.803199
   2.69711     22.054520     21.803199
   2.74443     21.740358     21.125080
   2.79174     20.760535     20.678435
   2.83906     20.835406     20.736621
   2.88638     20.972594     20.883227
   2.93370     20.481930     21.562714
   2.98102     20.761723     21.326055
   3.02833     20.371968     20.503641
   3.07565     20.211269     20.263910
   3.12297     20.477498     20.376897
   3.17029     20.624018     20.610571
   3.21760     20.514678     20.534067
   3.26492     20.510570     20.564052
   3.31224     20.497166     18.678979
   3.35956     20.503768     18.762455
   3.40687     20.537680     18.682285
   3.45419     20.247847     20.262081
   3.50151     19.992775     20.013593
   3.54883     19.785845     19.810561
   3.59615     19.701529     19.673560
   3.59615     19.701529     19.673560
   3.66306     19.704048     19.710930
   3.72998     19.814367     19.769002
   3.79690     19.950127     18.236367
   3.86381     18.528315     19.945728
   3.93073     19.078624     19.065676
   3.99765     20.585620     19.555668
   4.06457     20.836997     20.027769
   4.13148     20.367962     20.368933
   4.19840     20.618309     20.885977
   4.26532     20.919964     20.895590
   4.33224     20.855382     20.844982
   4.39915     20.791237     20.804436
   4.46607     20.434966     20.439967
   4.53299     20.781013     20.395952
   4.59991     20.371334     20.349140
   4.66682     20.315817     20.268554
   4.73374     19.993361     19.878148
   4.80066     19.712301     19.709478
   4.86757     19.633806     19.633806
 
# Band-Index   46
   4.86757     20.186985     20.186017
   4.80066     19.971834     19.848961
   4.73374     20.090262     20.091047
   4.66682     20.334684     20.296530
   4.59991     20.899929     20.416757
   4.53299     20.914951     20.910296
   4.46607     20.735674     20.744996
   4.39915     21.014326     21.043921
   4.33224     20.957497     20.897454
   4.26532     21.065356     21.078083
   4.19840     20.667930     20.986173
   4.13148     20.658856     20.649830
   4.06457     21.288732     20.515079
   3.99765     21.192277     20.285470
   3.93073     20.192211     20.102080
   3.86381     18.707163     20.755298
   3.79690     20.696114     18.840685
   3.72998     20.620599     20.613358
   3.66306     20.465267     20.439855
   3.59615     20.163561     20.181744
   3.59615     20.163561     20.181744
   3.54883     20.352713     20.292769
   3.50151     20.571381     20.548032
   3.45419     20.530421     20.531033
   3.40687     20.516276     18.872058
   3.35956     20.846758     20.531613
   3.31224     21.155550     20.535429
   3.26492     21.149038     21.043075
   3.21760     20.974793     20.837079
   3.17029     20.765308     20.654823
   3.12297     20.791153     20.804562
   3.07565     20.988029     20.998931
   3.02833     21.165475     21.167153
   2.98102     21.033095     21.693871
   2.93370     21.002863     22.026183
   2.88638     21.101252     21.233537
   2.83906     21.541691     21.593614
   2.79174     21.536574     21.553039
   2.74443     22.483461     21.151245
   2.69711     22.472203     22.495938
   2.69711     22.472203     22.495938
   2.64979     22.431403     22.456686
   2.60247     21.960507     22.301961
   2.55516     21.925999     21.820498
   2.50784     21.833963     21.802324
   2.46052     21.723979     21.692383
   2.41320     21.912233     21.924217
   2.36589     21.681145     20.939817
   2.31857     20.864361     20.870189
   2.27125     20.799938     20.743372
   2.22393     20.733391     20.698418
   2.17661     20.655797     20.610166
   2.12930     20.563677     20.505089
   2.08198     20.500063     20.376584
   2.03466     20.746382     20.400845
   1.98734     20.522725     20.443563
   1.94003     20.374884     20.433230
   1.89271     20.248053     20.330152
   1.84539     20.222872     20.164573
   1.79807     20.186985     20.186017
   1.79807     20.187053     20.186605
   1.75076     19.661115     19.626299
   1.70344     19.719728     19.720163
   1.65612     19.887178     19.984696
   1.60880     20.115850     20.276618
   1.56148     20.221322     20.280304
   1.51417     20.351921     20.304130
   1.46685     20.292375     20.276383
   1.41953     20.293319     20.292348
   1.37221     20.223418     20.214614
   1.32490     20.217889     20.307929
   1.27758     20.234400     20.303648
   1.23026     20.284741     20.357513
   1.18294     20.341974     20.399496
   1.13562     20.405973     20.431847
   1.08831     20.490330     20.461041
   1.04099     20.670697     20.587769
   0.99367     20.676903     20.637134
   0.94635     20.458161     20.480424
   0.89904     20.349468     20.465519
   0.89904     20.349498     20.468443
   0.85172     20.953124     20.968108
   0.80440     20.574021     20.596260
   0.75708     20.152458     20.067289
   0.70977     19.875574     19.865765
   0.66245     19.629109     19.613406
   0.61513     20.020437     20.014740
   0.56781     19.332655     19.543554
   0.52049     19.151694     19.135109
   0.47318     19.333868     19.427017
   0.42586     18.842442     18.850187
   0.37854     18.663423     18.683754
   0.33122     18.470762     18.448104
   0.28391     18.292241     18.305725
   0.23659     18.463470     18.445733
   0.18927     18.682539     18.700185
   0.14195     18.920020     18.969590
   0.09464     19.097980     19.100466
   0.04732     19.173848     19.174383
   0.00000     19.499327     19.499032
 
# Band-Index   47
   0.00000     19.677481     19.677230
   0.04732     19.387104     19.378235
   0.09464     19.163444     19.196179
   0.14195     18.991353     18.997105
   0.18927     18.872527     18.839681
   0.23659     18.759926     18.671488
   0.28391     18.636321     18.510924
   0.33122     18.482347     18.500425
   0.37854     18.681619     18.815033
   0.42586     19.055947     19.085829
   0.47318     19.494104     19.780456
   0.52049     19.517821     19.751311
   0.56781     19.554044     19.644081
   0.61513     20.305264     20.715247
   0.66245     20.144199     20.430819
   0.70977     19.998469     20.009099
   0.75708     20.194685     20.180497
   0.80440     20.662909     20.783515
   0.85172     21.047457     21.062873
   0.89904     20.986674     20.951304
   0.89904     20.986655     20.951289
   0.94635     20.942339     20.894644
   0.99367     20.827389     20.759044
   1.04099     20.866727     20.890127
   1.08831     20.778877     20.846283
   1.13562     20.611880     20.707202
   1.18294     20.464550     20.598050
   1.23026     20.353618     20.524049
   1.27758     20.273597     20.476244
   1.32490     20.662233     20.722845
   1.37221     20.232308     20.451161
   1.41953     20.549150     20.617364
   1.46685     20.395303     20.491230
   1.51417     20.407739     20.474964
   1.56148     20.420279     20.352435
   1.60880     20.415528     20.348313
   1.65612     20.379881     20.308920
   1.70344     20.125156     20.236317
   1.75076     20.061112     20.135196
   1.79807     20.382527     20.382528
   1.79807     20.382530     20.382531
   1.84539     20.402014     20.413285
   1.89271     20.446706     20.429082
   1.94003     20.499755     20.480520
   1.98734     20.583044     20.597254
   2.03466     21.525561     20.636932
   2.08198     20.770382     20.922155
   2.12930     20.883528     20.883417
   2.17661     21.007251     20.960704
   2.22393     21.125924     21.071842
   2.27125     21.218509     21.189771
   2.31857     21.248364     21.300643
   2.36589     22.324125     21.425921
   2.41320     22.038082     21.956523
   2.46052     22.092688     21.930240
   2.50784     22.156634     21.820787
   2.55516     22.315386     22.107052
   2.60247     22.315366     22.338654
   2.64979     22.585943     22.600140
   2.69711     22.667740     22.657233
   2.69711     22.667740     22.657233
   2.74443     22.625919     21.259813
   2.79174     21.646392     21.638291
   2.83906     21.758722     21.931964
   2.88638     21.613966     21.674434
   2.93370     21.218616     22.772092
   2.98102     21.202673     22.896399
   3.02833     21.371920     21.414550
   3.07565     21.487080     21.399441
   3.12297     21.470132     21.412787
   3.17029     21.459130     21.403005
   3.21760     21.405665     21.365403
   3.26492     21.347063     21.324009
   3.31224     21.173902     21.089481
   3.35956     21.096901     21.043823
   3.40687     20.989787     18.964696
   3.45419     20.869342     20.836435
   3.50151     20.662142     20.553503
   3.54883     20.609208     20.619626
   3.59615     20.614947     20.611208
   3.59615     20.614947     20.611208
   3.66306     20.614030     20.606445
   3.72998     20.653191     20.657958
   3.79690     20.709176     19.759050
   3.86381     19.890905     20.842688
   3.93073     20.819966     20.824610
   3.99765     21.569429     20.876706
   4.06457     21.354731     20.864796
   4.13148     20.775256     20.767218
   4.19840     21.015720     21.190914
   4.26532     21.138775     21.071505
   4.33224     21.256866     21.201974
   4.39915     21.503653     21.473001
   4.46607     21.243991     21.242864
   4.53299     21.256778     20.967035
   4.59991     21.165778     20.947322
   4.66682     20.569809     20.447806
   4.73374     20.233461     20.214913
   4.80066     20.305332     20.310682
   4.86757     20.382530     20.382531
 
# Band-Index   48
   4.86757     20.456220     20.460190
   4.80066     20.399140     20.378357
   4.73374     20.397034     20.330193
   4.66682     21.063187     21.002839
   4.59991     21.212740     21.013446
   4.53299     21.605978     21.433690
   4.46607     21.762874     21.764762
   4.39915     22.055665     22.108694
   4.33224     21.710939     21.824849
   4.26532     21.430560     21.452831
   4.19840     21.097472     21.541232
   4.13148     21.242824     21.243560
   4.06457     21.983923     21.299539
   3.99765     22.296931     21.196733
   3.93073     21.033115     21.026872
   3.86381     20.216873     21.195071
   3.79690     21.070516     20.058989
   3.72998     20.945171     20.934479
   3.66306     20.657047     20.672219
   3.59615     20.652177     20.689911
   3.59615     20.652177     20.689911
   3.54883     20.658219     20.676989
   3.50151     20.753555     20.719865
   3.45419     20.990569     20.862175
   3.40687     21.135161     20.428390
   3.35956     21.232270     21.213526
   3.31224     21.279853     21.253723
   3.26492     21.453498     21.504853
   3.21760     21.795404     21.802985
   3.17029     22.109785     22.113994
   3.12297     22.103497     22.008109
   3.07565     21.746465     21.733193
   3.02833     21.496728     21.417648
   2.98102     21.619172     23.050277
   2.93370     21.833298     22.970224
   2.88638     22.094150     22.077800
   2.83906     22.213638     22.205823
   2.79174     21.722074     21.984302
   2.74443     22.890989     22.153261
   2.69711     23.011281     22.902631
   2.69711     23.011281     22.902631
   2.64979     22.955364     22.746153
   2.60247     22.482466     22.735953
   2.55516     22.395609     22.334831
   2.50784     22.292788     22.252490
   2.46052     22.319135     22.043251
   2.41320     22.396379     22.028037
   2.36589     22.408130     21.788756
   2.31857     21.432921     21.679119
   2.27125     21.247988     21.555360
   2.22393     21.337878     21.430093
   2.17661     21.271257     21.325711
   2.12930     21.264602     21.294798
   2.08198     21.180875     21.334583
   2.03466     21.760336     20.967591
   1.98734     20.994286     21.035081
   1.94003     20.532186     20.484086
   1.89271     20.495028     20.522213
   1.84539     20.496974     20.469349
   1.79807     20.456220     20.460190
   1.79807     20.452029     20.456536
   1.75076     20.385667     20.348888
   1.70344     20.403735     20.349310
   1.65612     20.464852     20.448190
   1.60880     20.546309     20.581927
   1.56148     20.429410     20.570955
   1.51417     20.435373     20.527943
   1.46685     20.575717     20.610784
   1.41953     20.931551     21.030994
   1.37221     20.822232     20.823550
   1.32490     21.185760     21.219072
   1.27758     21.030634     21.018517
   1.23026     21.205926     21.122692
   1.18294     21.165580     21.171506
   1.13562     21.160767     21.183658
   1.08831     21.103772     21.146063
   1.04099     21.048823     21.101769
   0.99367     21.085008     21.117290
   0.94635     21.269163     21.241466
   0.89904     21.286235     21.265418
   0.89904     21.344685     21.304033
   0.85172     21.078753     21.165058
   0.80440     21.471125     21.479345
   0.75708     20.767195     20.890730
   0.70977     20.912927     20.965754
   0.66245     20.493519     20.493573
   0.61513     20.930886     20.843533
   0.56781     20.216023     20.719934
   0.52049     19.893418     20.250513
   0.47318     20.377234     20.478988
   0.42586     19.081503     19.320790
   0.37854     18.798258     18.875363
   0.33122     18.670873     18.687768
   0.28391     18.677975     18.695031
   0.23659     18.797439     18.774069
   0.18927     18.964917     18.882442
   0.14195     19.138437     19.014975
   0.09464     19.318278     19.248615
   0.04732     19.505137     19.519613
   0.00000     19.730550     19.730258
 
# Band-Index   49
   0.00000     20.182268     20.182101
   0.04732     19.914736     19.864035
   0.09464     20.137266     20.085085
   0.14195     20.377034     20.331661
   0.18927     20.435947     20.424216
   0.23659     20.423411     20.408207
   0.28391     20.434906     20.416930
   0.33122     20.476282     20.457233
   0.37854     20.553721     20.536063
   0.42586     20.636801     20.658386
   0.47318     20.809895     20.806819
   0.52049     20.296678     20.251990
   0.56781     20.734804     20.819876
   0.61513     21.146269     21.204213
   0.66245     21.046796     21.150592
   0.70977     20.958407     21.028278
   0.75708     21.360494     21.377690
   0.80440     21.581717     21.571451
   0.85172     21.184592     21.166286
   0.89904     21.463057     21.731444
   0.89904     21.461984     21.731263
   0.94635     21.493790     21.747645
   0.99367     21.319082     21.308982
   1.04099     21.170801     21.130647
   1.08831     21.353804     21.316855
   1.13562     21.625505     21.647532
   1.18294     21.533629     21.488628
   1.23026     21.417748     21.339942
   1.27758     21.285932     21.241162
   1.32490     21.401006     21.274667
   1.37221     21.031474     21.091538
   1.41953     21.320888     21.257624
   1.46685     20.806738     20.870176
   1.51417     20.709316     20.767478
   1.56148     20.622463     20.671163
   1.60880     20.644781     20.588757
   1.65612     20.481464     20.451131
   1.70344     20.429687     20.440586
   1.75076     20.394974     20.397796
   1.79807     20.585365     20.585168
   1.79807     20.583240     20.583039
   1.84539     20.727707     20.852004
   1.89271     20.886725     21.113098
   1.94003     21.088350     20.911682
   1.98734     21.835339     21.992360
   2.03466     21.936525     21.429516
   2.08198     21.377234     21.746849
   2.12930     21.510597     21.497687
   2.17661     21.511519     21.614466
   2.22393     21.339803     21.962846
   2.27125     21.443203     22.304818
   2.31857     21.568681     22.414084
   2.36589     22.665323     22.240240
   2.41320     22.499256     22.236049
   2.46052     22.440305     22.031002
   2.50784     22.439199     22.277670
   2.55516     22.497168     22.481896
   2.60247     22.803016     22.887066
   2.64979     23.002367     23.074963
   2.69711     23.255566     23.075956
   2.69711     23.255566     23.075956
   2.74443     23.237628     22.404933
   2.79174     22.469853     22.468496
   2.83906     22.424916     22.510713
   2.88638     22.588721     22.510189
   2.93370     22.023275     23.423655
   2.98102     23.030612     23.367416
   3.02833     23.097582     23.004468
   3.07565     22.767461     22.820498
   3.12297     22.352883     22.453256
   3.17029     22.407320     22.275417
   3.21760     22.628163     22.346392
   3.26492     22.519428     22.189563
   3.31224     22.166166     21.692136
   3.35956     21.777899     21.326943
   3.40687     21.388196     20.635031
   3.45419     21.014397     20.964722
   3.50151     20.872376     20.842058
   3.54883     20.756948     20.806375
   3.59615     20.689844     21.658841
   3.59615     20.689844     21.658841
   3.66306     20.840612     20.835480
   3.72998     20.965895     20.931117
   3.79690     21.497547     20.694171
   3.86381     20.754938     22.020124
   3.93073     21.364297     21.368855
   3.99765     22.767183     21.579713
   4.06457     22.094779     21.569499
   4.13148     21.570994     21.574468
   4.19840     21.481306     21.769507
   4.26532     21.848250     21.937510
   4.33224     21.977874     22.096670
   4.39915     22.096619     22.232246
   4.46607     21.801256     21.792248
   4.53299     21.841506     21.602088
   4.59991     21.539660     21.328294
   4.66682     21.412715     21.112288
   4.73374     21.017876     20.929327
   4.80066     20.860818     20.873515
   4.86757     20.583240     20.583039
 
# Band-Index   50
   4.86757     20.673983     20.674152
   4.80066     20.918850     20.971695
   4.73374     21.298606     21.356126
   4.66682     21.497680     21.506481
   4.59991     21.687280     21.462316
   4.53299     22.421944     21.772988
   4.46607     21.821712     21.809496
   4.39915     22.337509     22.325422
   4.33224     22.195301     22.200504
   4.26532     21.968404     22.104539
   4.19840     21.640903     22.369134
   4.13148     21.670826     21.648576
   4.06457     23.575200     21.882520
   3.99765     23.246551     21.746980
   3.93073     21.921141     21.926066
   3.86381     20.843455     22.068683
   3.79690     22.145710     20.712647
   3.72998     22.145262     22.134677
   3.66306     22.143255     22.125829
   3.59615     22.040699     22.671278
   3.59615     22.040699     22.671278
   3.54883     22.035498     22.095792
   3.50151     22.087323     22.105597
   3.45419     22.207492     22.244124
   3.40687     22.369037     20.895950
   3.35956     22.530159     22.626106
   3.31224     22.672535     22.811157
   3.26492     22.782587     22.934944
   3.21760     22.808760     22.950774
   3.17029     22.972944     23.086574
   3.12297     23.121468     23.172575
   3.07565     23.206223     23.133776
   3.02833     23.178034     23.092267
   2.98102     23.084538     23.961277
   2.93370     22.969537     23.400503
   2.88638     22.845814     22.792081
   2.83906     22.527678     22.534596
   2.79174     22.571258     22.611886
   2.74443     23.362979     22.688681
   2.69711     23.651474     23.450695
   2.69711     23.651474     23.450695
   2.64979     23.514679     23.493504
   2.60247     22.908623     22.994959
   2.55516     22.712753     22.758989
   2.50784     22.725829     22.543197
   2.46052     23.376405     22.793276
   2.41320     23.341983     23.240843
   2.36589     23.416901     22.720650
   2.31857     22.449159     22.572300
   2.27125     22.471218     22.769620
   2.22393     22.342265     22.327367
   2.17661     22.159099     22.213549
   2.12930     22.132323     22.076320
   2.08198     22.054946     21.937060
   2.03466     22.102456     21.864148
   1.98734     21.968950     22.016458
   1.94003     21.837212     21.522249
   1.89271     21.390757     21.245359
   1.84539     20.921848     20.976512
   1.79807     20.673983     20.674152
   1.79807     20.673835     20.673955
   1.75076     20.653100     20.710854
   1.70344     21.115155     20.629972
   1.65612     20.560830     20.504361
   1.60880     20.732747     20.818622
   1.56148     20.905129     20.876741
   1.51417     21.220154     21.172622
   1.46685     21.298063     21.275420
   1.41953     21.629539     21.554051
   1.37221     21.431052     21.314748
   1.32490     21.548097     21.438099
   1.27758     21.363306     21.326648
   1.23026     21.420973     21.444291
   1.18294     21.536772     21.552971
   1.13562     21.660172     21.655493
   1.08831     21.666050     21.716838
   1.04099     21.639783     21.752768
   0.99367     21.566147     21.757670
   0.94635     21.874041     21.800715
   0.89904     21.782847     21.741337
   0.89904     21.829209     21.741460
   0.85172     21.227318     21.204419
   0.80440     22.118391     22.442688
   0.75708     22.101912     22.107590
   0.70977     21.887303     21.842879
   0.66245     21.422792     21.360084
   0.61513     21.517594     21.329093
   0.56781     21.344196     21.384663
   0.52049     21.022387     21.020618
   0.47318     21.409835     21.482057
   0.42586     20.672185     20.773760
   0.37854     20.843380     20.985187
   0.33122     20.969977     21.100162
   0.28391     21.008815     21.116943
   0.23659     20.912771     20.884949
   0.18927     20.635282     20.598566
   0.14195     20.467578     20.459147
   0.09464     20.514101     20.508196
   0.04732     20.308888     20.354675
   0.00000     20.606539     20.606248
 
# Band-Index   51
   0.00000     20.615055     20.614728
   0.04732     20.570580     20.566043
   0.09464     20.575617     20.670528
   0.14195     20.798708     20.833247
   0.18927     20.897006     20.953184
   0.23659     20.975737     21.057435
   0.28391     21.209423     21.190192
   0.33122     21.292999     21.323217
   0.37854     21.358606     21.401019
   0.42586     21.399454     21.455899
   0.47318     22.048278     22.116705
   0.52049     21.400702     21.488395
   0.56781     21.517641     21.455016
   0.61513     21.596778     21.570116
   0.66245     21.819678     21.804570
   0.70977     22.145107     22.172791
   0.75708     22.318076     22.321588
   0.80440     22.455525     22.450995
   0.85172     21.999665     21.987615
   0.89904     21.898570     21.817579
   0.89904     21.814234     21.791976
   0.94635     21.953682     21.821909
   0.99367     22.043106     21.972083
   1.04099     22.068467     22.101203
   1.08831     21.872839     21.878074
   1.13562     21.691543     21.671102
   1.18294     21.942322     21.871638
   1.23026     21.874088     21.732679
   1.27758     21.685046     21.570258
   1.32490     22.301159     22.360180
   1.37221     21.493340     21.326856
   1.41953     22.133092     22.162531
   1.46685     21.479461     21.406829
   1.51417     21.391360     21.392017
   1.56148     21.544721     21.470285
   1.60880     21.772971     21.641527
   1.65612     20.895480     20.660254
   1.70344     21.250216     21.050035
   1.75076     20.813072     20.720657
   1.79807     21.686515     21.686646
   1.79807     21.688861     21.689840
   1.84539     21.836699     21.775893
   1.89271     21.863512     21.441044
   1.94003     21.958294     21.859252
   1.98734     22.401857     22.477086
   2.03466     22.478952     21.917207
   2.08198     22.300093     22.357535
   2.12930     22.577943     22.718311
   2.17661     22.227137     22.913096
   2.22393     22.389216     22.814120
   2.27125     22.526413     23.178805
   2.31857     22.976681     22.958084
   2.36589     23.438700     23.094197
   2.41320     23.420468     23.392782
   2.46052     23.480176     22.872482
   2.50784     23.480937     23.039840
   2.55516     23.566159     22.933638
   2.60247     23.548885     23.899226
   2.64979     23.863917     23.915530
   2.69711     23.798918     23.889963
   2.69711     23.798918     23.889963
   2.74443     23.808737     22.705372
   2.79174     22.774198     22.680801
   2.83906     22.642792     22.617951
   2.88638     22.877546     22.930864
   2.93370     22.994791     23.783880
   2.98102     23.253481     23.929869
   3.02833     23.258215     23.129054
   3.07565     23.244211     23.215331
   3.12297     23.301664     23.221762
   3.17029     23.346662     23.262627
   3.21760     23.252475     23.349201
   3.26492     23.202758     23.429545
   3.31224     23.403983     23.425415
   3.35956     23.457397     23.509961
   3.40687     23.452189     21.013995
   3.45419     23.371511     23.359510
   3.50151     23.330421     23.288561
   3.54883     23.234033     23.380915
   3.59615     23.206137     23.339981
   3.59615     23.206137     23.339981
   3.66306     23.282378     23.281720
   3.72998     23.297497     23.314816
   3.79690     23.230205     21.066567
   3.86381     21.195391     23.003086
   3.93073     22.654440     22.661069
   3.99765     24.232910     22.299267
   4.06457     23.578894     21.930611
   4.13148     21.759467     21.774148
   4.19840     21.785789     23.007159
   4.26532     23.124048     23.130100
   4.33224     22.966706     22.941883
   4.39915     22.915510     22.960525
   4.46607     22.545651     22.546844
   4.53299     22.555988     22.269781
   4.59991     22.353212     21.747569
   4.66682     22.220656     22.073066
   4.73374     21.569386     21.498769
   4.80066     21.767428     21.266373
   4.86757     21.688861     21.689840
 
# Band-Index   52
   4.86757     21.829801     21.829776
   4.80066     21.851902     21.848768
   4.73374     21.941422     21.934203
   4.66682     22.822507     22.219649
   4.59991     22.805471     22.073011
   4.53299     22.986573     22.447488
   4.46607     22.717664     22.771912
   4.39915     22.945628     23.203544
   4.33224     23.729873     23.589294
   4.26532     24.384700     24.197618
   4.19840     21.919685     23.358548
   4.13148     22.272712     22.300778
   4.06457     24.378547     22.201899
   3.99765     24.239181     22.834160
   3.93073     23.467792     23.479856
   3.86381     22.063851     23.772186
   3.79690     23.472725     21.523059
   3.72998     23.337989     23.372743
   3.66306     23.368866     23.389464
   3.59615     23.369902     24.737276
   3.59615     23.369902     24.737276
   3.54883     23.382945     23.359417
   3.50151     23.409812     23.410150
   3.45419     23.417973     23.415540
   3.40687     23.505109     21.226148
   3.35956     23.633734     23.729911
   3.31224     23.569366     23.647285
   3.26492     23.599407     23.727851
   3.21760     23.390918     23.416196
   3.17029     23.596379     23.554798
   3.12297     23.658681     23.469947
   3.07565     23.561162     23.257766
   3.02833     23.270240     23.295559
   2.98102     23.296500     24.190615
   2.93370     23.180691     23.986459
   2.88638     22.885276     22.923402
   2.83906     22.737649     22.695758
   2.79174     22.759063     22.755455
   2.74443     23.798036     22.896285
   2.69711     24.272099     24.002353
   2.69711     24.272099     24.002353
   2.64979     24.082666     23.989007
   2.60247     23.830295     24.129309
   2.55516     23.679417     23.469522
   2.50784     23.571315     23.416850
   2.46052     24.113068     23.364336
   2.41320     23.850345     23.598718
   2.36589     23.573816     23.159709
   2.31857     23.271998     23.294307
   2.27125     23.202428     23.224818
   2.22393     23.289817     23.372681
   2.17661     22.998678     23.391056
   2.12930     22.913731     22.960252
   2.08198     22.543379     22.474715
   2.03466     22.946739     22.130144
   1.98734     22.455397     22.487274
   1.94003     22.369727     21.864037
   1.89271     22.251547     21.816740
   1.84539     22.099818     21.835616
   1.79807     21.829801     21.829776
   1.79807     21.829934     21.829918
   1.75076     21.523041     21.202858
   1.70344     21.426332     21.829464
   1.65612     21.496234     21.307477
   1.60880     21.800544     21.833799
   1.56148     21.978529     21.896424
   1.51417     22.066765     22.077608
   1.46685     22.148480     22.145366
   1.41953     22.500217     22.624787
   1.37221     22.291450     22.144981
   1.32490     22.933078     23.114744
   1.27758     22.410433     22.456130
   1.23026     22.296846     22.321875
   1.18294     21.977864     22.003640
   1.13562     22.087765     22.046136
   1.08831     22.179483     22.157243
   1.04099     22.148485     22.126555
   0.99367     22.091684     22.025864
   0.94635     22.380989     22.318806
   0.89904     21.892755     21.833102
   0.89904     22.327877     22.240817
   0.85172     22.250075     22.228052
   0.80440     22.497077     22.556771
   0.75708     22.524154     22.453999
   0.70977     22.256759     22.306872
   0.66245     21.888335     21.922429
   0.61513     22.846964     23.029484
   0.56781     22.916574     23.072589
   0.52049     21.758830     21.764239
   0.47318     22.552380     22.566085
   0.42586     22.199418     22.203686
   0.37854     21.855343     21.852014
   0.33122     21.524262     21.513177
   0.28391     21.209555     21.229547
   0.23659     21.115491     21.127396
   0.18927     21.017092     21.023114
   0.14195     20.890269     20.921545
   0.09464     20.703987     20.722130
   0.04732     20.634494     20.642291
   0.00000     20.690200     20.690208
 
# Band-Index   53
   0.00000     21.997926     21.997744
   0.04732     20.741768     20.741179
   0.09464     20.826091     20.826234
   0.14195     20.919328     21.023916
   0.18927     21.226312     21.397054
   0.23659     21.571049     21.783394
   0.28391     21.908298     22.174136
   0.33122     22.199548     22.531470
   0.37854     22.350626     22.634809
   0.42586     22.278064     22.420642
   0.47318     23.172167     23.090029
   0.52049     22.902328     22.920890
   0.56781     23.014503     23.226632
   0.61513     22.985558     23.056135
   0.66245     22.715486     22.849266
   0.70977     22.614147     22.733161
   0.75708     22.534916     22.503838
   0.80440     22.666054     22.785402
   0.85172     22.446490     22.431318
   0.89904     22.502017     22.616760
   0.89904     21.896248     21.849924
   0.94635     22.433523     22.526959
   0.99367     22.270450     22.328084
   1.04099     22.296786     22.198788
   1.08831     22.301487     22.302211
   1.13562     22.307623     22.298541
   1.18294     22.450645     22.439320
   1.23026     22.777146     22.700350
   1.27758     22.609996     22.550221
   1.32490     23.114623     23.194379
   1.37221     22.329002     22.340187
   1.41953     22.965970     23.364062
   1.46685     22.359942     22.153468
   1.51417     22.219993     22.227205
   1.56148     21.994401     21.960763
   1.60880     21.945828     21.928930
   1.65612     21.890846     21.894205
   1.70344     21.811130     22.144020
   1.75076     21.707399     21.835506
   1.79807     22.390047     22.390075
   1.79807     22.388620     22.388715
   1.84539     22.521477     22.765828
   1.89271     22.981678     21.849356
   1.94003     22.702285     22.116247
   1.98734     22.662373     22.982545
   2.03466     23.080403     22.996276
   2.08198     23.357508     23.646438
   2.12930     23.815910     23.724067
   2.17661     23.383911     23.875699
   2.22393     23.371850     23.791277
   2.27125     23.433570     23.485692
   2.31857     23.300237     23.305250
   2.36589     24.315118     23.429716
   2.41320     24.333552     23.667531
   2.46052     24.524881     23.780925
   2.50784     24.333660     23.995932
   2.55516     24.211923     24.243848
   2.60247     24.470679     24.478107
   2.64979     24.624754     24.937474
   2.69711     24.694150     24.992594
   2.69711     24.694150     24.992594
   2.74443     24.119996     23.045587
   2.79174     23.427904     22.995667
   2.83906     23.306147     23.113117
   2.88638     23.409880     23.331120
   2.93370     23.372143     24.397376
   2.98102     23.589233     24.541423
   3.02833     23.678552     23.816187
   3.07565     23.678476     23.841538
   3.12297     23.935345     23.836927
   3.17029     23.689619     23.815029
   3.21760     23.643691     23.777841
   3.26492     23.712061     23.764999
   3.31224     23.775749     23.849884
   3.35956     23.704827     23.765678
   3.40687     23.913994     22.289224
   3.45419     24.192327     24.237110
   3.50151     24.467784     24.463692
   3.54883     24.700560     24.659629
   3.59615     24.798251     24.821514
   3.59615     24.798251     24.821514
   3.66306     24.652038     24.617063
   3.72998     24.378856     24.360561
   3.79690     24.240193     22.132912
   3.86381     22.074403     24.038926
   3.93073     24.153455     24.156620
   3.99765     24.885278     24.148637
   4.06457     24.876639     23.537149
   4.13148     22.631539     22.734765
   4.19840     22.532589     24.481266
   4.26532     24.518645     24.161350
   4.33224     24.155309     24.147337
   4.39915     23.260473     23.422010
   4.46607     22.793309     22.764436
   4.53299     23.101528     22.845865
   4.59991     23.217167     22.633497
   4.66682     23.032460     22.751190
   4.73374     22.985522     22.904803
   4.80066     22.420798     22.815397
   4.86757     22.388620     22.388715
 
# Band-Index   54
   4.86757     23.603178     23.601141
   4.80066     23.348955     23.224419
   4.73374     23.021197     23.057270
   4.66682     23.298160     23.216392
   4.59991     23.307211     22.648133
   4.53299     23.157675     22.979693
   4.46607     22.987930     23.048615
   4.39915     23.572455     23.688068
   4.33224     24.510104     24.505317
   4.26532     25.143813     24.629389
   4.19840     22.700942     24.794571
   4.13148     23.602444     23.847783
   4.06457     25.075024     24.364872
   3.99765     25.052995     24.487927
   3.93073     24.281731     24.387723
   3.86381     23.004383     24.177058
   3.79690     24.448723     23.285379
   3.72998     24.705092     24.708839
   3.66306     24.795817     24.770200
   3.59615     24.875546     24.875613
   3.59615     24.875546     24.875613
   3.54883     24.859253     24.823292
   3.50151     24.816565     24.800906
   3.45419     24.747666     24.721872
   3.40687     24.671196     23.261307
   3.35956     24.591853     24.543912
   3.31224     24.502640     24.455989
   3.26492     24.419020     24.379141
   3.21760     24.307043     24.269964
   3.17029     24.300293     24.029790
   3.12297     24.020946     24.117882
   3.07565     24.470089     24.511356
   3.02833     24.513315     24.604518
   2.98102     24.176398     25.094790
   2.93370     23.692531     25.123404
   2.88638     23.312214     23.503639
   2.83906     23.371472     23.275767
   2.79174     23.567996     23.396465
   2.74443     25.626700     23.698019
   2.69711     25.736262     25.471747
   2.69711     25.736262     25.471747
   2.64979     25.806268     25.593599
   2.60247     25.685443     25.682169
   2.55516     25.637539     25.427417
   2.50784     25.558428     25.531551
   2.46052     25.827577     25.648854
   2.41320     25.576435     25.519071
   2.36589     25.384808     23.735210
   2.31857     23.430771     23.832121
   2.27125     23.610112     23.961260
   2.22393     23.936870     24.160075
   2.17661     23.936443     24.196870
   2.12930     23.907764     24.177665
   2.08198     23.609927     23.695331
   2.03466     23.144034     23.129211
   1.98734     22.909662     23.518390
   1.94003     22.995483     22.646440
   1.89271     23.158525     22.112937
   1.84539     23.673322     23.673010
   1.79807     23.603178     23.601141
   1.79807     23.600647     23.598325
   1.75076     21.836653     21.991703
   1.70344     21.811909     22.616608
   1.65612     21.975622     22.279665
   1.60880     22.187016     22.512651
   1.56148     22.436158     22.007716
   1.51417     22.357252     22.368382
   1.46685     22.621378     22.615115
   1.41953     23.377506     23.429084
   1.37221     23.225790     23.158394
   1.32490     23.447129     23.487046
   1.27758     22.888098     22.876687
   1.23026     22.837975     22.807550
   1.18294     22.871201     22.885922
   1.13562     22.750199     22.710821
   1.08831     22.524977     22.452808
   1.04099     22.437619     22.473325
   0.99367     22.487446     22.478281
   0.94635     22.695108     22.736108
   0.89904     22.500200     22.615720
   0.89904     22.748327     22.793069
   0.85172     22.556970     22.721903
   0.80440     22.968456     23.006354
   0.75708     22.543498     22.526043
   0.70977     22.775895     22.821405
   0.66245     22.892257     22.961521
   0.61513     23.242753     23.245463
   0.56781     23.229315     23.252722
   0.52049     23.115453     23.195577
   0.47318     23.179810     23.272628
   0.42586     23.048997     22.941948
   0.37854     22.891266     22.775277
   0.33122     22.725989     22.614487
   0.28391     22.567183     22.470168
   0.23659     22.418826     22.342425
   0.18927     22.283581     22.229797
   0.14195     22.166961     22.134431
   0.09464     22.076390     22.061143
   0.04732     22.018859     22.014873
   0.00000     23.163839     23.163310
 
# Band-Index   55
   0.00000     23.400432     23.400581
   0.04732     23.171177     23.170202
   0.09464     23.192612     23.190570
   0.14195     23.224100     23.221230
   0.18927     23.259342     23.257585
   0.23659     23.289834     23.293767
   0.28391     23.306075     23.323082
   0.33122     23.300734     23.196828
   0.37854     23.272701     23.249976
   0.42586     23.227636     23.315073
   0.47318     23.475558     23.702672
   0.52049     23.226331     23.223433
   0.56781     23.228822     23.266694
   0.61513     23.431022     23.433180
   0.66245     23.173500     23.175310
   0.70977     22.880317     22.828067
   0.75708     22.667755     22.714862
   0.80440     23.010440     23.180353
   0.85172     22.686046     22.724035
   0.89904     22.970452     23.019947
   0.89904     22.620719     22.626678
   0.94635     23.019342     23.052364
   0.99367     22.522683     22.570531
   1.04099     22.807674     22.784167
   1.08831     22.955316     22.949444
   1.13562     23.104296     23.126118
   1.18294     23.181828     23.135445
   1.23026     23.437152     23.299395
   1.27758     23.172024     23.161531
   1.32490     23.446105     23.590098
   1.37221     23.292644     23.286692
   1.41953     23.880923     23.873079
   1.46685     22.983409     22.954138
   1.51417     22.702186     22.568727
   1.56148     22.471294     22.764692
   1.60880     22.518905     22.964211
   1.65612     22.248164     22.293833
   1.70344     22.116072     22.740010
   1.75076     22.155134     22.511184
   1.79807     23.849007     23.848960
   1.79807     23.848644     23.849048
   1.84539     23.808168     23.691060
   1.89271     23.863532     22.980153
   1.94003     23.595405     23.539679
   1.98734     24.054862     23.926437
   2.03466     24.144374     23.615895
   2.08198     23.940080     23.735561
   2.12930     24.209919     24.242242
   2.17661     24.223621     24.405004
   2.22393     24.004441     24.449139
   2.27125     23.790072     24.762744
   2.31857     23.649815     24.540337
   2.36589     26.383834     24.573828
   2.41320     26.435541     26.022025
   2.46052     26.320275     25.897181
   2.50784     25.879964     25.837532
   2.55516     26.072419     26.053545
   2.60247     26.047589     26.160863
   2.64979     26.024488     26.234626
   2.69711     25.995559     26.158130
   2.69711     25.995559     26.158130
   2.74443     25.819904     23.940909
   2.79174     23.698076     23.789324
   2.83906     23.823984     23.863775
   2.88638     24.137484     24.149680
   2.93370     24.346469     25.877359
   2.98102     24.537217     25.480417
   3.02833     24.803691     24.792839
   3.07565     24.503192     24.516172
   3.12297     24.373363     24.326607
   3.17029     24.380237     24.254256
   3.21760     24.584114     24.397790
   3.26492     25.389887     24.873961
   3.31224     25.262441     25.193817
   3.35956     25.134279     25.091829
   3.40687     25.044144     23.541619
   3.45419     24.962395     24.935904
   3.50151     24.926756     24.883457
   3.54883     24.891102     24.860683
   3.59615     24.934569     24.876986
   3.59615     24.934569     24.876986
   3.66306     24.836760     24.840562
   3.72998     24.805362     24.819219
   3.79690     24.866130     23.429098
   3.86381     23.741229     24.766085
   3.93073     24.716374     24.841916
   3.99765     25.840755     24.633810
   4.06457     25.668575     24.652323
   4.13148     24.748087     24.736541
   4.19840     23.425003     25.548044
   4.26532     25.539188     25.254299
   4.33224     24.777055     24.574232
   4.39915     24.123570     24.483803
   4.46607     23.171929     23.172607
   4.53299     23.223704     23.189383
   4.59991     23.507463     23.098615
   4.66682     23.653348     23.599055
   4.73374     22.981077     23.203553
   4.80066     23.714643     23.709486
   4.86757     23.848644     23.849048
 
# Band-Index   56
   4.86757     23.969147     23.971597
   4.80066     24.158812     24.267766
   4.73374     23.331191     24.360803
   4.66682     23.883600     23.985442
   4.59991     23.988856     23.618762
   4.53299     23.583674     23.223964
   4.46607     23.446231     23.258183
   4.39915     24.262284     24.626168
   4.33224     25.092568     25.153457
   4.26532     25.667790     25.527903
   4.19840     24.784154     26.062459
   4.13148     25.244726     25.445181
   4.06457     26.050820     25.485807
   3.99765     25.852514     25.175844
   3.93073     24.776603     24.849485
   3.86381     24.035375     24.947656
   3.79690     24.866084     24.284571
   3.72998     25.164015     25.081197
   3.66306     26.363565     25.978543
   3.59615     26.375015     25.769573
   3.59615     26.375015     25.769573
   3.54883     26.331511     25.860370
   3.50151     26.350919     25.827429
   3.45419     26.384412     26.218659
   3.40687     26.673308     24.008689
   3.35956     26.485681     25.930010
   3.31224     25.938263     25.394594
   3.26492     25.444103     25.363719
   3.21760     24.868760     24.566746
   3.17029     24.650476     24.644666
   3.12297     24.773917     24.755382
   3.07565     24.883523     24.969459
   3.02833     24.914215     24.934465
   2.98102     24.885706     25.990045
   2.93370     24.687235     26.068509
   2.88638     24.465431     24.442483
   2.83906     24.253748     24.247699
   2.79174     24.152329     24.174816
   2.74443     26.374749     24.210287
   2.69711     26.783396     26.812313
   2.69711     26.783396     26.812313
   2.64979     26.773782     27.059763
   2.60247     26.527076     27.107774
   2.55516     26.091295     26.524305
   2.50784     26.153302     26.424416
   2.46052     26.494345     26.028526
   2.41320     26.470405     26.074654
   2.36589     26.402657     24.960643
   2.31857     24.730357     24.704626
   2.27125     24.770651     25.030337
   2.22393     24.500307     25.080650
   2.17661     24.396986     24.712604
   2.12930     24.456746     24.472330
   2.08198     24.655337     24.522118
   2.03466     24.824158     24.429317
   1.98734     24.203894     24.843395
   1.94003     23.947520     24.116223
   1.89271     23.824630     23.522516
   1.84539     24.165514     24.248708
   1.79807     23.969147     23.971597
   1.79807     23.975808     23.975867
   1.75076     22.977073     22.681686
   1.70344     23.420538     22.990660
   1.65612     22.325247     22.835501
   1.60880     23.483646     23.515750
   1.56148     22.783344     23.132108
   1.51417     22.721304     23.311677
   1.46685     23.007722     23.505970
   1.41953     24.132830     24.147227
   1.37221     23.510226     23.816597
   1.32490     23.844335     23.703419
   1.27758     23.509246     23.374175
   1.23026     23.526864     23.406419
   1.18294     23.314617     23.155791
   1.13562     23.186775     23.291924
   1.08831     22.982553     23.199565
   1.04099     22.898749     23.082218
   0.99367     22.804432     22.790613
   0.94635     23.094909     23.117683
   0.89904     22.967575     23.001315
   0.89904     23.116434     23.102327
   0.85172     22.734783     22.727969
   0.80440     23.222966     23.258283
   0.75708     22.734509     22.946041
   0.70977     22.929771     22.900207
   0.66245     23.296479     23.262285
   0.61513     23.868185     23.731570
   0.56781     23.854518     23.699485
   0.52049     23.238523     23.568486
   0.47318     23.844863     23.936417
   0.42586     23.554120     23.618621
   0.37854     23.411730     23.336650
   0.33122     23.429088     23.338951
   0.28391     23.578967     23.405383
   0.23659     23.604286     23.535545
   0.18927     23.540972     23.492879
   0.14195     23.484080     23.455027
   0.09464     23.438868     23.425290
   0.04732     23.409781     23.406303
   0.00000     24.752998     24.751864
 
# Band-Index   57
   0.00000     24.818388     24.816611
   0.04732     24.660936     24.703938
   0.09464     24.470251     24.472998
   0.14195     24.242315     24.205198
   0.18927     24.008313     23.931208
   0.23659     23.782669     23.662016
   0.28391     23.668643     23.580076
   0.33122     23.728529     23.621881
   0.37854     23.779574     23.658114
   0.42586     23.818783     23.685857
   0.47318     24.113341     24.085065
   0.52049     23.855514     23.706584
   0.56781     24.483803     24.448263
   0.61513     24.148195     24.101210
   0.66245     23.615057     23.624571
   0.70977     23.293484     23.381366
   0.75708     23.277751     23.350911
   0.80440     23.350597     23.744559
   0.85172     22.980799     22.999675
   0.89904     23.842516     23.627938
   0.89904     22.987130     23.002439
   0.94635     23.899769     23.730292
   0.99367     22.918044     23.023813
   1.04099     23.118395     23.112774
   1.08831     23.344047     23.340078
   1.13562     23.329684     23.301452
   1.18294     23.321094     23.275939
   1.23026     24.321543     24.281899
   1.27758     23.676493     23.543689
   1.32490     24.871718     24.876970
   1.37221     23.723957     23.901966
   1.41953     24.298088     24.225058
   1.46685     23.676918     23.666294
   1.51417     23.635870     23.465775
   1.56148     23.663279     23.182501
   1.60880     23.818594     23.560454
   1.65612     23.766195     23.567693
   1.70344     23.419591     23.481980
   1.75076     23.203470     23.138561
   1.79807     24.850391     24.879220
   1.79807     24.828592     24.873340
   1.84539     24.508370     24.690059
   1.89271     24.542477     23.553361
   1.94003     24.842108     24.163090
   1.98734     25.052513     24.999969
   2.03466     25.071969     25.130075
   2.08198     25.186023     25.097454
   2.12930     25.045132     24.782575
   2.17661     24.531605     24.841678
   2.22393     24.932432     25.287125
   2.27125     25.041250     25.129689
   2.31857     24.870316     25.958340
   2.36589     26.800741     25.779275
   2.41320     27.237453     27.049054
   2.46052     27.230903     27.257441
   2.50784     27.030116     27.244371
   2.55516     26.887505     27.436166
   2.60247     26.802747     27.595481
   2.64979     27.072376     27.700091
   2.69711     27.012325     27.638338
   2.69711     27.012325     27.638338
   2.74443     27.070321     25.263219
   2.79174     25.131431     25.154241
   2.83906     24.954524     24.974842
   2.88638     25.020442     24.728796
   2.93370     25.329796     26.625565
   2.98102     25.459107     26.778184
   3.02833     24.973262     24.991827
   3.07565     25.166810     25.116747
   3.12297     25.450848     25.439173
   3.17029     25.618584     25.656769
   3.21760     25.600437     25.523638
   3.26492     25.927829     26.107413
   3.31224     26.348297     26.465824
   3.35956     26.735039     26.803245
   3.40687     27.008808     24.621150
   3.45419     26.790637     26.412900
   3.50151     26.563120     26.170841
   3.54883     26.472710     26.394239
   3.59615     26.596458     26.509814
   3.59615     26.596458     26.509814
   3.66306     26.381131     26.322569
   3.72998     26.507647     26.387260
   3.79690     26.671759     24.447650
   3.86381     24.385941     26.272639
   3.93073     25.601982     25.642504
   3.99765     27.246570     25.422756
   4.06457     27.421752     25.747730
   4.13148     25.776125     25.790933
   4.19840     24.976831     26.390922
   4.26532     25.918915     25.949851
   4.33224     25.448054     25.368805
   4.39915     24.842609     25.042379
   4.46607     23.532803     23.969490
   4.53299     24.308854     23.544776
   4.59991     24.108999     23.949580
   4.66682     24.657594     24.645356
   4.73374     24.567202     24.597165
   4.80066     24.490376     24.753912
   4.86757     24.828592     24.873340
 
# Band-Index   58
   4.86757     25.159734     25.159168
   4.80066     25.260347     25.005580
   4.73374     25.042201     24.616622
   4.66682     24.767108     24.655093
   4.59991     24.736104     24.368684
   4.53299     24.471948     23.960558
   4.46607     24.038630     24.080599
   4.39915     25.465963     25.459975
   4.33224     25.714586     25.732496
   4.26532     26.547241     26.520445
   4.19840     25.664470     26.620248
   4.13148     26.163685     26.285307
   4.06457     27.744173     25.724752
   3.99765     27.509689     25.751977
   3.93073     25.971855     25.972921
   3.86381     24.751024     26.408370
   3.79690     26.790941     24.852174
   3.72998     26.660738     26.660270
   3.66306     26.620576     26.617213
   3.59615     26.712250     26.591143
   3.59615     26.712250     26.591143
   3.54883     26.638465     26.631229
   3.50151     26.736938     26.737713
   3.45419     26.868294     26.897285
   3.40687     27.013929     24.771539
   3.35956     26.732333     26.939003
   3.31224     26.798698     26.797545
   3.26492     26.538514     26.492773
   3.21760     25.811185     26.027114
   3.17029     25.681101     25.827379
   3.12297     25.470425     25.654876
   3.07565     25.272964     25.447783
   3.02833     25.383264     26.181207
   2.98102     25.609962     27.072107
   2.93370     25.482842     26.938964
   2.88638     25.920424     26.079232
   2.83906     25.880650     25.756620
   2.79174     25.760573     25.829686
   2.74443     28.267907     25.340018
   2.69711     28.788717     28.727046
   2.69711     28.788717     28.727046
   2.64979     28.524760     28.477655
   2.60247     28.234416     28.226199
   2.55516     27.984754     27.959147
   2.50784     27.656111     27.704611
   2.46052     27.457611     27.409929
   2.41320     27.312671     27.121256
   2.36589     27.049572     25.772353
   2.31857     25.965723     25.982178
   2.27125     25.152122     25.454903
   2.22393     25.047085     25.255454
   2.17661     24.915578     25.458760
   2.12930     25.345069     25.391277
   2.08198     25.352862     25.231851
   2.03466     26.110386     25.214352
   1.98734     25.962072     25.731569
   1.94003     25.571909     24.830427
   1.89271     25.301588     24.073441
   1.84539     25.196498     25.205803
   1.79807     25.159734     25.159168
   1.79807     25.159249     25.158724
   1.75076     23.730610     23.783929
   1.70344     23.497276     24.079162
   1.65612     23.834538     23.860248
   1.60880     24.066632     24.195545
   1.56148     23.992490     23.684642
   1.51417     23.664605     23.818932
   1.46685     24.275819     23.962236
   1.41953     24.780117     24.485417
   1.37221     24.044301     23.919427
   1.32490     25.082548     25.098374
   1.27758     23.710045     24.045532
   1.23026     24.391571     24.439329
   1.18294     23.365290     23.600595
   1.13562     23.389113     23.376701
   1.08831     23.538701     23.483775
   1.04099     23.675058     23.673237
   0.99367     23.199858     23.219200
   0.94635     24.333870     24.231756
   0.89904     22.992406     23.049833
   0.89904     24.374915     24.338214
   0.85172     22.991943     23.028818
   0.80440     23.856534     23.949498
   0.75708     23.555370     23.572058
   0.70977     23.907317     23.800694
   0.66245     23.911900     23.806020
   0.61513     24.456129     24.530024
   0.56781     24.728705     24.783253
   0.52049     24.419222     24.429988
   0.47318     24.295931     24.327740
   0.42586     24.024466     24.265538
   0.37854     24.228573     24.271716
   0.33122     24.300339     24.335293
   0.28391     24.420089     24.449757
   0.23659     24.533406     24.586516
   0.18927     24.615035     24.661809
   0.14195     24.707242     24.740739
   0.09464     24.792152     24.802999
   0.04732     24.821767     24.759038
   0.00000     24.875902     24.875661
 
# Band-Index   59
   0.00000     25.348674     25.348219
   0.04732     24.853078     24.858166
   0.09464     24.857380     24.810206
   0.14195     24.915593     24.874182
   0.18927     24.758888     24.782440
   0.23659     24.577367     24.603864
   0.28391     24.479035     24.526494
   0.33122     24.463743     24.495493
   0.37854     24.392056     24.502750
   0.42586     24.217048     24.377236
   0.47318     24.724739     24.670372
   0.52049     24.472967     24.539706
   0.56781     24.816251     24.794188
   0.61513     24.806743     24.737750
   0.66245     24.406781     24.410130
   0.70977     24.043493     24.115079
   0.75708     23.720123     23.776280
   0.80440     24.411989     24.475719
   0.85172     23.773881     23.657744
   0.89904     24.502658     24.675369
   0.89904     23.573600     23.485208
   0.94635     24.515192     24.643992
   0.99367     23.697774     23.698571
   1.04099     23.721779     23.684610
   1.08831     23.547997     23.509207
   1.13562     23.690000     23.676840
   1.18294     24.009503     24.003175
   1.23026     24.727823     24.717079
   1.27758     24.513756     24.516792
   1.32490     25.178709     25.166769
   1.37221     24.410534     24.326358
   1.41953     25.036545     24.918282
   1.46685     24.570253     24.412859
   1.51417     23.852851     24.691399
   1.56148     25.198187     24.638460
   1.60880     24.833322     24.291718
   1.65612     24.709124     24.017895
   1.70344     23.890248     24.163027
   1.75076     24.239400     24.115550
   1.79807     25.449657     25.460536
   1.79807     25.447776     25.455924
   1.84539     25.838398     25.520544
   1.89271     25.941067     24.600831
   1.94003     25.983858     25.062286
   1.98734     26.036646     26.145658
   2.03466     26.111031     25.371508
   2.08198     25.496637     25.545552
   2.12930     25.413296     25.478964
   2.17661     25.425125     25.567401
   2.22393     25.328599     25.640964
   2.27125     25.503198     25.747749
   2.31857     25.960122     26.234971
   2.36589     27.460240     26.619486
   2.41320     27.470931     27.514383
   2.46052     27.817796     27.886643
   2.50784     27.734727     28.026805
   2.55516     27.991012     28.285882
   2.60247     28.327129     28.555762
   2.64979     28.637621     28.867355
   2.69711     28.793584     28.941246
   2.69711     28.793584     28.941246
   2.74443     28.382846     26.107085
   2.79174     26.372769     26.098331
   2.83906     26.228187     26.084625
   2.88638     26.270653     26.268036
   2.93370     25.756886     28.067487
   2.98102     25.983933     27.887975
   3.02833     26.011573     26.352249
   3.07565     26.268398     26.158665
   3.12297     26.100608     25.969030
   3.17029     26.082423     25.891853
   3.21760     26.260202     26.169160
   3.26492     26.807549     27.115770
   3.31224     26.835359     27.099484
   3.35956     27.132318     27.143784
   3.40687     27.288236     25.070197
   3.45419     27.594666     27.351391
   3.50151     27.873394     27.838711
   3.54883     27.962243     27.901895
   3.59615     27.975273     27.956462
   3.59615     27.975273     27.956462
   3.66306     27.861257     27.825395
   3.72998     27.405340     27.394864
   3.79690     26.855636     24.916072
   3.86381     24.992662     26.473422
   3.93073     26.117952     26.340332
   3.99765     27.923695     26.155036
   4.06457     27.766343     26.124596
   4.13148     26.632086     26.658055
   4.19840     25.945536     26.891906
   4.26532     27.047465     26.889355
   4.33224     26.776497     26.592405
   4.39915     26.457335     26.158541
   4.46607     24.557846     25.006313
   4.53299     25.330122     24.470484
   4.59991     25.597803     25.078139
   4.66682     25.267785     25.287649
   4.73374     25.321649     25.375973
   4.80066     25.497882     25.240509
   4.86757     25.447776     25.455924
 
# Band-Index   60
   4.86757     26.124696     26.125541
   4.80066     26.197200     26.522242
   4.73374     26.078563     25.986043
   4.66682     25.912860     25.960931
   4.59991     25.621975     25.251546
   4.53299     25.588597     25.198740
   4.46607     25.173219     25.689011
   4.39915     26.601697     26.787863
   4.33224     27.184247     27.081227
   4.26532     27.413548     27.266611
   4.19840     26.378785     27.467209
   4.13148     27.171054     27.047287
   4.06457     28.362137     27.270857
   3.99765     28.390777     27.326264
   3.93073     27.261504     27.258245
   3.86381     26.293771     27.126397
   3.79690     27.210485     26.639703
   3.72998     27.851443     27.842884
   3.66306     28.353685     28.325979
   3.59615     28.756738     28.698138
   3.59615     28.756738     28.698138
   3.54883     28.498642     28.358440
   3.50151     28.077517     27.855189
   3.45419     27.697187     27.690032
   3.40687     27.376378     26.521607
   3.35956     27.500107     27.329079
   3.31224     27.861503     27.693683
   3.26492     27.824059     28.112851
   3.21760     27.192178     27.260228
   3.17029     26.960737     27.103875
   3.12297     26.627892     26.854659
   3.07565     26.278511     26.466706
   3.02833     26.454290     27.337663
   2.98102     26.406408     29.794432
   2.93370     26.099415     29.930239
   2.88638     26.308115     26.427293
   2.83906     26.550628     26.649763
   2.79174     26.847741     27.002916
   2.74443     29.889624     26.548702
   2.69711     29.858202     29.955727
   2.69711     29.858202     29.955727
   2.64979     29.675268     29.721531
   2.60247     29.352394     29.558731
   2.55516     29.176619     29.814138
   2.50784     28.920888     29.228004
   2.46052     28.494409     28.735986
   2.41320     27.751254     27.911245
   2.36589     27.490087     26.792832
   2.31857     26.390916     26.449019
   2.27125     25.890329     26.414190
   2.22393     25.498390     25.971907
   2.17661     25.527414     26.003494
   2.12930     25.912936     25.940659
   2.08198     25.818249     25.641850
   2.03466     26.186740     25.469594
   1.98734     26.335006     26.424471
   1.94003     26.558239     25.711828
   1.89271     26.772844     25.384943
   1.84539     26.325692     26.554785
   1.79807     26.124696     26.125541
   1.79807     26.121044     26.120664
   1.75076     25.178723     24.986129
   1.70344     24.984520     24.494877
   1.65612     24.722281     24.736197
   1.60880     24.829314     24.438454
   1.56148     25.522234     25.062058
   1.51417     24.292987     24.779585
   1.46685     24.797392     24.454571
   1.41953     25.436588     25.464543
   1.37221     24.881280     24.891705
   1.32490     25.682541     25.646133
   1.27758     24.658628     24.691248
   1.23026     24.940063     24.761054
   1.18294     24.594265     24.443454
   1.13562     24.473551     24.456773
   1.08831     24.341597     24.310934
   1.04099     24.206727     24.143285
   0.99367     23.960862     23.923113
   0.94635     24.886996     24.676919
   0.89904     23.937480     23.914710
   0.89904     24.833864     24.652862
   0.85172     23.853301     23.847056
   0.80440     25.409084     25.393154
   0.75708     23.849889     23.793494
   0.70977     24.339292     24.664697
   0.66245     24.415812     24.488258
   0.61513     25.367118     25.201127
   0.56781     25.019029     25.002467
   0.52049     24.778580     24.745896
   0.47318     25.425385     25.443172
   0.42586     24.565019     24.552460
   0.37854     24.493495     24.863455
   0.33122     24.871134     25.348994
   0.28391     25.206928     25.211838
   0.23659     25.092523     25.085160
   0.18927     24.994991     24.969412
   0.14195     24.951511     24.970348
   0.09464     25.137488     25.149305
   0.04732     25.286308     25.289984
   0.00000     25.770942     25.769924
 
# Band-Index   61
   0.00000     26.527077     26.526970
   0.04732     25.842939     25.868789
   0.09464     26.059548     26.137701
   0.14195     26.305146     26.481600
   0.18927     26.345510     26.765637
   0.23659     25.918874     26.468823
   0.28391     25.392667     25.924446
   0.33122     25.338424     25.384990
   0.37854     25.475537     25.482306
   0.42586     25.591101     25.560173
   0.47318     25.657659     25.445448
   0.52049     25.078564     25.123228
   0.56781     25.092632     25.180320
   0.61513     25.638124     25.687746
   0.66245     25.074873     25.148850
   0.70977     24.631046     24.797526
   0.75708     23.888139     23.840202
   0.80440     25.623500     25.715340
   0.85172     23.926277     24.042366
   0.89904     25.124708     24.884400
   0.89904     24.296373     24.302364
   0.94635     25.168517     25.032009
   0.99367     24.066092     23.990067
   1.04099     24.600763     24.585484
   1.08831     24.772706     24.764490
   1.13562     24.797443     24.910594
   1.18294     24.740218     24.582728
   1.23026     25.876062     25.666578
   1.27758     24.794504     24.821417
   1.32490     25.991589     25.852005
   1.37221     25.089352     25.095990
   1.41953     25.508855     25.559783
   1.46685     25.166517     25.206057
   1.51417     24.870909     25.530979
   1.56148     25.634410     25.703423
   1.60880     25.554557     25.408647
   1.65612     25.524912     25.640747
   1.70344     25.289387     25.299892
   1.75076     25.339759     25.149380
   1.79807     26.956679     26.956278
   1.79807     26.955639     26.955230
   1.84539     27.063090     26.949042
   1.89271     26.869700     25.679494
   1.94003     27.251183     25.906704
   1.98734     27.699506     27.330692
   2.03466     26.430528     26.245811
   2.08198     26.231198     25.990534
   2.12930     26.425225     26.053293
   2.17661     25.764792     26.114777
   2.22393     25.983092     26.379641
   2.27125     26.603487     26.489850
   2.31857     27.153795     26.597184
   2.36589     27.666005     26.895485
   2.41320     28.342342     28.379493
   2.46052     28.743471     29.015966
   2.50784     29.265523     29.615553
   2.55516     29.636164     29.973632
   2.60247     29.959560     30.115253
   2.64979     30.191380     30.414048
   2.69711     30.375666     30.631070
   2.69711     30.375666     30.631070
   2.74443     30.372804     27.523626
   2.79174     27.717307     27.488580
   2.83906     27.267039     27.256490
   2.88638     26.363713     26.403042
   2.93370     26.573438     29.922393
   2.98102     26.649179     29.869456
   3.02833     27.475117     27.643007
   3.07565     27.591904     27.687794
   3.12297     27.832510     27.867529
   3.17029     28.260906     28.381747
   3.21760     28.482054     28.328233
   3.26492     28.220562     28.359906
   3.31224     27.914430     28.008645
   3.35956     27.567419     27.597666
   3.40687     27.415073     27.161228
   3.45419     27.757169     27.741883
   3.50151     28.259831     28.237643
   3.54883     28.707938     28.704522
   3.59615     28.912006     28.930635
   3.59615     28.912006     28.930635
   3.66306     28.523460     28.526285
   3.72998     27.924500     27.868431
   3.79690     27.282718     26.862407
   3.86381     26.410849     27.176849
   3.93073     27.309576     27.509944
   3.99765     28.952049     27.666504
   4.06457     28.533171     27.371448
   4.13148     27.249186     27.189941
   4.19840     26.676363     27.716135
   4.26532     27.986425     27.313659
   4.33224     28.026460     27.958445
   4.39915     27.762828     27.808997
   4.46607     25.678175     26.108009
   4.53299     26.456337     25.660520
   4.59991     26.086746     25.866683
   4.66682     26.879056     26.653620
   4.73374     26.711043     26.964283
   4.80066     26.694428     26.553888
   4.86757     26.955639     26.955230
 
# Band-Index   62
   4.86757     27.380911     27.381014
   4.80066     27.553384     27.676149
   4.73374     27.366169     27.295457
   4.66682     27.265048     26.848397
   4.59991     26.989439     25.907017
   4.53299     27.328790     25.894878
   4.46607     25.939454     26.793709
   4.39915     28.040185     27.932152
   4.33224     28.145036     28.251320
   4.26532     28.548685     28.814785
   4.19840     27.141927     29.046259
   4.13148     27.356111     27.274638
   4.06457     29.350760     28.100201
   3.99765     29.502827     28.868903
   3.93073     28.196069     28.891263
   3.86381     26.451745     28.424845
   3.79690     28.360457     27.175546
   3.72998     28.264550     28.138819
   3.66306     28.655520     28.616498
   3.59615     29.175504     29.164997
   3.59615     29.175504     29.164997
   3.54883     29.110297     28.902762
   3.50151     28.926425     28.585324
   3.45419     28.802554     28.344005
   3.40687     28.687867     27.289023
   3.35956     28.690051     28.256050
   3.31224     28.908099     28.293007
   3.26492     28.597522     28.680605
   3.21760     28.486982     28.591805
   3.17029     28.667884     28.373864
   3.12297     28.525922     28.178433
   3.07565     28.032837     27.764631
   3.02833     27.579258     29.006185
   2.98102     27.401089     30.737395
   2.93370     27.030394     31.023669
   2.88638     27.124805     27.156964
   2.83906     27.474307     27.909521
   2.79174     27.746546     27.694219
   2.74443     30.988759     28.153723
   2.69711     31.089738     31.466008
   2.69711     31.089738     31.466008
   2.64979     30.877437     31.169107
   2.60247     30.537097     30.680831
   2.55516     30.075754     30.352187
   2.50784     29.760189     29.716680
   2.46052     29.053957     29.594416
   2.41320     28.897005     29.015888
   2.36589     28.443721     27.213496
   2.31857     27.278084     27.233732
   2.27125     26.708908     26.570900
   2.22393     26.415912     26.475156
   2.17661     26.078925     26.314420
   2.12930     26.675097     26.774804
   2.08198     26.616831     26.547312
   2.03466     27.777510     26.246644
   1.98734     27.800471     27.786722
   1.94003     27.964856     26.186310
   1.89271     27.915463     26.515154
   1.84539     27.527835     27.612345
   1.79807     27.380911     27.381014
   1.79807     27.380159     27.380556
   1.75076     25.519107     25.963817
   1.70344     25.548802     25.917495
   1.65612     25.788253     25.788724
   1.60880     25.576395     25.890985
   1.56148     26.515734     26.047572
   1.51417     25.547106     26.000812
   1.46685     25.832816     25.786259
   1.41953     26.066574     26.340598
   1.37221     25.414381     25.491549
   1.32490     26.407149     26.254979
   1.27758     24.827976     24.918716
   1.23026     26.538443     26.462690
   1.18294     24.781458     24.882942
   1.13562     24.822616     24.970528
   1.08831     24.803978     24.863000
   1.04099     24.637203     24.652915
   0.99367     24.467134     24.554578
   0.94635     26.088578     25.591962
   0.89904     24.317941     24.392813
   0.89904     26.100091     25.616541
   0.85172     24.018260     24.079227
   0.80440     25.772894     25.913259
   0.75708     24.742817     24.724245
   0.70977     25.377857     25.740503
   0.66245     25.242231     25.227526
   0.61513     25.873503     25.818528
   0.56781     25.970884     25.851024
   0.52049     25.363098     25.186888
   0.47318     25.983863     26.166621
   0.42586     25.813762     25.584673
   0.37854     25.973143     25.774702
   0.33122     26.178441     26.020411
   0.28391     26.457223     26.337409
   0.23659     26.816332     26.727579
   0.18927     26.845508     26.829365
   0.14195     26.757035     26.672770
   0.09464     26.634850     26.593182
   0.04732     26.567504     26.542230
   0.00000     26.552643     26.552225
 
# Band-Index   63
   0.00000     28.691074     28.691749
   0.04732     26.602929     26.613948
   0.09464     26.794868     26.788339
   0.14195     27.362426     27.042338
   0.18927     27.246109     27.125193
   0.23659     26.963455     26.924587
   0.28391     26.792557     26.811974
   0.33122     26.467593     26.524678
   0.37854     26.144993     26.232816
   0.42586     25.859707     26.007786
   0.47318     26.774187     26.563779
   0.52049     26.063386     26.146500
   0.56781     26.450207     26.441965
   0.61513     26.089040     25.891020
   0.66245     25.595774     25.519789
   0.70977     25.907840     25.920974
   0.75708     24.834406     24.845092
   0.80440     25.970194     26.385623
   0.85172     24.492283     24.514101
   0.89904     26.126199     26.053080
   0.89904     24.451416     24.500207
   0.94635     26.131386     26.053565
   0.99367     24.567388     24.574675
   1.04099     24.706988     24.886465
   1.08831     24.919235     24.963450
   1.13562     25.211870     25.056886
   1.18294     25.540667     25.339224
   1.23026     26.586273     26.564032
   1.27758     25.076611     25.894381
   1.32490     26.498614     26.698824
   1.37221     25.711169     25.782946
   1.41953     26.347428     26.486250
   1.46685     26.271038     26.118228
   1.51417     25.625811     26.563043
   1.56148     27.026825     26.547320
   1.60880     26.160262     26.025596
   1.65612     25.882122     25.985866
   1.70344     26.313962     26.194402
   1.75076     26.652776     26.583369
   1.79807     28.339213     28.340126
   1.79807     28.337871     28.340735
   1.84539     28.345306     28.370345
   1.89271     28.198959     27.040650
   1.94003     28.252350     26.838951
   1.98734     28.085662     27.956760
   2.03466     28.038812     26.620020
   2.08198     27.061408     26.707633
   2.12930     27.149415     26.868028
   2.17661     26.843750     26.901591
   2.22393     27.034666     26.691724
   2.27125     27.236306     26.777518
   2.31857     27.435864     27.293668
   2.36589     28.896805     27.802677
   2.41320     29.049038     29.530670
   2.46052     29.590584     30.105950
   2.50784     30.234960     30.188198
   2.55516     30.436668     30.646858
   2.60247     30.788711     31.088951
   2.64979     31.069479     31.702864
   2.69711     31.092922     32.247499
   2.69711     31.092922     32.247499
   2.74443     31.189736     29.083714
   2.79174     28.851097     28.913302
   2.83906     27.996270     28.515852
   2.88638     27.264209     27.915623
   2.93370     27.349979     31.211872
   2.98102     27.444670     30.801167
   3.02833     29.671468     29.236777
   3.07565     29.669439     29.585319
   3.12297     29.424629     29.338620
   3.17029     28.907835     28.930111
   3.21760     29.141974     28.925368
   3.26492     29.385830     28.912687
   3.31224     28.883732     29.225639
   3.35956     29.211228     29.508176
   3.40687     29.480084     27.402416
   3.45419     29.730216     29.817112
   3.50151     29.771701     29.920603
   3.54883     29.515597     29.574937
   3.59615     29.279269     29.270125
   3.59615     29.279269     29.270125
   3.66306     29.716131     29.742926
   3.72998     29.535849     29.505811
   3.79690     28.993251     27.277442
   3.86381     27.150373     28.473571
   3.93073     28.772844     29.144732
   3.99765     30.089799     29.199279
   4.06457     29.605564     28.611888
   4.13148     27.833248     28.006014
   4.19840     27.388432     29.476181
   4.26532     29.243150     29.191630
   4.33224     28.637447     28.641359
   4.39915     28.275455     28.235441
   4.46607     26.918450     27.143207
   4.53299     27.907003     26.437141
   4.59991     27.644206     26.420434
   4.66682     27.373658     27.408294
   4.73374     27.911051     28.020314
   4.80066     28.281881     28.257807
   4.86757     28.337871     28.340735
 
# Band-Index   64
   4.86757     28.755107     28.755348
   4.80066     28.303363     28.317344
   4.73374     27.999062     28.090683
   4.66682     28.244028     28.332563
   4.59991     28.559827     26.721181
   4.53299     28.839949     27.273868
   4.46607     27.527300     27.614568
   4.39915     29.024415     28.772356
   4.33224     28.821458     29.101919
   4.26532     29.315354     29.504931
   4.19840     27.774086     29.909334
   4.13148     28.307703     28.264819
   4.06457     29.936049     29.443201
   3.99765     30.838469     29.527596
   3.93073     29.701123     30.309247
   3.86381     27.709096     30.297682
   3.79690     30.225502     27.391856
   3.72998     30.018673     30.020414
   3.66306     30.274245     30.102312
   3.59615     30.386486     29.640583
   3.59615     30.386486     29.640583
   3.54883     30.298486     29.937218
   3.50151     30.048403     30.003876
   3.45419     29.961390     30.391317
   3.40687     30.131554     27.643214
   3.35956     30.222761     30.910128
   3.31224     30.301719     30.884985
   3.26492     29.761325     29.649241
   3.21760     29.498591     29.091809
   3.17029     29.514930     29.190496
   3.12297     29.460377     29.473114
   3.07565     29.977804     29.937156
   3.02833     29.918902     30.037529
   2.98102     30.049499     31.938235
   2.93370     29.896093     31.859552
   2.88638     30.365226     29.588492
   2.83906     30.271234     30.385751
   2.79174     30.253567     30.064933
   2.74443     31.394157     29.800517
   2.69711     32.285127     32.725701
   2.69711     32.285127     32.725701
   2.64979     31.862162     31.974631
   2.60247     31.156302     31.251709
   2.55516     31.056389     31.639738
   2.50784     30.393392     30.832120
   2.46052     29.916693     30.208588
   2.41320     29.377877     30.204622
   2.36589     28.964376     27.923566
   2.31857     27.615703     27.341331
   2.27125     27.444816     27.184912
   2.22393     27.488850     27.073059
   2.17661     27.172749     26.900690
   2.12930     27.297755     27.359136
   2.08198     27.331554     27.195336
   2.03466     28.097416     26.858255
   1.98734     28.531578     28.019752
   1.94003     28.367895     27.499521
   1.89271     28.319590     27.045747
   1.84539     28.444682     28.444167
   1.79807     28.755107     28.755348
   1.79807     28.754146     28.754165
   1.75076     26.904335     27.129693
   1.70344     27.065262     27.186520
   1.65612     26.606274     26.948047
   1.60880     26.689133     26.645087
   1.56148     27.267797     27.149355
   1.51417     25.991366     26.746541
   1.46685     26.581998     26.568093
   1.41953     26.564684     26.885535
   1.37221     26.153910     26.579024
   1.32490     27.271960     26.733307
   1.27758     25.974984     25.957859
   1.23026     26.660280     26.630795
   1.18294     26.058086     25.875670
   1.13562     26.015181     25.964535
   1.08831     25.564988     25.586213
   1.04099     25.249929     25.266710
   0.99367     24.655045     24.759628
   0.94635     27.713922     27.170425
   0.89904     24.483868     24.666905
   0.89904     27.691464     27.115459
   0.85172     24.956481     24.996449
   0.80440     26.473710     26.497122
   0.75708     24.953634     25.066493
   0.70977     26.111320     26.663937
   0.66245     25.989551     25.856458
   0.61513     26.254677     26.078788
   0.56781     26.531704     26.587739
   0.52049     26.522510     26.281459
   0.47318     27.556801     27.495219
   0.42586     27.033772     26.833489
   0.37854     27.143338     26.977410
   0.33122     27.151038     27.033011
   0.28391     27.064660     26.951558
   0.23659     27.118525     27.118111
   0.18927     27.260030     27.233961
   0.14195     27.735225     27.590982
   0.09464     27.765155     27.731927
   0.04732     27.798581     27.790026
   0.00000     31.439503     31.341310
