#K-Path(1/A)         Spin-Up(eV)   Spin-down(eV)
# NKPTS & NBANDS: 100  64
# Band-Index    1
   0.00000    -18.568069    -18.568062
   0.04141    -18.570783    -18.570525
   0.08282    -18.578821    -18.577820
   0.12422    -18.591917    -18.589710
   0.16563    -18.609659    -18.605827
   0.20704    -18.631474    -18.625660
   0.24845    -18.656679    -18.648591
   0.28985    -18.684514    -18.673937
   0.33126    -18.714151    -18.700950
   0.37267    -18.744734    -18.728852
   0.41408    -18.775414    -18.756871
   0.45549    -18.805362    -18.784247
   0.49689    -18.833798    -18.810263
   0.53830    -18.859996    -18.834254
   0.57971    -18.883305    -18.855614
   0.62112    -18.903165    -18.873824
   0.66252    -18.919109    -18.888452
   0.70393    -18.930764    -18.899148
   0.74534    -18.937857    -18.905660
   0.78675    -18.940242    -18.907849
   0.78675    -18.940242    -18.907849
   0.82815    -18.942731    -18.910593
   0.86956    -18.950116    -18.918728
   0.91097    -18.962155    -18.931983
   0.95238    -18.978469    -18.949935
   0.99379    -18.998548    -18.972013
   1.03519    -19.021775    -18.997529
   1.07660    -19.047447    -19.025700
   1.11801    -19.074814    -19.055698
   1.15942    -19.103088    -19.086655
   1.20082    -19.131492    -19.117720
   1.24223    -19.159248    -19.148042
   1.28364    -19.185631    -19.176834
   1.32505    -19.209959    -19.203359
   1.36646    -19.231629    -19.226966
   1.40786    -19.250104    -19.247078
   1.44927    -19.264941    -19.263218
   1.49068    -19.275794    -19.275020
   1.53209    -19.282412    -19.282214
   1.57349    -19.284634    -19.284629
   1.57349    -19.284634    -19.284629
   1.61490    -19.282218    -19.282407
   1.65631    -19.275025    -19.275790
   1.69772    -19.263223    -19.264937
   1.73912    -19.247082    -19.250100
   1.78053    -19.226971    -19.231625
   1.82194    -19.203363    -19.209954
   1.86335    -19.176839    -19.185626
   1.90476    -19.148047    -19.159243
   1.94616    -19.117725    -19.131487
   1.98757    -19.086660    -19.103083
   2.02898    -19.055703    -19.074809
   2.07039    -19.025706    -19.047442
   2.11179    -18.997534    -19.021770
   2.15320    -18.972019    -18.998543
   2.19461    -18.949941    -18.978464
   2.23602    -18.931989    -18.962149
   2.27743    -18.918734    -18.950111
   2.31883    -18.910599    -18.942726
   2.36024    -18.907855    -18.940236
   2.36024    -18.907855    -18.940236
   2.40165    -18.905666    -18.937851
   2.44306    -18.899154    -18.930758
   2.48446    -18.888458    -18.919104
   2.52587    -18.873830    -18.903159
   2.56728    -18.855620    -18.883299
   2.60869    -18.834260    -18.859990
   2.65009    -18.810270    -18.833792
   2.69150    -18.784253    -18.805356
   2.73291    -18.756877    -18.775408
   2.77432    -18.728859    -18.744727
   2.81573    -18.700956    -18.714144
   2.85713    -18.673944    -18.684507
   2.89854    -18.648598    -18.656673
   2.93995    -18.625667    -18.631467
   2.98136    -18.605834    -18.609652
   3.02276    -18.589717    -18.591910
   3.06417    -18.577827    -18.578814
   3.10558    -18.570532    -18.570776
   3.14699    -18.568069    -18.568062
   3.14699    -18.568069    -18.568062
   3.20555    -18.573244    -18.573236
   3.26411    -18.588575    -18.588568
   3.32267    -18.613580    -18.613573
   3.38123    -18.647462    -18.647455
   3.43978    -18.689173    -18.689166
   3.49834    -18.737433    -18.737427
   3.55690    -18.790789    -18.790782
   3.61546    -18.847675    -18.847669
   3.67402    -18.906478    -18.906472
   3.73258    -18.965559    -18.965554
   3.79114    -19.023324    -19.023318
   3.84970    -19.078250    -19.078245
   3.90826    -19.128926    -19.128921
   3.96682    -19.174083    -19.174079
   4.02538    -19.212602    -19.212597
   4.08394    -19.243548    -19.243543
   4.14250    -19.266193    -19.266189
   4.20106    -19.279995    -19.279991
   4.25962    -19.284634    -19.284629
 
# Band-Index    2
   4.25962    -12.245466    -12.245457
   4.20106    -12.241976    -12.241967
   4.14250    -12.231553    -12.231544
   4.08394    -12.214336    -12.214327
   4.02538    -12.190556    -12.190547
   3.96682    -12.160543    -12.160534
   3.90826    -12.124725    -12.124716
   3.84970    -12.083641    -12.083631
   3.79114    -12.037948    -12.037938
   3.73258    -11.988445    -11.988436
   3.67402    -11.936094    -11.936084
   3.61546    -11.882044    -11.882034
   3.55690    -11.827659    -11.827649
   3.49834    -11.774535    -11.774525
   3.43978    -11.724490    -11.724480
   3.38123    -11.679516    -11.679506
   3.32267    -11.641677    -11.641666
   3.26411    -11.612937    -11.612926
   3.20555    -11.594949    -11.594938
   3.14699    -11.588822    -11.588811
   3.14699    -11.588822    -11.588811
   3.10558    -11.592024    -11.591748
   3.06417    -11.601509    -11.600446
   3.02276    -11.616919    -11.614579
   2.98136    -11.637686    -11.633624
   2.93995    -11.663069    -11.656900
   2.89854    -11.692195    -11.683607
   2.85713    -11.724109    -11.712871
   2.81573    -11.757817    -11.743779
   2.77432    -11.792325    -11.775419
   2.73291    -11.826667    -11.806908
   2.69150    -11.859938    -11.837414
   2.65009    -11.891302    -11.866173
   2.60869    -11.920014    -11.892500
   2.56728    -11.945418    -11.915795
   2.52587    -11.966960    -11.935549
   2.48446    -11.984185    -11.951346
   2.44306    -11.996740    -11.962860
   2.40165    -12.004374    -11.969861
   2.36024    -12.006936    -11.972209
   2.36024    -12.006936    -11.972209
   2.31883    -12.008506    -11.974070
   2.27743    -12.013184    -11.979605
   2.23602    -12.020863    -11.988671
   2.19461    -12.031370    -12.001030
   2.15320    -12.044453    -12.016353
   2.11179    -12.059786    -12.034228
   2.07039    -12.076974    -12.054162
   2.02898    -12.095556    -12.075604
   1.98757    -12.115023    -12.097956
   1.94616    -12.134832    -12.120596
   1.90476    -12.154426    -12.142893
   1.86335    -12.173250    -12.164232
   1.82194    -12.190774    -12.184031
   1.78053    -12.206508    -12.201756
   1.73912    -12.220014    -12.216936
   1.69772    -12.230919    -12.229169
   1.65631    -12.238927    -12.238140
   1.61490    -12.243820    -12.243616
   1.57349    -12.245466    -12.245457
   1.57349    -12.245466    -12.245457
   1.53209    -12.243625    -12.243811
   1.49068    -12.238149    -12.238918
   1.44927    -12.229178    -12.230910
   1.40786    -12.216944    -12.220004
   1.36646    -12.201765    -12.206498
   1.32505    -12.184040    -12.190764
   1.28364    -12.164241    -12.173240
   1.24223    -12.142901    -12.154415
   1.20082    -12.120604    -12.134822
   1.15942    -12.097965    -12.115012
   1.11801    -12.075612    -12.095545
   1.07660    -12.054169    -12.076963
   1.03519    -12.034235    -12.059775
   0.99379    -12.016361    -12.044441
   0.95238    -12.001037    -12.031358
   0.91097    -11.988678    -12.020851
   0.86956    -11.979612    -12.013171
   0.82815    -11.974077    -12.008494
   0.78675    -11.972216    -12.006923
   0.78675    -11.972216    -12.006923
   0.74534    -11.969868    -12.004362
   0.70393    -11.962867    -11.996728
   0.66252    -11.951353    -11.984173
   0.62112    -11.935557    -11.966947
   0.57971    -11.915803    -11.945406
   0.53830    -11.892508    -11.920002
   0.49689    -11.866181    -11.891290
   0.45549    -11.837422    -11.859926
   0.41408    -11.806917    -11.826655
   0.37267    -11.775428    -11.792313
   0.33126    -11.743788    -11.757806
   0.28985    -11.712881    -11.724097
   0.24845    -11.683618    -11.692183
   0.20704    -11.656910    -11.663057
   0.16563    -11.633634    -11.637675
   0.12422    -11.614590    -11.616908
   0.08282    -11.600458    -11.601498
   0.04141    -11.591759    -11.592013
   0.00000    -11.588822    -11.588811
 
# Band-Index    3
   0.00000    -11.168632    -11.168619
   0.04141    -11.168773    -11.168567
   0.08282    -11.169193    -11.168413
   0.12422    -11.169880    -11.168163
   0.16563    -11.170817    -11.167824
   0.20704    -11.171979    -11.167410
   0.24845    -11.173335    -11.166933
   0.28985    -11.174851    -11.166409
   0.33126    -11.176486    -11.165855
   0.37267    -11.178195    -11.165287
   0.41408    -11.179932    -11.164721
   0.45549    -11.181651    -11.164174
   0.49689    -11.183303    -11.163659
   0.53830    -11.184844    -11.163189
   0.57971    -11.186229    -11.162774
   0.62112    -11.187420    -11.162423
   0.66252    -11.188384    -11.162144
   0.70393    -11.189092    -11.161940
   0.74534    -11.189526    -11.161816
   0.78675    -11.189671    -11.161775
   0.78675    -11.189671    -11.161775
   0.82815    -11.189937    -11.162241
   0.86956    -11.190727    -11.163625
   0.91097    -11.192020    -11.165886
   0.95238    -11.193779    -11.168959
   0.99379    -11.195956    -11.172754
   1.03519    -11.198492    -11.177164
   1.07660    -11.201317    -11.182062
   1.11801    -11.204352    -11.187310
   1.15942    -11.207516    -11.192763
   1.20082    -11.210721    -11.198269
   1.24223    -11.213880    -11.203679
   1.28364    -11.216908    -11.208847
   1.32505    -11.219721    -11.213636
   1.36646    -11.222244    -11.217920
   1.40786    -11.224409    -11.221586
   1.44927    -11.226156    -11.224539
   1.49068    -11.227438    -11.226705
   1.53209    -11.228222    -11.228026
   1.57349    -11.228486    -11.228471
   1.57349    -11.228486    -11.228471
   1.61490    -11.228041    -11.228207
   1.65631    -11.226720    -11.227423
   1.69772    -11.224554    -11.226141
   1.73912    -11.221601    -11.224394
   1.78053    -11.217935    -11.222230
   1.82194    -11.213651    -11.219707
   1.86335    -11.208862    -11.216894
   1.90476    -11.203694    -11.213866
   1.94616    -11.198284    -11.210707
   1.98757    -11.192778    -11.207502
   2.02898    -11.187325    -11.204339
   2.07039    -11.182077    -11.201303
   2.11179    -11.177179    -11.198479
   2.15320    -11.172770    -11.195943
   2.19461    -11.168974    -11.193766
   2.23602    -11.165901    -11.192007
   2.27743    -11.163640    -11.190714
   2.31883    -11.162256    -11.189924
   2.36024    -11.161790    -11.189659
   2.36024    -11.161790    -11.189659
   2.40165    -11.161832    -11.189513
   2.44306    -11.161955    -11.189079
   2.48446    -11.162159    -11.188371
   2.52587    -11.162439    -11.187407
   2.56728    -11.162789    -11.186216
   2.60869    -11.163204    -11.184831
   2.65009    -11.163674    -11.183291
   2.69150    -11.164189    -11.181638
   2.73291    -11.164736    -11.179919
   2.77432    -11.165301    -11.178182
   2.81573    -11.165869    -11.176473
   2.85713    -11.166423    -11.174838
   2.89854    -11.166946    -11.173322
   2.93995    -11.167423    -11.171966
   2.98136    -11.167838    -11.170804
   3.02276    -11.168176    -11.169867
   3.06417    -11.168427    -11.169180
   3.10558    -11.168580    -11.168760
   3.14699    -11.168632    -11.168619
   3.14699    -11.168632    -11.168619
   3.20555    -11.168724    -11.168711
   3.26411    -11.169024    -11.169011
   3.32267    -11.169600    -11.169587
   3.38123    -11.170556    -11.170543
   3.43978    -11.172013    -11.171999
   3.49834    -11.174089    -11.174075
   3.55690    -11.176880    -11.176866
   3.61546    -11.180438    -11.180424
   3.67402    -11.184756    -11.184742
   3.73258    -11.189757    -11.189743
   3.79114    -11.195297    -11.195283
   3.84970    -11.201165    -11.201150
   3.90826    -11.207100    -11.207086
   3.96682    -11.212812    -11.212798
   4.02538    -11.218001    -11.217986
   4.08394    -11.222381    -11.222367
   4.14250    -11.225705    -11.225690
   4.20106    -11.227780    -11.227765
   4.25962    -11.228486    -11.228471
 
# Band-Index    4
   4.25962     -4.597468     -4.597456
   4.20106     -4.617434     -4.617423
   4.14250     -4.676447     -4.676439
   4.08394     -4.772274     -4.772269
   4.02538     -4.900418     -4.900418
   3.96682     -5.053961     -5.053964
   3.90826     -5.225648     -5.225653
   3.84970     -5.408870     -5.408877
   3.79114     -5.597753     -5.597761
   3.73258     -5.787150     -5.787160
   3.67402     -5.972628     -5.972639
   3.61546     -6.150344     -6.150355
   3.55690     -6.317068     -6.317079
   3.49834     -6.470027     -6.470037
   3.43978     -6.606728     -6.606738
   3.38123     -6.724708     -6.724717
   3.32267     -6.821242     -6.821250
   3.26411     -6.893267     -6.893275
   3.20555     -6.937905     -6.937912
   3.14699     -6.953007     -6.953014
   3.14699     -6.953007     -6.953014
   3.10558     -6.943659     -6.947250
   3.06417     -6.915674     -6.930048
   3.02276     -6.869617     -6.901812
   2.98136     -6.806389     -6.863240
   2.93995     -6.727187     -6.815202
   2.89854     -6.633538     -6.758767
   2.85713     -6.595055     -6.695193
   2.81573     -6.559578     -6.625900
   2.77432     -6.523528     -6.552411
   2.73291     -6.487943     -6.476430
   2.69150     -6.453740     -6.399774
   2.65009     -6.421730     -6.324396
   2.60869     -6.392635     -6.252410
   2.56728     -6.367034     -6.186002
   2.52587     -6.345433     -6.127456
   2.48446     -6.328235     -6.079003
   2.44306     -6.315725     -6.042667
   2.40165     -6.308133     -6.020131
   2.36024     -6.305576     -6.012476
   2.36024     -6.305576     -6.012476
   2.31883     -6.296160     -6.004653
   2.27743     -6.267956     -5.981210
   2.23602     -6.221322     -5.942418
   2.19461     -6.156944     -5.888866
   2.15320     -6.075722     -5.821307
   2.11179     -5.978915     -5.740839
   2.07039     -5.868085     -5.648852
   2.02898     -5.745187     -5.547111
   1.98757     -5.612570     -5.437759
   1.94616     -5.473032     -5.323347
   1.90476     -5.329659     -5.206653
   1.86335     -5.186032     -5.090859
   1.82194     -5.046018     -4.979310
   1.78053     -4.913892     -4.875603
   1.73912     -4.794085     -4.783290
   1.69772     -4.691375     -4.705959
   1.65631     -4.626226     -4.647156
   1.61490     -4.604800     -4.610134
   1.57349     -4.597468     -4.597456
   1.57349     -4.597468     -4.597456
   1.53209     -4.610146     -4.604789
   1.49068     -4.647167     -4.626216
   1.44927     -4.705970     -4.691392
   1.40786     -4.783301     -4.794103
   1.36646     -4.875614     -4.913911
   1.32505     -4.979321     -5.046039
   1.28364     -5.090871     -5.186054
   1.24223     -5.206665     -5.329683
   1.20082     -5.323359     -5.473057
   1.15942     -5.437771     -5.612596
   1.11801     -5.547122     -5.745214
   1.07660     -5.648863     -5.868113
   1.03519     -5.740850     -5.978944
   0.99379     -5.821319     -6.075752
   0.95238     -5.888878     -6.156975
   0.91097     -5.942430     -6.221352
   0.86956     -5.981221     -6.267987
   0.82815     -6.004665     -6.296191
   0.78675     -6.012487     -6.305608
   0.78675     -6.012487     -6.305608
   0.74534     -6.020142     -6.308164
   0.70393     -6.042678     -6.315756
   0.66252     -6.079012     -6.328266
   0.62112     -6.127464     -6.345464
   0.57971     -6.186008     -6.367064
   0.53830     -6.252415     -6.392664
   0.49689     -6.324400     -6.421758
   0.45549     -6.399776     -6.453768
   0.41408     -6.476430     -6.487970
   0.37267     -6.552411     -6.523554
   0.33126     -6.625898     -6.559603
   0.28985     -6.695189     -6.595080
   0.24845     -6.758762     -6.633546
   0.20704     -6.815197     -6.727194
   0.16563     -6.863234     -6.806397
   0.12422     -6.901806     -6.869625
   0.08282     -6.930041     -6.915681
   0.04141     -6.947243     -6.943667
   0.00000     -6.953007     -6.953014
 
# Band-Index    5
   0.00000     -6.740241     -6.740262
   0.04141     -6.728944     -6.736788
   0.08282     -6.695121     -6.726474
   0.12422     -6.639366     -6.709740
   0.16563     -6.562616     -6.687311
   0.20704     -6.466133     -6.660046
   0.24845     -6.351537     -6.628933
   0.28985     -6.220821     -6.527287
   0.33126     -6.076276     -6.410544
   0.37267     -5.920578     -6.285702
   0.41408     -5.756820     -6.155484
   0.45549     -5.588488     -6.022864
   0.49689     -5.419556     -5.891131
   0.53830     -5.254523     -5.763884
   0.57971     -5.098447     -5.645043
   0.62112     -4.957012     -5.538824
   0.66252     -4.836509     -5.449678
   0.70393     -4.743551     -5.381964
   0.74534     -4.684440     -5.339474
   0.78675     -4.664129     -5.324996
   0.78675     -4.664129     -5.324996
   0.82815     -4.663267     -5.321323
   0.86956     -4.660716     -5.310348
   0.91097     -4.656538     -5.292179
   0.95238     -4.650851     -5.267010
   0.99379     -4.643805     -5.235115
   1.03519     -4.635642     -5.196910
   1.07660     -4.626547     -5.152843
   1.11801     -4.616805     -5.103559
   1.15942     -4.606665     -5.049810
   1.20082     -4.596444     -4.992577
   1.24223     -4.586385     -4.932996
   1.28364     -4.576788     -4.872510
   1.32505     -4.567884     -4.812801
   1.36646     -4.559935     -4.755912
   1.40786     -4.553126     -4.704138
   1.44927     -4.547634     -4.660007
   1.49068     -4.543606     -4.610870
   1.53209     -4.541166     -4.558662
   1.57349     -4.540335     -4.540350
   1.57349     -4.540335     -4.540350
   1.61490     -4.558647     -4.541181
   1.65631     -4.610854     -4.543621
   1.69772     -4.660014     -4.547648
   1.73912     -4.704144     -4.553140
   1.78053     -4.755916     -4.559949
   1.82194     -4.812803     -4.567897
   1.86335     -4.872511     -4.576801
   1.90476     -4.932995     -4.586397
   1.94616     -4.992574     -4.596456
   1.98757     -5.049806     -4.606676
   2.02898     -5.103554     -4.616816
   2.07039     -5.152837     -4.626557
   2.11179     -5.196903     -4.635652
   2.15320     -5.235108     -4.643815
   2.19461     -5.267002     -4.650860
   2.23602     -5.292171     -4.656548
   2.27743     -5.310340     -4.660725
   2.31883     -5.321314     -4.663276
   2.36024     -5.324988     -4.664138
   2.36024     -5.324988     -4.664138
   2.40165     -5.339466     -4.684449
   2.44306     -5.381956     -4.743560
   2.48446     -5.449669     -4.836518
   2.52587     -5.538815     -4.957021
   2.56728     -5.645034     -5.098457
   2.60869     -5.763875     -5.254534
   2.65009     -5.891122     -5.419568
   2.69150     -6.022855     -5.588501
   2.73291     -6.155475     -5.756835
   2.77432     -6.285693     -5.920593
   2.81573     -6.410535     -6.076293
   2.85713     -6.527279     -6.220839
   2.89854     -6.628909     -6.351556
   2.93995     -6.660022     -6.466152
   2.98136     -6.687288     -6.562636
   3.02276     -6.709719     -6.639386
   3.06417     -6.726453     -6.695142
   3.10558     -6.736767     -6.728966
   3.14699     -6.740241     -6.740262
   3.14699     -6.740241     -6.740262
   3.20555     -6.725440     -6.725461
   3.26411     -6.681080     -6.681100
   3.32267     -6.607773     -6.607792
   3.38123     -6.506845     -6.506863
   3.43978     -6.380855     -6.380872
   3.49834     -6.233661     -6.233676
   3.55690     -6.070192     -6.070207
   3.61546     -5.896046     -5.896060
   3.67402     -5.716929     -5.716941
   3.73258     -5.538300     -5.538311
   3.79114     -5.365020     -5.365031
   3.84970     -5.201221     -5.201231
   3.90826     -5.050114     -5.050124
   3.96682     -4.914053     -4.914064
   4.02538     -4.794703     -4.794714
   4.08394     -4.693527     -4.693540
   4.14250     -4.613151     -4.613166
   4.20106     -4.559470     -4.559485
   4.25962     -4.540335     -4.540350
 
# Band-Index    6
   4.25962     -4.122423     -4.122428
   4.20106     -4.109766     -4.109771
   4.14250     -4.074634     -4.074639
   4.08394     -4.022130     -4.022134
   4.02538     -3.955802     -3.955807
   3.96682     -4.014621     -4.014616
   3.90826     -4.121888     -4.121883
   3.84970     -4.220052     -4.220047
   3.79114     -4.306506     -4.306502
   3.73258     -4.379788     -4.379783
   3.67402     -4.439369     -4.439364
   3.61546     -4.485437     -4.485433
   3.55690     -4.518898     -4.518894
   3.49834     -4.541154     -4.541150
   3.43978     -4.554141     -4.554137
   3.38123     -4.560132     -4.560127
   3.32267     -4.561503     -4.561498
   3.26411     -4.560509     -4.560504
   3.20555     -4.559042     -4.559037
   3.14699     -4.558384     -4.558379
   3.14699     -4.558384     -4.558379
   3.10558     -4.559089     -4.558395
   3.06417     -4.561154     -4.558420
   3.02276     -4.564493     -4.558447
   2.98136     -4.569047     -4.558539
   2.93995     -4.574670     -4.558715
   2.89854     -4.581211     -4.559014
   2.85713     -4.588500     -4.559482
   2.81573     -4.596325     -4.560126
   2.77432     -4.604467     -4.560950
   2.73291     -4.612706     -4.561944
   2.69150     -4.620811     -4.563072
   2.65009     -4.628573     -4.564299
   2.60869     -4.635789     -4.565575
   2.56728     -4.642230     -4.566792
   2.52587     -4.647750     -4.567911
   2.48446     -4.652209     -4.568869
   2.44306     -4.655478     -4.569598
   2.40165     -4.657466     -4.570047
   2.36024     -4.658142     -4.570207
   2.36024     -4.658142     -4.570207
   2.31883     -4.653201     -4.565924
   2.27743     -4.638433     -4.553114
   2.23602     -4.613952     -4.531857
   2.19461     -4.579987     -4.502318
   2.15320     -4.536875     -4.464754
   2.11179     -4.485027     -4.419464
   2.07039     -4.424991     -4.366853
   2.02898     -4.357429     -4.307415
   1.98757     -4.283167     -4.241766
   1.94616     -4.203236     -4.170678
   1.90476     -4.118869     -4.095072
   1.86335     -4.031654     -4.016152
   1.82194     -3.975395     -3.935441
   1.78053     -4.011241     -3.982414
   1.73912     -4.044220     -4.030222
   1.69772     -4.073742     -4.068987
   1.65631     -4.098529     -4.097993
   1.61490     -4.115965     -4.116187
   1.57349     -4.122423     -4.122428
   1.57349     -4.122423     -4.122428
   1.53209     -4.116182     -4.115970
   1.49068     -4.097988     -4.098534
   1.44927     -4.068982     -4.073747
   1.40786     -4.030218     -4.044226
   1.36646     -3.982410     -4.011247
   1.32505     -3.935454     -3.975401
   1.28364     -4.016166     -4.031658
   1.24223     -4.095088     -4.118874
   1.20082     -4.170695     -4.203242
   1.15942     -4.241784     -4.283175
   1.11801     -4.307434     -4.357437
   1.07660     -4.366872     -4.424999
   1.03519     -4.419484     -4.485036
   0.99379     -4.464775     -4.536884
   0.95238     -4.502339     -4.579997
   0.91097     -4.531878     -4.613962
   0.86956     -4.553136     -4.638443
   0.82815     -4.565946     -4.653211
   0.78675     -4.570229     -4.658152
   0.78675     -4.570229     -4.658152
   0.74534     -4.570068     -4.657476
   0.70393     -4.569619     -4.655487
   0.66252     -4.568890     -4.652218
   0.62112     -4.567932     -4.647759
   0.57971     -4.566812     -4.642237
   0.53830     -4.565593     -4.635796
   0.49689     -4.564317     -4.628579
   0.45549     -4.563087     -4.620816
   0.41408     -4.561958     -4.612709
   0.37267     -4.560963     -4.604470
   0.33126     -4.560138     -4.596327
   0.28985     -4.559493     -4.588500
   0.24845     -4.559024     -4.581210
   0.20704     -4.558723     -4.574668
   0.16563     -4.558546     -4.569044
   0.12422     -4.558454     -4.564489
   0.08282     -4.558425     -4.561149
   0.04141     -4.558400     -4.559084
   0.00000     -4.558384     -4.558379
 
# Band-Index    7
   0.00000     -3.522631     -3.522603
   0.04141     -3.523315     -3.514530
   0.08282     -3.525351     -3.490374
   0.12422     -3.528717     -3.450333
   0.16563     -3.533378     -3.394762
   0.20704     -3.539279     -3.324211
   0.24845     -3.546353     -3.239548
   0.28985     -3.554532     -3.162411
   0.33126     -3.563745     -3.162620
   0.37267     -3.573920     -3.166478
   0.41408     -3.585004     -3.174775
   0.45549     -3.596948     -3.245122
   0.49689     -3.609712     -3.311052
   0.53830     -3.623231     -3.369251
   0.57971     -3.637356     -3.419183
   0.62112     -3.651730     -3.460471
   0.66252     -3.665609     -3.492836
   0.70393     -3.677685     -3.516082
   0.74534     -3.686141     -3.530080
   0.78675     -3.689213     -3.534754
   0.78675     -3.689213     -3.534754
   0.82815     -3.677451     -3.541841
   0.86956     -3.642377     -3.560181
   0.91097     -3.584651     -3.585551
   0.95238     -3.505491     -3.615827
   0.99379     -3.407846     -3.650081
   1.03519     -3.358264     -3.687626
   1.07660     -3.444792     -3.727728
   1.11801     -3.536735     -3.769551
   1.15942     -3.626093     -3.812220
   1.20082     -3.710830     -3.854874
   1.24223     -3.789655     -3.896723
   1.28364     -3.861632     -3.937083
   1.32505     -3.926062     -3.943581
   1.36646     -3.854986     -3.857210
   1.40786     -3.777522     -3.775852
   1.44927     -3.706933     -3.703731
   1.49068     -3.648585     -3.646026
   1.53209     -3.609177     -3.608289
   1.57349     -3.595104     -3.595097
   1.57349     -3.595104     -3.595097
   1.61490     -3.608296     -3.609169
   1.65631     -3.646031     -3.648577
   1.69772     -3.703734     -3.706923
   1.73912     -3.775853     -3.777511
   1.78053     -3.857209     -3.854973
   1.82194     -3.943579     -3.926066
   1.86335     -3.937076     -3.861635
   1.90476     -3.896716     -3.789658
   1.94616     -3.854866     -3.710833
   1.98757     -3.812211     -3.626095
   2.02898     -3.769541     -3.536737
   2.07039     -3.727718     -3.444793
   2.11179     -3.687615     -3.358258
   2.15320     -3.650069     -3.407807
   2.19461     -3.615814     -3.505450
   2.23602     -3.585538     -3.584610
   2.27743     -3.560168     -3.642335
   2.31883     -3.541828     -3.677409
   2.36024     -3.534741     -3.689171
   2.36024     -3.534741     -3.689171
   2.40165     -3.530067     -3.686100
   2.44306     -3.516070     -3.677645
   2.48446     -3.492823     -3.665570
   2.52587     -3.460458     -3.651693
   2.56728     -3.419171     -3.637321
   2.60869     -3.369238     -3.623197
   2.65009     -3.311040     -3.609679
   2.69150     -3.245111     -3.596916
   2.73291     -3.174733     -3.584973
   2.77432     -3.166436     -3.573890
   2.81573     -3.162579     -3.563715
   2.85713     -3.162371     -3.554503
   2.89854     -3.239579     -3.546324
   2.93995     -3.324241     -3.539251
   2.98136     -3.394791     -3.533350
   3.02276     -3.450362     -3.528689
   3.06417     -3.490402     -3.525324
   3.10558     -3.514558     -3.523287
   3.14699     -3.522631     -3.522603
   3.14699     -3.522631     -3.522603
   3.20555     -3.515260     -3.515232
   3.26411     -3.493393     -3.493365
   3.32267     -3.457779     -3.457751
   3.38123     -3.409598     -3.409571
   3.43978     -3.350286     -3.350261
   3.49834     -3.281210     -3.281188
   3.55690     -3.203512     -3.203495
   3.61546     -3.219834     -3.219841
   3.67402     -3.343933     -3.343939
   3.73258     -3.465264     -3.465270
   3.79114     -3.580900     -3.580905
   3.84970     -3.689020     -3.689025
   3.90826     -3.788245     -3.788249
   3.96682     -3.877485     -3.877489
   4.02538     -3.902419     -3.902414
   4.08394     -3.791863     -3.791857
   4.14250     -3.693257     -3.693251
   4.20106     -3.621826     -3.621820
   4.25962     -3.595104     -3.595097
 
# Band-Index    8
   4.25962     -2.783376     -2.783353
   4.20106     -2.769557     -2.769534
   4.14250     -2.735287     -2.735265
   4.08394     -2.692802     -2.692782
   4.02538     -2.648675     -2.648658
   3.96682     -2.604129     -2.604113
   3.90826     -2.640095     -2.640126
   3.84970     -2.722705     -2.722725
   3.79114     -2.819742     -2.819752
   3.73258     -2.921863     -2.921865
   3.67402     -3.022038     -3.022032
   3.61546     -3.115928     -3.115914
   3.55690     -3.097374     -3.097380
   3.49834     -3.018790     -3.018809
   3.43978     -3.051466     -3.051499
   3.38123     -3.100310     -3.100346
   3.32267     -3.138636     -3.138673
   3.26411     -3.165015     -3.165052
   3.20555     -3.180293     -3.180330
   3.14699     -3.185280     -3.185316
   3.14699     -3.185280     -3.185316
   3.10558     -3.184428     -3.181237
   3.06417     -3.181955     -3.169244
   3.02276     -3.178166     -3.150077
   2.98136     -3.173559     -3.124981
   2.93995     -3.168807     -3.095679
   2.89854     -3.164739     -3.064326
   2.85713     -3.142507     -3.033431
   2.81573     -3.048493     -3.005639
   2.77432     -3.094697     -2.983452
   2.73291     -3.172289     -2.968881
   2.69150     -3.187969     -2.963096
   2.65009     -3.206194     -2.966217
   2.60869     -3.228865     -2.977302
   2.56728     -3.254744     -2.994444
   2.52587     -3.281870     -3.014905
   2.48446     -3.307655     -3.035426
   2.44306     -3.329134     -3.052778
   2.40165     -3.343448     -3.064321
   2.36024     -3.348481     -3.068365
   2.36024     -3.348481     -3.068365
   2.31883     -3.333762     -3.065956
   2.27743     -3.292545     -3.058744
   2.23602     -3.229132     -3.086286
   2.19461     -3.145809     -3.164119
   2.15320     -3.043766     -3.249430
   2.11179     -2.924083     -3.272567
   2.07039     -2.788087     -3.143836
   2.02898     -2.637446     -2.993340
   1.98757     -2.655785     -2.882463
   1.94616     -2.676023     -2.842312
   1.90476     -2.695697     -2.800033
   1.86335     -2.714303     -2.756543
   1.82194     -2.731385     -2.713044
   1.78053     -2.746537     -2.671038
   1.73912     -2.759413     -2.632322
   1.69772     -2.769727     -2.680504
   1.65631     -2.777256     -2.734041
   1.61490     -2.781838     -2.770352
   1.57349     -2.783376     -2.783353
   1.57349     -2.783376     -2.783353
   1.53209     -2.770375     -2.781815
   1.49068     -2.734063     -2.777232
   1.44927     -2.680525     -2.769704
   1.40786     -2.632259     -2.759390
   1.36646     -2.670975     -2.746514
   1.32505     -2.712981     -2.731362
   1.28364     -2.756480     -2.714281
   1.24223     -2.799970     -2.695675
   1.20082     -2.842248     -2.676001
   1.15942     -2.882399     -2.655763
   1.11801     -2.993376     -2.637501
   1.07660     -3.143873     -2.788141
   1.03519     -3.272600     -2.924137
   0.99379     -3.249433     -3.043820
   0.95238     -3.164122     -3.145862
   0.91097     -3.086292     -3.229185
   0.86956     -3.058679     -3.292597
   0.82815     -3.065890     -3.333815
   0.78675     -3.068299     -3.348535
   0.78675     -3.068299     -3.348535
   0.74534     -3.064256     -3.343501
   0.70393     -3.052714     -3.329187
   0.66252     -3.035364     -3.307707
   0.62112     -3.014845     -3.281920
   0.57971     -2.994389     -3.254793
   0.53830     -2.977250     -3.228912
   0.49689     -2.966168     -3.206240
   0.45549     -2.963050     -3.188013
   0.41408     -2.968838     -3.172300
   0.37267     -2.983410     -3.094706
   0.33126     -3.005599     -3.048471
   0.28985     -3.033392     -3.142476
   0.24845     -3.064288     -3.164778
   0.20704     -3.095641     -3.168846
   0.16563     -3.124944     -3.173597
   0.12422     -3.150040     -3.178203
   0.08282     -3.169207     -3.181992
   0.04141     -3.181200     -3.184465
   0.00000     -3.185280     -3.185316
 
# Band-Index    9
   0.00000     -2.411871     -2.411870
   0.04141     -2.416330     -2.429477
   0.08282     -2.429511     -2.478225
   0.12422     -2.450853     -2.549162
   0.16563     -2.479484     -2.633502
   0.20704     -2.514285     -2.724621
   0.24845     -2.553981     -2.817820
   0.28985     -2.597214     -2.909127
   0.33126     -2.642619     -2.982122
   0.37267     -2.688872     -2.899305
   0.41408     -2.734721     -2.770042
   0.45549     -2.778986     -2.631530
   0.49689     -2.820531     -2.487528
   0.53830     -2.858243     -2.502072
   0.57971     -2.891108     -2.514917
   0.62112     -2.918396     -2.524176
   0.66252     -2.939766     -2.530517
   0.70393     -2.955107     -2.534548
   0.74534     -2.964355     -2.536754
   0.78675     -2.967447     -2.537453
   0.78675     -2.967447     -2.537453
   0.82815     -2.981967     -2.539291
   0.86956     -3.023376     -2.544742
   0.91097     -3.046703     -2.553612
   0.95238     -3.030036     -2.565593
   0.99379     -3.008786     -2.580280
   1.03519     -2.983117     -2.597191
   1.07660     -2.953251     -2.615788
   1.11801     -2.919481     -2.635504
   1.15942     -2.829239     -2.474253
   1.20082     -2.654871     -2.300862
   1.24223     -2.473031     -2.140958
   1.28364     -2.393132     -2.213888
   1.32505     -2.469957     -2.286768
   1.36646     -2.544746     -2.356568
   1.40786     -2.615901     -2.420162
   1.44927     -2.598876     -2.474287
   1.49068     -2.572965     -2.515783
   1.53209     -2.556477     -2.541934
   1.57349     -2.550810     -2.550873
   1.57349     -2.550810     -2.550873
   1.61490     -2.541872     -2.556540
   1.65631     -2.515723     -2.573028
   1.69772     -2.474231     -2.598939
   1.73912     -2.420112     -2.615880
   1.78053     -2.356524     -2.544727
   1.82194     -2.286732     -2.469937
   1.86335     -2.213861     -2.393113
   1.90476     -2.140939     -2.473001
   1.94616     -2.300806     -2.654838
   1.98757     -2.474197     -2.829204
   2.02898     -2.635525     -2.919544
   2.07039     -2.615809     -2.953315
   2.11179     -2.597212     -2.983182
   2.15320     -2.580300     -3.008851
   2.19461     -2.565613     -3.030101
   2.23602     -2.553632     -3.046768
   2.27743     -2.544762     -3.023368
   2.31883     -2.539311     -2.981958
   2.36024     -2.537472     -2.967438
   2.36024     -2.537472     -2.967438
   2.40165     -2.536774     -2.964345
   2.44306     -2.534568     -2.955098
   2.48446     -2.530538     -2.939758
   2.52587     -2.524198     -2.918388
   2.56728     -2.514940     -2.891101
   2.60869     -2.502097     -2.858238
   2.65009     -2.487566     -2.820527
   2.69150     -2.631566     -2.778983
   2.73291     -2.770076     -2.734719
   2.77432     -2.899336     -2.688870
   2.81573     -2.982122     -2.642616
   2.85713     -2.909116     -2.597212
   2.89854     -2.817811     -2.553979
   2.93995     -2.724613     -2.514283
   2.98136     -2.633495     -2.479483
   3.02276     -2.549158     -2.450852
   3.06417     -2.478224     -2.429509
   3.10558     -2.429478     -2.416329
   3.14699     -2.411871     -2.411870
   3.14699     -2.411871     -2.411870
   3.20555     -2.433865     -2.433865
   3.26411     -2.494879     -2.494881
   3.32267     -2.584173     -2.584177
   3.38123     -2.691024     -2.691029
   3.43978     -2.804782     -2.804790
   3.49834     -2.891957     -2.891977
   3.55690     -2.852676     -2.852705
   3.61546     -2.753587     -2.753612
   3.67402     -2.633169     -2.633190
   3.73258     -2.497931     -2.497947
   3.79114     -2.463467     -2.463449
   3.84970     -2.511750     -2.511735
   3.90826     -2.558637     -2.558622
   3.96682     -2.580664     -2.580705
   4.02538     -2.547950     -2.547999
   4.08394     -2.537852     -2.537907
   4.14250     -2.541077     -2.541137
   4.20106     -2.547747     -2.547809
   4.25962     -2.550810     -2.550873
 
# Band-Index   10
   4.25962     -2.396191     -2.396237
   4.20106     -2.382841     -2.382887
   4.14250     -2.344711     -2.344754
   4.08394     -2.288080     -2.288120
   4.02538     -2.222742     -2.222779
   3.96682     -2.158534     -2.158568
   3.90826     -2.102477     -2.102510
   3.84970     -2.197175     -2.197181
   3.79114     -2.351529     -2.351539
   3.73258     -2.414144     -2.414124
   3.67402     -2.364321     -2.364298
   3.61546     -2.314553     -2.314525
   3.55690     -2.265263     -2.265230
   3.49834     -2.216658     -2.216619
   3.43978     -2.168747     -2.168700
   3.38123     -2.121602     -2.121548
   3.32267     -2.076016     -2.075953
   3.26411     -2.034768     -2.034696
   3.20555     -2.004143     -2.004064
   3.14699     -1.992780     -1.992702
   3.14699     -1.992780     -1.992702
   3.10558     -2.006971     -1.990168
   3.06417     -2.045068     -1.993837
   3.02276     -2.097123     -2.009200
   2.98136     -2.154754     -2.027052
   2.93995     -2.212656     -2.044883
   2.89854     -2.267743     -2.060835
   2.85713     -2.318276     -2.073596
   2.81573     -2.363322     -2.082338
   2.77432     -2.402462     -2.086631
   2.73291     -2.435631     -2.086392
   2.69150     -2.463015     -2.081846
   2.65009     -2.484995     -2.073501
   2.60869     -2.341163     -2.062139
   2.56728     -2.195862     -2.048807
   2.52587     -2.056002     -2.034790
   2.48446     -1.927393     -2.021559
   2.44306     -1.818490     -2.010642
   2.40165     -1.742007     -2.003426
   2.36024     -1.713727     -2.000900
   2.36024     -1.713727     -2.000900
   2.31883     -1.717141     -2.004202
   2.27743     -1.727433     -2.013949
   2.23602     -1.744729     -2.029681
   2.19461     -1.769223     -2.050684
   2.15320     -1.801118     -2.076067
   2.11179     -1.840570     -2.104826
   2.07039     -1.887584     -2.135919
   2.02898     -1.941922     -2.168321
   1.98757     -2.002986     -2.201082
   1.94616     -2.069740     -2.236686
   1.90476     -2.119947     -2.314997
   1.86335     -2.050025     -2.292616
   1.82194     -2.118048     -2.318674
   1.78053     -2.185156     -2.341541
   1.73912     -2.249244     -2.360799
   1.69772     -2.307024     -2.376115
   1.65631     -2.354047     -2.387235
   1.61490     -2.385217     -2.393978
   1.57349     -2.396191     -2.396237
   1.57349     -2.396191     -2.396237
   1.53209     -2.393932     -2.385262
   1.49068     -2.387188     -2.354091
   1.44927     -2.376069     -2.307066
   1.40786     -2.360753     -2.249284
   1.36646     -2.341494     -2.185194
   1.32505     -2.318627     -2.118084
   1.28364     -2.292570     -2.050060
   1.24223     -2.315015     -2.120002
   1.20082     -2.236688     -2.069746
   1.15942     -2.201036     -2.002981
   1.11801     -2.168275     -1.941906
   1.07660     -2.135872     -1.887557
   1.03519     -2.104779     -1.840533
   0.99379     -2.076020     -1.801072
   0.95238     -2.050637     -1.769169
   0.91097     -2.029634     -1.744670
   0.86956     -2.013902     -1.727369
   0.82815     -2.004156     -1.717074
   0.78675     -2.000853     -1.713659
   0.78675     -2.000853     -1.713659
   0.74534     -2.003379     -1.741943
   0.70393     -2.010596     -1.818433
   0.66252     -2.021512     -1.927342
   0.62112     -2.034744     -2.055956
   0.57971     -2.048761     -2.195819
   0.53830     -2.062093     -2.341123
   0.49689     -2.073455     -2.484968
   0.45549     -2.081800     -2.462985
   0.41408     -2.086345     -2.435599
   0.37267     -2.086583     -2.402428
   0.33126     -2.082289     -2.363285
   0.28985     -2.073546     -2.318234
   0.24845     -2.060783     -2.267697
   0.20704     -2.044830     -2.212606
   0.16563     -2.026996     -2.154698
   0.12422     -2.009142     -2.097060
   0.08282     -1.993779     -2.044996
   0.04141     -1.990236     -2.006893
   0.00000     -1.992780     -1.992702
 
# Band-Index   11
   0.00000     -1.978372     -1.978429
   0.04141     -1.981968     -1.975356
   0.08282     -1.980736     -1.965662
   0.12422     -1.966836     -1.949498
   0.16563     -1.947064     -1.927123
   0.20704     -1.921628     -1.898841
   0.24845     -1.890629     -1.865050
   0.28985     -1.854232     -1.826266
   0.33126     -1.812710     -1.783136
   0.37267     -1.766483     -1.736455
   0.41408     -1.716170     -1.687183
   0.45549     -1.662640     -1.636473
   0.49689     -1.607067     -1.585661
   0.53830     -1.550994     -1.536277
   0.57971     -1.557572     -1.490010
   0.62112     -1.570622     -1.448672
   0.66252     -1.583652     -1.414081
   0.70393     -1.594899     -1.387930
   0.74534     -1.602568     -1.371616
   0.78675     -1.605295     -1.366072
   0.78675     -1.605295     -1.366072
   0.82815     -1.591525     -1.379200
   0.86956     -1.552414     -1.414872
   0.91097     -1.613393     -1.465461
   0.95238     -1.712401     -1.524341
   0.99379     -1.807601     -1.587294
   1.03519     -1.899051     -1.651992
   1.07660     -1.987074     -1.717332
   1.11801     -2.072127     -1.782925
   1.15942     -2.154734     -1.848806
   1.20082     -2.232010     -1.915190
   1.24223     -2.263814     -1.982278
   1.28364     -2.286992     -1.936045
   1.32505     -2.100346     -1.752953
   1.36646     -1.917150     -1.577387
   1.40786     -1.742029     -1.420731
   1.44927     -1.580457     -1.316063
   1.49068     -1.439733     -1.290332
   1.53209     -1.332847     -1.288329
   1.57349     -1.288570     -1.288631
   1.57349     -1.288570     -1.288631
   1.61490     -1.288267     -1.332892
   1.65631     -1.290269     -1.439754
   1.69772     -1.315998     -1.580461
   1.73912     -1.420668     -1.742022
   1.78053     -1.577327     -1.917135
   1.82194     -1.752894     -2.100324
   1.86335     -1.935987     -2.286965
   1.90476     -1.982243     -2.263860
   1.94616     -1.915156     -2.232039
   1.98757     -1.848772     -2.154714
   2.02898     -1.782891     -2.072107
   2.07039     -1.717298     -1.987053
   2.11179     -1.651957     -1.899028
   2.15320     -1.587258     -1.807577
   2.19461     -1.524302     -1.712375
   2.23602     -1.465419     -1.613365
   2.27743     -1.414827     -1.552469
   2.31883     -1.379153     -1.591581
   2.36024     -1.366023     -1.605352
   2.36024     -1.366023     -1.605352
   2.40165     -1.371567     -1.602625
   2.44306     -1.387881     -1.594955
   2.48446     -1.414032     -1.583708
   2.52587     -1.448623     -1.570677
   2.56728     -1.489960     -1.557626
   2.60869     -1.536227     -1.550924
   2.65009     -1.585610     -1.606997
   2.69150     -1.636421     -1.662569
   2.73291     -1.687131     -1.716098
   2.77432     -1.736401     -1.766410
   2.81573     -1.783081     -1.812635
   2.85713     -1.826210     -1.854156
   2.89854     -1.864992     -1.890552
   2.93995     -1.898782     -1.921549
   2.98136     -1.927063     -1.946984
   3.02276     -1.949437     -1.966755
   3.06417     -1.965600     -1.980656
   3.10558     -1.975296     -1.982016
   3.14699     -1.978372     -1.978429
   3.14699     -1.978372     -1.978429
   3.20555     -1.979358     -1.979419
   3.26411     -1.980905     -1.980964
   3.32267     -1.982526     -1.982583
   3.38123     -1.983855     -1.983908
   3.43978     -1.984576     -1.984626
   3.49834     -1.984794     -1.984839
   3.55690     -1.985234     -1.985275
   3.61546     -1.987332     -1.987370
   3.67402     -1.993156     -1.993192
   3.73258     -2.005206     -2.005239
   3.79114     -2.026102     -2.026134
   3.84970     -2.058112     -2.058143
   3.90826     -2.037997     -2.037999
   3.96682     -1.877338     -1.877339
   4.02538     -1.719298     -1.719301
   4.08394     -1.569439     -1.569448
   4.14250     -1.435751     -1.435774
   4.20106     -1.332137     -1.332182
   4.25962     -1.288570     -1.288631
 
# Band-Index   12
   4.25962     -1.019918     -1.019978
   4.20106     -1.035673     -1.035732
   4.14250     -1.079606     -1.079664
   4.08394     -1.138511     -1.138569
   4.02538     -1.195217     -1.195275
   3.96682     -1.233554     -1.233614
   3.90826     -1.243738     -1.243800
   3.84970     -1.225561     -1.225624
   3.79114     -1.187238     -1.187302
   3.73258     -1.142793     -1.142857
   3.67402     -1.111508     -1.111567
   3.61546     -1.112152     -1.112203
   3.55690     -1.146155     -1.146202
   3.49834     -1.201910     -1.201955
   3.43978     -1.269575     -1.269619
   3.38123     -1.342397     -1.342442
   3.32267     -1.414231     -1.414278
   3.26411     -1.477606     -1.477655
   3.20555     -1.522761     -1.522812
   3.14699     -1.539415     -1.539466
   3.14699     -1.539415     -1.539466
   3.10558     -1.523133     -1.539037
   3.06417     -1.478413     -1.537780
   3.02276     -1.414375     -1.535800
   2.98136     -1.340075     -1.533275
   2.93995     -1.262446     -1.530453
   2.89854     -1.186446     -1.527661
   2.85713     -1.115655     -1.525298
   2.81573     -1.052769     -1.523828
   2.77432     -0.999883     -1.523752
   2.73291     -0.958660     -1.525575
   2.69150     -0.930398     -1.529736
   2.65009     -0.916031     -1.536523
   2.60869     -0.916054     -1.545947
   2.56728     -0.930332     -1.496308
   2.52587     -0.957724     -1.445566
   2.48446     -0.995359     -1.401491
   2.44306     -1.037300     -1.367059
   2.40165     -1.072777     -1.345042
   2.36024     -1.087249     -1.337457
   2.36024     -1.087249     -1.337457
   2.31883     -1.088214     -1.408241
   2.27743     -1.091086     -1.511045
   2.23602     -1.095790     -1.493518
   2.19461     -1.102216     -1.421360
   2.15320     -1.110224     -1.342145
   2.11179     -1.119663     -1.260940
   2.07039     -1.130372     -1.181712
   2.02898     -1.142187     -1.107521
   1.98757     -1.154930     -1.040721
   1.94616     -1.168392     -0.983136
   1.90476     -1.182293     -0.936205
   1.86335     -1.196204     -0.901115
   1.82194     -1.209370     -0.878911
   1.78053     -1.220154     -0.870572
   1.73912     -1.223226     -0.892746
   1.69772     -1.193079     -0.945751
   1.65631     -1.111824     -0.986006
   1.61490     -1.044334     -1.011281
   1.57349     -1.019918     -1.019978
   1.57349     -1.019918     -1.019978
   1.53209     -1.011221     -1.044393
   1.49068     -0.985945     -1.111882
   1.44927     -0.945689     -1.193133
   1.40786     -0.892683     -1.223281
   1.36646     -0.870565     -1.220209
   1.32505     -0.878896     -1.209425
   1.28364     -0.901093     -1.196258
   1.24223     -0.936178     -1.182347
   1.20082     -0.983104     -1.168446
   1.15942     -1.040685     -1.154982
   1.11801     -1.107483     -1.142239
   1.07660     -1.181670     -1.130424
   1.03519     -1.260895     -1.119715
   0.99379     -1.342098     -1.110275
   0.95238     -1.421310     -1.102266
   0.91097     -1.493466     -1.095840
   0.86956     -1.511078     -1.091136
   0.82815     -1.408284     -1.088264
   0.78675     -1.337529     -1.087299
   0.78675     -1.337529     -1.087299
   0.74534     -1.345114     -1.072825
   0.70393     -1.367130     -1.037341
   0.66252     -1.401562     -0.995396
   0.62112     -1.445636     -0.957758
   0.57971     -1.496378     -0.930364
   0.53830     -1.545893     -0.916086
   0.49689     -1.536469     -0.916063
   0.45549     -1.529683     -0.930431
   0.41408     -1.525522     -0.958694
   0.37267     -1.523699     -0.999918
   0.33126     -1.523775     -1.052806
   0.28985     -1.525245     -1.115693
   0.24845     -1.527608     -1.186485
   0.20704     -1.530401     -1.262487
   0.16563     -1.533223     -1.340118
   0.12422     -1.535748     -1.414421
   0.08282     -1.537729     -1.478461
   0.04141     -1.538985     -1.523183
   0.00000     -1.539415     -1.539466
 
# Band-Index   13
   0.00000     -1.386745     -1.386761
   0.04141     -1.380620     -1.368606
   0.08282     -1.363253     -1.319444
   0.12422     -1.337250     -1.250154
   0.16563     -1.305946     -1.170644
   0.20704     -1.272677     -1.088301
   0.24845     -1.240390     -1.008662
   0.28985     -1.211499     -0.936025
   0.33126     -1.187819     -0.873627
   0.37267     -1.170548     -0.823570
   0.41408     -1.160261     -0.786693
   0.45549     -1.156928     -0.762578
   0.49689     -1.159954     -0.749736
   0.53830     -1.168245     -0.745938
   0.57971     -1.180287     -0.748582
   0.62112     -1.194253     -0.755027
   0.66252     -1.208127     -0.762839
   0.70393     -1.219892     -0.769973
   0.74534     -1.227779     -0.774888
   0.78675     -1.230556     -0.776634
   0.78675     -1.230556     -0.776634
   0.82815     -1.156688     -0.761603
   0.86956     -1.044896     -0.720525
   0.91097     -0.928739     -0.661935
   0.95238     -0.812812     -0.593974
   0.99379     -0.700100     -0.612160
   1.03519     -0.593650     -0.652995
   1.07660     -0.496733     -0.696095
   1.11801     -0.412560     -0.739663
   1.15942     -0.445558     -0.782091
   1.20082     -0.524117     -0.822087
   1.24223     -0.603779     -0.858698
   1.28364     -0.682640     -0.891309
   1.32505     -0.758617     -0.919574
   1.36646     -0.829443     -0.943364
   1.40786     -0.876928     -0.962665
   1.44927     -0.898426     -0.977546
   1.49068     -0.933575     -0.988078
   1.53209     -0.974591     -0.994322
   1.57349     -0.996383     -0.996305
   1.57349     -0.996383     -0.996305
   1.61490     -0.994400     -0.974530
   1.65631     -0.988155     -0.933539
   1.69772     -0.977619     -0.898408
   1.73912     -0.962734     -0.876924
   1.78053     -0.943427     -0.829506
   1.82194     -0.919629     -0.758682
   1.86335     -0.891355     -0.682706
   1.90476     -0.858734     -0.603846
   1.94616     -0.822111     -0.524186
   1.98757     -0.782103     -0.445629
   2.02898     -0.739663     -0.412537
   2.07039     -0.696082     -0.496710
   2.11179     -0.652970     -0.593627
   2.15320     -0.612124     -0.700078
   2.19461     -0.593975     -0.812792
   2.23602     -0.661938     -0.928721
   2.27743     -0.720531     -1.044882
   2.31883     -0.761613     -1.156684
   2.36024     -0.776645     -1.230581
   2.36024     -0.776645     -1.230581
   2.40165     -0.774899     -1.227804
   2.44306     -0.769984     -1.219918
   2.48446     -0.762851     -1.208154
   2.52587     -0.755040     -1.194281
   2.56728     -0.748596     -1.180315
   2.60869     -0.745954     -1.168275
   2.65009     -0.749753     -1.159984
   2.69150     -0.762597     -1.156959
   2.73291     -0.786713     -1.160292
   2.77432     -0.823590     -1.170578
   2.81573     -0.873647     -1.187848
   2.85713     -0.936044     -1.211527
   2.89854     -1.008679     -1.240416
   2.93995     -1.088315     -1.272701
   2.98136     -1.170653     -1.305969
   3.02276     -1.250156     -1.337270
   3.06417     -1.319438     -1.363271
   3.10558     -1.368594     -1.380637
   3.14699     -1.386745     -1.386761
   3.14699     -1.386745     -1.386761
   3.20555     -1.362328     -1.362342
   3.26411     -1.294759     -1.294767
   3.32267     -1.195561     -1.195563
   3.38123     -1.075231     -1.075228
   3.43978     -0.941993     -0.941987
   3.49834     -0.802812     -0.802804
   3.55690     -0.778500     -0.778563
   3.61546     -0.819250     -0.819305
   3.67402     -0.839737     -0.839782
   3.73258     -0.837767     -0.837803
   3.79114     -0.826378     -0.826407
   3.84970     -0.817253     -0.817275
   3.90826     -0.816228     -0.816244
   3.96682     -0.825953     -0.825962
   4.02538     -0.847628     -0.847626
   4.08394     -0.881475     -0.881460
   4.14250     -0.925847     -0.925813
   4.20106     -0.972759     -0.972699
   4.25962     -0.996383     -0.996305
 
# Band-Index   14
   4.25962     -0.263778     -0.263772
   4.20106     -0.259936     -0.259930
   4.14250     -0.248935     -0.248928
   4.08394     -0.232530     -0.232523
   4.02538     -0.214172     -0.214164
   3.96682     -0.199406     -0.199397
   3.90826     -0.195713     -0.195704
   3.84970     -0.211203     -0.211192
   3.79114     -0.252263     -0.252251
   3.73258     -0.321419     -0.321408
   3.67402     -0.416808     -0.416797
   3.61546     -0.533328     -0.533316
   3.55690     -0.664326     -0.664316
   3.49834     -0.730686     -0.730754
   3.43978     -0.685308     -0.685378
   3.38123     -0.646829     -0.646900
   3.32267     -0.616921     -0.616992
   3.26411     -0.595893     -0.595964
   3.20555     -0.583500     -0.583572
   3.14699     -0.579412     -0.579484
   3.14699     -0.579412     -0.579484
   3.10558     -0.581659     -0.581256
   3.06417     -0.588183     -0.586315
   3.02276     -0.598375     -0.593887
   2.98136     -0.611257     -0.602677
   2.93995     -0.625546     -0.610855
   2.89854     -0.639739     -0.616111
   2.85713     -0.652214     -0.615769
   2.81573     -0.661350     -0.607009
   2.77432     -0.665680     -0.587212
   2.73291     -0.664057     -0.554409
   2.69150     -0.655819     -0.507745
   2.65009     -0.640962     -0.447858
   2.60869     -0.620260     -0.377094
   2.56728     -0.595314     -0.299518
   2.52587     -0.568506     -0.220774
   2.48446     -0.542806     -0.147752
   2.44306     -0.521392     -0.087977
   2.40165     -0.507155     -0.048568
   2.36024     -0.502165     -0.034781
   2.36024     -0.502165     -0.034781
   2.31883     -0.507066     -0.040688
   2.27743     -0.521505     -0.058270
   2.23602     -0.544703     -0.087116
   2.19461     -0.575436     -0.126567
   2.15320     -0.522918     -0.175735
   2.11179     -0.453569     -0.233540
   2.07039     -0.389769     -0.298735
   2.02898     -0.334577     -0.369935
   1.98757     -0.290207     -0.343791
   1.94616     -0.257835     -0.292034
   1.90476     -0.237432     -0.257248
   1.86335     -0.227793     -0.237776
   1.82194     -0.226782     -0.230686
   1.78053     -0.231745     -0.232391
   1.73912     -0.239944     -0.239254
   1.69772     -0.248927     -0.248044
   1.65631     -0.256725     -0.256170
   1.61490     -0.261948     -0.261780
   1.57349     -0.263778     -0.263772
   1.57349     -0.263778     -0.263772
   1.53209     -0.261787     -0.261942
   1.49068     -0.256177     -0.256719
   1.44927     -0.248052     -0.248922
   1.40786     -0.239263     -0.239940
   1.36646     -0.232402     -0.231742
   1.32505     -0.230699     -0.226780
   1.28364     -0.237791     -0.227792
   1.24223     -0.257265     -0.237432
   1.20082     -0.292054     -0.257836
   1.15942     -0.343813     -0.290209
   1.11801     -0.369863     -0.334579
   1.07660     -0.298660     -0.389771
   1.03519     -0.233464     -0.453571
   0.99379     -0.175658     -0.522919
   0.95238     -0.126489     -0.575482
   0.91097     -0.087036     -0.544756
   0.86956     -0.058189     -0.521564
   0.82815     -0.040607     -0.507128
   0.78675     -0.034700     -0.502228
   0.78675     -0.034700     -0.502228
   0.74534     -0.048487     -0.507218
   0.70393     -0.087896     -0.521455
   0.66252     -0.147672     -0.542869
   0.62112     -0.220695     -0.568570
   0.57971     -0.299439     -0.595378
   0.53830     -0.377015     -0.620324
   0.49689     -0.447781     -0.641027
   0.45549     -0.507667     -0.655884
   0.41408     -0.554332     -0.664123
   0.37267     -0.587135     -0.665747
   0.33126     -0.606932     -0.661418
   0.28985     -0.615693     -0.652283
   0.24845     -0.616036     -0.639808
   0.20704     -0.610780     -0.625616
   0.16563     -0.602603     -0.611327
   0.12422     -0.593815     -0.598446
   0.08282     -0.586243     -0.588255
   0.04141     -0.581185     -0.581731
   0.00000     -0.579412     -0.579484
 
# Band-Index   15
   0.00000      1.485828      1.485778
   0.04141      1.489965      1.487389
   0.08282      1.502419      1.492589
   0.12422      1.523302      1.502462
   0.16563      1.552728      1.518760
   0.20704      1.590618      1.543800
   0.24845      1.549578      1.580269
   0.28985      1.468854      1.630916
   0.33126      1.379762      1.698130
   0.37267      1.284154      1.783476
   0.41408      1.184091      1.876645
   0.45549      1.081853      1.889324
   0.49689      0.979950      1.900675
   0.53830      0.881150      1.910490
   0.57971      0.788508      1.916633
   0.62112      0.705364      1.896232
   0.66252      0.635286      1.842875
   0.70393      0.581853      1.799399
   0.74534      0.548265      1.772196
   0.78675      0.536793      1.762964
   0.78675      0.536793      1.762964
   0.82815      0.541568      1.766056
   0.86956      0.555694      1.775221
   0.91097      0.578594      1.790126
   0.95238      0.609364      1.810232
   0.99379      0.646848      1.788078
   1.03519      0.689717      1.727558
   1.07660      0.736547      1.662733
   1.11801      0.785884      1.596087
   1.15942      0.836294      1.529871
   1.20082      0.886399      1.465948
   1.24223      0.934910      1.405731
   1.28364      0.980636      1.350230
   1.32505      1.022505      1.300187
   1.36646      1.059574      1.256238
   1.40786      1.091029      1.219007
   1.44927      1.116200      1.189140
   1.49068      1.134558      1.167260
   1.53209      1.145726      1.153896
   1.57349      1.149473      1.149400
   1.57349      1.149473      1.149400
   1.61490      1.153970      1.145652
   1.65631      1.167335      1.134485
   1.69772      1.189214      1.116126
   1.73912      1.219082      1.090956
   1.78053      1.256313      1.059501
   1.82194      1.300263      1.022433
   1.86335      1.350305      0.980563
   1.90476      1.405807      0.934837
   1.94616      1.466024      0.886328
   1.98757      1.529947      0.836223
   2.02898      1.596162      0.785814
   2.07039      1.662808      0.736477
   2.11179      1.727632      0.689647
   2.15320      1.788152      0.646778
   2.19461      1.810151      0.609294
   2.23602      1.790044      0.578524
   2.27743      1.775139      0.555624
   2.31883      1.765973      0.541498
   2.36024      1.762880      0.536724
   2.36024      1.762880      0.536724
   2.40165      1.772113      0.548196
   2.44306      1.799316      0.581784
   2.48446      1.842795      0.635219
   2.52587      1.896178      0.705298
   2.56728      1.916687      0.788443
   2.60869      1.910557      0.881086
   2.65009      1.900744      0.979887
   2.69150      1.889393      1.081790
   2.73291      1.876713      1.184028
   2.77432      1.783515      1.284091
   2.81573      1.698172      1.379698
   2.85713      1.630961      1.468790
   2.89854      1.580316      1.549513
   2.93995      1.543848      1.590566
   2.98136      1.518809      1.552677
   3.02276      1.502513      1.523251
   3.06417      1.492640      1.502368
   3.10558      1.487440      1.489914
   3.14699      1.485828      1.485778
   3.14699      1.485828      1.485778
   3.20555      1.491558      1.491507
   3.26411      1.508657      1.508606
   3.32267      1.536674      1.536623
   3.38123      1.573532      1.573479
   3.43978      1.603159      1.603100
   3.49834      1.573841      1.573774
   3.55690      1.515158      1.515090
   3.61546      1.449483      1.449413
   3.67402      1.383054      1.382984
   3.73258      1.320846      1.320775
   3.79114      1.267355      1.267283
   3.84970      1.225559      1.225486
   3.90826      1.195916      1.195843
   3.96682      1.176536      1.176462
   4.02538      1.164477      1.164404
   4.08394      1.157101      1.157027
   4.14250      1.152661      1.152587
   4.20106      1.150246      1.150172
   4.25962      1.149473      1.149400
 
# Band-Index   16
   4.25962      1.476001      1.475940
   4.20106      1.503383      1.503322
   4.14250      1.581945      1.581883
   4.08394      1.702271      1.702208
   4.02538      1.851733      1.851669
   3.96682      2.016156      2.016091
   3.90826      2.180024      2.179959
   3.84970      2.183630      2.183612
   3.79114      2.125036      2.124998
   3.73258      2.042301      2.042255
   3.67402      1.951853      1.951805
   3.61546      1.863312      1.863263
   3.55690      1.781977      1.781927
   3.49834      1.712963      1.712912
   3.43978      1.677345      1.677286
   3.38123      1.703549      1.703484
   3.32267      1.738887      1.738821
   3.26411      1.766472      1.766406
   3.20555      1.783589      1.783523
   3.14699      1.789375      1.789308
   3.14699      1.789375      1.789308
   3.10558      1.790542      1.782361
   3.06417      1.794009      1.761611
   3.02276      1.799654      1.727335
   2.98136      1.807281      1.680037
   2.93995      1.816631      1.620579
   2.89854      1.827392      1.637199
   2.85713      1.839214      1.691352
   2.81573      1.851726      1.752177
   2.77432      1.864559      1.817850
   2.73291      1.887979      1.885868
   2.69150      2.008923      1.953185
   2.65009      2.145197      2.016549
   2.60869      2.066366      2.064772
   2.56728      1.985867      1.975081
   2.52587      1.941159      1.895738
   2.48446      1.940823      1.829884
   2.44306      1.944190      1.780427
   2.40165      1.946587      1.749726
   2.36024      1.947422      1.739314
   2.36024      1.947422      1.739314
   2.31883      1.940426      1.739329
   2.27743      1.919766      1.739325
   2.23602      1.886401      1.739148
   2.19461      1.841866      1.738530
   2.15320      1.834765      1.737093
   2.11179      1.863006      1.734339
   2.07039      1.893934      1.729658
   2.02898      1.926535      1.722359
   1.98757      1.959783      1.711712
   1.94616      1.992685      1.697024
   1.90476      2.024316      1.677760
   1.86335      2.053854      1.653696
   1.82194      2.007379      1.625122
   1.78053      1.880597      1.593073
   1.73912      1.757930      1.559521
   1.69772      1.646873      1.527421
   1.65631      1.556599      1.500445
   1.61490      1.496950      1.482335
   1.57349      1.476001      1.475940
   1.57349      1.476001      1.475940
   1.53209      1.482396      1.496889
   1.49068      1.500507      1.556539
   1.44927      1.527485      1.646813
   1.40786      1.559588      1.757871
   1.36646      1.593143      1.880540
   1.32505      1.625196      2.007325
   1.28364      1.653773      2.053917
   1.24223      1.677841      2.024382
   1.20082      1.697109      1.992754
   1.15942      1.711800      1.959855
   1.11801      1.722451      1.926608
   1.07660      1.729752      1.894010
   1.03519      1.734435      1.863084
   0.99379      1.737192      1.834845
   0.95238      1.738630      1.841792
   0.91097      1.739248      1.886327
   0.86956      1.739427      1.919692
   0.82815      1.739431      1.940352
   0.78675      1.739416      1.947348
   0.78675      1.739416      1.947348
   0.74534      1.749827      1.946513
   0.70393      1.780526      1.944117
   0.66252      1.829978      1.940752
   0.62112      1.895826      1.941114
   0.57971      1.975162      1.985931
   0.53830      2.064845      2.066443
   0.49689      2.016612      2.145171
   0.45549      1.953245      2.008891
   0.41408      1.885926      1.887942
   0.37267      1.817906      1.864490
   0.33126      1.752232      1.851657
   0.28985      1.691405      1.839146
   0.24845      1.637252      1.827324
   0.20704      1.620644      1.816563
   0.16563      1.680103      1.807214
   0.12422      1.727401      1.799587
   0.08282      1.761677      1.793942
   0.04141      1.782428      1.790476
   0.00000      1.789375      1.789308
 
# Band-Index   17
   0.00000      2.991597      2.991684
   0.04141      2.992664      2.983783
   0.08282      2.995882      2.960291
   0.12422      2.994523      2.921818
   0.16563      2.929433      2.869352
   0.20704      2.852041      2.804224
   0.24845      2.765215      2.728062
   0.28985      2.671389      2.642744
   0.33126      2.572579      2.550354
   0.37267      2.470518      2.453150
   0.41408      2.366838      2.353532
   0.45549      2.263268      2.254036
   0.49689      2.161809      2.157422
   0.53830      2.073092      2.292716
   0.57971      2.120597      2.446064
   0.62112      2.158187      2.598709
   0.66252      2.185984      2.708072
   0.70393      2.204785      2.675371
   0.74534      2.215564      2.654000
   0.78675      2.219065      2.646549
   0.78675      2.219065      2.646549
   0.82815      2.214575      2.649133
   0.86956      2.201694      2.655989
   0.91097      2.182161      2.664365
   0.95238      2.158772      2.669552
   0.99379      2.135226      2.665129
   1.03519      2.115871      2.644364
   1.07660      2.105296      2.602825
   1.11801      2.107672      2.540055
   1.15942      2.125714      2.458464
   1.20082      2.159102      2.361281
   1.24223      2.202010      2.251602
   1.28364      2.240223      2.132468
   1.32505      2.255746      2.080660
   1.36646      2.245701      2.104048
   1.40786      2.222647      2.123648
   1.44927      2.197786      2.139152
   1.49068      2.177194      2.150350
   1.53209      2.163898      2.157114
   1.57349      2.159324      2.159375
   1.57349      2.159324      2.159375
   1.61490      2.157063      2.163948
   1.65631      2.150298      2.177241
   1.69772      2.139099      2.197829
   1.73912      2.123593      2.222681
   1.78053      2.103990      2.245720
   1.82194      2.080600      2.255741
   1.86335      2.132517      2.240192
   1.90476      2.251645      2.201962
   1.94616      2.361317      2.159047
   1.98757      2.458489      2.125655
   2.02898      2.540067      2.107611
   2.07039      2.602819      2.105233
   2.11179      2.644339      2.115806
   2.15320      2.665084      2.135159
   2.19461      2.669491      2.158704
   2.23602      2.664294      2.182092
   2.27743      2.655910      2.201624
   2.31883      2.649051      2.214504
   2.36024      2.646466      2.218995
   2.36024      2.646466      2.218995
   2.40165      2.653917      2.215493
   2.44306      2.675289      2.204715
   2.48446      2.707991      2.185915
   2.52587      2.598727      2.158119
   2.56728      2.446085      2.120530
   2.60869      2.292740      2.073027
   2.65009      2.157344      2.161744
   2.69150      2.253955      2.263212
   2.73291      2.353450      2.366791
   2.77432      2.453068      2.470479
   2.81573      2.550271      2.572548
   2.85713      2.642660      2.671365
   2.89854      2.727978      2.765197
   2.93995      2.804139      2.852029
   2.98136      2.869267      2.929426
   3.02276      2.921732      2.994520
   3.06417      2.960205      2.995969
   3.10558      2.983697      2.992751
   3.14699      2.991597      2.991684
   3.14699      2.991597      2.991684
   3.20555      2.984774      2.984861
   3.26411      2.964615      2.964702
   3.32267      2.932025      2.932111
   3.38123      2.888478      2.888565
   3.43978      2.835987      2.836074
   3.49834      2.777081      2.777168
   3.55690      2.714817      2.714904
   3.61546      2.652845      2.652932
   3.67402      2.595683      2.595770
   3.73258      2.531373      2.531337
   3.79114      2.444328      2.444280
   3.84970      2.326957      2.326897
   3.90826      2.206677      2.206686
   3.96682      2.204429      2.204457
   4.02538      2.192490      2.192529
   4.08394      2.179324      2.179369
   4.14250      2.168545      2.168594
   4.20106      2.161672      2.161722
   4.25962      2.159324      2.159375
 
# Band-Index   18
   4.25962      2.742533      2.742534
   4.20106      2.751510      2.751511
   4.14250      2.777399      2.777403
   4.08394      2.817201      2.817209
   4.02538      2.799027      2.799045
   3.96682      2.692103      2.692128
   3.90826      2.597930      2.597970
   3.84970      2.537651      2.537714
   3.79114      2.524832      2.524912
   3.73258      2.549585      2.549671
   3.67402      2.598984      2.598961
   3.61546      2.659931      2.659916
   3.55690      2.722437      2.722428
   3.49834      2.789539      2.789534
   3.43978      2.860204      2.860201
   3.38123      2.930412      2.930409
   3.32267      2.994072      2.994071
   3.26411      3.044304      3.044303
   3.20555      3.075671      3.075672
   3.14699      3.086137      3.086139
   3.14699      3.086137      3.086139
   3.10558      3.086103      3.075448
   3.06417      3.085935      3.044182
   3.02276      3.085427      3.001362
   2.98136      3.084244      3.008922
   2.93995      3.081954      3.018569
   2.89854      3.078051      3.030119
   2.85713      3.071951      3.043274
   2.81573      3.062457      3.057636
   2.77432      3.035958      3.072744
   2.73291      2.990089      3.088099
   2.69150      2.941554      3.103206
   2.65009      2.892145      3.117598
   2.60869      2.842753      3.130860
   2.56728      2.794428      3.064618
   2.52587      2.748729      2.971706
   2.48446      2.742352      2.886082
   2.44306      2.866033      2.816439
   2.40165      2.922331      2.770760
   2.36024      2.919973      2.754821
   2.36024      2.919973      2.754821
   2.31883      2.923190      2.754502
   2.27743      2.932723      2.753574
   2.23602      2.948233      2.752136
   2.19461      2.969177      2.750334
   2.15320      2.994851      2.748359
   2.11179      2.998827      2.746411
   2.07039      3.003092      2.744685
   2.02898      3.008088      2.743335
   1.98757      3.013780      2.742454
   1.94616      3.020086      2.685488
   1.90476      3.026872      2.640654
   1.86335      3.023790      2.624788
   1.82194      2.973559      2.653066
   1.78053      2.918909      2.723297
   1.73912      2.864573      2.743122
   1.69772      2.815514      2.743037
   1.65631      2.776431      2.742827
   1.61490      2.751236      2.742619
   1.57349      2.742533      2.742534
   1.57349      2.742533      2.742534
   1.53209      2.742618      2.751237
   1.49068      2.742825      2.776433
   1.44927      2.743034      2.815519
   1.40786      2.743117      2.864583
   1.36646      2.723261      2.918923
   1.32505      2.653009      2.973579
   1.28364      2.624710      3.023817
   1.24223      2.640564      3.026871
   1.20082      2.685394      3.020082
   1.15942      2.742435      3.013772
   1.11801      2.743315      3.008078
   1.07660      2.744663      3.003080
   1.03519      2.746388      2.998812
   0.99379      2.748335      2.994918
   0.95238      2.750310      2.969247
   0.91097      2.752110      2.948304
   0.86956      2.753549      2.932796
   0.82815      2.754476      2.923263
   0.78675      2.754795      2.920048
   0.78675      2.754795      2.920048
   0.74534      2.770734      2.922405
   0.70393      2.816412      2.866016
   0.66252      2.886055      2.742335
   0.62112      2.971676      2.748809
   0.57971      3.064585      2.794506
   0.53830      3.130766      2.842830
   0.49689      3.117504      2.892221
   0.45549      3.103112      2.941629
   0.41408      3.088006      2.990165
   0.37267      3.072652      3.036034
   0.33126      3.057545      3.062496
   0.28985      3.043183      3.071976
   0.24845      3.030029      3.078070
   0.20704      3.018480      3.081968
   0.16563      3.008833      3.084254
   0.12422      3.001275      3.085434
   0.08282      3.044182      3.085939
   0.04141      3.075446      3.086106
   0.00000      3.086137      3.086139
 
# Band-Index   19
   0.00000      3.288131      3.288200
   0.04141      3.292336      3.284532
   0.08282      3.304493      3.273643
   0.12422      3.323216      3.255861
   0.16563      3.346197      3.231693
   0.20704      3.370263      3.201787
   0.24845      3.391482      3.166897
   0.28985      3.405408      3.127908
   0.33126      3.407489      3.086405
   0.37267      3.393706      3.056526
   0.41408      3.361330      3.041439
   0.45549      3.309596      3.025390
   0.49689      3.240042      3.007852
   0.53830      3.156460      2.989538
   0.57971      3.142542      2.971449
   0.62112      3.152542      2.954684
   0.66252      3.160537      2.940324
   0.70393      3.166361      2.929318
   0.74534      3.169900      2.954386
   0.78675      3.171086      2.987616
   0.78675      3.171086      2.987616
   0.82815      3.164017      2.987910
   0.86956      3.143127      2.988799
   0.91097      3.109337      2.990303
   0.95238      3.064102      2.992451
   0.99379      3.009323      2.995277
   1.03519      2.947260      3.024469
   1.07660      2.880486      3.056868
   1.11801      2.811952      3.090293
   1.15942      2.745255      3.111306
   1.20082      2.742037      3.096131
   1.24223      2.742048      3.065620
   1.28364      2.742328      3.033943
   1.32505      2.742701      3.041042
   1.36646      2.743000      3.047863
   1.40786      2.815864      3.054073
   1.44927      2.910879      3.059337
   1.49068      2.992311      3.063348
   1.53209      3.047268      3.065860
   1.57349      3.066701      3.066716
   1.57349      3.066701      3.066716
   1.61490      3.065845      3.047284
   1.65631      3.063333      2.992328
   1.69772      3.059324      2.910898
   1.73912      3.054062      2.815888
   1.78053      3.047854      2.743007
   1.82194      3.041037      2.742711
   1.86335      3.033941      2.742341
   1.90476      3.065584      2.742063
   1.94616      3.096086      2.742054
   1.98757      3.111246      2.745350
   2.02898      3.090230      2.812047
   2.07039      3.056805      2.880581
   2.11179      3.024404      2.947355
   2.15320      2.995293      3.009418
   2.19461      2.992469      3.064197
   2.23602      2.990322      3.109432
   2.27743      2.988819      3.143223
   2.31883      2.987931      3.164114
   2.36024      2.987637      3.171182
   2.36024      2.987637      3.171182
   2.40165      2.954406      3.169996
   2.44306      2.929246      3.166457
   2.48446      2.940254      3.160633
   2.52587      2.954618      3.152638
   2.56728      2.971387      3.142637
   2.60869      2.989481      3.156497
   2.65009      3.007801      3.240084
   2.69150      3.025345      3.309643
   2.73291      3.041402      3.361383
   2.77432      3.056496      3.393765
   2.81573      3.086345      3.407552
   2.85713      3.127841      3.405474
   2.89854      3.166829      3.391551
   2.93995      3.201718      3.370332
   2.98136      3.231624      3.346267
   3.02276      3.255792      3.323286
   3.06417      3.273574      3.304563
   3.10558      3.284463      3.292405
   3.14699      3.288131      3.288200
   3.14699      3.288131      3.288200
   3.20555      3.288569      3.288639
   3.26411      3.291640      3.291712
   3.32267      3.299841      3.299913
   3.38123      3.313151      3.313223
   3.43978      3.329119      3.329190
   3.49834      3.343660      3.343729
   3.55690      3.351050      3.351115
   3.61546      3.343069      3.343127
   3.67402      3.307742      3.307788
   3.73258      3.235443      3.235476
   3.79114      3.140696      3.140725
   3.84970      3.052377      3.052407
   3.90826      2.981183      2.981210
   3.96682      2.921269      2.921289
   4.02538      2.866520      2.866534
   4.08394      2.902349      2.902364
   4.14250      2.988699      2.988715
   4.20106      3.046378      3.046394
   4.25962      3.066701      3.066716
 
# Band-Index   20
   4.25962      3.371469      3.371509
   4.20106      3.368534      3.368574
   4.14250      3.360708      3.360749
   4.08394      3.351116      3.351158
   4.02538      3.345182      3.345224
   3.96682      3.349690      3.349732
   3.90826      3.369872      3.369914
   3.84970      3.406351      3.406395
   3.79114      3.457325      3.457367
   3.73258      3.523212      3.523235
   3.67402      3.544866      3.544890
   3.61546      3.587541      3.587564
   3.55690      3.645505      3.645528
   3.49834      3.712193      3.712216
   3.43978      3.780937      3.780960
   3.38123      3.845586      3.845609
   3.32267      3.900969      3.900992
   3.26411      3.943145      3.943168
   3.20555      3.969448      3.969471
   3.14699      3.978376      3.978398
   3.14699      3.978376      3.978398
   3.10558      3.975060      3.972801
   3.06417      3.965302      3.956464
   3.02276      3.949637      3.930714
   2.98136      3.928873      3.897622
   2.93995      3.903991      3.859846
   2.89854      3.876030      3.820464
   2.85713      3.845983      3.782822
   2.81573      3.814718      3.750414
   2.77432      3.782911      3.726756
   2.73291      3.751014      3.715217
   2.69150      3.719218      3.718715
   2.65009      3.687436      3.719721
   2.60869      3.655291      3.635716
   2.56728      3.622136      3.560695
   2.52587      3.531693      3.496717
   2.48446      3.454095      3.445402
   2.44306      3.397363      3.407953
   2.40165      3.362949      3.385179
   2.36024      3.351434      3.377538
   2.36024      3.351434      3.377538
   2.31883      3.336396      3.377706
   2.27743      3.302374      3.378184
   2.23602      3.262011      3.378895
   2.19461      3.222032      3.379720
   2.15320      3.187413      3.380528
   2.11179      3.161812      3.381184
   2.07039      3.145687      3.381579
   2.02898      3.135804      3.381637
   1.98757      3.138006      3.381323
   1.94616      3.169180      3.380644
   1.90476      3.204410      3.379648
   1.86335      3.238720      3.378413
   1.82194      3.270781      3.377038
   1.78053      3.299636      3.375631
   1.73912      3.324467      3.374301
   1.69772      3.344569      3.373149
   1.65631      3.359364      3.372261
   1.61490      3.368420      3.371700
   1.57349      3.371469      3.371509
   1.57349      3.371469      3.371509
   1.53209      3.371660      3.368460
   1.49068      3.372220      3.359405
   1.44927      3.373108      3.344611
   1.40786      3.374259      3.324509
   1.36646      3.375588      3.299679
   1.32505      3.376994      3.270825
   1.28364      3.378368      3.238766
   1.24223      3.379602      3.204458
   1.20082      3.380596      3.169228
   1.15942      3.381274      3.138048
   1.11801      3.381586      3.135846
   1.07660      3.381527      3.145727
   1.03519      3.381130      3.161844
   0.99379      3.380473      3.187435
   0.95238      3.379664      3.222046
   0.91097      3.378838      3.262024
   0.86956      3.378126      3.302392
   0.82815      3.377648      3.336427
   0.78675      3.377480      3.351477
   0.78675      3.377480      3.351477
   0.74534      3.385121      3.362992
   0.70393      3.407896      3.397406
   0.66252      3.445349      3.454138
   0.62112      3.496667      3.531735
   0.57971      3.560649      3.622172
   0.53830      3.635675      3.655326
   0.49689      3.719685      3.687470
   0.45549      3.718696      3.719250
   0.41408      3.715199      3.751045
   0.37267      3.726738      3.782942
   0.33126      3.750395      3.814747
   0.28985      3.782803      3.846011
   0.24845      3.820445      3.876057
   0.20704      3.859826      3.904017
   0.16563      3.897601      3.928898
   0.12422      3.930692      3.949661
   0.08282      3.956442      3.965326
   0.04141      3.972778      3.975083
   0.00000      3.978376      3.978398
 
# Band-Index   21
   0.00000      4.516271      4.516276
   0.04141      4.508768      4.509686
   0.08282      4.486457      4.490119
   0.12422      4.449887      4.458156
   0.16563      4.399916      4.414713
   0.20704      4.337690      4.360968
   0.24845      4.264656      4.298285
   0.28985      4.182580      4.228128
   0.33126      4.093562      4.152013
   0.37267      4.000024      4.071486
   0.41408      3.904641      3.988142
   0.45549      3.810245      3.903690
   0.49689      3.739205      3.819984
   0.53830      3.777074      3.735648
   0.57971      3.830293      3.627520
   0.62112      3.893978      3.587238
   0.66252      3.960329      3.542751
   0.70393      4.019328      3.500876
   0.74534      4.060406      3.474822
   0.78675      4.075179      3.465976
   0.78675      4.075179      3.465976
   0.82815      4.074796      3.461396
   0.86956      4.073658      3.447118
   0.91097      4.071798      3.425394
   0.95238      4.069270      3.399122
   0.99379      4.066147      3.371990
   1.03519      4.062517      3.348170
   1.07660      4.058484      3.332002
   1.11801      4.054160      3.327642
   1.15942      4.049667      3.338685
   1.20082      4.045128      3.367760
   1.24223      4.040668      3.416127
   1.28364      4.036406      3.483342
   1.32505      3.970458      3.567027
   1.36646      3.888771      3.645180
   1.40786      3.815840      3.654964
   1.44927      3.755108      3.662498
   1.49068      3.709514      3.667724
   1.53209      3.681263      3.670763
   1.57349      3.671696      3.671756
   1.57349      3.671696      3.671756
   1.61490      3.670703      3.681323
   1.65631      3.667665      3.709574
   1.69772      3.662441      3.755168
   1.73912      3.654909      3.815901
   1.78053      3.645128      3.888831
   1.82194      3.567008      3.970517
   1.86335      3.483320      4.036426
   1.90476      3.416102      4.040687
   1.94616      3.367733      4.045147
   1.98757      3.338655      4.049686
   2.02898      3.327609      4.054179
   2.07039      3.331966      4.058503
   2.11179      3.348132      4.062537
   2.15320      3.371949      4.066167
   2.19461      3.399079      4.069290
   2.23602      3.425349      4.071818
   2.27743      3.447072      4.073678
   2.31883      3.461349      4.074816
   2.36024      3.466061      4.075199
   2.36024      3.466061      4.075199
   2.40165      3.474906      4.060426
   2.44306      3.500959      4.019348
   2.48446      3.542832      3.960349
   2.52587      3.587201      3.893998
   2.56728      3.627477      3.830313
   2.60869      3.735642      3.777094
   2.65009      3.820044      3.739224
   2.69150      3.903743      3.810275
   2.73291      3.988188      3.904666
   2.77432      4.071524      4.000045
   2.81573      4.152044      4.093579
   2.85713      4.228151      4.182593
   2.89854      4.298301      4.264667
   2.93995      4.360978      4.337699
   2.98136      4.414717      4.399923
   3.02276      4.458157      4.449893
   3.06417      4.490116      4.486462
   3.10558      4.509682      4.508773
   3.14699      4.516271      4.516276
   3.14699      4.516271      4.516276
   3.20555      4.502282      4.502287
   3.26411      4.460785      4.460787
   3.32267      4.393087      4.393085
   3.38123      4.301171      4.301166
   3.43978      4.187646      4.187639
   3.49834      4.056069      4.056061
   3.55690      3.911894      3.911889
   3.61546      3.764464      3.764467
   3.67402      3.629957      3.629974
   3.73258      3.527379      3.527413
   3.79114      3.526662      3.526684
   3.84970      3.556844      3.556865
   3.90826      3.612293      3.612313
   3.96682      3.688203      3.688222
   4.02538      3.776591      3.776608
   4.08394      3.742529      3.742589
   4.14250      3.704715      3.704775
   4.20106      3.680222      3.680282
   4.25962      3.671696      3.671756
 
# Band-Index   22
   4.25962      4.020230      4.020249
   4.20106      4.000563      4.000582
   4.14250      3.945808      3.945826
   4.08394      3.866719      3.866736
   4.02538      3.790745      3.790804
   3.96682      3.847223      3.847281
   3.90826      3.911025      3.911081
   3.84970      3.982281      3.982335
   3.79114      4.061595      4.061646
   3.73258      4.149085      4.149133
   3.67402      4.243640      4.243684
   3.61546      4.342879      4.342920
   3.55690      4.443715      4.443754
   3.49834      4.542906      4.542943
   3.43978      4.637330      4.637365
   3.38123      4.724053      4.724086
   3.32267      4.800190      4.800221
   3.26411      4.862249      4.862279
   3.20555      4.904786      4.904815
   3.14699      4.920346      4.920375
   3.14699      4.920346      4.920375
   3.10558      4.907749      4.917354
   3.06417      4.871980      4.908454
   3.02276      4.817327      4.894151
   2.98136      4.747636      4.875249
   2.93995      4.665393      4.852894
   2.89854      4.572064      4.828559
   2.85713      4.468714      4.803974
   2.81573      4.356472      4.780952
   2.77432      4.236864      4.761084
   2.73291      4.112028      4.745385
   2.69150      3.984840      4.734051
   2.65009      3.858987      4.726518
   2.60869      3.742376      4.721782
   2.56728      3.665172      4.718809
   2.52587      3.598414      4.716814
   2.48446      3.550103      4.715356
   2.44306      3.512278      4.714279
   2.40165      3.480005      4.713592
   2.36024      3.466322      4.713355
   2.36024      3.466322      4.713355
   2.31883      3.477233      4.708033
   2.27743      3.500125      4.692150
   2.23602      3.523582      4.665939
   2.19461      3.543578      4.629744
   2.15320      3.558969      4.583990
   2.11179      3.569895      4.529163
   2.07039      3.577410      4.465828
   2.02898      3.583280      4.394685
   1.98757      3.589561      4.316682
   1.94616      3.597832      4.233139
   1.90476      3.608521      4.145889
   1.86335      3.620860      4.057348
   1.82194      3.633491      4.032477
   1.78053      3.662700      4.028945
   1.73912      3.763721      4.025923
   1.69772      3.861113      4.023489
   1.65631      3.943871      4.021705
   1.61490      4.000167      4.020615
   1.57349      4.020230      4.020249
   1.57349      4.020230      4.020249
   1.53209      4.020596      4.000186
   1.49068      4.021685      3.943889
   1.44927      4.023469      3.861129
   1.40786      4.025903      3.763737
   1.36646      4.028925      3.662717
   1.32505      4.032457      3.633538
   1.28364      4.057289      3.620900
   1.24223      4.145830      3.608551
   1.20082      4.233080      3.597850
   1.15942      4.316622      3.589567
   1.11801      4.394623      3.583276
   1.07660      4.465764      3.577395
   1.03519      4.529096      3.569872
   0.99379      4.583919      3.558939
   0.95238      4.629670      3.543541
   0.91097      4.665862      3.523536
   0.86956      4.692071      3.500068
   0.82815      4.707952      3.477161
   0.78675      4.713273      3.466370
   0.78675      4.713273      3.466370
   0.74534      4.713511      3.480051
   0.70393      4.714198      3.512320
   0.66252      4.715277      3.550142
   0.62112      4.716737      3.598337
   0.57971      4.718735      3.665099
   0.53830      4.721713      3.742346
   0.49689      4.726453      3.859026
   0.45549      4.733992      3.984879
   0.41408      4.745333      4.112066
   0.37267      4.761039      4.236901
   0.33126      4.780912      4.356507
   0.28985      4.803938      4.468748
   0.24845      4.828526      4.572097
   0.20704      4.852863      4.665424
   0.16563      4.875219      4.747666
   0.12422      4.894122      4.817356
   0.08282      4.908425      4.872009
   0.04141      4.917325      4.907778
   0.00000      4.920346      4.920375
 
# Band-Index   23
   0.00000      5.668502      5.668497
   0.04141      5.687255      5.687698
   0.08282      5.742572      5.743114
   0.12422      5.831873      5.829954
   0.16563      5.951612      5.943612
   0.20704      6.097901      6.080701
   0.24845      6.266920      6.238829
   0.28985      6.454970      6.416126
   0.33126      6.658122      6.610901
   0.37267      6.870717      6.821409
   0.41408      7.076336      7.045671
   0.45549      7.175111      7.281076
   0.49689      7.094878      7.437150
   0.53830      6.987705      7.335519
   0.57971      6.889960      7.247866
   0.62112      6.807696      7.176177
   0.66252      6.742796      7.120219
   0.70393      6.696071      6.959310
   0.74534      6.667913      6.858194
   0.78675      6.658509      6.823645
   0.78675      6.658509      6.823645
   0.82815      6.661749      6.812258
   0.86956      6.670305      6.781055
   0.91097      6.680270      6.736487
   0.95238      6.683697      6.684526
   0.99379      6.667343      6.628899
   1.03519      6.615933      6.571290
   1.07660      6.523455      6.466317
   1.11801      6.397919      6.307989
   1.15942      6.251633      6.144066
   1.20082      6.094166      5.979361
   1.24223      5.932328      5.818568
   1.28364      5.771711      5.666185
   1.32505      5.617642      5.526369
   1.36646      5.475475      5.402757
   1.40786      5.350474      5.298317
   1.44927      5.247520      5.215272
   1.49068      5.170778      5.155115
   1.53209      5.123414      5.118732
   1.57349      5.107404      5.106561
   1.57349      5.107404      5.106561
   1.61490      5.119582      5.122555
   1.65631      5.155991      5.169865
   1.69772      5.216192      5.246513
   1.73912      5.299303      5.349327
   1.78053      5.403835      5.474134
   1.82194      5.527573      5.616047
   1.86335      5.667552      5.769801
   1.90476      5.820140      5.930058
   1.94616      5.981179      6.091525
   1.98757      6.146154      6.248681
   2.02898      6.310335      6.394825
   2.07039      6.468844      6.520532
   2.11179      6.572176      6.613570
   2.15320      6.629536      6.665738
   2.19461      6.684958      6.682715
   2.23602      6.736759      6.679668
   2.27743      6.781207      6.669905
   2.31883      6.812333      6.661446
   2.36024      6.823692      6.658234
   2.36024      6.823692      6.658234
   2.40165      6.858244      6.667637
   2.44306      6.959366      6.695793
   2.48446      7.120289      6.742514
   2.52587      7.176712      6.807410
   2.56728      7.248409      6.889669
   2.60869      7.336070      6.987416
   2.65009      7.437656      7.094613
   2.69150      7.281110      7.174984
   2.73291      7.045697      7.076349
   2.77432      6.821430      6.870726
   2.81573      6.610916      6.658128
   2.85713      6.416139      6.454974
   2.89854      6.238839      6.266922
   2.93995      6.080710      6.097902
   2.98136      5.943619      5.951611
   3.02276      5.829960      5.831871
   3.06417      5.743119      5.742568
   3.10558      5.687703      5.687251
   3.14699      5.668502      5.668497
   3.14699      5.668502      5.668497
   3.20555      5.706206      5.706201
   3.26411      5.813329      5.813325
   3.32267      5.977367      5.977364
   3.38123      6.185703      6.185700
   3.43978      6.425525      6.425519
   3.49834      6.679383      6.679362
   3.55690      6.904838      6.904620
   3.61546      6.910669      6.909005
   3.67402      6.734230      6.731925
   3.73258      6.542500      6.539923
   3.79114      6.346780      6.344161
   3.84970      6.143425      6.141002
   3.90826      5.932439      5.930379
   3.96682      5.721031      5.719366
   4.02538      5.522066      5.520732
   4.08394      5.350152      5.349054
   4.14250      5.218196      5.217247
   4.20106      5.135517      5.134649
   4.25962      5.107404      5.106561
 
# Band-Index   24
   4.25962      5.863904      5.860824
   4.20106      5.888924      5.885766
   4.14250      5.960222      5.956836
   4.08394      6.068634      6.064899
   4.02538      6.203894      6.199741
   3.96682      6.357824      6.353259
   3.90826      6.525283      6.520389
   3.84970      6.703444      6.698365
   3.79114      6.890385      6.885303
   3.73258      7.083659      7.078783
   3.67402      7.279005      7.274566
   3.61546      7.257487      7.256765
   3.55690      7.261518      7.259739
   3.49834      7.474505      7.472837
   3.43978      7.737395      7.735975
   3.38123      7.974839      7.974260
   3.32267      8.030825      8.030533
   3.26411      8.072944      8.072792
   3.20555      8.101233      8.101144
   3.14699      8.111482      8.111410
   3.14699      8.111482      8.111410
   3.10558      8.106782      8.105695
   3.06417      8.093077      8.089198
   3.02276      8.071431      8.063640
   2.98136      8.043304      8.031301
   2.93995      8.010275      7.994511
   2.89854      7.973835      7.955314
   2.85713      7.935293      7.915334
   2.81573      7.895777      7.781807
   2.77432      7.842047      7.611130
   2.73291      7.694415      7.470626
   2.69150      7.560788      7.458800
   2.65009      7.529328      7.644814
   2.60869      7.714830      7.708973
   2.56728      7.583989      7.684920
   2.52587      7.331825      7.664764
   2.48446      7.121088      7.507980
   2.44306      7.081475      7.347581
   2.40165      7.057765      7.245612
   2.36024      7.049871      7.210551
   2.36024      7.049871      7.210551
   2.31883      7.038582      7.184378
   2.27743      7.004004      7.120283
   2.23602      6.944485      7.039143
   2.19461      6.858887      6.951912
   2.15320      6.748342      6.862875
   2.11179      6.616613      6.773531
   2.07039      6.513323      6.684426
   2.02898      6.452919      6.595926
   1.98757      6.390913      6.508473
   1.94616      6.327504      6.422581
   1.90476      6.263169      6.338736
   1.86335      6.198550      6.257302
   1.82194      6.134356      6.178524
   1.78053      6.071384      6.102736
   1.73912      6.010837      6.030885
   1.69772      5.954975      5.965391
   1.65631      5.907893      5.910909
   1.61490      5.875550      5.873991
   1.57349      5.863904      5.860824
   1.57349      5.863904      5.860824
   1.53209      5.877123      5.872445
   1.49068      5.914179      5.904729
   1.44927      5.968845      5.951750
   1.40786      6.034514      6.007590
   1.36646      6.106480      6.068183
   1.32505      6.182299      6.131283
   1.28364      6.261013      6.195689
   1.24223      6.342291      6.260590
   1.20082      6.425897      6.325260
   1.15942      6.511481      6.389031
   1.11801      6.598576      6.451399
   1.07660      6.686687      6.512140
   1.03519      6.775396      6.614066
   0.99379      6.864358      6.746002
   0.95238      6.953037      6.856975
   0.91097      7.039942      6.943102
   0.86956      7.120786      7.003087
   0.82815      7.184628      7.037964
   0.78675      7.210683      7.049353
   0.78675      7.210683      7.049353
   0.74534      7.245750      7.057245
   0.70393      7.347740      7.080953
   0.66252      7.508181      7.120561
   0.62112      7.666215      7.331729
   0.57971      7.686269      7.583845
   0.53830      7.710205      7.713636
   0.49689      7.645076      7.529168
   0.45549      7.459151      7.560172
   0.41408      7.471106      7.693787
   0.37267      7.611615      7.841401
   0.33126      7.782304      7.895200
   0.28985      7.915803      7.934830
   0.24845      7.955682      7.973473
   0.20704      7.994791      8.010001
   0.16563      8.031508      8.043103
   0.12422      8.063788      8.071286
   0.08282      8.089304      8.092973
   0.04141      8.105775      8.106703
   0.00000      8.111482      8.111410
 
# Band-Index   25
   0.00000      9.055704      9.055392
   0.04141      9.013465      8.973209
   0.08282      8.885423      8.864006
   0.12422      8.739405      8.757659
   0.16563      8.554505      8.656372
   0.20704      8.358843      8.529089
   0.24845      8.161168      8.348107
   0.28985      7.967394      8.170942
   0.33126      7.876367      8.001151
   0.37267      7.838262      7.855572
   0.41408      7.802135      7.816826
   0.45549      7.768484      7.779766
   0.49689      7.737720      7.745141
   0.53830      7.871775      7.775680
   0.57971      7.956925      7.685871
   0.62112      7.715629      7.662388
   0.66252      7.650311      7.643640
   0.70393      7.638780      7.629989
   0.74534      7.631792      7.621694
   0.78675      7.629452      7.618912
   0.78675      7.629452      7.618912
   0.82815      7.648988      7.622910
   0.86956      7.689033      7.628273
   0.91097      7.645455      7.553825
   0.95238      7.514536      7.466106
   0.99379      7.409738      7.377449
   1.03519      7.346087      7.285262
   1.07660      7.323302      7.185955
   1.11801      7.307955      7.080483
   1.15942      7.224252      6.973831
   1.20082      7.092048      6.871228
   1.24223      6.958942      6.776266
   1.28364      6.836506      6.690968
   1.32505      6.728108      6.616373
   1.36646      6.635222      6.552971
   1.40786      6.558642      6.500989
   1.44927      6.498817      6.460522
   1.49068      6.455987      6.431605
   1.53209      6.430263      6.414253
   1.57349      6.421686      6.408469
   1.57349      6.421686      6.408469
   1.61490      6.427428      6.417050
   1.65631      6.444653      6.442788
   1.69772      6.473348      6.485656
   1.73912      6.513487      6.545564
   1.78053      6.565013      6.622304
   1.82194      6.627801      6.715475
   1.86335      6.701584      6.824348
   1.90476      6.785816      6.947576
   1.94616      6.879400      7.082127
   1.98757      6.980266      7.217688
   2.02898      7.084865      7.307298
   2.07039      7.188246      7.322902
   2.11179      7.285975      7.344362
   2.15320      7.377520      7.406783
   2.19461      7.466329      7.510780
   2.23602      7.554516      7.641410
   2.27743      7.630542      7.687024
   2.31883      7.624642      7.647286
   2.36024      7.620472      7.627804
   2.36024      7.620472      7.627804
   2.40165      7.623243      7.630158
   2.44306      7.631506      7.637184
   2.48446      7.645103      7.648776
   2.52587      7.663778      7.715343
   2.56728      7.687171      7.956458
   2.60869      7.775851      7.871422
   2.65009      7.746219      7.736616
   2.69150      7.780720      7.767512
   2.73291      7.817652      7.801298
   2.77432      7.856271      7.837555
   2.81573      8.001816      7.875785
   2.85713      8.171622      7.966879
   2.89854      8.348794      8.160637
   2.93995      8.529767      8.358307
   2.98136      8.657181      8.553980
   3.02276      8.758328      8.738916
   3.06417      8.864551      8.884879
   3.10558      8.973641      9.013116
   3.14699      9.055704      9.055392
   3.14699      9.055704      9.055392
   3.20555      8.896984      8.896473
   3.26411      8.624600      8.623865
   3.32267      8.325246      8.324286
   3.38123      8.024618      8.023432
   3.43978      7.897603      7.896494
   3.49834      7.788381      7.786464
   3.55690      7.643122      7.640249
   3.61546      7.469140      7.465380
   3.67402      7.376028      7.375331
   3.73258      7.400595      7.398519
   3.79114      7.301341      7.295794
   3.84970      7.129076      7.120535
   3.90826      6.947882      6.937553
   3.96682      6.786476      6.774993
   4.02538      6.653802      6.641554
   4.08394      6.551516      6.538782
   4.14250      6.479152      6.466130
   4.20106      6.436018      6.422847
   4.25962      6.421686      6.408469
 
# Band-Index   26
   4.25962      6.957962      6.949265
   4.20106      6.980023      6.971355
   4.14250      7.045861      7.037289
   4.08394      7.154502      7.146098
   4.02538      7.304105      7.295896
   3.96682      7.480393      7.475584
   3.90826      7.547171      7.541608
   3.84970      7.612687      7.605748
   3.79114      7.694640      7.684971
   3.73258      7.829471      7.816363
   3.67402      8.030136      8.015494
   3.61546      8.270570      8.255538
   3.55690      8.537615      8.522603
   3.49834      8.826687      8.812277
   3.43978      9.069842      9.066183
   3.38123      9.091984      9.091660
   3.32267      9.097771      9.097494
   3.26411      9.102868      9.102570
   3.20555      9.108378      9.108052
   3.14699      9.140161      9.139734
   3.14699      9.140161      9.139734
   3.10558      9.134397      9.017449
   3.06417      9.028379      8.899172
   3.02276      8.879999      8.758010
   2.98136      8.709488      8.637661
   2.93995      8.561688      8.524579
   2.89854      8.471821      8.419509
   2.85713      8.387297      8.323333
   2.81573      8.307529      8.237087
   2.77432      8.231740      8.161859
   2.73291      8.159059      8.098605
   2.69150      8.088716      8.047866
   2.65009      8.020343      8.009529
   2.60869      7.866488      7.982665
   2.56728      7.892164      7.965567
   2.52587      7.836113      7.956004
   2.48446      7.788989      7.951596
   2.44306      7.753407      7.950158
   2.40165      7.731303      7.950007
   2.36024      7.723812      7.950060
   2.36024      7.723812      7.950060
   2.31883      7.699717      7.898294
   2.27743      7.637039      7.779511
   2.23602      7.624084      7.716295
   2.19461      7.595465      7.717581
   2.15320      7.545337      7.690525
   2.11179      7.481148      7.644461
   2.07039      7.411156      7.589205
   2.02898      7.341622      7.496875
   1.98757      7.276458      7.460227
   1.94616      7.217679      7.420317
   1.90476      7.165964      7.368423
   1.86335      7.121144      7.317829
   1.82194      7.082584      7.266300
   1.78053      7.049459      7.210477
   1.73912      7.020962      7.147093
   1.69772      6.996597      7.077502
   1.65631      6.976700      7.012143
   1.61490      6.962972      6.965859
   1.57349      6.957962      6.949265
   1.57349      6.957962      6.949265
   1.53209      6.974624      6.954369
   1.49068      7.021086      6.968342
   1.44927      7.086610      6.988550
   1.40786      7.156133      7.013203
   1.36646      7.219170      7.041919
   1.32505      7.274539      7.075186
   1.28364      7.325646      7.113827
   1.24223      7.375886      7.158697
   1.20082      7.427473      7.210464
   1.15942      7.468226      7.269344
   1.11801      7.510541      7.334707
   1.07660      7.595295      7.404595
   1.03519      7.649954      7.475144
   0.99379      7.695207      7.540125
   0.95238      7.721271      7.591251
   0.91097      7.719001      7.620932
   0.86956      7.783384      7.635967
   0.82815      7.901623      7.698481
   0.78675      7.952996      7.722528
   0.78675      7.952996      7.722528
   0.74534      7.952900      7.730005
   0.70393      7.952971      7.752058
   0.66252      7.954272      7.787532
   0.62112      7.958507      7.834496
   0.57971      7.967872      7.890391
   0.53830      7.984775      7.866241
   0.49689      8.011448      8.018431
   0.45549      8.049602      8.086816
   0.41408      8.100168      8.157241
   0.37267      8.163265      8.230060
   0.33126      8.238341      8.306021
   0.28985      8.324445      8.385973
   0.24845      8.420489      8.470681
   0.20704      8.525436      8.560721
   0.16563      8.638403      8.708841
   0.12422      8.758647      8.879415
   0.08282      8.899597      9.027891
   0.04141      9.017909      9.134012
   0.00000      9.140161      9.139733
 
# Band-Index   27
   0.00000      9.173815      9.173480
   0.04141      9.300114      9.225073
   0.08282      9.370823      9.343356
   0.12422      9.366281      9.365273
   0.16563      9.346491      9.341850
   0.20704      9.305147      9.297370
   0.24845      9.241511      9.230828
   0.28985      9.159371      9.144644
   0.33126      9.063353      9.040004
   0.37267      8.955410      8.909240
   0.41408      8.831156      8.725005
   0.45549      8.674793      8.465934
   0.49689      8.466152      8.166810
   0.53830      8.215574      7.952491
   0.57971      8.094036      8.021861
   0.62112      8.290746      8.254198
   0.66252      8.439288      8.450979
   0.70393      8.526839      8.437507
   0.74534      8.565684      8.411285
   0.78675      8.575988      8.402710
   0.78675      8.575988      8.402710
   0.82815      8.585057      8.362006
   0.86956      8.586014      8.264350
   0.91097      8.406011      8.137165
   0.95238      8.208045      7.999412
   0.99379      8.012007      7.867125
   1.03519      7.823244      7.753020
   1.07660      7.648396      7.664080
   1.11801      7.537931      7.599028
   1.15942      7.481498      7.550464
   1.20082      7.484461      7.509860
   1.24223      7.496837      7.470863
   1.28364      7.485654      7.430372
   1.32505      7.450291      7.388243
   1.36646      7.400121      7.346274
   1.40786      7.346522      7.307139
   1.44927      7.298355      7.273576
   1.49068      7.261148      7.247915
   1.53209      7.237902      7.231849
   1.57349      7.230019      7.226384
   1.57349      7.230019      7.226384
   1.61490      7.235528      7.234275
   1.65631      7.251728      7.257542
   1.69772      7.277616      7.294772
   1.73912      7.311504      7.342955
   1.78053      7.351069      7.396543
   1.82194      7.393583      7.446660
   1.86335      7.436390      7.481884
   1.90476      7.477716      7.492718
   1.94616      7.517742      7.479388
   1.98757      7.559607      7.474638
   2.02898      7.609647      7.531406
   2.07039      7.676165      7.634375
   2.11179      7.766068      7.810047
   2.15320      7.880224      7.999331
   2.19461      8.011682      8.195585
   2.23602      8.147946      8.393459
   2.27743      8.273123      8.573308
   2.31883      8.368510      8.578257
   2.36024      8.408543      8.572219
   2.36024      8.408543      8.572219
   2.40165      8.417150      8.562106
   2.44306      8.443229      8.524453
   2.48446      8.454146      8.436859
   2.52587      8.255231      8.289659
   2.56728      8.022250      8.093494
   2.60869      7.954352      8.214700
   2.65009      8.167297      8.464374
   2.69150      8.467055      8.671665
   2.73291      8.727535      8.827088
   2.77432      8.913090      8.951067
   2.81573      9.044185      9.059149
   2.85713      9.148565      9.155564
   2.89854      9.234198      9.238281
   2.93995      9.300042      9.302607
   2.98136      9.343810      9.344645
   3.02276      9.366636      9.365013
   3.06417      9.343621      9.369953
   3.10558      9.225399      9.299803
   3.14699      9.173815      9.173480
   3.14699      9.173815      9.173480
   3.20555      9.291215      9.290871
   3.26411      9.351035      9.349510
   3.32267      9.294398      9.291537
   3.38123      9.196238      9.191685
   3.43978      9.084187      9.078043
   3.49834      8.988148      8.980624
   3.55690      8.910398      8.901484
   3.61546      8.817040      8.806827
   3.67402      8.666094      8.655496
   3.73258      8.453355      8.443405
   3.79114      8.206439      8.197378
   3.84970      7.952629      7.944211
   3.90826      7.710203      7.702094
   3.96682      7.491234      7.483160
   4.02538      7.409164      7.404836
   4.08394      7.339660      7.335659
   4.14250      7.281582      7.277794
   4.20106      7.243327      7.239656
   4.25962      7.230019      7.226384
 
# Band-Index   28
   4.25962      7.451674      7.450736
   4.20106      7.488494      7.487582
   4.14250      7.595917      7.595061
   4.08394      7.765787      7.764966
   4.02538      7.987050      7.986199
   3.96682      8.165975      8.165890
   3.90826      8.341310      8.341301
   3.84970      8.546425      8.546413
   3.79114      8.775087      8.774983
   3.73258      9.022135      9.021937
   3.67402      9.072823      9.072466
   3.61546      9.089073      9.088738
   3.55690      9.098931      9.098556
   3.49834      9.103157      9.102433
   3.43978      9.170651      9.160308
   3.38123      9.412578      9.406870
   3.32267      9.438967      9.438383
   3.26411      9.383023      9.382648
   3.20555      9.368389      9.367590
   3.14699      9.367397      9.366813
   3.14699      9.367397      9.366813
   3.10558      9.373131      9.368235
   3.06417      9.374337      9.399122
   3.02276      9.416358      9.428174
   2.98136      9.450697      9.464218
   2.93995      9.490934      9.504040
   2.89854      9.535103      9.544794
   2.85713      9.581218      9.584204
   2.81573      9.627041      9.620529
   2.77432      9.444783      9.482077
   2.73291      9.173257      9.368298
   2.69150      8.992274      9.198894
   2.65009      8.873368      8.989764
   2.60869      8.765507      8.851559
   2.56728      8.646409      8.757429
   2.52587      8.554533      8.689458
   2.48446      8.487823      8.639993
   2.44306      8.587704      8.605888
   2.40165      8.569702      8.585798
   2.36024      8.563709      8.579157
   2.36024      8.563709      8.579157
   2.31883      8.565556      8.607393
   2.27743      8.577065      8.582532
   2.23602      8.610093      8.606891
   2.19461      8.669184      8.659537
   2.15320      8.594098      8.730260
   2.11179      8.507798      8.793054
   2.07039      8.428509      8.726595
   2.02898      8.357910      8.616527
   1.98757      8.295708      8.522407
   1.94616      8.238096      8.429799
   1.90476      8.178059      8.305510
   1.86335      8.110537      8.174474
   1.82194      8.037841      8.061387
   1.78053      7.967139      7.865943
   1.73912      7.839676      7.697629
   1.69772      7.676005      7.577071
   1.65631      7.552690      7.502146
   1.61490      7.477026      7.462852
   1.57349      7.451674      7.450736
   1.57349      7.451674      7.450736
   1.53209      7.463660      7.475984
   1.49068      7.502612      7.551341
   1.44927      7.577167      7.674138
   1.40786      7.697643      7.836991
   1.36646      7.866357      7.966929
   1.32505      8.061647      8.037747
   1.28364      8.174689      8.110519
   1.24223      8.305778      8.178026
   1.20082      8.430396      8.237921
   1.15942      8.523350      8.295276
   1.11801      8.617588      8.357119
   1.07660      8.727703      8.427252
   1.03519      8.803443      8.505924
   0.99379      8.739006      8.591369
   0.95238      8.667384      8.661157
   0.91097      8.614331      8.602564
   0.86956      8.589659      8.569802
   0.82815      8.614143      8.558515
   0.78675      8.585803      8.556768
   0.78675      8.585803      8.556768
   0.74534      8.592433      8.562775
   0.70393      8.612477      8.580815
   0.66252      8.646495      8.482866
   0.62112      8.695812      8.549746
   0.57971      8.763517      8.641155
   0.53830      8.857127      8.760123
   0.49689      8.994283      8.867470
   0.45549      9.201884      8.987244
   0.41408      9.376036      9.169932
   0.37267      9.497970      9.443160
   0.33126      9.625066      9.622818
   0.28985      9.587465      9.578228
   0.24845      9.547129      9.532972
   0.20704      9.505725      9.489393
   0.16563      9.465461      9.449557
   0.12422      9.429126      9.415484
   0.08282      9.399894      9.373389
   0.04141      9.368887      9.372516
   0.00000      9.367397      9.366813
 
# Band-Index   29
   0.00000      9.374195      9.373550
   0.04141      9.380829      9.374093
   0.08282      9.444133      9.389197
   0.12422      9.588365      9.463422
   0.16563      9.728193      9.580632
   0.20704      9.853435      9.689882
   0.24845      9.922982      9.780058
   0.28985      9.781108      9.802368
   0.33126      9.633409      9.654929
   0.37267      9.633684      9.519226
   0.41408      9.483511      9.296160
   0.45549      9.268789      9.088042
   0.49689      9.177718      8.908869
   0.53830      9.105179      8.778858
   0.57971      9.055385      8.708939
   0.62112      9.035723      8.653488
   0.66252      9.046507      8.610976
   0.70393      9.009346      8.582041
   0.74534      8.986925      8.641551
   0.78675      8.979435      8.656586
   0.78675      8.979435      8.656586
   0.82815      8.865010      8.694097
   0.86956      8.813172      8.766464
   0.91097      8.920824      8.762171
   0.95238      9.019150      8.680415
   0.99379      8.977255      8.733606
   1.03519      8.850852      8.794580
   1.07660      8.833166      8.819065
   1.11801      8.815789      8.798983
   1.15942      8.712420      8.742246
   1.20082      8.581284      8.657713
   1.24223      8.494629      8.546352
   1.28364      8.292267      8.401870
   1.32505      8.072078      8.223095
   1.36646      7.971375      8.026617
   1.40786      7.902314      7.904578
   1.44927      7.851607      7.854488
   1.49068      7.816874      7.818311
   1.53209      7.796578      7.796562
   1.57349      7.789897      7.789316
   1.57349      7.789897      7.789316
   1.61490      7.797127      7.796006
   1.65631      7.818827      7.816333
   1.69772      7.854924      7.851116
   1.73912      7.904909      7.901893
   1.78053      8.030677      7.971036
   1.82194      8.229517      8.070684
   1.86335      8.411702      8.288893
   1.90476      8.559478      8.487714
   1.94616      8.672843      8.580846
   1.98757      8.758009      8.712258
   2.02898      8.814172      8.802328
   2.07039      8.832555      8.820864
   2.11179      8.805734      8.849706
   2.15320      8.742769      8.975976
   2.19461      8.684432      9.017454
   2.23602      8.768289      8.920201
   2.27743      8.773753      8.815896
   2.31883      8.704264      8.860845
   2.36024      8.672683      8.998525
   2.36024      8.672683      8.998525
   2.40165      8.658964      8.999027
   2.44306      8.592481      9.018080
   2.48446      8.617798      9.037274
   2.52587      8.660206      9.028954
   2.56728      8.715501      9.046767
   2.60869      8.785178      9.092233
   2.65009      8.915149      9.163797
   2.69150      9.095011      9.253997
   2.73291      9.301958      9.481683
   2.77432      9.532975      9.626772
   2.81573      9.678548      9.619589
   2.85713      9.820271      9.769709
   2.89854      9.782242      9.918547
   2.93995      9.690512      9.853005
   2.98136      9.580937      9.727965
   3.02276      9.463662      9.588143
   3.06417      9.389903      9.443875
   3.10558      9.374809      9.380154
   3.14699      9.374195      9.373550
   3.14699      9.374195      9.373550
   3.20555      9.387012      9.386374
   3.26411      9.433481      9.432850
   3.32267      9.510850      9.510209
   3.38123      9.617441      9.612908
   3.43978      9.539377      9.536588
   3.49834      9.466183      9.464736
   3.55690      9.355575      9.354712
   3.61546      9.262581      9.262085
   3.67402      9.217339      9.216897
   3.73258      9.046249      9.045601
   3.79114      8.965666      8.964730
   3.84970      8.838657      8.836127
   3.90826      8.536307      8.534877
   3.96682      8.247873      8.246867
   4.02538      8.025000      8.024786
   4.08394      7.919120      7.918763
   4.14250      7.846283      7.845805
   4.20106      7.803833      7.803278
   4.25962      7.789897      7.789316
 
# Band-Index   30
   4.25962      8.549083      8.530040
   4.20106      8.561373      8.542367
   4.14250      8.598256      8.579369
   4.08394      8.659795      8.641129
   4.02538      8.746179      8.727880
   3.96682      8.824044      8.822750
   3.90826      8.814018      8.812751
   3.84970      8.868758      8.867582
   3.79114      9.134849      9.129807
   3.73258      9.277111      9.276929
   3.67402      9.340853      9.340743
   3.61546      9.627814      9.627561
   3.55690      9.953988      9.953765
   3.49834      9.906928      9.906244
   3.43978      9.750997      9.750325
   3.38123      9.623691      9.616786
   3.32267      9.921341      9.905599
   3.26411     10.284577     10.269464
   3.20555     10.562128     10.552324
   3.14699     10.575925     10.570071
   3.14699     10.575925     10.570071
   3.10558     10.586276     10.575065
   3.06417     10.566997     10.537709
   3.02276     10.461963     10.418485
   2.98136     10.309398     10.259161
   2.93995     10.144808     10.090233
   2.89854      9.978874      9.926091
   2.85713      9.847014      9.877602
   2.81573      9.778203      9.754836
   2.77432      9.558570      9.652369
   2.73291      9.415657      9.678479
   2.69150      9.310366      9.425177
   2.65009      9.216038      9.351820
   2.60869      9.135172      9.294744
   2.56728      9.076249      9.258663
   2.52587      9.043038      9.145937
   2.48446      9.045294      9.114769
   2.44306      9.104289      9.180476
   2.40165      9.188143      9.245032
   2.36024      9.219490      9.317937
   2.36024      9.219490      9.317937
   2.31883      9.071898      9.370874
   2.27743      8.962225      9.348857
   2.23602      8.967548      9.257888
   2.19461      9.061754      9.142419
   2.15320      9.148148      9.110785
   2.11179      9.191134      9.093404
   2.07039      9.174424      9.007873
   2.02898      9.105183      8.870243
   1.98757      9.010792      8.741055
   1.94616      8.922405      8.638857
   1.90476      8.866324      8.535289
   1.86335      8.858235      8.565556
   1.82194      8.842912      8.646907
   1.78053      8.737729      8.677436
   1.73912      8.663598      8.622179
   1.69772      8.611365      8.581153
   1.65631      8.576203      8.552573
   1.61490      8.555789      8.535649
   1.57349      8.549083      8.530040
   1.57349      8.549083      8.530040
   1.53209      8.554695      8.536787
   1.49068      8.571622      8.557342
   1.44927      8.600185      8.592804
   1.40786      8.641131      8.645635
   1.36646      8.696142      8.720937
   1.32505      8.647659      8.828286
   1.28364      8.566301      8.856684
   1.24223      8.535995      8.864903
   1.20082      8.649721      8.921171
   1.15942      8.754185      9.009783
   1.11801      8.870354      9.104399
   1.07660      9.008038      9.173777
   1.03519      9.093761      9.190366
   0.99379      9.111177      9.146619
   0.95238      9.143318      9.059759
   0.91097      9.258910      8.964556
   0.86956      9.341937      8.956900
   0.82815      9.288786      9.064130
   0.78675      9.183094      9.178480
   0.78675      9.183094      9.178480
   0.74534      9.161146      9.142045
   0.70393      9.107198      9.067062
   0.66252      9.054785      9.018036
   0.62112      9.098003      9.017960
   0.57971      9.162930      9.053793
   0.53830      9.239894      9.113809
   0.49689      9.327024      9.192435
   0.45549      9.422437      9.287070
   0.41408      9.524846      9.396317
   0.37267      9.658594      9.528137
   0.33126      9.747946      9.746101
   0.28985      9.860704      9.815010
   0.24845      9.939387      9.959989
   0.20704     10.105456     10.125060
   0.16563     10.273887     10.292010
   0.12422     10.432120     10.447261
   0.08282     10.548701     10.555914
   0.04141     10.582266     10.579190
   0.00000     10.575923     10.570058
 
# Band-Index   31
   0.00000     10.653190     10.648431
   0.04141     10.642173     10.636680
   0.08282     10.616940     10.609431
   0.12422     10.553720     10.536631
   0.16563     10.381481     10.370319
   0.20704     10.230099     10.218953
   0.24845     10.134486     10.087928
   0.28985     10.160100      9.980359
   0.33126     10.160612      9.777394
   0.37267      9.811596      9.663871
   0.41408      9.686816      9.600143
   0.45549      9.708621      9.525526
   0.49689      9.723347      9.461533
   0.53830      9.731193      9.407826
   0.57971      9.687491      9.363791
   0.62112      9.643380      9.328759
   0.66252      9.613560      9.302133
   0.70393      9.594742      9.283440
   0.74534      9.584456      9.272352
   0.78675      9.581194      9.268677
   0.78675      9.581194      9.268677
   0.82815      9.573339      9.411428
   0.86956      9.637711      9.609828
   0.91097      9.727472      9.700517
   0.95238      9.711409      9.684168
   0.99379      9.692430      9.667847
   1.03519      9.683623      9.668239
   1.07660      9.675582      9.686428
   1.11801      9.604375      9.679131
   1.15942      9.428202      9.580056
   1.20082      9.208175      9.393115
   1.24223      9.012158      9.176753
   1.28364      8.868974      8.979971
   1.32505      8.769108      8.897662
   1.36646      8.763667      8.978888
   1.40786      8.899792      9.088658
   1.44927      9.042638      9.215769
   1.49068      9.177928      9.349289
   1.53209      9.285314      9.336748
   1.57349      9.329933      9.329953
   1.57349      9.329933      9.329953
   1.61490      9.336728      9.285012
   1.65631      9.351107      9.177266
   1.69772      9.217669      9.041849
   1.73912      9.090478      8.898994
   1.78053      8.980615      8.762894
   1.82194      8.899304      8.751062
   1.86335      8.991395      8.852554
   1.90476      9.185136      8.998927
   1.94616      9.399863      9.198501
   1.98757      9.586790      9.420205
   2.02898      9.687312      9.595627
   2.07039      9.697126      9.664386
   2.11179      9.682011      9.669501
   2.15320      9.684405      9.675676
   2.19461      9.702724      9.692697
   2.23602      9.720386      9.707383
   2.27743      9.726051      9.709769
   2.31883      9.721695      9.702875
   2.36024      9.718269      9.698419
   2.36024      9.718269      9.698419
   2.40165      9.720054      9.699572
   2.44306      9.725335      9.702773
   2.48446      9.733191      9.707386
   2.52587      9.742008      9.712129
   2.56728      9.749755      9.715520
   2.60869      9.753003      9.715439
   2.65009      9.748318      9.710214
   2.69150      9.732966      9.697850
   2.73291      9.649397      9.825813
   2.77432      9.669810      9.810289
   2.81573      9.799267     10.159350
   2.85713     10.023479     10.211248
   2.89854     10.124696     10.137682
   2.93995     10.258144     10.220489
   2.98136     10.393069     10.369719
   3.02276     10.553657     10.540990
   3.06417     10.614923     10.611481
   3.10558     10.641659     10.637207
   3.14699     10.653191     10.648434
   3.14699     10.653191     10.648434
   3.20555     10.629704     10.624439
   3.26411     10.569720     10.562752
   3.32267     10.508140     10.498659
   3.38123     10.459194     10.446680
   3.43978     10.385520     10.370282
   3.49834     10.260535     10.245462
   3.55690     10.064833     10.064074
   3.61546      9.904494      9.903593
   3.67402      9.654674      9.648781
   3.73258      9.403782      9.396452
   3.79114      9.296089      9.295825
   3.84970      9.166308      9.151691
   3.90826      8.996565      8.979927
   3.96682      8.857940      8.840248
   4.02538      8.897344      8.896043
   4.08394      9.018757      9.017484
   4.14250      9.163122      9.162053
   4.20106      9.285992      9.285571
   4.25962      9.329933      9.329953
 
# Band-Index   32
   4.25962      9.547237      9.547204
   4.20106      9.495070      9.494179
   4.14250      9.449640      9.449006
   4.08394      9.423658      9.423233
   4.02538      9.400042      9.399713
   3.96682      9.374394      9.374112
   3.90826      9.346761      9.346501
   3.84970      9.319428      9.319169
   3.79114      9.378190      9.367452
   3.73258      9.642059      9.635505
   3.67402      9.868405      9.867247
   3.61546     10.038139     10.023056
   3.55690     10.110970     10.101507
   3.49834     10.271605     10.271399
   3.43978     10.455548     10.454485
   3.38123     10.656491     10.655031
   3.32267     10.873666     10.870768
   3.26411     10.905757     10.899093
   3.20555     10.862188     10.851691
   3.14699     11.037960     11.026316
   3.14699     11.037960     11.026316
   3.10558     10.911855     10.924720
   3.06417     10.729809     10.727236
   3.02276     10.590958     10.589455
   2.98136     10.587660     10.588914
   2.93995     10.615248     10.617762
   2.89854     10.414002     10.657874
   2.85713     10.135762     10.502036
   2.81573      9.816027     10.270040
   2.77432      9.740113     10.202413
   2.73291      9.706196     10.064147
   2.69150      9.902883      9.963814
   2.65009     10.064071      9.898268
   2.60869      9.984044      9.854007
   2.56728      9.973753      9.882100
   2.52587      9.924537      9.805624
   2.48446      9.900858      9.866536
   2.44306      9.893950      9.962093
   2.40165      9.941750     10.063213
   2.36024      9.990979     10.169348
   2.36024      9.990979     10.169348
   2.31883      9.999175     10.160904
   2.27743     10.022318     10.141109
   2.23602     10.055209      9.934055
   2.19461     10.030116     10.000307
   2.15320     10.091431     10.044598
   2.11179     10.075676     10.002321
   2.07039     10.024693      9.956428
   2.02898      9.955353      9.908098
   1.98757      9.876368      9.858610
   1.94616      9.793494      9.809254
   1.90476      9.710778      9.761295
   1.86335      9.631311      9.715929
   1.82194      9.557596      9.674257
   1.78053      9.491720      9.637265
   1.73912      9.435422      9.605805
   1.69772      9.390136      9.580591
   1.65631      9.357160      9.562177
   1.61490      9.477019      9.550966
   1.57349      9.547237      9.547204
   1.57349      9.547237      9.547204
   1.53209      9.551000      9.475672
   1.49068      9.562210      9.357132
   1.44927      9.580625      9.390156
   1.40786      9.605839      9.435442
   1.36646      9.637299      9.491742
   1.32505      9.674292      9.557618
   1.28364      9.715964      9.631333
   1.24223      9.761330      9.710801
   1.20082      9.809289      9.793518
   1.15942      9.858646      9.876392
   1.11801      9.908134      9.955377
   1.07660      9.956464     10.024716
   1.03519     10.002357     10.075136
   0.99379     10.044634     10.078847
   0.95238     10.000315     10.000126
   0.91097      9.812262      9.817168
   0.86956      9.730848      9.705311
   0.82815      9.724614      9.700401
   0.78675      9.720409      9.696708
   0.78675      9.720409      9.696708
   0.74534      9.721418      9.698670
   0.70393      9.724202      9.704299
   0.66252      9.728021      9.712789
   0.62112      9.731634      9.722687
   0.57971      9.733345      9.731758
   0.53830      9.749642      9.736953
   0.49689      9.833253      9.734741
   0.45549      9.939743      9.722117
   0.41408     10.064146      9.698008
   0.37267     10.177011      9.685268
   0.33126     10.205204      9.800420
   0.28985     10.504436     10.135307
   0.24845     10.665870     10.408296
   0.20704     10.625017     10.608109
   0.16563     10.595458     10.581090
   0.12422     10.595471     10.584903
   0.08282     10.739973     10.714365
   0.04141     10.935807     10.896447
   0.00000     11.036270     11.024569
 
# Band-Index   33
   0.00000     11.097683     11.085120
   0.04141     11.020753     11.054495
   0.08282     11.043947     11.046619
   0.12422     11.048982     11.046045
   0.16563     10.933864     10.928579
   0.20704     10.829954     10.688501
   0.24845     10.739229     10.496558
   0.28985     10.662855     10.163249
   0.33126     10.514316     10.107820
   0.37267     10.398001     10.156625
   0.41408     10.353004     10.214557
   0.45549     10.288581     10.268196
   0.49689     10.202200     10.255475
   0.53830     10.131832     10.174182
   0.57971     10.080383     10.106166
   0.62112     10.052356     10.052352
   0.66252     10.054770     10.014038
   0.70393     10.096616      9.992909
   0.74534     10.170348      9.988621
   0.78675     10.169396      9.990986
   0.78675     10.169396      9.990986
   0.82815     10.161005      9.999182
   0.86956     10.141193     10.022325
   0.91097     10.114625     10.055218
   0.95238     10.082295     10.086374
   0.99379     10.154383     10.097598
   1.03519     10.241307     10.076349
   1.07660     10.274668     10.076105
   1.11801     10.278394     10.097720
   1.15942     10.260436     10.128089
   1.20082     10.225799     10.152671
   1.24223     10.179938     10.163224
   1.28364     10.127434     10.156771
   1.32505     10.071254     10.133150
   1.36646     10.012755     10.093139
   1.40786      9.951992     10.037428
   1.44927      9.888420      9.966425
   1.49068      9.822888      9.881179
   1.53209      9.763490      9.787623
   1.57349      9.736008      9.727619
   1.57349      9.736008      9.727619
   1.61490      9.794723      9.755406
   1.65631      9.887812      9.815129
   1.69772      9.973050      9.880770
   1.73912     10.044075      9.944378
   1.78053     10.099701     10.005203
   1.82194     10.139483     10.063832
   1.86335     10.162753     10.120225
   1.90476     10.168796     10.173030
   1.94616     10.157869     10.219267
   1.98757     10.133048     10.254303
   2.02898     10.102671     10.272523
   2.07039     10.081315     10.268520
   2.11179     10.081665     10.233782
   2.15320     10.097466     10.148946
   2.19461     10.086363     10.082263
   2.23602     10.023389     10.114563
   2.27743     10.366006     10.310166
   2.31883     10.384421     10.271614
   2.36024     10.419828     10.256909
   2.36024     10.419828     10.256909
   2.40165     10.480141     10.170728
   2.44306     10.505087     10.166568
   2.48446     10.474091     10.163684
   2.52587     10.427641     10.168417
   2.56728     10.382638     10.186343
   2.60869     10.341781     10.214658
   2.65009     10.307976     10.257391
   2.69150     10.285416     10.307974
   2.73291     10.266935     10.361894
   2.77432     10.244025     10.414556
   2.81573     10.180863     10.515411
   2.85713     10.171488     10.644595
   2.89854     10.496766     10.720945
   2.93995     10.710377     10.812041
   2.98136     10.945929     10.916637
   3.02276     11.062526     11.032681
   3.06417     11.069502     11.052347
   3.10558     11.074265     11.013710
   3.14699     11.099382     11.086697
   3.14699     11.099382     11.086697
   3.20555     11.068978     11.057077
   3.26411     11.068735     11.057946
   3.32267     11.057004     11.049170
   3.38123     10.920404     10.917766
   3.43978     10.654043     10.653057
   3.49834     10.391163     10.389488
   3.55690     10.239994     10.232641
   3.61546     10.099068     10.097641
   3.67402      9.914948      9.907410
   3.73258      9.767181      9.766252
   3.79114      9.888794      9.888019
   3.84970     10.143639     10.142021
   3.90826     10.273800     10.269028
   3.96682     10.232708     10.226633
   4.02538     10.149490     10.142919
   4.08394     10.049364     10.042614
   4.14250      9.935936      9.929145
   4.20106      9.814218      9.807089
   4.25962      9.736008      9.727619
 
# Band-Index   34
   4.25962     11.071769     11.071736
   4.20106     11.093278     11.093214
   4.14250     11.147301     11.147084
   4.08394     11.202852     11.202278
   4.02538     11.196780     11.195837
   3.96682     11.012590     11.011767
   3.90826     10.695042     10.693821
   3.84970     10.511548     10.508134
   3.79114     10.355671     10.353875
   3.73258     10.163825     10.161181
   3.67402     10.077577     10.075138
   3.61546     10.169912     10.169433
   3.55690     10.305502     10.303415
   3.49834     10.533835     10.531853
   3.43978     10.851268     10.851007
   3.38123     11.084192     11.073445
   3.32267     11.096251     11.083089
   3.26411     11.148760     11.134397
   3.20555     11.255319     11.241085
   3.14699     11.199858     11.188201
   3.14699     11.199858     11.188201
   3.10558     11.292291     11.271595
   3.06417     11.183226     11.155640
   3.02276     11.158239     11.183469
   2.98136     10.981376     11.200883
   2.93995     10.838917     11.056965
   2.89854     10.673271     10.883011
   2.85713     10.663285     10.692366
   2.81573     10.598669     10.584122
   2.77432     10.552990     10.540816
   2.73291     10.529618     10.516168
   2.69150     10.531714     10.511533
   2.65009     10.559847     10.527599
   2.60869     10.614870     10.563373
   2.56728     10.689579     10.615463
   2.52587     10.663121     10.647114
   2.48446     10.649581     10.612932
   2.44306     10.594678     10.589261
   2.40165     10.553059     10.427494
   2.36024     10.562036     10.305102
   2.36024     10.562036     10.305102
   2.31883     10.557056     10.295686
   2.27743     10.544005     10.343710
   2.23602     10.528711     10.368230
   2.19461     10.523857     10.445358
   2.15320     10.549084     10.541579
   2.11179     10.619061     10.655563
   2.07039     10.731566     10.495858
   2.02898     10.678829     10.425081
   1.98757     10.705844     10.510151
   1.94616     10.855361     10.700856
   1.90476     11.073682     10.940586
   1.86335     11.306286     11.189669
   1.82194     11.294268     11.396236
   1.78053     11.233708     11.331068
   1.73912     11.180758     11.257420
   1.69772     11.136080     11.186858
   1.65631     11.101499     11.126966
   1.61490     11.079395     11.086240
   1.57349     11.071769     11.071736
   1.57349     11.071769     11.071736
   1.53209     11.086286     11.079348
   1.49068     11.127068     11.101389
   1.44927     11.187092     11.135810
   1.40786     11.257891     11.180183
   1.36646     11.331890     11.232651
   1.32505     11.400462     11.292549
   1.28364     11.192380     11.303346
   1.24223     10.942770     11.071497
   1.20082     10.702948     10.853371
   1.15942     10.512214     10.703930
   1.11801     10.426891     10.676788
   1.07660     10.497719     10.731585
   1.03519     10.656908     10.619082
   0.99379     10.541519     10.472160
   0.95238     10.445276     10.367857
   0.91097     10.368205     10.384332
   0.86956     10.310150     10.432955
   0.82815     10.271651     10.475813
   0.78675     10.257065     10.493258
   0.78675     10.257065     10.493258
   0.74534     10.181126     10.552299
   0.70393     10.173955     10.528661
   0.66252     10.182047     10.493084
   0.62112     10.196613     10.451463
   0.57971     10.218852     10.407442
   0.53830     10.248542     10.362701
   0.49689     10.283569     10.316903
   0.45549     10.319756     10.349257
   0.41408     10.388944     10.454623
   0.37267     10.501329     10.536515
   0.33126     10.601867     10.581028
   0.28985     10.690791     10.645081
   0.24845     10.882513     10.664927
   0.20704     11.018057     10.820955
   0.16563     11.129593     10.954959
   0.12422     11.140683     11.123798
   0.08282     11.170789     11.167857
   0.04141     11.285534     11.278249
   0.00000     11.197996     11.184195
 
# Band-Index   35
   0.00000     11.343888     11.330704
   0.04141     11.352836     11.284645
   0.08282     11.433354     11.314495
   0.12422     11.375571     11.178452
   0.16563     11.245365     11.158807
   0.20704     11.070265     10.847299
   0.24845     10.887368     10.725799
   0.28985     10.753677     10.737492
   0.33126     10.623776     10.694792
   0.37267     10.557496     10.570388
   0.41408     10.531224     10.514956
   0.45549     10.524494     10.519375
   0.49689     10.538065     10.550824
   0.53830     10.571242     10.607298
   0.57971     10.621421     10.678334
   0.62112     10.668828     10.638432
   0.66252     10.634959     10.605839
   0.70393     10.610109     10.581834
   0.74534     10.548229     10.553792
   0.78675     10.439430     10.562079
   0.78675     10.439430     10.562079
   0.82815     10.456163     10.557144
   0.86956     10.491994     10.544045
   0.91097     10.522650     10.528750
   0.95238     10.545999     10.523895
   0.99379     10.598563     10.549131
   1.03519     10.659181     10.690110
   1.07660     10.791035     10.763557
   1.11801     10.943294     10.877174
   1.15942     11.112890     11.048502
   1.20082     11.298766     11.240825
   1.24223     11.499460     11.436921
   1.28364     11.466608     11.360393
   1.32505     11.403192     11.477053
   1.36646     11.510301     11.544284
   1.40786     11.541134     11.551852
   1.44927     11.541595     11.541930
   1.49068     11.534426     11.529852
   1.53209     11.528040     11.521185
   1.57349     11.525628     11.518099
   1.57349     11.525628     11.518099
   1.61490     11.528704     11.520524
   1.65631     11.537338     11.526958
   1.69772     11.549331     11.534251
   1.73912     11.559034     11.534118
   1.78053     11.550830     11.504201
   1.82194     11.481913     11.401901
   1.86335     11.362942     11.464712
   1.90476     11.440449     11.499420
   1.94616     11.240808     11.298772
   1.98757     11.048485     11.112896
   2.02898     10.877156     10.943300
   2.07039     10.766795     10.791041
   2.11179     10.719459     10.656923
   2.15320     10.869447     10.766107
   2.19461     10.789587     10.748566
   2.23602     10.696844     10.674165
   2.27743     10.629773     10.611662
   2.31883     10.594699     10.578738
   2.36024     10.953781     10.568177
   2.36024     10.953781     10.568177
   2.40165     10.589219     10.572541
   2.44306     10.605415     10.616239
   2.48446     10.769861     10.749632
   2.52587     10.780018     10.679781
   2.56728     10.700494     10.688992
   2.60869     10.745369     10.737188
   2.65009     10.790968     10.787994
   2.69150     10.832992     10.835997
   2.73291     10.859669     10.872218
   2.77432     10.857199     10.882949
   2.81573     10.816811     10.856354
   2.85713     10.747614     10.809878
   2.89854     10.744074     10.937552
   2.93995     10.847555     11.262958
   2.98136     11.170741     11.473556
   3.02276     11.237177     11.382195
   3.06417     11.349465     11.454019
   3.10558     11.302099     11.349274
   3.14699     11.343888     11.330720
   3.14699     11.343888     11.330720
   3.20555     11.368322     11.358438
   3.26411     11.295916     11.296203
   3.32267     11.219388     11.209882
   3.38123     11.166371     11.165965
   3.43978     11.056618     11.054704
   3.49834     10.755431     10.754607
   3.55690     10.481682     10.481409
   3.61546     10.420436     10.419370
   3.67402     10.454308     10.452585
   3.73258     10.485112     10.482647
   3.79114     10.495851     10.492544
   3.84970     10.608366     10.606951
   3.90826     10.895755     10.894340
   3.96682     11.189677     11.187716
   4.02538     11.434372     11.430410
   4.08394     11.537585     11.530973
   4.14250     11.542647     11.535285
   4.20106     11.530962     11.523458
   4.25962     11.525628     11.518099
 
# Band-Index   36
   4.25962     12.357088     12.357096
   4.20106     12.312783     12.312784
   4.14250     12.183415     12.183306
   4.08394     12.000515     11.999668
   4.02538     11.871543     11.868047
   3.96682     11.683773     11.681671
   3.90826     11.645120     11.641510
   3.84970     11.471197     11.470407
   3.79114     11.172507     11.171721
   3.73258     10.897647     10.896881
   3.67402     10.661610     10.660908
   3.61546     10.556482     10.556060
   3.55690     10.757987     10.757707
   3.49834     11.051449     11.050711
   3.43978     11.117872     11.109989
   3.38123     11.305788     11.297087
   3.32267     11.447597     11.446677
   3.26411     11.515592     11.496263
   3.20555     11.489202     11.496067
   3.14699     11.618852     11.603520
   3.14699     11.618852     11.603520
   3.10558     11.633491     11.590653
   3.06417     11.619334     11.601366
   3.02276     11.442289     11.729609
   2.98136     11.391888     11.576433
   2.93995     11.332258     11.404066
   2.89854     11.209963     11.212208
   2.85713     11.106094     11.104980
   2.81573     11.030276     10.996845
   2.77432     10.969075     10.971949
   2.73291     10.927481     11.013763
   2.69150     10.934074     11.041075
   2.65009     10.952895     11.094315
   2.60869     10.932287     11.063510
   2.56728     10.928913     11.052924
   2.52587     10.891005     10.914498
   2.48446     10.887250     10.775508
   2.44306     10.969464     10.815645
   2.40165     10.974511     10.863909
   2.36024     11.059599     10.882191
   2.36024     11.059599     10.882191
   2.31883     10.929570     10.888071
   2.27743     10.993384     10.905602
   2.23602     11.077311     10.934860
   2.19461     11.138894     10.975748
   2.15320     11.172516     11.028189
   2.11179     10.865356     10.728958
   2.07039     10.967358     10.914509
   2.02898     11.239831     11.146005
   1.98757     11.459641     11.349108
   1.94616     11.523551     11.454776
   1.90476     11.450816     11.511048
   1.86335     11.675285     11.689639
   1.82194     11.869105     11.814909
   1.78053     11.981725     11.941358
   1.73912     12.091844     12.064322
   1.69772     12.193520     12.177199
   1.65631     12.278476     12.270941
   1.61490     12.336332     12.334412
   1.57349     12.357088     12.357096
   1.57349     12.357088     12.357096
   1.53209     12.334404     12.336340
   1.49068     12.270936     12.278485
   1.44927     12.177197     12.193529
   1.40786     12.064322     12.091856
   1.36646     11.941359     11.981739
   1.32505     11.814912     11.869121
   1.28364     11.689643     11.675301
   1.24223     11.513751     11.450813
   1.20082     11.454782     11.518031
   1.15942     11.349114     11.459667
   1.11801     11.158920     11.224599
   1.07660     10.926992     10.948959
   1.03519     10.728316     10.858416
   0.99379     10.774999     10.856661
   0.95238     10.763451     10.772841
   0.91097     10.692273     10.677902
   0.86956     10.631733     10.608836
   0.82815     10.599212     10.572657
   0.78675     10.589872     10.562239
   0.78675     10.589872     10.562239
   0.74534     10.594960     10.567169
   0.70393     10.727426     10.699987
   0.66252     10.752108     10.871118
   0.62112     10.683982     10.774683
   0.57971     10.710589     10.684085
   0.53830     10.758304     10.723471
   0.49689     10.808743     10.770264
   0.45549     10.856267     10.812682
   0.41408     10.891168     10.840767
   0.37267     10.899075     10.840935
   0.33126     10.868865     10.803840
   0.28985     10.818025     10.825063
   0.24845     10.937998     10.956347
   0.20704     11.262988     11.078261
   0.16563     11.483463     11.170646
   0.12422     11.397811     11.441961
   0.08282     11.469590     11.525114
   0.04141     11.512356     11.552769
   0.00000     11.566267     11.552136
 
# Band-Index   37
   0.00000     11.687488     11.678179
   0.04141     11.744802     11.672488
   0.08282     11.788947     11.616398
   0.12422     11.798280     11.483333
   0.16563     11.576663     11.537760
   0.20704     11.595438     11.501188
   0.24845     11.410633     11.364986
   0.28985     11.265987     11.257160
   0.33126     11.171203     11.175305
   0.37267     11.128108     11.117288
   0.41408     11.129614     11.080464
   0.45549     11.158886     11.060920
   0.49689     11.197139     11.053488
   0.53830     11.230738     11.052577
   0.57971     11.252184     11.053291
   0.62112     11.090653     11.052250
   0.66252     10.913041     10.886146
   0.70393     10.816359     10.962531
   0.74534     10.864160     11.032602
   0.78675     10.882194     11.033365
   0.78675     10.882194     11.033365
   0.82815     10.888049     11.064854
   0.86956     10.905612     11.079647
   0.91097     10.934866     11.104339
   0.95238     10.975756     11.138951
   0.99379     11.028198     11.183504
   1.03519     11.092048     11.237983
   1.07660     11.167083     11.302318
   1.11801     11.252950     11.376327
   1.15942     11.385211     11.489016
   1.20082     11.513560     11.551753
   1.24223     11.568834     11.651700
   1.28364     11.713862     11.758147
   1.32505     11.939199     11.911391
   1.36646     12.172606     12.155153
   1.40786     12.409406     12.401097
   1.44927     12.641684     12.640286
   1.49068     12.854488     12.856534
   1.53209     12.950788     12.936635
   1.57349     12.942527     12.928678
   1.57349     12.942527     12.928678
   1.61490     12.950424     12.936986
   1.65631     12.856521     12.854495
   1.69772     12.640273     12.641688
   1.73912     12.401083     12.409409
   1.78053     12.155138     12.172609
   1.82194     11.911376     11.939203
   1.86335     11.758128     11.713866
   1.90476     11.651678     11.568829
   1.94616     11.551729     11.508916
   1.98757     11.502202     11.375265
   2.02898     11.376298     11.252942
   2.07039     11.302288     11.167075
   2.11179     11.237952     11.092039
   2.15320     11.174988     11.015785
   2.19461     11.209477     11.020707
   2.23602     11.104306     11.082982
   2.27743     11.079611     11.167672
   2.31883     11.064849     11.186953
   2.36024     11.673350     11.167170
   2.36024     11.673350     11.167170
   2.40165     11.037071     11.151219
   2.44306     10.980461     11.170687
   2.48446     10.999093     11.161782
   2.52587     11.072471     11.190649
   2.56728     11.232448     11.250884
   2.60869     11.404710     11.355421
   2.65009     11.592116     11.507826
   2.69150     11.727254     11.628171
   2.73291     11.838425     11.752084
   2.77432     11.819180     11.824517
   2.81573     11.749470     11.756065
   2.85713     11.742713     11.734332
   2.89854     11.779348     11.764289
   2.93995     11.735030     11.711006
   2.98136     11.553491     11.612042
   3.02276     11.632770     11.791972
   3.06417     11.650466     11.821924
   3.10558     11.680094     11.737192
   3.14699     11.687596     11.678239
   3.14699     11.687596     11.678239
   3.20555     11.707535     11.699864
   3.26411     11.646825     11.643675
   3.32267     11.536787     11.514552
   3.38123     11.357711     11.349066
   3.43978     11.371399     11.371198
   3.49834     11.230131     11.225094
   3.55690     11.359841     11.355565
   3.61546     11.521161     11.517534
   3.67402     11.692527     11.689363
   3.73258     11.796219     11.788723
   3.79114     11.713159     11.706756
   3.84970     11.663616     11.658564
   3.90826     11.787256     11.786458
   3.96682     11.869309     11.863857
   4.02538     11.886201     11.885379
   4.08394     12.250557     12.250139
   4.14250     12.637600     12.637142
   4.20106     12.938271     12.930652
   4.25962     12.942527     12.928678
 
# Band-Index   38
   4.25962     13.083053     13.083070
   4.20106     12.977800     12.971677
   4.14250     13.024794     13.011756
   4.08394     12.781019     12.780415
   4.02538     12.453514     12.452815
   3.96682     12.118646     12.117871
   3.90826     11.922962     11.917112
   3.84970     11.973450     11.968163
   3.79114     11.965097     11.961410
   3.73258     11.854767     11.851845
   3.67402     11.902449     11.894065
   3.61546     11.905024     11.892605
   3.55690     11.762875     11.748493
   3.49834     11.618966     11.604677
   3.43978     11.478299     11.464488
   3.38123     11.617281     11.603136
   3.32267     11.708441     11.750207
   3.26411     11.760961     11.894327
   3.20555     11.880864     11.867953
   3.14699     11.806667     11.790979
   3.14699     11.806667     11.790979
   3.10558     11.869243     11.802513
   3.06417     11.966115     11.838662
   3.02276     11.919504     11.900425
   2.98136     11.881682     11.871023
   2.93995     11.832186     11.816606
   2.89854     11.998676     11.924615
   2.85713     12.182990     11.930976
   2.81573     12.093917     11.912625
   2.77432     11.968577     11.852944
   2.73291     11.965780     11.963474
   2.69150     12.164784     11.977081
   2.65009     12.326581     11.974405
   2.60869     12.288085     11.969692
   2.56728     12.229300     11.949639
   2.52587     12.188637     11.899178
   2.48446     12.167481     11.847354
   2.44306     12.025725     11.800716
   2.40165     11.992131     11.787026
   2.36024     12.320578     11.767245
   2.36024     12.320578     11.767245
   2.31883     11.961532     11.814096
   2.27743     11.899134     11.755187
   2.23602     11.830106     11.621690
   2.19461     11.715694     11.476697
   2.15320     11.643520     11.381201
   2.11179     11.606954     11.446994
   2.07039     11.694376     11.599405
   2.02898     11.804209     11.754789
   1.98757     11.700672     11.823697
   1.94616     11.874787     11.893078
   1.90476     11.897002     11.899371
   1.86335     11.914299     11.913242
   1.82194     12.012787     11.986428
   1.78053     12.236128     12.172784
   1.73912     12.531492     12.446864
   1.69772     12.845359     12.750858
   1.65631     12.973230     12.961291
   1.61490     13.019488     13.018038
   1.57349     13.083053     13.083070
   1.57349     13.083053     13.083070
   1.53209     13.018027     13.019502
   1.49068     12.974948     12.959621
   1.44927     12.751821     12.844386
   1.40786     12.448367     12.530092
   1.36646     12.175418     12.233886
   1.32505     11.991188     12.008634
   1.28364     11.919842     11.907952
   1.24223     11.906975     11.889526
   1.20082     11.901584     11.860425
   1.15942     11.799705     11.690186
   1.11801     11.767213     11.780766
   1.07660     11.613801     11.681369
   1.03519     11.461404     11.594745
   0.99379     11.391092     11.609467
   0.95238     11.428923     11.448560
   0.91097     11.335022     11.288776
   0.86956     11.276848     11.157549
   0.82815     11.249902     11.066846
   0.78675     11.242766     11.059927
   0.78675     11.242766     11.059927
   0.74534     11.245642     11.035836
   0.70393     11.252712     11.041808
   0.66252     11.259809     11.048163
   0.62112     11.261465     11.081639
   0.57971     11.255540     11.271622
   0.53830     11.405683     11.449953
   0.49689     11.544382     11.615432
   0.45549     11.673844     11.769467
   0.41408     11.796380     11.914292
   0.37267     11.840384     11.803677
   0.33126     11.758979     11.734264
   0.28985     11.746658     11.727664
   0.24845     11.780448     11.762186
   0.20704     11.718277     11.736865
   0.16563     11.790551     11.666281
   0.12422     11.873819     11.826810
   0.08282     11.835772     11.769661
   0.04141     11.817872     11.727324
   0.00000     11.766729     11.758483
 
# Band-Index   39
   0.00000     11.806662     11.790909
   0.04141     11.819481     11.854416
   0.08282     11.842533     11.949200
   0.12422     11.901740     11.900218
   0.16563     11.889173     11.862468
   0.20704     11.834036     11.813700
   0.24845     11.923221     11.996220
   0.28985     11.927213     12.237260
   0.33126     11.935761     12.179703
   0.37267     11.912959     12.051578
   0.41408     11.961701     11.941438
   0.45549     11.972438     12.135163
   0.49689     11.974348     12.324974
   0.53830     11.960192     12.248025
   0.57971     11.924723     12.150926
   0.62112     11.869651     12.048891
   0.66252     11.803787     11.947224
   0.70393     11.739507     11.854019
   0.74534     11.691178     11.783636
   0.78675     11.672899     11.756329
   0.78675     11.672900     11.756329
   0.82815     11.666206     11.761764
   0.86956     11.634887     11.768133
   0.91097     11.559881     11.750161
   0.95238     11.452449     11.688629
   0.99379     11.548996     11.629204
   1.03519     11.673811     11.823594
   1.07660     11.763451     11.901781
   1.11801     11.787088     11.796664
   1.15942     11.865742     11.868987
   1.20082     11.916136     11.889723
   1.24223     12.169531     12.163942
   1.28364     12.475125     12.480711
   1.32505     12.797258     12.798250
   1.36646     13.095982     13.064885
   1.40786     13.060454     13.037151
   1.44927     13.012846     12.994797
   1.49068     13.043498     13.141100
   1.53209     13.273614     13.372853
   1.57349     13.366684     13.366490
   1.57349     13.366684     13.366490
   1.61490     13.373246     13.273285
   1.65631     13.141762     13.042886
   1.69772     13.008079     12.999464
   1.73912     13.049923     13.047553
   1.78053     13.075906     13.086694
   1.82194     12.808081     12.790020
   1.86335     12.491634     12.467035
   1.90476     12.176398     12.159344
   1.94616     11.898003     11.910515
   1.98757     11.878510     11.855706
   2.02898     11.808213     11.874589
   2.07039     11.924505     12.006893
   2.11179     12.051481     12.113719
   2.15320     12.163795     12.249319
   2.19461     12.261743     12.367879
   2.23602     12.360443     12.465435
   2.27743     12.472138     12.567955
   2.31883     12.599165     12.677614
   2.36024     12.718055     12.787554
   2.36024     12.718055     12.787554
   2.40165     12.712415     12.784346
   2.44306     12.727595     12.812024
   2.48446     12.757329     12.857055
   2.52587     12.796997     12.872923
   2.56728     12.798013     12.867031
   2.60869     12.558999     12.629499
   2.65009     12.374107     12.431948
   2.69150     12.342028     12.212504
   2.73291     12.347709     12.013186
   2.77432     12.339653     11.956392
   2.81573     12.332013     11.944743
   2.85713     12.315762     12.012312
   2.89854     12.309863     11.947952
   2.93995     12.311728     11.921971
   2.98136     12.268966     11.918542
   3.02276     12.027861     11.964182
   3.06417     12.010251     12.107928
   3.10558     12.038062     12.003957
   3.14699     12.014968     11.918880
   3.14699     12.014968     11.918880
   3.20555     11.876059     11.854581
   3.26411     11.906255     11.924209
   3.32267     11.837803     11.832494
   3.38123     11.639344     11.638823
   3.43978     11.593485     11.577996
   3.49834     11.671400     11.655610
   3.55690     11.804461     11.789328
   3.61546     11.958389     11.943957
   3.67402     12.123024     12.108780
   3.73258     12.302273     12.293767
   3.79114     12.324880     12.317971
   3.84970     12.424517     12.420038
   3.90826     12.574548     12.571557
   3.96682     12.733236     12.731105
   4.02538     12.889398     12.887832
   4.08394     13.048081     13.046939
   4.14250     13.074326     13.073844
   4.20106     13.286104     13.285788
   4.25962     13.366684     13.366490
 
# Band-Index   40
   4.25962     13.466334     13.466072
   4.20106     13.388440     13.388037
   4.14250     13.219616     13.218862
   4.08394     13.124722     13.111992
   4.02538     13.263648     13.251583
   3.96682     13.246084     13.239268
   3.90826     13.010962     13.002261
   3.84970     12.772745     12.762340
   3.79114     12.540690     12.528706
   3.73258     12.321731     12.308507
   3.67402     12.236804     12.221244
   3.61546     12.184768     12.176599
   3.55690     12.144882     12.134792
   3.49834     12.058307     12.047527
   3.43978     12.010009     11.998145
   3.38123     12.022391     12.009052
   3.32267     12.068012     11.855448
   3.26411     12.081513     12.065596
   3.20555     12.051265     12.037745
   3.14699     12.074822     12.064025
   3.14699     12.074822     12.064025
   3.10558     12.055546     12.071474
   3.06417     12.024589     12.143537
   3.02276     12.180334     12.139291
   2.98136     12.315769     12.298431
   2.93995     12.508463     12.334188
   2.89854     12.387553     12.262867
   2.85713     12.367397     12.410908
   2.81573     12.638182     12.697017
   2.77432     12.963107     13.018607
   2.73291     13.084547     13.093621
   2.69150     13.109292     13.075971
   2.65009     13.068759     13.042166
   2.60869     12.902174     12.941002
   2.56728     12.847463     12.878824
   2.52587     13.070607     12.975961
   2.48446     12.960780     12.894017
   2.44306     12.876641     12.967410
   2.40165     12.822716     13.037757
   2.36024     12.811195     13.338062
   2.36024     12.811195     13.338062
   2.31883     13.020761     13.272067
   2.27743     13.080425     13.218220
   2.23602     13.100488     12.944508
   2.19461     12.502720     12.742267
   2.15320     12.793571     12.371097
   2.11179     12.402195     12.390022
   2.07039     12.426439     12.420979
   2.02898     12.504460     12.488182
   1.98757     12.666478     12.634211
   1.94616     12.909898     12.867266
   1.90476     13.082065     13.115682
   1.86335     13.135186     13.163400
   1.82194     13.133464     13.148336
   1.78053     13.142678     13.133576
   1.73912     13.421447     13.439659
   1.69772     13.471115     13.566267
   1.65631     13.418124     13.515449
   1.61490     13.380547     13.479343
   1.57349     13.466334     13.466072
   1.57349     13.466334     13.466072
   1.53209     13.479604     13.380353
   1.49068     13.515708     13.417931
   1.44927     13.566524     13.470924
   1.40786     13.443923     13.416448
   1.36646     13.142249     13.134047
   1.32505     13.158753     13.122806
   1.28364     13.155583     13.125300
   1.24223     12.972497     12.986039
   1.20082     12.713306     12.736987
   1.15942     12.473405     12.494530
   1.11801     12.277502     12.263783
   1.07660     12.165915     12.048833
   1.03519     12.176695     12.045894
   0.99379     12.270555     12.156824
   0.95238     12.341029     12.254629
   0.91097     12.310013     12.353255
   0.86956     12.295072     12.392442
   0.82815     12.295560     12.413126
   0.78675     12.298141     12.421272
   0.78675     12.298141     12.421272
   0.74534     12.297474     12.420080
   0.70393     12.296039     12.416446
   0.66252     12.295718     12.410245
   0.62112     12.300154     12.401387
   0.57971     12.314832     12.390087
   0.53830     12.344833     12.377767
   0.49689     12.390224     12.367649
   0.45549     12.202076     12.330512
   0.41408     11.993522     12.316041
   0.37267     11.948091     12.301780
   0.33126     12.020712     12.291162
   0.28985     12.092624     12.286190
   0.24845     11.972090     12.288058
   0.20704     11.922372     12.296920
   0.16563     11.919631     12.237387
   0.12422     11.976243     12.038595
   0.08282     12.054871     11.997001
   0.04141     11.850549     11.913301
   0.00000     11.893760     11.885864
 
# Band-Index   41
   0.00000     12.074616     12.063872
   0.04141     12.083007     12.025617
   0.08282     12.121839     12.075495
   0.12422     12.187860     12.168588
   0.16563     12.297589     12.310996
   0.20704     12.436062     12.496503
   0.24845     12.349051     12.466408
   0.28985     12.419754     12.392719
   0.33126     12.594669     12.630954
   0.37267     12.555041     12.582694
   0.41408     12.502566     12.517005
   0.45549     12.445281     12.441641
   0.49689     12.447145     12.378030
   0.53830     12.713469     12.624233
   0.57971     12.878473     12.829924
   0.62112     12.870052     12.783623
   0.66252     12.861804     12.746547
   0.70393     12.784323     12.719437
   0.74534     12.736219     12.702895
   0.78675     12.719935     12.697333
   0.78675     12.719935     12.697333
   0.82815     12.655876     12.591471
   0.86956     12.563094     12.464843
   0.91097     12.475957     12.371256
   0.95238     12.382731     12.363383
   0.99379     12.374850     12.369408
   1.03519     12.402882     12.383036
   1.07660     12.434954     12.412126
   1.11801     12.503783     12.488282
   1.15942     12.651511     12.648620
   1.20082     12.885269     12.891405
   1.24223     13.177890     13.123764
   1.28364     13.343977     13.293124
   1.32505     13.624623     13.577438
   1.36646     13.684573     13.593712
   1.40786     13.624461     13.531314
   1.44927     13.743572     13.693782
   1.49068     14.016518     13.944716
   1.53209     14.255067     14.159134
   1.57349     14.278527     14.278008
   1.57349     14.278528     14.278005
   1.61490     14.160234     14.253800
   1.65631     13.946755     14.014515
   1.69772     13.697186     13.740705
   1.73912     13.531502     13.624207
   1.78053     13.593894     13.684326
   1.82194     13.655314     13.744079
   1.86335     13.535982     13.487051
   1.90476     13.206779     13.159922
   1.94616     12.988451     13.029837
   1.98757     12.871045     12.904550
   2.02898     12.773325     12.787783
   2.07039     12.708693     12.693269
   2.11179     12.708878     12.636346
   2.15320     12.763882     12.643504
   2.19461     12.954103     12.926037
   2.23602     13.440987     13.156005
   2.27743     13.475220     13.255704
   2.31883     13.494257     13.529615
   2.36024     13.608469     13.493276
   2.36024     13.608469     13.493276
   2.40165     13.509438     13.475673
   2.44306     13.460089     13.437510
   2.48446     13.343663     13.331607
   2.52587     13.092316     13.146041
   2.56728     13.200908     13.082918
   2.60869     13.349852     13.307666
   2.65009     13.772113     13.575955
   2.69150     13.661645     13.558400
   2.73291     13.309301     13.370353
   2.77432     13.141310     13.027070
   2.81573     13.174718     13.032551
   2.85713     12.984764     13.046595
   2.89854     12.653234     12.664341
   2.93995     12.519178     12.493945
   2.98136     12.359365     12.344597
   3.02276     12.336362     12.204055
   3.06417     12.071229     12.157283
   3.10558     12.364875     12.310201
   3.14699     12.370246     12.369243
   3.14699     12.370246     12.369243
   3.20555     12.311130     12.307477
   3.26411     12.177336     12.171975
   3.32267     12.075946     12.053837
   3.38123     12.068323     12.057915
   3.43978     12.202738     12.183784
   3.49834     12.344123     12.325141
   3.55690     12.336751     12.329293
   3.61546     12.232946     12.223350
   3.67402     12.287848     12.278718
   3.73258     12.434857     12.420053
   3.79114     12.671530     12.657283
   3.84970     12.935408     12.922037
   3.90826     13.226810     13.214368
   3.96682     13.448105     13.436552
   4.02538     13.487281     13.482063
   4.08394     13.711764     13.708524
   4.14250     13.936289     13.934239
   4.20106     14.157981     14.156760
   4.25962     14.278528     14.278005
 
# Band-Index   42
   4.25962     14.423010     14.422322
   4.20106     14.394789     14.393736
   4.14250     14.389622     14.386101
   4.08394     14.186183     14.179776
   4.02538     13.869084     13.856853
   3.96682     13.539415     13.530571
   3.90826     13.643281     13.633564
   3.84970     13.749930     13.731611
   3.79114     13.458154     13.439563
   3.73258     13.186921     13.168173
   3.67402     12.938411     12.919584
   3.61546     12.714161     12.695278
   3.55690     12.515526     12.496592
   3.49834     12.481349     12.487721
   3.43978     12.355397     12.339623
   3.38123     12.099105     12.080475
   3.32267     11.966530     12.061607
   3.26411     12.423863     12.225701
   3.20555     12.524104     12.555159
   3.14699     12.706124     12.767515
   3.14699     12.706124     12.767515
   3.10558     12.541559     12.737708
   3.06417     12.352162     12.602129
   3.02276     12.525596     12.324247
   2.98136     12.602231     12.446793
   2.93995     12.526645     12.543642
   2.89854     12.854196     12.852156
   2.85713     13.108551     12.915057
   2.81573     13.479813     13.453939
   2.77432     13.676515     13.545166
   2.73291     13.709404     13.567934
   2.69150     13.740973     13.751596
   2.65009     13.879835     13.835648
   2.60869     13.813201     13.613449
   2.56728     13.776084     13.673919
   2.52587     13.782888     13.700725
   2.48446     13.816495     13.730542
   2.44306     13.894817     13.747528
   2.40165     14.005100     13.759004
   2.36024     14.040910     13.780783
   2.36024     14.040910     13.780783
   2.31883     13.846082     14.231734
   2.27743     13.593379     14.219068
   2.23602     13.433400     13.606890
   2.19461     13.523292     13.497082
   2.15320     14.032334     14.142891
   2.11179     13.937804     13.753170
   2.07039     13.826558     13.902773
   2.02898     13.844384     13.884662
   1.98757     13.817433     13.846085
   1.94616     13.793663     13.830879
   1.90476     13.770590     13.828773
   1.86335     13.714360     13.802405
   1.82194     13.884975     13.837450
   1.78053     14.157900     14.198054
   1.73912     14.372610     14.518059
   1.69772     14.663722     14.674410
   1.65631     14.623134     14.488480
   1.61490     14.480314     14.338820
   1.57349     14.423010     14.422322
   1.57349     14.423010     14.422337
   1.53209     14.339306     14.479408
   1.49068     14.488950     14.621680
   1.44927     14.637761     14.554455
   1.40786     14.284071     14.219142
   1.36646     13.944932     13.888173
   1.32505     13.744316     13.655140
   1.28364     13.505612     13.517968
   1.24223     13.212561     13.188368
   1.20082     13.111369     13.024913
   1.15942     12.972736     12.901478
   1.11801     12.829468     12.786346
   1.07660     12.712823     12.712796
   1.03519     12.644749     12.708690
   0.99379     12.644858     12.793980
   0.95238     12.742313     12.959125
   0.91097     12.943163     13.116910
   0.86956     13.072478     13.057480
   0.82815     12.956849     12.908315
   0.78675     12.876669     12.791772
   0.78675     12.876669     12.791772
   0.74534     12.875306     12.807736
   0.70393     12.872027     12.855491
   0.66252     12.869152     12.934352
   0.62112     12.964303     13.042412
   0.57971     12.986918     12.891790
   0.53830     12.897268     12.884546
   0.49689     12.927233     12.946248
   0.45549     12.966141     13.013023
   0.41408     13.008254     13.081187
   0.37267     13.027451     12.960344
   0.33126     12.699898     12.635180
   0.28985     12.608990     12.648230
   0.24845     12.578721     12.611240
   0.20704     12.489594     12.504000
   0.16563     12.356757     12.346463
   0.12422     12.218783     12.305106
   0.08282     12.162006     12.119776
   0.04141     12.313212     12.262876
   0.00000     12.369441     12.366031
 
# Band-Index   43
   0.00000     12.422913     12.433862
   0.04141     12.334789     12.361169
   0.08282     12.278379     12.348072
   0.12422     12.301508     12.330344
   0.16563     12.528425     12.570928
   0.20704     12.542161     12.586788
   0.24845     12.817752     12.773976
   0.28985     13.049262     13.047926
   0.33126     13.065534     13.175557
   0.37267     13.044693     13.143011
   0.41408     13.366040     13.302374
   0.45549     13.493175     13.645781
   0.49689     13.358451     13.493996
   0.53830     13.219158     13.328740
   0.57971     13.085671     13.175836
   0.62112     13.248155     13.154319
   0.66252     13.461522     13.384531
   0.70393     13.582975     13.538550
   0.74534     13.626747     13.603368
   0.78675     13.636459     13.618439
   0.78675     13.636459     13.618440
   0.82815     13.589557     13.613611
   0.86956     13.315805     13.589616
   0.91097     13.328349     13.428909
   0.95238     13.502699     13.519196
   0.99379     13.690982     13.671436
   1.03519     13.854917     13.802324
   1.07660     13.973779     13.878889
   1.11801     13.997679     13.900175
   1.15942     13.966070     13.872963
   1.20082     13.913677     13.823274
   1.24223     13.859133     13.770311
   1.28364     13.802629     13.714197
   1.32505     13.854486     13.867545
   1.36646     14.214334     14.227540
   1.40786     14.572376     14.586151
   1.44927     14.675141     14.799489
   1.49068     14.782479     14.697009
   1.53209     14.643860     14.594901
   1.57349     14.508861     14.507593
   1.57349     14.508864     14.507584
   1.61490     14.596270     14.643110
   1.65631     14.704404     14.782814
   1.69772     14.802489     14.784314
   1.73912     14.601490     14.537422
   1.78053     14.244115     14.378778
   1.82194     14.017577     14.207120
   1.86335     13.887198     14.044256
   1.90476     13.799180     13.858646
   1.94616     13.823406     13.913491
   1.98757     13.873074     13.965920
   2.02898     13.919543     14.015840
   2.07039     13.961788     14.062716
   2.11179     13.996054     14.105715
   2.15320     14.102738     14.048016
   2.19461     14.062338     14.174556
   2.23602     14.085053     14.199840
   2.27743     14.101558     14.578730
   2.31883     14.112003     14.473872
   2.36024     14.115766     14.239457
   2.36024     14.115766     14.239457
   2.40165     14.040059     14.173361
   2.44306     13.981821     14.019724
   2.48446     13.963699     13.865799
   2.52587     13.931348     13.779561
   2.56728     13.882179     13.782678
   2.60869     13.831063     13.811406
   2.65009     13.988980     14.064689
   2.69150     13.880376     13.866806
   2.73291     13.886861     13.882113
   2.77432     13.800614     13.815806
   2.81573     13.647076     13.619603
   2.85713     13.303136     13.172335
   2.89854     13.265193     13.061153
   2.93995     13.171629     13.048028
   2.98136     12.652133     12.589121
   3.02276     12.715284     12.557527
   3.06417     12.806187     12.697359
   3.10558     12.782182     12.762475
   3.14699     12.778296     12.835424
   3.14699     12.778296     12.835424
   3.20555     12.797085     12.770831
   3.26411     12.470031     12.728269
   3.32267     12.671500     12.736218
   3.38123     12.756784     12.807115
   3.43978     12.815043     12.766936
   3.49834     12.722278     12.691276
   3.55690     12.828103     12.842156
   3.61546     12.978355     13.011388
   3.67402     13.154031     13.190415
   3.73258     13.340274     13.375888
   3.79114     13.544901     13.574184
   3.84970     13.770871     13.805489
   3.90826     14.057779     14.040067
   3.96682     14.333826     14.311903
   4.02538     14.590705     14.459732
   4.08394     14.840401     14.770823
   4.14250     14.914909     14.892729
   4.20106     14.704834     14.703428
   4.25962     14.508864     14.507584
 
# Band-Index   44
   4.25962     14.825700     14.822436
   4.20106     14.900958     14.897577
   4.14250     15.029492     15.024048
   4.08394     14.923407     14.912100
   4.02538     14.651563     14.638039
   3.96682     14.362885     14.347732
   3.90826     14.070868     14.066069
   3.84970     13.864156     13.843398
   3.79114     13.666259     13.651868
   3.73258     13.507617     13.493385
   3.67402     13.412996     13.398686
   3.61546     13.385056     13.370000
   3.55690     13.390729     13.374019
   3.49834     13.377291     13.360018
   3.43978     13.024721     13.116453
   3.38123     12.998579     13.019766
   3.32267     13.057672     13.026007
   3.26411     12.884093     12.866357
   3.20555     12.795927     12.872075
   3.14699     12.864199     12.838400
   3.14699     12.864199     12.838400
   3.10558     12.881090     12.800693
   3.06417     12.805204     12.785361
   3.02276     12.874023     12.849080
   2.98136     13.005073     12.969653
   2.93995     13.176500     13.143135
   2.89854     13.309245     13.299512
   2.85713     13.451099     13.434866
   2.81573     13.686937     13.641597
   2.77432     13.846781     13.811177
   2.73291     13.879236     13.823725
   2.69150     14.101773     14.362793
   2.65009     14.507983     14.607331
   2.60869     14.404123     14.646192
   2.56728     14.737010     14.765461
   2.52587     14.946718     14.829751
   2.48446     14.992095     14.825671
   2.44306     14.971037     14.846359
   2.40165     14.958154     14.776602
   2.36024     14.990312     14.835855
   2.36024     14.990312     14.835855
   2.31883     14.913140     14.961801
   2.27743     14.868530     14.740408
   2.23602     14.614393     14.515443
   2.19461     14.422152     14.364722
   2.15320     14.301275     14.281403
   2.11179     14.239578     14.272922
   2.07039     14.232509     14.305419
   2.02898     14.264646     14.366187
   1.98757     14.330120     14.455579
   1.94616     14.419336     14.562518
   1.90476     14.520922     14.676498
   1.86335     14.625033     14.785450
   1.82194     14.720699     14.878300
   1.78053     14.797717     14.944306
   1.73912     14.849894     14.864308
   1.69772     14.875493     14.881020
   1.65631     14.874920     14.939662
   1.61490     14.847877     14.869219
   1.57349     14.825700     14.822436
   1.57349     14.825701     14.822436
   1.53209     14.872603     14.844657
   1.49068     14.943494     14.871872
   1.44927     14.892897     14.872770
   1.40786     14.864731     14.838933
   1.36646     14.734057     14.648360
   1.32505     14.464086     14.396615
   1.28364     14.224993     14.167539
   1.24223     14.057129     14.002750
   1.20082     13.982447     13.919969
   1.15942     13.979746     13.899511
   1.11801     14.015972     13.919198
   1.07660     14.032426     13.961693
   1.03519     13.862810     13.863955
   0.99379     13.727170     13.729440
   0.95238     13.651963     13.646588
   0.91097     13.621855     13.610118
   0.86956     13.621130     13.605467
   0.82815     13.631118     13.831629
   0.78675     13.760519     13.953667
   0.78675     13.760519     13.953667
   0.74534     13.756005     13.949814
   0.70393     13.742811     13.938335
   0.66252     13.721921     13.903089
   0.62112     13.694849     13.891731
   0.57971     13.663551     13.861715
   0.53830     13.630389     13.824770
   0.49689     13.598303     13.784509
   0.45549     13.571082     13.674861
   0.41408     13.553371     13.704600
   0.37267     13.544514     13.669755
   0.33126     13.420953     13.439880
   0.28985     13.150238     13.288058
   0.24845     13.079923     13.169788
   0.20704     12.880947     12.861815
   0.16563     12.608417     12.711239
   0.12422     12.687910     12.836552
   0.08282     12.804607     12.785268
   0.04141     12.782573     12.761437
   0.00000     12.776875     12.755722
 
# Band-Index   45
   0.00000     12.953743     12.952993
   0.04141     12.971899     12.996324
   0.08282     12.829686     12.967096
   0.12422     12.863022     12.845958
   0.16563     12.977396     12.960703
   0.20704     13.063011     13.129280
   0.24845     13.192054     13.267132
   0.28985     13.445858     13.431694
   0.33126     13.624034     13.641878
   0.37267     13.792616     13.749549
   0.41408     13.666503     13.838070
   0.45549     13.746750     13.743326
   0.49689     14.000012     13.983839
   0.53830     13.962226     13.944792
   0.57971     13.932152     13.910915
   0.62112     13.922758     13.893668
   0.66252     13.958260     13.919466
   0.70393     14.062502     13.968841
   0.74534     14.186766     14.067968
   0.78675     14.241443     14.115770
   0.78675     14.241443     14.115769
   0.82815     14.237310     14.112333
   0.86956     14.225043     14.102097
   0.91097     14.205077     14.085330
   0.95238     14.178044     14.062406
   0.99379     14.144748     14.033810
   1.03519     14.106060     14.000062
   1.07660     14.062870     14.045570
   1.11801     14.247961     14.240871
   1.15942     14.441182     14.326431
   1.20082     14.559680     14.416937
   1.24223     14.676067     14.519146
   1.28364     14.786728     14.623496
   1.32505     14.880014     14.719032
   1.36646     14.946519     14.795687
   1.40786     14.932610     14.847452
   1.44927     14.912266     14.878426
   1.49068     15.027081     15.022276
   1.53209     15.193693     15.202258
   1.57349     15.183723     15.180218
   1.57349     15.183723     15.180221
   1.61490     15.206648     15.189726
   1.65631     15.170217     15.147218
   1.69772     14.933292     14.998552
   1.73912     14.982667     14.981034
   1.78053     15.153263     15.039997
   1.82194     15.321201     15.212535
   1.86335     15.449107     15.371823
   1.90476     15.454057     15.296076
   1.94616     15.388127     15.165673
   1.98757     15.032453     14.948544
   2.02898     14.867520     14.801147
   2.07039     14.736805     14.639725
   2.11179     15.508768     14.605845
   2.15320     15.626937     15.065913
   2.19461     14.744834     14.821046
   2.23602     14.819407     14.900850
   2.27743     14.869767     14.808872
   2.31883     15.173909     15.029005
   2.36024     15.416047     15.327515
   2.36024     15.416047     15.327515
   2.40165     15.369021     15.313159
   2.44306     15.350012     15.273960
   2.48446     15.318601     15.213557
   2.52587     15.230047     15.130028
   2.56728     15.094485     14.994996
   2.60869     14.903550     14.822940
   2.65009     14.675765     14.810910
   2.69150     14.396822     14.361101
   2.73291     14.139781     14.114185
   2.77432     13.895226     13.840272
   2.81573     13.680465     13.641570
   2.85713     13.670874     13.648549
   2.89854     13.502964     13.415373
   2.93995     13.288101     13.246373
   2.98136     13.239061     13.041686
   3.02276     13.193660     13.020502
   3.06417     13.147624     13.026461
   3.10558     13.121382     13.044528
   3.14699     13.189033     13.030875
   3.14699     13.189033     13.030875
   3.20555     13.062805     13.102585
   3.26411     13.007543     13.040470
   3.32267     13.110037     13.093535
   3.38123     13.255817     13.235534
   3.43978     13.328903     13.308494
   3.49834     13.502065     13.540152
   3.55690     13.951065     13.968724
   3.61546     14.268644     14.268975
   3.67402     14.337745     14.336387
   3.73258     14.223622     14.216412
   3.79114     14.052724     14.041307
   3.84970     13.872036     13.857443
   3.90826     14.113420     14.098536
   3.96682     14.396306     14.379766
   4.02538     14.714038     14.697728
   4.08394     15.008791     14.994785
   4.14250     15.077851     15.100054
   4.20106     15.215062     15.210513
   4.25962     15.183723     15.180221
 
# Band-Index   46
   4.25962     15.614017     15.607946
   4.20106     15.366661     15.347011
   4.14250     15.200794     15.191580
   4.08394     15.040026     15.206568
   4.02538     15.166869     15.078086
   3.96682     15.244495     15.339280
   3.90826     15.291328     15.337564
   3.84970     15.154144     15.267381
   3.79114     15.003511     15.010834
   3.73258     14.735780     14.725924
   3.67402     14.490000     14.479417
   3.61546     14.279518     14.302233
   3.55690     14.119693     14.111597
   3.49834     14.000111     13.996222
   3.43978     13.831616     13.823692
   3.38123     13.530190     13.518370
   3.32267     13.276163     13.258029
   3.26411     13.222318     13.202371
   3.20555     13.225194     13.204083
   3.14699     13.226302     13.294429
   3.14699     13.226302     13.294429
   3.10558     13.231642     13.235161
   3.06417     13.224778     13.236533
   3.02276     13.743411     13.687040
   2.98136     13.918255     13.893828
   2.93995     13.919439     13.908128
   2.89854     13.864798     13.834697
   2.85713     13.885665     13.922059
   2.81573     14.119994     14.023805
   2.77432     14.033940     13.873269
   2.73291     14.181389     14.636738
   2.69150     15.154954     15.156817
   2.65009     15.357735     15.395775
   2.60869     15.226767     15.267117
   2.56728     15.408007     15.393635
   2.52587     15.512597     15.415567
   2.48446     15.488891     15.386647
   2.44306     15.457423     15.364585
   2.40165     15.430185     15.351762
   2.36024     15.488474     15.341995
   2.36024     15.488474     15.341995
   2.31883     15.374678     15.489462
   2.27743     15.463671     15.565452
   2.23602     15.588313     15.645143
   2.19461     15.593658     15.776274
   2.15320     15.908296     15.568207
   2.11179     15.875722     15.733567
   2.07039     15.811532     15.871263
   2.02898     15.757381     15.854175
   1.98757     15.707073     15.781254
   1.94616     15.694372     15.640842
   1.90476     15.599992     15.503630
   1.86335     15.453097     15.491425
   1.82194     15.362311     15.370759
   1.78053     15.257920     15.239914
   1.73912     15.154804     15.098524
   1.69772     15.096258     15.003189
   1.65631     15.153006     15.122986
   1.61490     15.464687     15.451778
   1.57349     15.614017     15.607946
   1.57349     15.614017     15.607944
   1.53209     15.401773     15.380262
   1.49068     15.154814     15.161299
   1.44927     15.002441     14.920021
   1.40786     14.983689     14.979435
   1.36646     15.041660     15.145846
   1.32505     15.201157     15.295700
   1.28364     15.334915     15.344401
   1.24223     15.065458     15.078134
   1.20082     14.787188     14.799922
   1.15942     14.526506     14.529648
   1.11801     14.378505     14.296038
   1.07660     14.311111     14.233942
   1.03519     14.284359     14.240336
   0.99379     14.305519     14.301074
   0.95238     14.384377     14.424369
   0.91097     14.529008     14.614876
   0.86956     14.742439     14.847386
   0.82815     14.625234     14.846112
   0.78675     14.467338     14.811080
   0.78675     14.467338     14.811081
   0.74534     14.480983     14.818750
   0.70393     14.520527     14.838857
   0.66252     14.579305     14.857729
   0.62112     14.633112     14.828131
   0.57971     14.604703     14.658438
   0.53830     14.401609     14.358514
   0.49689     14.086773     14.011667
   0.45549     14.033268     14.016986
   0.41408     14.039848     14.022412
   0.37267     13.805586     13.885236
   0.33126     13.649222     13.665613
   0.28985     13.517921     13.493605
   0.24845     13.293863     13.279488
   0.20704     13.147160     13.202120
   0.16563     13.049382     13.181059
   0.12422     13.034083     13.107624
   0.08282     13.022535     13.051768
   0.04141     12.991865     13.114838
   0.00000     13.179730     13.177148
 
# Band-Index   47
   0.00000     13.229786     13.208355
   0.04141     13.223626     13.204768
   0.08282     13.208101     13.196213
   0.12422     13.190959     13.185344
   0.16563     13.184858     13.208704
   0.20704     13.210297     13.242572
   0.24845     13.357443     13.338013
   0.28985     13.588539     13.567949
   0.33126     13.811807     13.791021
   0.37267     13.882198     13.956728
   0.41408     14.109836     14.071448
   0.45549     14.378948     14.406722
   0.49689     14.618551     14.670380
   0.53830     14.834213     14.907211
   0.57971     15.012611     15.102341
   0.62112     15.146935     15.240719
   0.66252     15.239558     15.276335
   0.70393     15.297771     15.241534
   0.74534     15.302266     15.215695
   0.78675     15.297143     15.206399
   0.78675     15.297140     15.206396
   0.82815     15.019841     15.171978
   0.86956     14.814331     14.869409
   0.91097     14.829604     14.797773
   0.95238     14.757533     14.732439
   0.99379     14.670910     14.678772
   1.03519     14.612103     14.666923
   1.07660     14.632747     14.727007
   1.11801     14.764267     14.862172
   1.15942     14.967291     15.042252
   1.20082     15.185674     15.225987
   1.24223     15.356739     15.361723
   1.28364     15.345327     15.404988
   1.32505     15.361757     15.376769
   1.36646     15.288970     15.334353
   1.40786     15.301836     15.363849
   1.44927     15.541864     15.555856
   1.49068     15.532950     15.557885
   1.53209     15.577586     15.577772
   1.57349     15.676559     15.664374
   1.57349     15.676287     15.664322
   1.61490     15.584302     15.571065
   1.65631     15.563805     15.526804
   1.69772     15.634265     15.601362
   1.73912     15.679552     15.672420
   1.78053     15.677527     15.689565
   1.82194     15.673419     15.739080
   1.86335     15.673866     15.772399
   1.90476     15.677246     15.772179
   1.94616     15.749294     15.793757
   1.98757     15.836856     15.823190
   2.02898     15.985981     15.917205
   2.07039     15.990622     16.014144
   2.11179     15.819785     16.010303
   2.15320     15.884861     16.041025
   2.19461     15.944359     16.105101
   2.23602     15.981527     16.077393
   2.27743     15.959215     15.995671
   2.31883     15.838694     15.713347
   2.36024     15.651648     15.385178
   2.36024     15.651648     15.385178
   2.40165     15.649301     15.388600
   2.44306     15.660307     15.432515
   2.48446     15.679525     15.495566
   2.52587     15.564194     15.574026
   2.56728     15.546700     15.443071
   2.60869     15.584534     15.475973
   2.65009     15.547938     15.515828
   2.69150     15.250988     15.272283
   2.73291     14.849717     14.986935
   2.77432     14.486020     14.516314
   2.81573     14.237220     14.193655
   2.85713     14.463048     14.326000
   2.89854     14.453744     14.367859
   2.93995     14.349887     14.309472
   2.98136     14.032328     14.023905
   3.02276     13.905632     13.961303
   3.06417     13.529016     13.489535
   3.10558     13.369809     13.314609
   3.14699     13.337059     13.448084
   3.14699     13.337059     13.448084
   3.20555     13.228584     13.244176
   3.26411     13.366047     13.528658
   3.32267     13.693381     13.840306
   3.38123     13.995005     14.173246
   3.43978     14.378881     14.350441
   3.49834     14.546396     14.540849
   3.55690     14.684847     14.673997
   3.61546     14.745287     14.792947
   3.67402     15.021405     15.096145
   3.73258     15.050400     15.081226
   3.79114     15.082924     15.124983
   3.84970     15.290836     15.292905
   3.90826     15.495994     15.496981
   3.96682     15.476163     15.426983
   4.02538     15.479562     15.341387
   4.08394     15.427360     15.348074
   4.14250     15.398094     15.390201
   4.20106     15.545493     15.539047
   4.25962     15.676287     15.664322
 
# Band-Index   48
   4.25962     15.848279     15.836751
   4.20106     15.654407     15.637504
   4.14250     15.433734     15.412131
   4.08394     15.464903     15.423022
   4.02538     15.555341     15.551821
   3.96682     15.649630     15.647238
   3.90826     15.556280     15.556345
   3.84970     15.528677     15.513220
   3.79114     15.525840     15.493965
   3.73258     15.342510     15.376218
   3.67402     15.122141     15.107672
   3.61546     14.894361     14.952505
   3.55690     14.718310     14.688216
   3.49834     14.665783     14.603439
   3.43978     14.408072     14.393314
   3.38123     14.286974     14.285452
   3.32267     14.206588     14.104248
   3.26411     13.983351     13.969517
   3.20555     13.724751     13.723538
   3.14699     13.574480     13.574512
   3.14699     13.574480     13.574512
   3.10558     13.638572     13.682744
   3.06417     13.783752     13.848773
   3.02276     14.026573     14.069690
   2.98136     14.300068     14.268311
   2.93995     14.411707     14.351928
   2.89854     14.649407     14.454810
   2.85713     14.513852     14.326266
   2.81573     14.497398     14.538419
   2.77432     14.780163     14.741830
   2.73291     14.975152     15.587889
   2.69150     15.433760     15.557093
   2.65009     15.626362     15.566282
   2.60869     15.673137     15.563893
   2.56728     15.715751     15.644199
   2.52587     15.700348     15.629522
   2.48446     15.844646     15.993021
   2.44306     16.205865     16.323517
   2.40165     16.262310     16.356168
   2.36024     16.237109     16.315280
   2.36024     16.237109     16.315280
   2.31883     16.281814     16.370598
   2.27743     16.553089     16.514769
   2.23602     16.465598     16.440907
   2.19461     16.503037     16.493481
   2.15320     16.506189     16.388738
   2.11179     16.354781     16.209508
   2.07039     16.132890     16.058000
   2.02898     16.081233     16.019899
   1.98757     16.059498     16.091658
   1.94616     16.169741     16.106567
   1.90476     16.108844     16.146049
   1.86335     16.028980     16.063435
   1.82194     15.821889     15.943612
   1.78053     15.812222     15.948635
   1.73912     15.883042     16.049541
   1.69772     15.954995     15.985093
   1.65631     15.952001     15.909221
   1.61490     15.881028     15.848009
   1.57349     15.848279     15.836751
   1.57349     15.849169     15.837302
   1.53209     15.828649     15.846918
   1.49068     15.816894     15.786135
   1.44927     15.606906     15.628030
   1.40786     15.676343     15.670459
   1.36646     15.672161     15.654769
   1.32505     15.558400     15.558815
   1.28364     15.408773     15.432622
   1.24223     15.479148     15.561935
   1.20082     15.607495     15.688217
   1.15942     15.734296     15.736063
   1.11801     15.862037     15.776056
   1.07660     15.927194     15.817426
   1.03519     15.964222     15.853394
   0.99379     15.896515     15.852519
   0.95238     15.749507     15.739669
   0.91097     15.605788     15.601717
   0.86956     15.437516     15.484817
   0.82815     15.313187     15.295337
   0.78675     15.337106     15.377755
   0.78675     15.337106     15.377755
   0.74534     15.328359     15.374855
   0.70393     15.315667     15.361041
   0.66252     15.329999     15.322332
   0.62112     15.326110     15.299853
   0.57971     15.255641     15.252594
   0.53830     15.058040     15.048609
   0.49689     14.765501     14.741260
   0.45549     14.439970     14.411226
   0.41408     14.129417     14.145532
   0.37267     13.976154     14.007655
   0.33126     13.844417     13.831384
   0.28985     13.653576     13.673971
   0.24845     13.682604     13.678915
   0.20704     13.567470     13.549340
   0.16563     13.404666     13.398746
   0.12422     13.199399     13.255800
   0.08282     13.275070     13.257898
   0.04141     13.282871     13.277240
   0.00000     13.303988     13.301096
 
# Band-Index   49
   0.00000     13.574514     13.574492
   0.04141     13.677380     13.637438
   0.08282     13.833957     13.773388
   0.12422     13.932725     13.875834
   0.16563     13.956111     13.923864
   0.20704     13.898827     13.858896
   0.24845     13.961656     13.923557
   0.28985     14.122509     14.157041
   0.33126     13.980414     14.178006
   0.37267     14.221349     14.184495
   0.41408     14.611752     14.562949
   0.45549     14.948978     14.918295
   0.49689     15.298612     15.300511
   0.53830     15.381984     15.490092
   0.57971     15.416293     15.470761
   0.62112     15.417956     15.520518
   0.66252     15.391449     15.489286
   0.70393     15.368687     15.458679
   0.74534     15.350886     15.431131
   0.78675     15.343426     15.418595
   0.78675     15.343424     15.418593
   0.82815     15.407563     15.406888
   0.86956     15.486757     15.551767
   0.91097     15.737523     15.873120
   0.95238     16.067434     15.954484
   0.99379     16.042568     15.964466
   1.03519     16.075507     16.068489
   1.07660     15.992448     16.073839
   1.11801     15.879673     15.942977
   1.15942     15.834545     15.815591
   1.20082     15.797764     15.702239
   1.24223     15.775446     15.679783
   1.28364     15.775110     15.675244
   1.32505     15.810034     15.702297
   1.36646     15.906636     15.787790
   1.40786     16.040215     15.876896
   1.44927     15.941427     15.953661
   1.49068     15.869911     15.906006
   1.53209     15.896700     15.873375
   1.57349     15.901270     15.887774
   1.57349     15.900427     15.887101
   1.61490     16.073804     16.117146
   1.65631     16.018123     16.107431
   1.69772     16.031792     16.133412
   1.73912     16.125802     16.081436
   1.78053     16.236094     16.195268
   1.82194     16.339666     16.320841
   1.86335     16.404313     16.457795
   1.90476     16.262435     16.097577
   1.94616     16.171948     16.214234
   1.98757     16.196084     16.190492
   2.02898     16.282472     16.607630
   2.07039     16.365315     16.741792
   2.11179     16.959140     16.835680
   2.15320     17.194434     17.007842
   2.19461     16.536992     16.618997
   2.23602     16.678580     16.643869
   2.27743     16.670928     16.535753
   2.31883     16.831688     16.577433
   2.36024     16.888691     16.359108
   2.36024     16.888691     16.359108
   2.40165     16.609985     16.363374
   2.44306     16.402948     16.440019
   2.48446     16.403973     16.191495
   2.52587     16.066454     15.991113
   2.56728     15.750275     15.695402
   2.60869     15.705607     15.679713
   2.65009     15.722569     15.679433
   2.69150     15.656270     15.761540
   2.73291     15.651333     15.699075
   2.77432     15.672981     15.610240
   2.81573     15.167407     15.231706
   2.85713     14.984328     15.095979
   2.89854     15.088018     14.723238
   2.93995     15.176616     14.887924
   2.98136     15.090068     14.937116
   3.02276     15.054430     14.968531
   3.06417     15.025775     15.047931
   3.10558     14.445703     15.088942
   3.14699     14.198485     14.810199
   3.14699     14.198485     14.810199
   3.20555     14.181906     14.504369
   3.26411     14.183155     14.213714
   3.32267     14.227687     14.257285
   3.38123     14.303890     14.287692
   3.43978     14.496590     14.409723
   3.49834     14.601875     14.586973
   3.55690     14.798010     14.739873
   3.61546     14.919150     15.000344
   3.67402     15.156943     15.182701
   3.73258     15.406159     15.434928
   3.79114     15.609709     15.809123
   3.84970     15.799402     15.799283
   3.90826     15.737030     15.736246
   3.96682     15.786285     15.777751
   4.02538     15.951910     15.927065
   4.08394     16.030103     16.028524
   4.14250     16.017974     16.012405
   4.20106     16.078060     16.077261
   4.25962     15.900427     15.887101
 
# Band-Index   50
   4.25962     16.100937     16.099035
   4.20106     16.183397     16.181156
   4.14250     16.160236     16.167774
   4.08394     16.083399     16.123540
   4.02538     16.186139     16.073793
   3.96682     16.270728     16.283561
   3.90826     16.310772     16.343599
   3.84970     16.340240     16.411105
   3.79114     15.883436     16.239980
   3.73258     16.002472     16.071863
   3.67402     15.994208     16.038837
   3.61546     15.623725     15.837030
   3.55690     15.429667     15.409252
   3.49834     14.997594     14.978030
   3.43978     14.712747     14.699405
   3.38123     14.626179     14.613632
   3.32267     14.575781     14.720854
   3.26411     14.837035     14.815112
   3.20555     15.030085     15.009330
   3.14699     15.160059     15.200213
   3.14699     15.160059     15.200213
   3.10558     15.120991     15.141986
   3.06417     15.076859     15.108975
   3.02276     15.234421     15.201946
   2.98136     15.287638     15.215269
   2.93995     15.333199     15.262420
   2.89854     15.400426     15.349770
   2.85713     15.506676     15.270717
   2.81573     15.388168     15.468069
   2.77432     15.676639     15.642598
   2.73291     15.720083     15.726725
   2.69150     15.748075     15.829020
   2.65009     15.768061     15.751948
   2.60869     15.815502     15.833344
   2.56728     16.189287     16.181195
   2.52587     16.479355     16.424234
   2.48446     16.536552     16.470607
   2.44306     16.765116     16.497385
   2.40165     16.887142     16.854201
   2.36024     17.002456     17.015536
   2.36024     17.002456     17.015536
   2.31883     16.916846     16.935050
   2.27743     16.781215     16.772551
   2.23602     16.950933     16.851257
   2.19461     17.129253     17.225520
   2.15320     17.363062     17.142352
   2.11179     17.366038     17.299587
   2.07039     17.070024     17.215097
   2.02898     16.999097     17.026934
   1.98757     16.874601     16.829389
   1.94616     16.816382     16.868796
   1.90476     16.696000     16.712840
   1.86335     16.572454     16.528602
   1.82194     16.481250     16.449469
   1.78053     16.419644     16.383136
   1.73912     16.359315     16.300946
   1.69772     16.234760     16.183938
   1.65631     16.235512     16.170834
   1.61490     16.197371     16.184780
   1.57349     16.100937     16.099035
   1.57349     16.101014     16.099124
   1.53209     16.118373     16.069816
   1.49068     16.104428     16.014679
   1.44927     16.123452     15.985164
   1.40786     16.044994     16.097374
   1.36646     16.166090     16.191555
   1.32505     16.199447     16.167697
   1.28364     16.065258     16.075133
   1.24223     15.976112     16.005887
   1.20082     15.994903     16.009779
   1.15942     16.072550     16.077050
   1.11801     16.166856     16.154284
   1.07660     16.177503     16.174055
   1.03519     16.126329     16.206748
   0.99379     16.264308     16.302850
   0.95238     16.069042     16.154803
   0.91097     16.070863     15.965784
   0.86956     15.981903     15.953196
   0.82815     15.701465     15.844841
   0.78675     15.398732     15.646721
   0.78675     15.398732     15.646721
   0.74534     15.410449     15.649175
   0.70393     15.447266     15.657557
   0.66252     15.506367     15.672788
   0.62112     15.578602     15.589558
   0.57971     15.448437     15.553455
   0.53830     15.482805     15.589087
   0.49689     15.458112     15.434659
   0.45549     15.133114     15.106785
   0.41408     14.849519     14.824126
   0.37267     14.653054     14.629085
   0.33126     14.470448     14.438551
   0.28985     14.192573     14.344931
   0.24845     14.281499     14.511824
   0.20704     14.389897     14.462019
   0.16563     14.436947     14.408673
   0.12422     14.328584     14.309629
   0.08282     14.229215     14.215027
   0.04141     14.164411     14.149836
   0.00000     14.144654     14.129369
 
# Band-Index   51
   0.00000     14.193520     14.163053
   0.04141     14.172091     14.153742
   0.08282     14.240021     14.216026
   0.12422     14.335719     14.312141
   0.16563     14.458662     14.440442
   0.20704     14.512815     14.484661
   0.24845     14.548750     14.522095
   0.28985     14.556289     14.531644
   0.33126     14.571139     14.547700
   0.37267     14.762965     14.736890
   0.41408     15.429994     15.446065
   0.45549     15.340919     15.332004
   0.49689     15.526969     15.627775
   0.53830     15.677549     15.672489
   0.57971     15.646155     15.697910
   0.62112     15.645651     15.690295
   0.66252     15.998079     15.880793
   0.70393     16.380028     16.252415
   0.74534     16.340470     16.240549
   0.78675     16.279813     16.183939
   0.78675     16.279807     16.183934
   0.82815     16.297766     16.261262
   0.86956     16.412996     16.546166
   0.91097     16.552565     16.608732
   0.95238     16.406376     16.475776
   0.99379     16.277088     16.341356
   1.03519     16.313167     16.306824
   1.07660     16.256581     16.241320
   1.11801     16.244107     16.238356
   1.15942     16.267314     16.259125
   1.20082     16.260040     16.249885
   1.24223     16.239707     16.228317
   1.28364     16.222648     16.211826
   1.32505     16.222438     16.218830
   1.36646     16.232443     16.253744
   1.40786     16.200370     16.261574
   1.44927     16.133135     16.145494
   1.49068     16.139382     16.166883
   1.53209     16.165098     16.213291
   1.57349     16.227296     16.219439
   1.57349     16.227282     16.219371
   1.61490     16.228666     16.189886
   1.65631     16.263374     16.312514
   1.69772     16.297611     16.242176
   1.73912     16.583477     16.590358
   1.78053     16.746287     16.753600
   1.82194     16.899139     16.919790
   1.86335     16.933768     17.091468
   1.90476     16.861511     16.718271
   1.94616     16.931430     16.850390
   1.98757     16.926269     17.000401
   2.02898     17.044217     17.233171
   2.07039     17.169891     17.395002
   2.11179     17.455489     17.333825
   2.15320     17.492445     17.376512
   2.19461     17.295900     17.254489
   2.23602     17.104846     17.447702
   2.27743     17.279689     17.499445
   2.31883     17.283465     17.426660
   2.36024     17.250861     17.266958
   2.36024     17.250861     17.266958
   2.40165     17.049900     16.911241
   2.44306     16.854664     16.696557
   2.48446     16.909063     16.608070
   2.52587     16.712317     16.499246
   2.56728     16.379581     16.348350
   2.60869     15.948362     16.067365
   2.65009     15.765034     15.986980
   2.69150     15.938848     15.875223
   2.73291     15.927598     15.990439
   2.77432     15.745320     15.768627
   2.81573     15.784516     15.688872
   2.85713     15.814757     15.717663
   2.89854     15.858195     15.762558
   2.93995     15.885784     15.796078
   2.98136     15.888311     15.812789
   3.02276     15.857177     15.814817
   3.06417     15.727445     15.796394
   3.10558     15.607347     15.725028
   3.14699     15.512059     15.636970
   3.14699     15.512059     15.636970
   3.20555     15.403827     15.519833
   3.26411     14.614909     15.539063
   3.32267     14.733962     15.258673
   3.38123     14.772795     14.761785
   3.43978     14.952944     14.921568
   3.49834     15.179103     15.166873
   3.55690     15.441395     15.403427
   3.61546     15.803863     15.914232
   3.67402     16.308645     16.088605
   3.73258     16.053354     16.009320
   3.79114     16.198375     16.316672
   3.84970     16.442572     16.503419
   3.90826     16.558468     16.530964
   3.96682     16.437873     16.408639
   4.02538     16.210384     16.199614
   4.08394     16.141317     16.131794
   4.14250     16.182594     16.194464
   4.20106     16.185141     16.247094
   4.25962     16.227282     16.219371
 
# Band-Index   52
   4.25962     16.412433     16.397565
   4.20106     16.330569     16.331192
   4.14250     16.239609     16.232224
   4.08394     16.306559     16.314151
   4.02538     16.441883     16.426699
   3.96682     16.544092     16.567617
   3.90826     16.610668     16.615223
   3.84970     16.642971     16.687900
   3.79114     16.591860     16.645031
   3.73258     16.512939     16.546880
   3.67402     16.298602     16.340660
   3.61546     16.217193     16.326768
   3.55690     16.175815     15.836041
   3.49834     15.959517     15.769996
   3.43978     15.640927     15.526701
   3.38123     15.388350     15.360018
   3.32267     15.520022     15.661793
   3.26411     15.461476     15.784505
   3.20555     15.574436     15.792219
   3.14699     15.691532     15.763767
   3.14699     15.691532     15.763767
   3.10558     15.646411     15.778031
   3.06417     15.724404     15.950473
   3.02276     15.921427     15.992144
   2.98136     15.997227     15.981180
   2.93995     16.006441     15.980096
   2.89854     16.012163     15.983223
   2.85713     16.059219     16.034563
   2.81573     16.175031     16.170647
   2.77432     16.321114     16.317540
   2.73291     16.344790     16.471724
   2.69150     16.584437     16.518348
   2.65009     16.623642     16.496341
   2.60869     16.618955     16.423187
   2.56728     16.659340     16.476817
   2.52587     16.794751     16.623498
   2.48446     16.965981     16.926224
   2.44306     17.202661     17.205256
   2.40165     17.505418     17.503943
   2.36024     17.575667     17.710071
   2.36024     17.575667     17.710071
   2.31883     17.527067     18.021333
   2.27743     17.440874     17.882786
   2.23602     17.538667     17.727074
   2.19461     17.361713     17.621894
   2.15320     17.737582     17.737998
   2.11179     17.594992     17.554072
   2.07039     17.608690     17.656158
   2.02898     17.626904     17.622651
   1.98757     17.587462     17.782405
   1.94616     17.860996     17.681261
   1.90476     17.627602     17.504837
   1.86335     17.434475     17.321917
   1.82194     17.239936     17.135365
   1.78053     17.058460     16.961959
   1.73912     16.760850     16.513857
   1.69772     16.459255     16.458010
   1.65631     16.356951     16.344509
   1.61490     16.331796     16.416012
   1.57349     16.412433     16.397565
   1.57349     16.412627     16.397461
   1.53209     16.262534     16.224739
   1.49068     16.167509     16.218686
   1.44927     16.181726     16.215793
   1.40786     16.251279     16.301583
   1.36646     16.278610     16.348152
   1.32505     16.319860     16.402949
   1.28364     16.483998     16.466105
   1.24223     16.569716     16.537744
   1.20082     16.651763     16.617787
   1.15942     16.741009     16.706575
   1.11801     16.837225     16.802408
   1.07660     16.939927     16.906159
   1.03519     17.047982     17.016225
   0.99379     17.052853     17.124531
   0.95238     16.833404     17.070537
   0.91097     16.689711     16.931119
   0.86956     16.577902     16.737365
   0.82815     16.499702     16.858195
   0.78675     16.470785     16.909273
   0.78675     16.470839     16.909514
   0.74534     16.473331     16.631841
   0.70393     16.488268     16.384831
   0.66252     16.389429     16.386616
   0.62112     16.096725     16.057911
   0.57971     15.847161     15.795422
   0.53830     15.696799     15.682641
   0.49689     15.636362     15.637691
   0.45549     15.554154     15.559744
   0.41408     15.610601     15.712762
   0.37267     15.282250     15.298448
   0.33126     15.118333     15.127394
   0.28985     14.946147     14.945649
   0.24845     14.773888     14.761406
   0.20704     14.532254     14.594094
   0.16563     14.654438     14.856388
   0.12422     14.844475     14.960607
   0.08282     14.943857     14.916357
   0.04141     14.947684     14.939966
   0.00000     14.968940     14.957793
 
# Band-Index   53
   0.00000     15.462261     15.450561
   0.04141     15.269826     15.416356
   0.08282     15.054547     15.223706
   0.12422     14.962632     15.038789
   0.16563     15.101712     15.085654
   0.20704     14.609175     14.685322
   0.24845     14.776500     14.764802
   0.28985     15.093712     15.071650
   0.33126     15.422443     15.394490
   0.37267     15.657396     15.758259
   0.41408     15.743807     15.723079
   0.45549     15.565675     15.669343
   0.49689     15.643784     15.663511
   0.53830     15.813729     15.783884
   0.57971     16.166289     16.133987
   0.62112     16.478376     16.433506
   0.66252     16.544767     16.520465
   0.70393     16.535076     16.733270
   0.74534     16.834052     16.971350
   0.78675     16.950090     16.920503
   0.78675     16.949134     16.916716
   0.82815     16.851353     16.928833
   0.86956     16.702025     16.980329
   0.91097     16.729048     17.043500
   0.95238     17.118937     17.164839
   0.99379     17.130058     17.131491
   1.03519     17.073921     17.054375
   1.07660     17.064737     17.043677
   1.11801     16.977796     16.926407
   1.15942     16.868671     16.868576
   1.20082     16.747719     16.769897
   1.24223     16.626255     16.672407
   1.28364     16.494662     16.557493
   1.32505     16.425842     16.434106
   1.36646     16.361463     16.350353
   1.40786     16.298132     16.269324
   1.44927     16.232481     16.263087
   1.49068     16.312231     16.233045
   1.53209     16.416839     16.309941
   1.57349     16.492298     16.484109
   1.57349     16.492215     16.484058
   1.61490     16.541019     16.516576
   1.65631     16.672252     16.508972
   1.69772     16.783131     16.661662
   1.73912     16.977936     16.771771
   1.78053     17.167110     17.166846
   1.82194     17.369076     17.329248
   1.86335     17.585916     17.511724
   1.90476     17.706878     17.527629
   1.94616     17.908448     17.740264
   1.98757     17.758737     17.787027
   2.02898     17.759555     17.825704
   2.07039     17.660888     17.699721
   2.11179     17.852593     17.698904
   2.15320     18.054315     17.836328
   2.19461     17.679812     17.815599
   2.23602     17.582453     17.862275
   2.27743     17.685277     17.851904
   2.31883     17.712282     18.049166
   2.36024     17.771452     17.817827
   2.36024     17.771452     17.817827
   2.40165     17.775668     17.861062
   2.44306     17.593335     17.557188
   2.48446     17.190453     17.179952
   2.52587     16.965784     16.806816
   2.56728     16.993720     16.511344
   2.60869     17.044872     16.628747
   2.65009     17.013886     16.782239
   2.69150     16.652221     16.809541
   2.73291     16.480391     16.625345
   2.77432     16.390554     16.447397
   2.81573     16.643245     16.622274
   2.85713     16.721827     16.805188
   2.89854     16.828055     16.902544
   2.93995     16.661739     16.697373
   2.98136     16.329221     16.443628
   3.02276     15.973558     16.190448
   3.06417     15.853147     15.933777
   3.10558     15.792726     15.934750
   3.14699     15.766386     15.942359
   3.14699     15.766386     15.942359
   3.20555     15.805119     15.908869
   3.26411     15.894919     15.910755
   3.32267     16.018504     15.954836
   3.38123     16.165854     16.183960
   3.43978     16.306953     16.316811
   3.49834     16.439732     16.424893
   3.55690     16.535201     16.532304
   3.61546     16.613198     16.607996
   3.67402     16.645590     16.671185
   3.73258     16.630180     16.653205
   3.79114     16.727299     16.771785
   3.84970     16.859134     17.296883
   3.90826     17.075120     17.304089
   3.96682     16.811249     16.983170
   4.02538     16.673364     16.498250
   4.08394     16.532594     16.525421
   4.14250     16.386982     16.373258
   4.20106     16.350129     16.342132
   4.25962     16.492215     16.484058
 
# Band-Index   54
   4.25962     16.544022     16.535798
   4.20106     16.475577     16.579390
   4.14250     16.478349     16.472646
   4.08394     16.528925     16.528947
   4.02538     16.955171     16.577501
   3.96682     17.139425     17.104467
   3.90826     17.334000     17.333715
   3.84970     17.419370     17.422902
   3.79114     16.997615     16.963793
   3.73258     16.923824     16.888880
   3.67402     17.006501     16.905751
   3.61546     16.652384     16.699920
   3.55690     16.668672     16.666490
   3.49834     16.766329     16.701536
   3.43978     16.517245     16.485310
   3.38123     16.243046     16.208854
   3.32267     16.960049     16.036928
   3.26411     16.859642     16.925676
   3.20555     16.820537     16.887208
   3.14699     16.828906     16.895352
   3.14699     16.828906     16.895352
   3.10558     16.841823     16.907524
   3.06417     16.919309     16.953728
   3.02276     17.080210     17.121186
   2.98136     17.256018     17.306901
   2.93995     17.454882     17.479145
   2.89854     17.419789     17.264125
   2.85713     17.347996     17.266091
   2.81573     17.422567     17.325992
   2.77432     17.355352     17.065935
   2.73291     17.272799     16.968357
   2.69150     17.306134     16.904482
   2.65009     17.243288     17.141360
   2.60869     17.371903     17.544243
   2.56728     17.537073     17.657511
   2.52587     17.466366     17.474935
   2.48446     17.537743     17.534110
   2.44306     17.887186     17.841629
   2.40165     17.926109     18.222420
   2.36024     17.932947     18.027137
   2.36024     17.932947     18.027137
   2.31883     17.928816     18.492391
   2.27743     17.953831     18.358156
   2.23602     17.929536     18.140866
   2.19461     17.832347     18.124469
   2.15320     18.083211     17.812129
   2.11179     18.420343     18.180005
   2.07039     18.047915     18.482200
   2.02898     17.942424     18.376187
   1.98757     17.754112     18.255009
   1.94616     18.149903     17.992536
   1.90476     17.842632     17.717665
   1.86335     17.775444     17.698097
   1.82194     17.826903     17.563163
   1.78053     17.428699     17.210657
   1.73912     17.021758     17.010730
   1.69772     16.931063     16.899818
   1.65631     16.807153     16.794482
   1.61490     16.558047     16.515245
   1.57349     16.544022     16.535798
   1.57349     16.544250     16.535390
   1.53209     16.438680     16.514133
   1.49068     16.462361     16.496115
   1.44927     16.540189     16.513974
   1.40786     16.569488     16.559808
   1.36646     16.612588     16.706584
   1.32505     16.760582     16.960038
   1.28364     17.088122     17.197376
   1.24223     17.319724     17.286000
   1.20082     17.385589     17.344678
   1.15942     17.450899     17.452917
   1.11801     17.121297     17.031189
   1.07660     17.488180     17.501253
   1.03519     17.301862     17.343247
   0.99379     17.160032     17.279774
   0.95238     17.133815     17.249489
   0.91097     17.211780     17.166735
   0.86956     17.323018     17.261852
   0.82815     17.231009     17.217581
   0.78675     17.121472     17.147559
   0.78675     17.125343     17.148355
   0.74534     16.869725     17.008866
   0.70393     16.675151     16.995050
   0.66252     16.604974     16.893259
   0.62112     16.579085     16.600208
   0.57971     16.244857     16.183341
   0.53830     15.970848     15.939904
   0.49689     15.914591     15.855769
   0.45549     15.911727     15.940098
   0.41408     15.994622     15.996826
   0.37267     15.868995     15.886873
   0.33126     15.704252     15.802997
   0.28985     15.748271     15.786557
   0.24845     15.623185     15.604405
   0.20704     15.505771     15.455063
   0.16563     15.488688     15.470383
   0.12422     15.466853     15.453061
   0.08282     15.468028     15.459990
   0.04141     15.471296     15.463097
   0.00000     15.553381     15.541323
 
# Band-Index   55
   0.00000     15.751143     15.750741
   0.04141     15.692656     15.463861
   0.08282     15.806994     15.630292
   0.12422     15.832372     15.854375
   0.16563     15.837486     15.908238
   0.20704     15.559539     15.545981
   0.24845     15.697515     15.682065
   0.28985     15.785232     15.844399
   0.33126     15.899439     15.911783
   0.37267     16.201505     16.195171
   0.41408     16.259368     16.280242
   0.45549     16.139638     16.012198
   0.49689     16.238640     16.358075
   0.53830     16.275026     16.414232
   0.57971     16.397291     16.504084
   0.62112     16.602395     16.663481
   0.66252     16.865311     17.011559
   0.70393     17.158967     17.169047
   0.74534     17.441011     17.443008
   0.78675     17.540868     17.471672
   0.78675     17.514941     17.444827
   0.82815     17.464172     17.412389
   0.86956     17.391490     17.338795
   0.91097     17.383975     17.366003
   0.95238     17.273478     17.284420
   0.99379     17.405302     17.446527
   1.03519     17.357313     17.472947
   1.07660     17.504739     17.532342
   1.11801     17.527592     17.484310
   1.15942     17.480259     17.511645
   1.20082     17.413952     17.350203
   1.24223     17.351079     17.291886
   1.28364     17.220100     17.222399
   1.32505     17.113903     17.139280
   1.36646     16.887651     17.053515
   1.40786     16.694878     16.866183
   1.44927     16.551838     16.714084
   1.49068     16.522294     16.603464
   1.53209     16.528589     16.537575
   1.57349     16.752576     16.748529
   1.57349     16.752445     16.748304
   1.61490     16.808025     16.776646
   1.65631     16.924201     16.841251
   1.69772     17.314581     17.289941
   1.73912     17.701267     17.795341
   1.78053     18.017289     18.323017
   1.82194     18.326377     18.691087
   1.86335     18.251262     18.737077
   1.90476     18.515590     18.342471
   1.94616     18.552797     18.817864
   1.98757     18.396257     18.315957
   2.02898     18.485878     18.702254
   2.07039     18.338364     18.755281
   2.11179     18.499860     18.604378
   2.15320     18.310486     18.277196
   2.19461     17.957616     18.347289
   2.23602     18.045825     18.371288
   2.27743     18.123706     18.424692
   2.31883     18.215523     18.687182
   2.36024     18.536024     18.292520
   2.36024     18.536024     18.292520
   2.40165     18.181403     18.250429
   2.44306     18.188634     18.190189
   2.48446     18.373007     18.236027
   2.52587     18.195079     18.270771
   2.56728     17.797025     17.939745
   2.60869     17.602238     17.599920
   2.65009     17.444096     17.391057
   2.69150     17.312890     17.207657
   2.73291     17.317884     17.188870
   2.77432     17.446253     17.298580
   2.81573     17.527898     17.406368
   2.85713     17.663541     17.502989
   2.89854     17.626020     17.578690
   2.93995     17.670563     17.501254
   2.98136     17.735792     17.636596
   3.02276     17.649588     17.605817
   3.06417     17.521617     17.495448
   3.10558     17.415998     17.435001
   3.14699     17.335158     17.378929
   3.14699     17.335158     17.378929
   3.20555     17.316764     17.371692
   3.26411     17.307167     17.329808
   3.32267     17.362207     17.027465
   3.38123     16.991881     16.999615
   3.43978     16.937769     16.902346
   3.49834     16.828070     16.742749
   3.55690     16.952186     16.899884
   3.61546     16.848314     17.454668
   3.67402     17.245763     17.261207
   3.73258     17.313355     17.382336
   3.79114     17.618314     17.921650
   3.84970     17.627400     17.641344
   3.90826     17.593502     17.569671
   3.96682     17.517340     17.545988
   4.02538     17.578907     17.523902
   4.08394     17.414186     17.380712
   4.14250     16.961917     16.914875
   4.20106     16.621567     16.924019
   4.25962     16.752445     16.748304
 
# Band-Index   56
   4.25962     16.805951     16.802995
   4.20106     17.257451     17.211770
   4.14250     17.747479     17.695733
   4.08394     17.531018     17.526283
   4.02538     17.590978     17.553908
   3.96682     17.891519     17.925357
   3.90826     17.966026     17.989998
   3.84970     17.856605     17.837910
   3.79114     17.932880     18.080441
   3.73258     18.160599     17.934476
   3.67402     18.300621     18.039518
   3.61546     17.379664     17.966578
   3.55690     17.032178     16.902129
   3.49834     16.974637     16.965075
   3.43978     17.117713     17.088423
   3.38123     17.366703     17.330467
   3.32267     17.650223     17.351298
   3.26411     17.662703     17.936824
   3.20555     17.698002     18.228738
   3.14699     17.720470     18.083128
   3.14699     17.720470     18.083128
   3.10558     17.694948     18.293452
   3.06417     18.045318     18.110985
   3.02276     17.955284     17.864167
   2.98136     17.817441     17.693626
   2.93995     17.808857     17.718693
   2.89854     17.851683     17.856586
   2.85713     17.717165     17.683711
   2.81573     17.720201     17.561665
   2.77432     17.809615     17.773261
   2.73291     18.061881     18.015196
   2.69150     18.318346     18.277317
   2.65009     18.242274     18.278241
   2.60869     18.068108     18.203246
   2.56728     18.193809     18.170148
   2.52587     18.400836     18.362255
   2.48446     18.517113     18.302973
   2.44306     18.352405     18.258965
   2.40165     18.217376     18.243249
   2.36024     18.543426     18.509048
   2.36024     18.543426     18.509048
   2.31883     18.330481     18.759755
   2.27743     18.161885     18.570568
   2.23602     18.125495     18.587033
   2.19461     18.318677     18.719158
   2.15320     18.818610     18.870273
   2.11179     18.961930     18.917225
   2.07039     18.664728     18.832649
   2.02898     18.579472     18.749118
   1.98757     18.510746     18.778722
   1.94616     19.048526     18.819014
   1.90476     18.719686     18.835260
   1.86335     18.484224     18.785356
   1.82194     18.591927     18.905353
   1.78053     18.685904     18.852365
   1.73912     18.351559     18.510779
   1.69772     18.111453     18.128123
   1.65631     17.643258     17.498655
   1.61490     17.124248     17.110493
   1.57349     16.805951     16.802995
   1.57349     16.805768     16.806589
   1.53209     16.560262     16.596968
   1.49068     16.833317     16.829830
   1.44927     17.043534     16.987048
   1.40786     17.082679     17.048316
   1.36646     17.072645     17.086571
   1.32505     17.118825     17.166886
   1.28364     17.285047     17.270058
   1.24223     17.435311     17.631521
   1.20082     17.690231     17.870256
   1.15942     17.780141     17.783260
   1.11801     17.659457     17.629248
   1.07660     17.673232     17.611439
   1.03519     17.469881     17.502785
   0.99379     17.651832     17.665510
   0.95238     17.694555     17.618876
   0.91097     17.567866     17.483361
   0.86956     17.483551     17.472897
   0.82815     17.576841     17.572310
   0.78675     17.586452     17.586560
   0.78675     17.612065     17.599823
   0.74534     17.753802     17.661685
   0.70393     17.630342     17.593526
   0.66252     17.138769     17.071971
   0.62112     16.679188     16.958325
   0.57971     16.629471     16.609921
   0.53830     16.723555     16.921294
   0.49689     16.787072     16.696392
   0.45549     16.244318     16.308843
   0.41408     16.410188     16.324766
   0.37267     16.302878     16.376488
   0.33126     16.153485     16.129167
   0.28985     15.904673     15.882422
   0.24845     15.793563     15.881274
   0.20704     15.822881     15.905104
   0.16563     16.190441     16.073098
   0.12422     15.972589     15.884009
   0.08282     15.907178     15.835176
   0.04141     15.778162     15.786105
   0.00000     15.785240     15.773300
 
# Band-Index   57
   0.00000     15.844359     15.835455
   0.04141     15.811989     15.893567
   0.08282     15.999077     16.067895
   0.12422     16.052223     16.065098
   0.16563     16.214957     16.072023
   0.20704     16.072262     16.082535
   0.24845     16.092724     16.100183
   0.28985     16.122260     16.123236
   0.33126     16.160216     16.154334
   0.37267     16.437899     16.466490
   0.41408     17.075498     17.236466
   0.45549     16.872905     16.824331
   0.49689     16.885145     17.272873
   0.53830     17.035002     17.188353
   0.57971     16.654532     17.123438
   0.62112     16.946931     17.069457
   0.66252     17.379308     17.309086
   0.70393     17.981407     18.008024
   0.74534     17.794611     17.812340
   0.78675     17.824213     17.782189
   0.78675     17.780614     17.755262
   0.82815     17.880561     17.851498
   0.86956     17.821380     17.852711
   0.91097     17.752752     17.793028
   0.95238     17.703065     17.758611
   0.99379     17.765861     17.766814
   1.03519     17.739918     17.681148
   1.07660     17.723679     17.816776
   1.11801     17.932488     17.640657
   1.15942     17.934435     18.310188
   1.20082     17.902225     17.955448
   1.24223     17.651762     17.746353
   1.28364     17.374717     17.499875
   1.32505     17.221076     17.268546
   1.36646     17.167551     17.119002
   1.40786     17.164716     17.098321
   1.44927     17.167493     17.084155
   1.49068     17.143365     17.054821
   1.53209     17.074397     17.016508
   1.57349     18.436519     18.432519
   1.57349     18.436448     18.431560
   1.61490     17.270746     17.232816
   1.65631     17.723243     17.681695
   1.69772     18.306702     18.149822
   1.73912     18.683510     18.640220
   1.78053     18.855704     18.851847
   1.82194     18.943611     19.025831
   1.86335     19.052743     19.189846
   1.90476     19.211771     19.048113
   1.94616     19.358056     19.099314
   1.98757     18.756410     19.161272
   2.02898     18.767297     19.050308
   2.07039     18.746559     18.978859
   2.11179     19.029286     19.078835
   2.15320     19.125542     19.029610
   2.19461     18.322447     19.168842
   2.23602     18.596414     19.173349
   2.27743     18.542524     18.674762
   2.31883     18.441300     18.887484
   2.36024     18.557014     18.525616
   2.36024     18.557014     18.525616
   2.40165     18.475817     18.267797
   2.44306     18.488087     18.814885
   2.48446     18.542584     18.710221
   2.52587     18.539981     18.410205
   2.56728     18.574526     18.450724
   2.60869     18.575229     18.472865
   2.65009     18.581193     18.446927
   2.69150     18.384175     18.328948
   2.73291     18.323240     18.331629
   2.77432     18.255134     18.287248
   2.81573     18.129785     18.179486
   2.85713     17.954218     17.996905
   2.89854     17.863714     17.980944
   2.93995     17.984523     18.202189
   2.98136     18.005505     18.277268
   3.02276     18.167393     18.350271
   3.06417     18.256126     18.332460
   3.10558     18.376191     18.243377
   3.14699     18.269923     18.426266
   3.14699     18.269923     18.426266
   3.20555     18.313480     18.265636
   3.26411     17.978859     18.237585
   3.32267     18.068118     17.584897
   3.38123     17.416248     17.319622
   3.43978     17.509837     17.391938
   3.49834     17.640049     17.446865
   3.55690     17.744788     17.483995
   3.61546     17.796412     18.426842
   3.67402     18.545935     18.334075
   3.73258     18.367089     18.357077
   3.79114     18.111140     18.125454
   3.84970     18.494747     18.562902
   3.90826     18.334722     18.368690
   3.96682     18.196046     18.236185
   4.02538     17.938117     17.623388
   4.08394     17.812980     17.814851
   4.14250     17.771016     17.775217
   4.20106     17.384906     18.166426
   4.25962     18.436448     18.431560
 
# Band-Index   58
   4.25962     18.484519     18.453788
   4.20106     18.194296     18.302541
   4.14250     18.086856     17.811871
   4.08394     18.178700     18.175805
   4.02538     18.452494     17.937699
   3.96682     18.698718     18.675172
   3.90826     19.154039     19.133994
   3.84970     18.633625     18.932869
   3.79114     18.490047     18.474146
   3.73258     18.648245     18.331863
   3.67402     18.684064     18.579129
   3.61546     18.407864     18.561928
   3.55690     18.510864     18.560565
   3.49834     18.555779     18.578781
   3.43978     18.756907     18.662898
   3.38123     18.514503     18.237917
   3.32267     18.374479     18.272833
   3.26411     18.567692     18.556448
   3.20555     18.531171     18.588054
   3.14699     18.425532     18.551276
   3.14699     18.425532     18.551276
   3.10558     18.350850     18.505331
   3.06417     18.301341     18.463577
   3.02276     18.470499     18.423192
   2.98136     18.575189     18.448339
   2.93995     18.493086     18.455629
   2.89854     18.204819     18.224205
   2.85713     18.060466     18.275676
   2.81573     18.192546     18.405597
   2.77432     18.425358     18.574026
   2.73291     18.728439     18.851854
   2.69150     18.870655     18.939949
   2.65009     18.581821     18.732678
   2.60869     18.650711     18.554803
   2.56728     18.689404     18.525954
   2.52587     18.588270     18.552510
   2.48446     18.756304     18.755425
   2.44306     19.092546     18.901182
   2.40165     19.486589     18.794337
   2.36024     18.905740     18.807096
   2.36024     18.905740     18.807096
   2.31883     18.645967     20.100175
   2.27743     18.703362     19.817410
   2.23602     18.680259     19.376382
   2.19461     18.712851     19.206709
   2.15320     19.776015     19.221798
   2.11179     19.366328     19.452985
   2.07039     18.969000     19.233821
   2.02898     19.013564     19.469825
   1.98757     19.078893     19.556003
   1.94616     19.508067     19.429414
   1.90476     19.503622     19.379344
   1.86335     19.463772     19.227656
   1.82194     19.075434     19.075958
   1.78053     18.871558     18.947284
   1.73912     18.977560     18.869780
   1.69772     18.678833     18.672398
   1.65631     18.513669     18.499590
   1.61490     18.451980     18.439541
   1.57349     18.484519     18.453788
   1.57349     18.480158     18.467858
   1.53209     17.401294     17.426576
   1.49068     17.395300     17.382705
   1.44927     17.440440     17.441346
   1.40786     17.440682     17.466217
   1.36646     17.492258     17.506510
   1.32505     17.530151     17.529316
   1.28364     17.658067     17.656573
   1.24223     17.842775     17.883792
   1.20082     17.937461     17.958129
   1.15942     18.233972     18.406902
   1.11801     18.074974     18.093476
   1.07660     18.223326     18.246235
   1.03519     17.821309     17.876396
   0.99379     17.877778     17.846881
   0.95238     17.789146     17.776620
   0.91097     17.899323     17.884041
   0.86956     17.986455     17.918311
   0.82815     17.911708     17.912815
   0.78675     17.896562     17.926137
   0.78675     17.905677     17.940027
   0.74534     17.861945     17.872940
   0.70393     18.036857     18.105401
   0.66252     17.965765     17.917850
   0.62112     17.395411     17.282863
   0.57971     17.564717     17.458314
   0.53830     17.586814     17.567243
   0.49689     17.353055     17.405758
   0.45549     17.053531     17.032736
   0.41408     17.139041     17.481986
   0.37267     16.817644     16.822719
   0.33126     16.868968     16.838924
   0.28985     17.141714     16.899063
   0.24845     16.782231     16.663677
   0.20704     16.697439     16.702382
   0.16563     16.548481     16.629459
   0.12422     16.254272     16.364246
   0.08282     16.049945     16.098215
   0.04141     16.049107     16.043144
   0.00000     16.812395     16.801508
 
# Band-Index   59
   0.00000     17.332113     17.321270
   0.04141     17.002727     16.985603
   0.08282     17.030415     17.015532
   0.12422     17.123009     17.084210
   0.16563     17.269394     17.228219
   0.20704     17.446145     17.413603
   0.24845     17.145159     17.139290
   0.28985     17.243948     17.180244
   0.33126     17.160351     17.100879
   0.37267     17.243711     17.481325
   0.41408     17.696591     17.628484
   0.45549     17.312824     17.405473
   0.49689     17.426658     18.023867
   0.53830     17.862968     17.834963
   0.57971     17.790246     17.667609
   0.62112     17.970368     17.998877
   0.66252     18.050711     18.000244
   0.70393     18.280144     18.114689
   0.74534     18.063483     17.994728
   0.78675     18.506632     18.448091
   0.78675     18.333590     18.307377
   0.82815     18.309591     18.287945
   0.86956     18.030755     18.039868
   0.91097     18.061951     18.030977
   0.95238     17.950587     17.927429
   0.99379     17.951328     18.037423
   1.03519     18.149735     18.053363
   1.07660     18.520853     18.610389
   1.11801     18.328526     18.319609
   1.15942     18.304453     18.742574
   1.20082     18.083409     18.150470
   1.24223     18.043286     18.095973
   1.28364     17.952848     18.056588
   1.32505     17.733567     17.841376
   1.36646     17.519325     17.597531
   1.40786     17.523868     17.550467
   1.44927     17.448112     17.444864
   1.49068     17.432477     17.423897
   1.53209     18.162602     18.110007
   1.57349     18.699880     18.697146
   1.57349     18.700084     18.696664
   1.61490     18.665394     18.714781
   1.65631     18.766907     18.761250
   1.69772     18.853244     18.881884
   1.73912     18.967667     18.906645
   1.78053     19.354997     19.359597
   1.82194     19.544327     19.649020
   1.86335     19.693510     19.523610
   1.90476     19.715344     19.845180
   1.94616     19.857515     19.893476
   1.98757     19.390993     19.652457
   2.02898     19.495729     19.531584
   2.07039     19.415353     19.715199
   2.11179     19.856175     19.656756
   2.15320     20.244157     19.858265
   2.19461     19.124381     19.650842
   2.23602     19.324679     19.765513
   2.27743     19.516171     19.918154
   2.31883     19.686746     20.193200
   2.36024     19.868260     19.805850
   2.36024     19.868260     19.805850
   2.40165     19.441247     19.503670
   2.44306     19.243713     19.233808
   2.48446     19.004618     19.128101
   2.52587     19.240170     18.999433
   2.56728     19.177476     19.097280
   2.60869     19.080012     19.209306
   2.65009     19.315029     19.355795
   2.69150     19.098691     19.117074
   2.73291     19.107070     19.138368
   2.77432     19.241696     19.227387
   2.81573     19.105755     19.065534
   2.85713     18.909834     18.867370
   2.89854     18.737485     18.686634
   2.93995     18.629021     18.552903
   2.98136     18.770317     18.744003
   3.02276     18.950303     18.847638
   3.06417     18.757622     18.877725
   3.10558     18.734714     18.808316
   3.14699     18.717649     18.723871
   3.14699     18.717649     18.723871
   3.20555     18.736854     18.804220
   3.26411     19.102482     18.841269
   3.32267     19.067940     18.772738
   3.38123     18.939076     18.781505
   3.43978     18.791517     18.731907
   3.49834     18.846804     18.786069
   3.55690     18.621936     18.600998
   3.61546     18.622216     18.739379
   3.67402     18.815946     18.845296
   3.73258     18.797568     18.717976
   3.79114     18.628902     18.681467
   3.84970     19.442926     19.559518
   3.90826     19.588070     19.579959
   3.96682     19.301457     19.233257
   4.02538     18.929269     18.442649
   4.08394     18.542743     18.416626
   4.14250     18.116838     18.061835
   4.20106     18.331735     18.629686
   4.25962     18.700084     18.696664
 
# Band-Index   60
   4.25962     18.994346     18.999414
   4.20106     18.704571     18.635955
   4.14250     18.782641     18.721616
   4.08394     18.948820     18.870801
   4.02538     19.205668     18.698784
   3.96682     19.497737     19.513536
   3.90826     19.593130     19.592487
   3.84970     19.631887     19.734545
   3.79114     19.206336     19.262990
   3.73258     19.026647     18.878534
   3.67402     19.176776     19.097481
   3.61546     18.734732     19.195102
   3.55690     18.806909     18.778997
   3.49834     18.850489     18.851662
   3.43978     18.897300     18.836973
   3.38123     18.988969     19.085309
   3.32267     19.121769     19.221608
   3.26411     19.245216     19.277538
   3.20555     19.211240     19.303855
   3.14699     19.209020     19.202130
   3.14699     19.209020     19.202130
   3.10558     19.209481     19.302780
   3.06417     19.232748     19.371548
   3.02276     19.252217     19.327284
   2.98136     19.543600     19.697146
   2.93995     19.899324     19.889428
   2.89854     19.757740     19.694429
   2.85713     19.626309     19.530711
   2.81573     19.481824     19.420003
   2.77432     19.425746     19.428139
   2.73291     19.588954     19.647041
   2.69150     19.546498     19.578507
   2.65009     19.389551     19.390440
   2.60869     19.671775     19.669759
   2.56728     19.751381     20.012331
   2.52587     19.358536     19.915603
   2.48446     19.349865     19.450704
   2.44306     19.394336     19.320793
   2.40165     19.657889     19.856542
   2.36024     20.091912     20.297483
   2.36024     20.091912     20.297483
   2.31883     20.165029     21.762136
   2.27743     19.964567     21.379063
   2.23602     20.074000     20.913626
   2.19461     20.029494     20.468397
   2.15320     20.274266     19.999009
   2.11179     20.251900     19.942728
   2.07039     19.792486     19.650822
   2.02898     19.684417     19.772396
   1.98757     19.636986     19.787958
   1.94616     20.334921     20.193774
   1.90476     20.243896     20.036412
   1.86335     19.858836     19.822546
   1.82194     19.608059     19.779249
   1.78053     19.376615     19.371207
   1.73912     19.207347     18.971112
   1.69772     19.040397     18.915749
   1.65631     18.907433     18.845847
   1.61490     18.765066     18.791483
   1.57349     18.994346     18.999414
   1.57349     19.000153     19.007099
   1.53209     18.411047     18.430932
   1.49068     18.301899     18.414610
   1.44927     18.216785     18.335212
   1.40786     18.351920     18.512514
   1.36646     18.731650     18.666183
   1.32505     18.699553     18.660599
   1.28364     18.660439     18.636228
   1.24223     18.566385     18.582918
   1.20082     18.428100     18.466712
   1.15942     18.406377     18.731912
   1.11801     18.636565     18.435787
   1.07660     18.715963     18.709778
   1.03519     18.154620     18.375326
   0.99379     18.583141     18.487082
   0.95238     18.354755     18.189500
   0.91097     18.181477     18.104565
   0.86956     18.181568     18.157044
   0.82815     18.544492     18.512033
   0.78675     18.355168     18.348318
   0.78675     18.513257     18.484668
   0.74534     18.111860     18.100316
   0.70393     18.941902     18.943869
   0.66252     18.520037     18.336265
   0.62112     18.131065     18.065840
   0.57971     17.857634     17.849236
   0.53830     18.145926     18.111240
   0.49689     18.032498     18.101032
   0.45549     17.471450     17.416492
   0.41408     18.050896     18.052474
   0.37267     17.513300     17.613519
   0.33126     17.419603     17.533125
   0.28985     17.492484     17.565360
   0.24845     17.407632     17.547429
   0.20704     17.564547     17.572449
   0.16563     17.619067     17.613483
   0.12422     17.539050     17.532888
   0.08282     17.500396     17.495890
   0.04141     17.451120     17.447254
   0.00000     17.429799     17.423125
 
# Band-Index   61
   0.00000     18.735712     18.724438
   0.04141     18.508905     18.523332
   0.08282     18.196106     18.339574
   0.12422     18.003409     18.148990
   0.16563     17.779230     17.943465
   0.20704     17.578115     17.724471
   0.24845     17.543880     17.577232
   0.28985     17.790264     17.733406
   0.33126     17.438737     17.776145
   0.37267     18.047412     18.054575
   0.41408     18.801771     18.757404
   0.45549     18.118328     18.138312
   0.49689     18.224741     18.335244
   0.53830     18.960568     18.951595
   0.57971     17.996807     18.001712
   0.62112     18.199175     18.112305
   0.66252     18.484525     18.397267
   0.70393     19.328410     19.310378
   0.74534     18.211971     18.197490
   0.78675     18.516827     18.526718
   0.78675     18.446438     18.427458
   0.82815     18.730329     18.702347
   0.86956     18.231645     18.232327
   0.91097     18.533108     18.519581
   0.95238     18.602111     18.587759
   0.99379     18.913841     18.904004
   1.03519     18.569627     18.546281
   1.07660     18.826821     18.847263
   1.11801     18.715766     18.596909
   1.15942     18.943854     19.231506
   1.20082     19.051125     18.969752
   1.24223     18.923831     18.943517
   1.28364     18.912087     18.895162
   1.32505     19.001600     18.945962
   1.36646     18.776562     18.730311
   1.40786     18.792851     18.775671
   1.44927     18.699732     18.643204
   1.49068     18.449084     18.410928
   1.53209     18.586511     18.624484
   1.57349     19.053474     19.052758
   1.57349     19.052372     19.035639
   1.61490     19.072807     18.992663
   1.65631     19.067209     18.909884
   1.69772     19.052102     18.967934
   1.73912     19.156274     19.156078
   1.78053     19.507753     19.443883
   1.82194     19.969678     19.788436
   1.86335     19.957853     20.178365
   1.90476     20.255650     20.080163
   1.94616     20.791516     20.386875
   1.98757     19.823095     20.614344
   2.02898     19.869339     20.690354
   2.07039     20.106586     20.689394
   2.11179     20.868771     20.579588
   2.15320     20.808355     20.703570
   2.19461     20.243957     21.149426
   2.23602     20.139422     21.581422
   2.27743     20.182348     21.944168
   2.31883     20.309719     22.215612
   2.36024     21.222683     20.493389
   2.36024     21.222683     20.493389
   2.40165     21.440753     19.888356
   2.44306     21.196365     19.785060
   2.48446     19.791160     19.880876
   2.52587     20.214449     20.324501
   2.56728     20.192936     20.265805
   2.60869     20.111666     20.205865
   2.65009     19.987723     20.085780
   2.69150     19.787656     19.874825
   2.73291     19.754840     19.813816
   2.77432     20.043531     20.011790
   2.81573     20.341706     20.202722
   2.85713     20.259698     20.099791
   2.89854     20.148120     19.963281
   2.93995     19.944337     19.906407
   2.98136     19.882765     19.829074
   3.02276     19.707150     19.652606
   3.06417     19.493855     19.491238
   3.10558     19.463215     19.427636
   3.14699     19.463189     19.418217
   3.14699     19.463189     19.418217
   3.20555     19.460104     19.394540
   3.26411     19.386972     19.478275
   3.32267     19.344291     19.410344
   3.38123     19.129988     19.209677
   3.43978     19.078116     19.124759
   3.49834     19.099391     18.994497
   3.55690     19.171958     19.154219
   3.61546     19.128507     19.246270
   3.67402     20.062661     19.038296
   3.73258     20.117076     19.091722
   3.79114     20.158312     20.128394
   3.84970     19.869705     19.955080
   3.90826     19.746156     19.606483
   3.96682     19.629564     19.526046
   4.02538     19.511346     19.019207
   4.08394     19.221582     19.196225
   4.14250     18.961501     18.938641
   4.20106     18.792107     19.348841
   4.25962     19.052372     19.035639
 
# Band-Index   62
   4.25962     19.098980     19.090172
   4.20106     19.574998     19.461909
   4.14250     20.137921     19.895851
   4.08394     20.304811     20.255464
   4.02538     20.110947     19.566971
   3.96682     19.955709     19.888585
   3.90826     20.080606     20.171006
   3.84970     19.935801     20.026568
   3.79114     20.201169     20.346858
   3.73258     20.629097     20.378489
   3.67402     20.759833     20.403849
   3.61546     19.266245     20.463019
   3.55690     19.252157     19.215492
   3.49834     19.157874     19.217137
   3.43978     19.112888     19.202455
   3.38123     19.320604     19.335103
   3.32267     19.446101     19.676046
   3.26411     19.774734     19.794921
   3.20555     19.660280     20.041798
   3.14699     19.759922     20.138811
   3.14699     19.759922     20.138811
   3.10558     19.752276     20.083547
   3.06417     19.883179     19.956512
   3.02276     20.072270     19.852753
   2.98136     20.007361     19.893485
   2.93995     20.026124     19.942476
   2.89854     20.236997     20.154968
   2.85713     20.389038     20.350195
   2.81573     20.360914     20.280509
   2.77432     20.471912     20.376452
   2.73291     20.530864     20.503597
   2.69150     20.564401     20.605055
   2.65009     20.496196     20.634531
   2.60869     20.238434     20.502702
   2.56728     20.207987     20.276894
   2.52587     20.458433     20.425910
   2.48446     20.818119     20.758438
   2.44306     21.382698     20.957249
   2.40165     21.717188     21.139224
   2.36024     21.102700     21.060605
   2.36024     21.102700     21.060605
   2.31883     21.245126     22.422718
   2.27743     21.259978     21.999925
   2.23602     20.919860     21.591499
   2.19461     20.526280     21.200653
   2.15320     21.156239     20.846089
   2.11179     21.151856     20.816633
   2.07039     20.147737     20.928021
   2.02898     20.331361     21.071134
   1.98757     19.922489     20.945337
   1.94616     21.358856     20.835908
   1.90476     21.096885     20.639709
   1.86335     20.490089     20.383590
   1.82194     20.115726     20.232311
   1.78053     20.093530     20.299906
   1.73912     20.282751     20.370669
   1.69772     20.295587     20.221876
   1.65631     19.960185     19.806822
   1.61490     19.339308     19.223159
   1.57349     19.098980     19.090172
   1.57349     19.099147     19.091056
   1.53209     18.813237     18.805671
   1.49068     18.671157     18.657197
   1.44927     18.790528     18.723015
   1.40786     18.793992     18.781784
   1.36646     19.285413     19.183515
   1.32505     19.123211     19.205965
   1.28364     19.101629     19.112948
   1.24223     19.294822     19.247791
   1.20082     19.170907     19.026051
   1.15942     19.169689     19.305551
   1.11801     18.882253     18.736464
   1.07660     19.082619     19.060699
   1.03519     18.758573     18.644085
   0.99379     18.979323     19.162388
   0.95238     18.729286     18.829891
   0.91097     18.791689     18.878698
   0.86956     18.433606     18.418194
   0.82815     19.568063     19.577030
   0.78675     18.503928     18.500336
   0.78675     19.637579     19.645694
   0.74534     18.493273     18.484436
   0.70393     19.435550     19.413266
   0.66252     18.762127     18.620896
   0.62112     18.281290     18.476580
   0.57971     18.237592     18.462314
   0.53830     19.308966     19.485758
   0.49689     18.468748     19.130467
   0.45549     18.754161     18.678223
   0.41408     18.999873     18.921002
   0.37267     18.249310     18.086103
   0.33126     17.914551     17.921999
   0.28985     17.979420     17.802865
   0.24845     17.626357     17.606177
   0.20704     18.046804     18.049337
   0.16563     18.385827     18.148135
   0.12422     18.515077     18.254193
   0.08282     18.590740     18.389261
   0.04141     18.773764     18.794691
   0.00000     19.229617     19.227692
 
# Band-Index   63
   0.00000     19.230848     19.229367
   0.04141     18.994577     18.984057
   0.08282     18.932655     19.019653
   0.12422     18.671854     18.787060
   0.16563     18.679753     18.612834
   0.20704     18.477523     18.502402
   0.24845     18.139238     18.086948
   0.28985     18.870462     18.034952
   0.33126     17.966779     18.309310
   0.37267     18.604601     18.491738
   0.41408     19.181887     19.136344
   0.45549     19.028661     18.833529
   0.49689     19.192472     19.352917
   0.53830     19.652030     19.590959
   0.57971     18.495230     18.472532
   0.62112     18.742609     18.769470
   0.66252     18.851053     18.812594
   0.70393     19.484415     19.459841
   0.74534     19.244758     18.983034
   0.78675     19.674945     19.701802
   0.78675     18.569234     18.542687
   0.82815     19.647490     19.625323
   0.86956     18.944628     18.922366
   0.91097     19.150384     19.187930
   0.95238     19.080538     19.200226
   0.99379     19.184948     19.529914
   1.03519     18.944269     19.245617
   1.07660     19.224209     19.472312
   1.11801     19.114318     18.958725
   1.15942     19.322516     19.365174
   1.20082     19.365733     19.180363
   1.24223     19.367348     19.406742
   1.28364     19.459456     19.423682
   1.32505     19.378453     19.281886
   1.36646     19.298833     19.237904
   1.40786     19.403323     19.427725
   1.44927     19.366866     19.252887
   1.49068     18.888622     18.878546
   1.53209     18.835139     18.842562
   1.57349     20.975941     20.975817
   1.57349     20.974885     20.974904
   1.61490     19.525440     19.488737
   1.65631     20.048489     19.886618
   1.69772     20.548461     20.317578
   1.73912     20.638462     20.697604
   1.78053     20.527957     20.815854
   1.82194     20.532974     20.865470
   1.86335     20.721355     20.918139
   1.90476     21.237164     20.700876
   1.94616     21.575104     21.107724
   1.98757     20.697582     21.142890
   2.02898     20.601830     21.232464
   2.07039     20.882953     21.565581
   2.11179     22.107203     21.940289
   2.15320     22.475302     21.779446
   2.19461     21.156706     21.910309
   2.23602     21.397333     22.142102
   2.27743     21.646640     22.414771
   2.31883     21.864299     22.768618
   2.36024     22.079086     21.918961
   2.36024     22.079086     21.918961
   2.40165     21.822240     21.567140
   2.44306     21.904636     21.201579
   2.48446     22.261104     20.899644
   2.52587     21.859344     20.863266
   2.56728     21.556283     21.685728
   2.60869     21.429135     21.173528
   2.65009     21.285404     21.263289
   2.69150     21.197072     21.270418
   2.73291     21.237784     21.210707
   2.77432     21.166604     21.220606
   2.81573     20.960926     20.820941
   2.85713     20.993008     20.901245
   2.89854     21.306725     20.462064
   2.93995     20.818167     20.140504
   2.98136     20.170025     20.074679
   3.02276     20.041412     20.314661
   3.06417     20.044003     20.408803
   3.10558     20.107589     20.434134
   3.14699     20.145112     20.296444
   3.14699     20.145112     20.296444
   3.20555     20.046997     20.382009
   3.26411     20.438024     20.161152
   3.32267     20.246491     19.821799
   3.38123     20.718023     20.037407
   3.43978     20.913562     20.316759
   3.49834     20.672094     20.448297
   3.55690     20.375108     20.394433
   3.61546     19.794729     21.161947
   3.67402     21.090092     21.093692
   3.73258     21.383465     20.888221
   3.79114     20.806855     20.933800
   3.84970     20.586528     20.868858
   3.90826     20.739332     20.734713
   3.96682     20.316075     20.271277
   4.02538     20.227027     19.677703
   4.08394     20.389968     20.313068
   4.14250     20.304641     19.972426
   4.20106     20.372106     20.815384
   4.25962     20.974885     20.974904
 
# Band-Index   64
   4.25962     21.106136     21.088684
   4.20106     20.899343     20.822548
   4.14250     20.702678     20.786002
   4.08394     20.695316     20.521696
   4.02538     20.902178     19.679617
   3.96682     20.786667     20.981906
   3.90826     20.831058     21.012953
   3.84970     21.167566     21.141518
   3.79114     21.247657     21.187434
   3.73258     21.392548     21.399666
   3.67402     22.072151     22.065520
   3.61546     20.334329     21.195105
   3.55690     20.870487     20.558021
   3.49834     20.870281     20.542455
   3.43978     21.076148     20.653102
   3.38123     20.986704     20.301142
   3.32267     21.028758     21.468147
   3.26411     21.021575     21.368997
   3.20555     20.906914     21.139253
   3.14699     21.088383     20.965474
   3.14699     21.088383     20.965474
   3.10558     21.088624     21.262386
   3.06417     21.081361     21.377776
   3.02276     21.249707     21.395266
   2.98136     21.355132     21.280118
   2.93995     21.454197     21.261741
   2.89854     21.546067     21.234789
   2.85713     21.625864     21.019900
   2.81573     21.418004     21.139674
   2.77432     21.455256     21.357856
   2.73291     21.424606     21.625051
   2.69150     21.698193     21.848304
   2.65009     22.362269     22.033904
   2.60869     22.540401     22.208849
   2.56728     22.248139     22.235633
   2.52587     22.316296     22.100945
   2.48446     22.459324     22.187050
   2.44306     22.469484     22.269446
   2.40165     22.576588     22.346821
   2.36024     22.596753     22.390495
   2.36024     22.596753     22.390495
   2.31883     22.434932     23.487907
   2.27743     22.069769     23.281426
   2.23602     21.716265     23.014853
   2.19461     21.381218     22.704948
   2.15320     23.407323     22.339220
   2.11179     23.242032     22.950860
   2.07039     21.380132     22.553144
   2.02898     21.344596     21.945664
   1.98757     21.241122     21.350210
   1.94616     21.784991     21.739163
   1.90476     21.839668     21.266363
   1.86335     21.980903     21.048439
   1.82194     21.727660     21.785456
   1.78053     21.380222     21.364410
   1.73912     21.011294     20.849309
   1.69772     20.730337     20.819715
   1.65631     20.869446     20.861973
   1.61490     20.962560     20.950810
   1.57349     21.106136     21.088684
   1.57349     21.101835     21.098963
   1.53209     19.397143     19.293219
   1.49068     19.295527     19.329282
   1.44927     19.496791     19.281987
   1.40786     19.581844     19.517507
   1.36646     19.723826     19.523899
   1.32505     19.940370     19.788049
   1.28364     19.748463     19.528298
   1.24223     19.672576     19.539435
   1.20082     19.488173     19.346193
   1.15942     19.373103     19.683241
   1.11801     19.519421     19.174733
   1.07660     19.480239     19.752003
   1.03519     19.440913     19.574959
   0.99379     19.550198     19.666676
   0.95238     19.481997     19.436123
   0.91097     19.308634     19.329642
   0.86956     19.007582     18.995069
   0.82815     19.979957     19.913492
   0.78675     18.770653     18.737496
   0.78675     19.926751     19.806742
   0.74534     19.336125     19.329795
   0.70393     19.569717     19.538890
   0.66252     19.420307     19.376461
   0.62112     18.814373     18.785205
   0.57971     18.805513     18.791309
   0.53830     20.042896     19.870081
   0.49689     19.761424     19.865746
   0.45549     19.568914     19.507004
   0.41408     19.757797     19.675672
   0.37267     19.142113     19.125935
   0.33126     18.506071     19.152650
   0.28985     19.619582     18.900662
   0.24845     18.325872     18.230238
   0.20704     18.572569     18.626962
   0.16563     18.798881     18.798757
   0.12422     19.021358     19.063743
   0.08282     19.220049     19.244663
   0.04141     19.424208     19.324106
   0.00000     19.671600     19.668054
