#K-Path(1/A)         Spin-Up(eV)   Spin-down(eV)
# NKPTS & NBANDS: 100  64
# Band-Index    1
   0.00000    -12.618455    -12.618450
   0.03539    -12.621145    -12.620719
   0.07078    -12.629115    -12.627447
   0.10618    -12.642076    -12.638398
   0.14157    -12.659562    -12.653198
   0.17696    -12.680965    -12.671349
   0.21235    -12.705565    -12.692259
   0.24774    -12.732568    -12.715270
   0.28314    -12.761139    -12.739682
   0.31853    -12.790438    -12.764783
   0.35392    -12.819647    -12.789873
   0.38931    -12.847988    -12.814278
   0.42470    -12.874742    -12.837372
   0.46010    -12.899263    -12.858584
   0.49549    -12.920983    -12.877408
   0.53088    -12.939417    -12.893410
   0.56627    -12.954168    -12.906231
   0.60166    -12.964925    -12.915590
   0.63705    -12.971468    -12.921287
   0.67245    -12.973663    -12.923199
   0.67245    -12.973663    -12.923199
   0.70784    -12.986543    -12.941355
   0.74323    -13.019550    -12.982926
   0.77862    -13.063690    -13.033806
   0.81401    -13.113283    -13.088367
   0.84941    -13.165288    -13.144225
   0.88480    -13.217924    -13.200030
   0.92019    -13.269988    -13.254821
   0.95558    -13.320572    -13.307818
   0.99097    -13.368933    -13.358347
   1.02637    -13.414440    -13.405813
   1.06176    -13.456550    -13.449685
   1.09715    -13.494785    -13.489491
   1.13254    -13.528735    -13.524819
   1.16793    -13.558049    -13.555312
   1.20332    -13.582430    -13.580669
   1.23872    -13.601640    -13.600645
   1.27411    -13.615493    -13.615049
   1.30950    -13.623858    -13.623746
   1.34489    -13.626655    -13.626653
   1.34489    -13.626655    -13.626653
   1.38028    -13.623747    -13.623856
   1.41568    -13.615050    -13.615492
   1.45107    -13.600646    -13.601639
   1.48646    -13.580670    -13.582428
   1.52185    -13.555313    -13.558047
   1.55724    -13.524820    -13.528733
   1.59264    -13.489492    -13.494782
   1.62803    -13.449684    -13.456546
   1.66342    -13.405812    -13.414436
   1.69881    -13.358346    -13.368928
   1.73420    -13.307816    -13.320566
   1.76959    -13.254819    -13.269982
   1.80499    -13.200028    -13.217917
   1.84038    -13.144222    -13.165281
   1.87577    -13.088364    -13.113275
   1.91116    -13.033803    -13.063680
   1.94655    -12.982923    -13.019538
   1.98195    -12.941352    -12.986530
   2.01734    -12.923197    -12.973649
   2.01734    -12.923197    -12.973649
   2.05273    -12.921285    -12.971453
   2.08812    -12.915588    -12.964910
   2.12351    -12.906229    -12.954153
   2.15891    -12.893408    -12.939403
   2.19430    -12.877407    -12.920970
   2.22969    -12.858584    -12.899250
   2.26508    -12.837372    -12.874730
   2.30047    -12.814279    -12.847976
   2.33587    -12.789874    -12.819636
   2.37126    -12.764785    -12.790428
   2.40665    -12.739684    -12.761129
   2.44204    -12.715273    -12.732559
   2.47743    -12.692263    -12.705557
   2.51282    -12.671353    -12.680958
   2.54822    -12.653203    -12.659555
   2.58361    -12.638403    -12.642070
   2.61900    -12.627452    -12.629110
   2.65439    -12.620724    -12.621140
   2.68978    -12.618455    -12.618450
   2.68978    -12.618455    -12.618450
   2.73984    -12.624195    -12.624190
   2.78989    -12.645957    -12.645953
   2.83994    -12.685564    -12.685561
   2.88999    -12.739999    -12.739997
   2.94004    -12.806128    -12.806126
   2.99009    -12.880972    -12.880970
   3.04015    -12.961638    -12.961636
   3.09020    -13.045373    -13.045372
   3.14025    -13.129638    -13.129636
   3.19030    -13.212144    -13.212143
   3.24035    -13.290880    -13.290878
   3.29040    -13.364103    -13.364102
   3.34046    -13.430335    -13.430334
   3.39051    -13.488340    -13.488339
   3.44056    -13.537110    -13.537108
   3.49061    -13.575843    -13.575841
   3.54066    -13.603932    -13.603931
   3.59071    -13.620954    -13.620952
   3.64077    -13.626655    -13.626653
 
# Band-Index    2
   3.64077    -12.378383    -12.378385
   3.59071    -12.379963    -12.379965
   3.54066    -12.384650    -12.384652
   3.49061    -12.392297    -12.392299
   3.44056    -12.402667    -12.402669
   3.39051    -12.415438    -12.415440
   3.34046    -12.430223    -12.430226
   3.29040    -12.446583    -12.446585
   3.24035    -12.464036    -12.464039
   3.19030    -12.482084    -12.482087
   3.14025    -12.500221    -12.500224
   3.09020    -12.517946    -12.517949
   3.04015    -12.534778    -12.534781
   2.99009    -12.550257    -12.550260
   2.94004    -12.563945    -12.563949
   2.88999    -12.575402    -12.575406
   2.83994    -12.584096    -12.584101
   2.78989    -12.589145    -12.589151
   2.73984    -12.589366    -12.589373
   2.68978    -12.587786    -12.587793
   2.68978    -12.587786    -12.587793
   2.65439    -12.589070    -12.588887
   2.61900    -12.592881    -12.592133
   2.58361    -12.599100    -12.597431
   2.54822    -12.607528    -12.604615
   2.51282    -12.617906    -12.613468
   2.47743    -12.629916    -12.623721
   2.44204    -12.643198    -12.635071
   2.40665    -12.657365    -12.647189
   2.37126    -12.672011    -12.659729
   2.33587    -12.686729    -12.672345
   2.30047    -12.701122    -12.684694
   2.26508    -12.714807    -12.696447
   2.22969    -12.727435    -12.707301
   2.19430    -12.738687    -12.716981
   2.15891    -12.748284    -12.725243
   2.12351    -12.755996    -12.731885
   2.08812    -12.761638    -12.736746
   2.05273    -12.765076    -12.739710
   2.01734    -12.766231    -12.740705
   2.01734    -12.766231    -12.740705
   1.98195    -12.750241    -12.729794
   1.94655    -12.715108    -12.702644
   1.91116    -12.674759    -12.668092
   1.87577    -12.634536    -12.631568
   1.84038    -12.596427    -12.595764
   1.80499    -12.561292    -12.562026
   1.76959    -12.529523    -12.531046
   1.73420    -12.501261    -12.503161
   1.69881    -12.476499    -12.478491
   1.66342    -12.455122    -12.457018
   1.62803    -12.436945    -12.438627
   1.59264    -12.421739    -12.423141
   1.55724    -12.409247    -12.410345
   1.52185    -12.399212    -12.400012
   1.48646    -12.391388    -12.391918
   1.45107    -12.385552    -12.385859
   1.41568    -12.381522    -12.381662
   1.38028    -12.379161    -12.379198
   1.34489    -12.378383    -12.378385
   1.34489    -12.378383    -12.378385
   1.30950    -12.379196    -12.379163
   1.27411    -12.381660    -12.381524
   1.23872    -12.385857    -12.385554
   1.20332    -12.391917    -12.391390
   1.16793    -12.400011    -12.399215
   1.13254    -12.410344    -12.409250
   1.09715    -12.423140    -12.421742
   1.06176    -12.438626    -12.436950
   1.02637    -12.457018    -12.455127
   0.99097    -12.478491    -12.476504
   0.95558    -12.503160    -12.501267
   0.92019    -12.531046    -12.529528
   0.88480    -12.562026    -12.561298
   0.84941    -12.595763    -12.596434
   0.81401    -12.631567    -12.634543
   0.77862    -12.668090    -12.674767
   0.74323    -12.702640    -12.715116
   0.70784    -12.729788    -12.750250
   0.67245    -12.740698    -12.766240
   0.67245    -12.740698    -12.766240
   0.63705    -12.739704    -12.765086
   0.60166    -12.736740    -12.761647
   0.56627    -12.731878    -12.756005
   0.53088    -12.725236    -12.748293
   0.49549    -12.716974    -12.738696
   0.46010    -12.707295    -12.727444
   0.42470    -12.696440    -12.714816
   0.38931    -12.684687    -12.701130
   0.35392    -12.672338    -12.686738
   0.31853    -12.659722    -12.672019
   0.28314    -12.647182    -12.657373
   0.24774    -12.635064    -12.643206
   0.21235    -12.623714    -12.629924
   0.17696    -12.613461    -12.617914
   0.14157    -12.604608    -12.607536
   0.10618    -12.597423    -12.599107
   0.07078    -12.592125    -12.592889
   0.03539    -12.588879    -12.589077
   0.00000    -12.587786    -12.587793
 
# Band-Index    3
   0.00000    -11.612613    -11.612620
   0.03539    -11.612672    -11.612603
   0.07078    -11.612849    -11.612551
   0.10618    -11.613137    -11.612465
   0.14157    -11.613531    -11.612350
   0.17696    -11.614017    -11.612207
   0.21235    -11.614584    -11.612041
   0.24774    -11.615217    -11.611856
   0.28314    -11.615897    -11.611659
   0.31853    -11.616606    -11.611454
   0.35392    -11.617326    -11.611247
   0.38931    -11.618035    -11.611043
   0.42470    -11.618715    -11.610848
   0.46010    -11.619348    -11.610668
   0.49549    -11.619915    -11.610507
   0.53088    -11.620403    -11.610370
   0.56627    -11.620796    -11.610259
   0.60166    -11.621085    -11.610177
   0.63705    -11.621262    -11.610128
   0.67245    -11.621321    -11.610111
   0.67245    -11.621321    -11.610111
   0.70784    -11.621376    -11.610244
   0.74323    -11.621542    -11.610641
   0.77862    -11.621813    -11.611288
   0.81401    -11.622182    -11.612171
   0.84941    -11.622639    -11.613262
   0.88480    -11.623171    -11.614532
   0.92019    -11.623764    -11.615946
   0.95558    -11.624402    -11.617465
   0.99097    -11.625067    -11.619046
   1.02637    -11.625742    -11.620647
   1.06176    -11.626408    -11.622224
   1.09715    -11.627046    -11.623734
   1.13254    -11.627639    -11.625136
   1.16793    -11.628171    -11.626393
   1.20332    -11.628629    -11.627470
   1.23872    -11.628998    -11.628340
   1.27411    -11.629270    -11.628978
   1.30950    -11.629436    -11.629368
   1.34489    -11.629491    -11.629499
   1.34489    -11.629491    -11.629499
   1.38028    -11.629361    -11.629444
   1.41568    -11.628971    -11.629278
   1.45107    -11.628332    -11.629006
   1.48646    -11.627462    -11.628637
   1.52185    -11.626385    -11.628179
   1.55724    -11.625128    -11.627647
   1.59264    -11.623726    -11.627054
   1.62803    -11.622216    -11.626415
   1.66342    -11.620639    -11.625749
   1.69881    -11.619038    -11.625075
   1.73420    -11.617456    -11.624409
   1.76959    -11.615938    -11.623771
   1.80499    -11.614524    -11.623178
   1.84038    -11.613254    -11.622646
   1.87577    -11.612162    -11.622189
   1.91116    -11.611280    -11.621819
   1.94655    -11.610633    -11.621549
   1.98195    -11.610236    -11.621383
   2.01734    -11.610103    -11.621328
   2.01734    -11.610103    -11.621328
   2.05273    -11.610120    -11.621269
   2.08812    -11.610169    -11.621092
   2.12351    -11.610250    -11.620803
   2.15891    -11.610362    -11.620410
   2.19430    -11.610499    -11.619922
   2.22969    -11.610660    -11.619354
   2.26508    -11.610840    -11.618722
   2.30047    -11.611035    -11.618042
   2.33587    -11.611239    -11.617333
   2.37126    -11.611446    -11.616613
   2.40665    -11.611651    -11.615904
   2.44204    -11.611849    -11.615224
   2.47743    -11.612033    -11.614592
   2.51282    -11.612199    -11.614025
   2.54822    -11.612342    -11.613538
   2.58361    -11.612458    -11.613145
   2.61900    -11.612543    -11.612856
   2.65439    -11.612595    -11.612680
   2.68978    -11.612613    -11.612620
   2.68978    -11.612613    -11.612620
   2.73984    -11.612655    -11.612663
   2.78989    -11.612787    -11.612795
   2.83994    -11.613022    -11.613029
   2.88999    -11.613380    -11.613387
   2.94004    -11.613885    -11.613893
   2.99009    -11.614560    -11.614567
   3.04015    -11.615419    -11.615427
   3.09020    -11.616471    -11.616479
   3.14025    -11.617708    -11.617716
   3.19030    -11.619106    -11.619114
   3.24035    -11.620628    -11.620636
   3.29040    -11.622219    -11.622227
   3.34046    -11.623813    -11.623821
   3.39051    -11.625337    -11.625345
   3.44056    -11.626716    -11.626724
   3.49061    -11.627877    -11.627885
   3.54066    -11.628757    -11.628764
   3.59071    -11.629305    -11.629313
   3.64077    -11.629491    -11.629499
 
# Band-Index    4
   3.64077     -3.912468     -3.912463
   3.59071     -3.934524     -3.934519
   3.54066     -3.986054     -3.986049
   3.49061     -4.068486     -4.068481
   3.44056     -4.179648     -4.179642
   3.39051     -4.311190     -4.311184
   3.34046     -4.455680     -4.455673
   3.29040     -4.606962     -4.606956
   3.24035     -4.759934     -4.759927
   3.19030     -4.910377     -4.910370
   3.14025     -5.054811     -5.054803
   3.09020     -5.190374     -5.190366
   3.04015     -5.314718     -5.314710
   2.99009     -5.425925     -5.425918
   2.94004     -5.522443     -5.522436
   2.88999     -5.603038     -5.603031
   2.83994     -5.666775     -5.666770
   2.78989     -5.713061     -5.713058
   2.73984     -5.741912     -5.741916
   2.68978     -5.752743     -5.752753
   2.68978     -5.752743     -5.752753
   2.65439     -5.744788     -5.747160
   2.61900     -5.724172     -5.730686
   2.58361     -5.701368     -5.703638
   2.54822     -5.671622     -5.666333
   2.51282     -5.634927     -5.619231
   2.47743     -5.592237     -5.562942
   2.44204     -5.544744     -5.498223
   2.40665     -5.493805     -5.425981
   2.37126     -5.440895     -5.347284
   2.33587     -5.387556     -5.263397
   2.30047     -5.335337     -5.175817
   2.26508     -5.285737     -5.086348
   2.22969     -5.240127     -4.997185
   2.19430     -5.199708     -4.911034
   2.15891     -5.165463     -4.831227
   2.12351     -5.138147     -4.761780
   2.08812     -5.118299     -4.707240
   2.05273     -5.106264     -4.672143
   2.01734     -5.102232     -4.659996
   2.01734     -5.102232     -4.659996
   1.98195     -5.096309     -4.656902
   1.94655     -5.078603     -4.647509
   1.91116     -5.049299     -4.631515
   1.87577     -5.008729     -4.608545
   1.84038     -4.957385     -4.578283
   1.80499     -4.895948     -4.540597
   1.76959     -4.825318     -4.495642
   1.73420     -4.746636     -4.443915
   1.69881     -4.661307     -4.386284
   1.66342     -4.571008     -4.323986
   1.62803     -4.477693     -4.258618
   1.59264     -4.383563     -4.192080
   1.55724     -4.291009     -4.126507
   1.52185     -4.202513     -4.064159
   1.48646     -4.120502     -4.007241
   1.45107     -4.047181     -3.957670
   1.41568     -3.984540     -3.917015
   1.38028     -3.935513     -3.911236
   1.34489     -3.912468     -3.912463
   1.34489     -3.912468     -3.912463
   1.30950     -3.911241     -3.935509
   1.27411     -3.917010     -3.984534
   1.23872     -3.957664     -4.047173
   1.20332     -4.007234     -4.120491
   1.16793     -4.064150     -4.202498
   1.13254     -4.126496     -4.290990
   1.09715     -4.192067     -4.383541
   1.06176     -4.258602     -4.477666
   1.02637     -4.323968     -4.570977
   0.99097     -4.386263     -4.661272
   0.95558     -4.443891     -4.746597
   0.92019     -4.495616     -4.825276
   0.88480     -4.540568     -4.895902
   0.84941     -4.578252     -4.957336
   0.81401     -4.608512     -5.008678
   0.77862     -4.631479     -5.049246
   0.74323     -4.647472     -5.078548
   0.70784     -4.656865     -5.096253
   0.67245     -4.659958     -5.102176
   0.67245     -4.659958     -5.102176
   0.63705     -4.672106     -5.106208
   0.60166     -4.707205     -5.118244
   0.56627     -4.761747     -5.138093
   0.53088     -4.831197     -5.165409
   0.49549     -4.911006     -5.199656
   0.46010     -4.997160     -5.240077
   0.42470     -5.086326     -5.285688
   0.38931     -5.175797     -5.335290
   0.35392     -5.263378     -5.387510
   0.31853     -5.347267     -5.440852
   0.28314     -5.425965     -5.493764
   0.24774     -5.498209     -5.544704
   0.21235     -5.562928     -5.592199
   0.17696     -5.619218     -5.634890
   0.14157     -5.666321     -5.671586
   0.10618     -5.703626     -5.701334
   0.07078     -5.730674     -5.724148
   0.03539     -5.747150     -5.744796
   0.00000     -5.752743     -5.752753
 
# Band-Index    5
   0.00000     -5.740112     -5.740079
   0.03539     -5.730142     -5.735420
   0.07078     -5.700154     -5.718477
   0.10618     -5.650503     -5.679490
   0.14157     -5.581974     -5.624476
   0.17696     -5.495612     -5.555165
   0.21235     -5.392692     -5.472739
   0.24774     -5.274716     -5.378522
   0.28314     -5.143388     -5.274003
   0.31853     -5.000613     -5.160831
   0.35392     -4.848491     -5.040819
   0.38931     -4.689327     -4.915957
   0.42470     -4.525639     -4.788464
   0.46010     -4.360158     -4.660887
   0.49549     -4.195822     -4.536276
   0.53088     -4.035733     -4.418511
   0.56627     -3.883079     -4.312805
   0.60166     -3.741059     -4.226311
   0.63705     -3.613346     -4.168183
   0.67245     -3.525288     -4.147460
   0.67245     -3.525288     -4.147460
   0.70784     -3.534901     -4.145737
   0.74323     -3.559428     -4.140606
   0.77862     -3.591531     -4.132166
   0.81401     -3.626296     -4.120593
   0.84941     -3.661166     -4.106126
   0.88480     -3.694852     -4.089080
   0.92019     -3.726676     -4.069834
   0.95558     -3.756268     -4.048838
   0.99097     -3.783427     -4.026601
   1.02637     -3.808042     -4.003692
   1.06176     -3.830057     -3.980726
   1.09715     -3.849448     -3.958349
   1.13254     -3.866212     -3.937222
   1.16793     -3.880357     -3.917997
   1.20332     -3.891894     -3.901291
   1.23872     -3.900825     -3.887656
   1.27411     -3.906923     -3.877556
   1.30950     -3.885111     -3.871333
   1.34489     -3.869191     -3.869195
   1.34489     -3.869191     -3.869195
   1.38028     -3.871330     -3.885115
   1.41568     -3.877553     -3.906918
   1.45107     -3.887654     -3.900820
   1.48646     -3.901290     -3.891889
   1.52185     -3.917998     -3.880352
   1.55724     -3.937225     -3.866206
   1.59264     -3.958354     -3.849442
   1.62803     -3.980733     -3.830050
   1.66342     -4.003701     -3.808035
   1.69881     -4.026612     -3.783420
   1.73420     -4.048851     -3.756260
   1.76959     -4.069849     -3.726668
   1.80499     -4.089096     -3.694843
   1.84038     -4.106144     -3.661157
   1.87577     -4.120611     -3.626285
   1.91116     -4.132185     -3.591520
   1.94655     -4.140626     -3.559417
   1.98195     -4.145758     -3.534889
   2.01734     -4.147480     -3.525276
   2.01734     -4.147480     -3.525276
   2.05273     -4.168203     -3.613336
   2.08812     -4.226329     -3.741050
   2.12351     -4.312821     -3.883071
   2.15891     -4.418524     -4.035724
   2.19430     -4.536286     -4.195812
   2.22969     -4.660895     -4.360146
   2.26508     -4.788470     -4.525624
   2.30047     -4.915960     -4.689310
   2.33587     -5.040820     -4.848472
   2.37126     -5.160830     -5.000591
   2.40665     -5.274000     -5.143364
   2.44204     -5.378517     -5.274690
   2.47743     -5.472732     -5.392664
   2.51282     -5.555157     -5.495582
   2.54822     -5.624466     -5.581943
   2.58361     -5.679480     -5.650470
   2.61900     -5.718478     -5.700120
   2.65439     -5.735451     -5.730108
   2.68978     -5.740112     -5.740079
   2.68978     -5.740112     -5.740079
   2.73984     -5.722790     -5.722763
   2.78989     -5.667947     -5.667927
   2.83994     -5.577263     -5.577246
   2.88999     -5.454459     -5.454443
   2.94004     -5.304026     -5.304009
   2.99009     -5.131549     -5.131532
   3.04015     -4.943988     -4.943971
   3.09020     -4.750117     -4.750100
   3.14025     -4.560995     -4.560978
   3.19030     -4.389725     -4.389709
   3.24035     -4.248771     -4.248757
   3.29040     -4.144373     -4.144362
   3.34046     -4.072981     -4.072974
   3.39051     -4.024583     -4.024578
   3.44056     -3.988529     -3.988528
   3.49061     -3.956201     -3.956202
   3.54066     -3.921355     -3.921359
   3.59071     -3.886748     -3.886752
   3.64077     -3.869191     -3.869195
 
# Band-Index    6
   3.64077     -3.840184     -3.840190
   3.59071     -3.813878     -3.813883
   3.54066     -3.766594     -3.766599
   3.49061     -3.711220     -3.711224
   3.44056     -3.650396     -3.650401
   3.39051     -3.586107     -3.586111
   3.34046     -3.520879     -3.520883
   3.29040     -3.458270     -3.458273
   3.24035     -3.402943     -3.402945
   3.19030     -3.358843     -3.358845
   3.14025     -3.382773     -3.382784
   3.09020     -3.405332     -3.405344
   3.04015     -3.414485     -3.414498
   2.99009     -3.411926     -3.411940
   2.94004     -3.399976     -3.399991
   2.88999     -3.381655     -3.381671
   2.83994     -3.360672     -3.360689
   2.78989     -3.341220     -3.341238
   2.73984     -3.327425     -3.327443
   2.68978     -3.322429     -3.322448
   2.68978     -3.322429     -3.322448
   2.65439     -3.326240     -3.323687
   2.61900     -3.337390     -3.327347
   2.58361     -3.355092     -3.333262
   2.54822     -3.378207     -3.341175
   2.51282     -3.405427     -3.350761
   2.47743     -3.435432     -3.361653
   2.44204     -3.466994     -3.373463
   2.40665     -3.499028     -3.385808
   2.37126     -3.530612     -3.398320
   2.33587     -3.560977     -3.410655
   2.30047     -3.589492     -3.422504
   2.26508     -3.615645     -3.433590
   2.22969     -3.639023     -3.443672
   2.19430     -3.659296     -3.452544
   2.15891     -3.676204     -3.460033
   2.12351     -3.689548     -3.466000
   2.08812     -3.699180     -3.470338
   2.05273     -3.704999     -3.472971
   2.01734     -3.706945     -3.473854
   2.01734     -3.706945     -3.473854
   1.98195     -3.702603     -3.470528
   1.94655     -3.689595     -3.460565
   1.91116     -3.667965     -3.444001
   1.87577     -3.637793     -3.421720
   1.84038     -3.599190     -3.429011
   1.80499     -3.552301     -3.450383
   1.76959     -3.557970     -3.481802
   1.73420     -3.584394     -3.519052
   1.69881     -3.610219     -3.558951
   1.66342     -3.635370     -3.599261
   1.62803     -3.659785     -3.638413
   1.59264     -3.683454     -3.675305
   1.55724     -3.706467     -3.709178
   1.52185     -3.729070     -3.739575
   1.48646     -3.751719     -3.766338
   1.45107     -3.775080     -3.789671
   1.41568     -3.799816     -3.810205
   1.38028     -3.825162     -3.828664
   1.34489     -3.840184     -3.840190
   1.34489     -3.840184     -3.840190
   1.30950     -3.828658     -3.825167
   1.27411     -3.810199     -3.799821
   1.23872     -3.789664     -3.775085
   1.20332     -3.766331     -3.751724
   1.16793     -3.739568     -3.729075
   1.13254     -3.709171     -3.706472
   1.09715     -3.675298     -3.683460
   1.06176     -3.638406     -3.659791
   1.02637     -3.599253     -3.635376
   0.99097     -3.558944     -3.610225
   0.95558     -3.519045     -3.584400
   0.92019     -3.481796     -3.557975
   0.88480     -3.450379     -3.552315
   0.84941     -3.429009     -3.599204
   0.81401     -3.421722     -3.637807
   0.77862     -3.444000     -3.667979
   0.74323     -3.460563     -3.689609
   0.70784     -3.470526     -3.702617
   0.67245     -3.473852     -3.706959
   0.67245     -3.473852     -3.706959
   0.63705     -3.472969     -3.705013
   0.60166     -3.470336     -3.699194
   0.56627     -3.465997     -3.689562
   0.53088     -3.460030     -3.676218
   0.49549     -3.452540     -3.659310
   0.46010     -3.443667     -3.639038
   0.42470     -3.433584     -3.615660
   0.38931     -3.422497     -3.589508
   0.35392     -3.410647     -3.560993
   0.31853     -3.398310     -3.530628
   0.28314     -3.385797     -3.499044
   0.24774     -3.373451     -3.467010
   0.21235     -3.361639     -3.435449
   0.17696     -3.350746     -3.405445
   0.14157     -3.341159     -3.378225
   0.10618     -3.333244     -3.355110
   0.07078     -3.327329     -3.337408
   0.03539     -3.323668     -3.326259
   0.00000     -3.322429     -3.322448
 
# Band-Index    7
   0.00000     -3.047067     -3.047074
   0.03539     -3.048806     -3.052545
   0.07078     -3.053957     -3.067472
   0.10618     -3.062330     -3.089162
   0.14157     -3.073620     -3.115451
   0.17696     -3.087430     -3.144715
   0.21235     -3.103294     -3.175580
   0.24774     -3.120697     -3.206812
   0.28314     -3.139094     -3.237310
   0.31853     -3.157933     -3.266133
   0.35392     -3.176666     -3.292528
   0.38931     -3.194759     -3.315946
   0.42470     -3.211698     -3.336054
   0.46010     -3.226997     -3.352732
   0.49549     -3.240198     -3.366054
   0.53088     -3.250881     -3.376246
   0.56627     -3.258711     -3.383634
   0.60166     -3.306988     -3.388578
   0.63705     -3.389024     -3.391396
   0.67245     -3.461506     -3.392310
   0.67245     -3.461506     -3.392310
   0.70784     -3.456396     -3.400851
   0.74323     -3.443258     -3.421783
   0.77862     -3.428634     -3.448017
   0.81401     -3.420899     -3.475750
   0.84941     -3.391352     -3.503562
   0.88480     -3.355472     -3.531011
   0.92019     -3.313406     -3.497319
   0.95558     -3.265324     -3.434437
   0.99097     -3.211431     -3.363930
   1.02637     -3.151960     -3.286111
   1.06176     -3.087181     -3.201355
   1.09715     -3.017395     -3.110117
   1.13254     -2.942942     -3.012964
   1.16793     -2.864203     -2.910649
   1.20332     -2.781609     -2.804256
   1.23872     -2.695666     -2.695601
   1.27411     -2.607059     -2.588522
   1.30950     -2.517372     -2.494042
   1.34489     -2.448697     -2.448692
   1.34489     -2.448697     -2.448692
   1.38028     -2.494043     -2.517359
   1.41568     -2.588518     -2.607046
   1.45107     -2.695593     -2.695653
   1.48646     -2.804247     -2.781598
   1.52185     -2.910639     -2.864193
   1.55724     -3.012953     -2.942933
   1.59264     -3.110104     -3.017388
   1.62803     -3.201342     -3.087175
   1.66342     -3.286098     -3.151956
   1.69881     -3.363917     -3.211428
   1.73420     -3.434423     -3.265322
   1.76959     -3.497306     -3.313404
   1.80499     -3.531006     -3.355472
   1.84038     -3.503558     -3.391352
   1.87577     -3.475746     -3.420900
   1.91116     -3.448013     -3.428628
   1.94655     -3.421781     -3.443248
   1.98195     -3.400850     -3.456385
   2.01734     -3.392310     -3.461495
   2.01734     -3.392310     -3.461495
   2.05273     -3.391396     -3.389010
   2.08812     -3.388577     -3.306969
   2.12351     -3.383633     -3.258702
   2.15891     -3.376244     -3.250875
   2.19430     -3.366051     -3.240196
   2.22969     -3.352729     -3.226997
   2.26508     -3.336049     -3.211700
   2.30047     -3.315941     -3.194762
   2.33587     -3.292523     -3.176670
   2.37126     -3.266128     -3.157938
   2.40665     -3.237305     -3.139099
   2.44204     -3.206807     -3.120703
   2.47743     -3.175575     -3.103301
   2.51282     -3.144710     -3.087437
   2.54822     -3.115446     -3.073627
   2.58361     -3.089157     -3.062337
   2.61900     -3.067467     -3.053965
   2.65439     -3.052538     -3.048814
   2.68978     -3.047067     -3.047074
   2.68978     -3.047067     -3.047074
   2.73984     -3.054279     -3.054286
   2.78989     -3.074248     -3.074253
   2.83994     -3.103787     -3.103791
   2.88999     -3.139838     -3.139842
   2.94004     -3.179474     -3.179478
   2.99009     -3.219790     -3.219794
   3.04015     -3.258110     -3.258114
   3.09020     -3.292698     -3.292702
   3.14025     -3.324462     -3.324465
   3.19030     -3.345659     -3.345669
   3.24035     -3.293313     -3.293322
   3.29040     -3.225491     -3.225498
   3.34046     -3.142355     -3.142361
   3.39051     -3.044504     -3.044509
   3.44056     -2.933049     -2.933052
   3.49061     -2.809837     -2.809838
   3.54066     -2.678107     -2.678105
   3.59071     -2.544982     -2.544975
   3.64077     -2.448697     -2.448692
 
# Band-Index    8
   3.64077     -2.388723     -2.388691
   3.59071     -2.337853     -2.337828
   3.54066     -2.362735     -2.362676
   3.49061     -2.419504     -2.419453
   3.44056     -2.508293     -2.508251
   3.39051     -2.625498     -2.625467
   3.34046     -2.756459     -2.756437
   3.29040     -2.878764     -2.878750
   3.24035     -2.969295     -2.969286
   3.19030     -3.014019     -3.014011
   3.14025     -3.016417     -3.016407
   3.09020     -2.993763     -2.993747
   3.04015     -2.963759     -2.963736
   2.99009     -2.938109     -2.938077
   2.94004     -2.922729     -2.922690
   2.88999     -2.918525     -2.918480
   2.83994     -2.922622     -2.922573
   2.78989     -2.930574     -2.930522
   2.73984     -2.938000     -2.937946
   2.68978     -2.941083     -2.941028
   2.68978     -2.941083     -2.941028
   2.65439     -2.937286     -2.941709
   2.61900     -2.927117     -2.943761
   2.58361     -2.912528     -2.947212
   2.54822     -2.894578     -2.952112
   2.51282     -2.873590     -2.958542
   2.47743     -2.849593     -2.966618
   2.44204     -2.822563     -2.976516
   2.40665     -2.792531     -2.988479
   2.37126     -2.759636     -3.002853
   2.33587     -2.724168     -3.020114
   2.30047     -2.687554     -3.040910
   2.26508     -2.749603     -3.066110
   2.22969     -2.819810     -3.096846
   2.19430     -2.894125     -3.134541
   2.15891     -2.969546     -3.180900
   2.12351     -3.041572     -3.237795
   2.08812     -3.103604     -3.263564
   2.05273     -3.146893     -3.265832
   2.01734     -3.162640     -3.266400
   2.01734     -3.162640     -3.266400
   1.98195     -3.146444     -3.253947
   1.94655     -3.102619     -3.220933
   1.91116     -3.038467     -3.174792
   1.87577     -2.958151     -3.120608
   1.84038     -2.863602     -3.061171
   1.80499     -2.755925     -2.998092
   1.76959     -2.636084     -2.932451
   1.73420     -2.505183     -2.865115
   1.69881     -2.417700     -2.796895
   1.66342     -2.407529     -2.728642
   1.62803     -2.396421     -2.661300
   1.59264     -2.384588     -2.595959
   1.55724     -2.372374     -2.533895
   1.52185     -2.366525     -2.476600
   1.48646     -2.374244     -2.425784
   1.45107     -2.380444     -2.383333
   1.41568     -2.384983     -2.351175
   1.38028     -2.387762     -2.331049
   1.34489     -2.388723     -2.388691
   1.34489     -2.388723     -2.388691
   1.30950     -2.331113     -2.387731
   1.27411     -2.351237     -2.384951
   1.23872     -2.383393     -2.380412
   1.20332     -2.425841     -2.374212
   1.16793     -2.476653     -2.366492
   1.13254     -2.533944     -2.372331
   1.09715     -2.596004     -2.384551
   1.06176     -2.661342     -2.396389
   1.02637     -2.728680     -2.407502
   0.99097     -2.796931     -2.417678
   0.95558     -2.865147     -2.505183
   0.92019     -2.932482     -2.636086
   0.88480     -2.998120     -2.755928
   0.84941     -3.061197     -2.863607
   0.81401     -3.120632     -2.958158
   0.77862     -3.174814     -3.038475
   0.74323     -3.220954     -3.102629
   0.70784     -3.253968     -3.146456
   0.67245     -3.266420     -3.162653
   0.67245     -3.266420     -3.162653
   0.63705     -3.265850     -3.146905
   0.60166     -3.263578     -3.103616
   0.56627     -3.237818     -3.041583
   0.53088     -3.180928     -2.969558
   0.49549     -3.134574     -2.894137
   0.46010     -3.096882     -2.819823
   0.42470     -3.066150     -2.749618
   0.38931     -3.040954     -2.687538
   0.35392     -3.020160     -2.724131
   0.31853     -3.002901     -2.759596
   0.28314     -2.988529     -2.792488
   0.24774     -2.976567     -2.822517
   0.21235     -2.966671     -2.849545
   0.17696     -2.958595     -2.873541
   0.14157     -2.952167     -2.894528
   0.10618     -2.947267     -2.912477
   0.07078     -2.943816     -2.927065
   0.03539     -2.941764     -2.937232
   0.00000     -2.941083     -2.941028
 
# Band-Index    9
   0.00000     -2.425998     -2.426035
   0.03539     -2.425699     -2.427161
   0.07078     -2.425052     -2.430681
   0.10618     -2.424803     -2.437011
   0.14157     -2.426176     -2.446813
   0.17696     -2.430829     -2.460945
   0.21235     -2.440738     -2.480384
   0.24774     -2.457997     -2.506123
   0.28314     -2.484496     -2.539039
   0.31853     -2.521549     -2.579776
   0.35392     -2.569556     -2.628618
   0.38931     -2.627817     -2.684458
   0.42470     -2.694538     -2.647573
   0.46010     -2.766972     -2.608302
   0.49549     -2.841569     -2.570061
   0.53088     -2.914091     -2.534573
   0.56627     -2.979658     -2.503823
   0.60166     -3.032863     -2.479886
   0.63705     -3.068090     -2.464633
   0.67245     -3.080515     -2.459388
   0.67245     -3.080515     -2.459388
   0.70784     -3.080021     -2.458907
   0.74323     -3.076203     -2.457456
   0.77862     -3.062152     -2.455013
   0.81401     -3.028241     -2.451549
   0.84941     -2.967662     -2.447024
   0.88480     -2.880447     -2.441397
   0.92019     -2.770869     -2.434629
   0.95558     -2.643734     -2.426694
   0.99097     -2.503208     -2.364504
   1.02637     -2.352925     -2.324620
   1.06176     -2.196325     -2.336233
   1.09715     -2.057215     -2.347266
   1.13254     -2.081094     -2.357437
   1.16793     -2.101876     -2.360207
   1.20332     -2.119287     -2.348788
   1.23872     -2.134157     -2.338785
   1.27411     -2.224073     -2.330941
   1.30950     -2.318474     -2.325920
   1.34489     -2.324254     -2.324189
   1.34489     -2.324254     -2.324189
   1.38028     -2.325984     -2.318450
   1.41568     -2.331002     -2.224050
   1.45107     -2.338844     -2.134181
   1.48646     -2.348841     -2.119317
   1.52185     -2.360255     -2.101905
   1.55724     -2.357470     -2.081122
   1.59264     -2.347299     -2.057243
   1.62803     -2.336266     -2.196310
   1.66342     -2.324654     -2.352912
   1.69881     -2.364506     -2.503197
   1.73420     -2.426712     -2.643726
   1.76959     -2.434643     -2.770863
   1.80499     -2.441408     -2.880444
   1.84038     -2.447032     -2.967663
   1.87577     -2.451555     -3.028246
   1.91116     -2.455018     -3.062162
   1.94655     -2.457459     -3.076217
   1.98195     -2.458909     -3.080037
   2.01734     -2.459391     -3.080532
   2.01734     -2.459391     -3.080532
   2.05273     -2.464636     -3.068107
   2.08812     -2.479892     -3.032877
   2.12351     -2.503832     -2.979672
   2.15891     -2.534586     -2.914105
   2.19430     -2.570080     -2.841586
   2.22969     -2.608326     -2.766991
   2.26508     -2.647601     -2.694561
   2.30047     -2.684457     -2.627843
   2.33587     -2.628598     -2.569587
   2.37126     -2.579753     -2.521582
   2.40665     -2.539014     -2.484531
   2.44204     -2.506094     -2.458034
   2.47743     -2.480354     -2.440776
   2.51282     -2.460912     -2.430867
   2.54822     -2.446778     -2.426215
   2.58361     -2.436975     -2.424841
   2.61900     -2.430645     -2.425090
   2.65439     -2.427124     -2.425736
   2.68978     -2.425998     -2.426035
   2.68978     -2.425998     -2.426035
   2.73984     -2.426747     -2.426784
   2.78989     -2.428318     -2.428355
   2.83994     -2.428506     -2.428541
   2.88999     -2.423359     -2.423390
   2.94004     -2.407692     -2.407717
   2.99009     -2.376831     -2.376849
   3.04015     -2.328532     -2.328541
   3.09020     -2.263270     -2.263270
   3.14025     -2.183097     -2.183089
   3.19030     -2.137472     -2.137460
   3.24035     -2.168857     -2.168844
   3.29040     -2.198140     -2.198126
   3.34046     -2.224853     -2.224838
   3.39051     -2.248682     -2.248667
   3.44056     -2.269588     -2.269572
   3.49061     -2.288186     -2.288168
   3.54066     -2.307246     -2.307225
   3.59071     -2.333171     -2.333108
   3.64077     -2.324254     -2.324189
 
# Band-Index   10
   3.64077     -2.150830     -2.150860
   3.59071     -2.099610     -2.099635
   3.54066     -1.980605     -1.980621
   3.49061     -1.843538     -1.843548
   3.44056     -1.711010     -1.711015
   3.39051     -1.651472     -1.651432
   3.34046     -1.765493     -1.765460
   3.29040     -1.878916     -1.878889
   3.24035     -1.988264     -1.988244
   3.19030     -2.090557     -2.090543
   3.14025     -2.104573     -2.104562
   3.09020     -2.070856     -2.070847
   3.04015     -2.037136     -2.037129
   2.99009     -2.004358     -2.004352
   2.94004     -1.973616     -1.973612
   2.88999     -1.946180     -1.946178
   2.83994     -1.923546     -1.923545
   2.78989     -1.907561     -1.907561
   2.73984     -1.900173     -1.900174
   2.68978     -1.899283     -1.899284
   2.68978     -1.899283     -1.899284
   2.65439     -1.903512     -1.894818
   2.61900     -1.915782     -1.881483
   2.58361     -1.934925     -1.859551
   2.54822     -1.959320     -1.846859
   2.51282     -1.987222     -1.843739
   2.47743     -2.017002     -1.839854
   2.44204     -2.047279     -1.835111
   2.40665     -2.076954     -1.829515
   2.37126     -2.105199     -1.823123
   2.33587     -2.131417     -1.816058
   2.30047     -2.155206     -1.808502
   2.26508     -2.176311     -1.800699
   2.22969     -2.194594     -1.792944
   2.19430     -2.209996     -1.785564
   2.15891     -2.222516     -1.778904
   2.12351     -2.232185     -1.773301
   2.08812     -2.239046     -1.769055
   2.05273     -2.243143     -1.766405
   2.01734     -2.244504     -1.765504
   2.01734     -2.244504     -1.765504
   1.98195     -2.245548     -1.769195
   1.94655     -2.248646     -1.780013
   1.91116     -2.253698     -1.797236
   1.87577     -2.260543     -1.819818
   1.84038     -2.268964     -1.846538
   1.80499     -2.278701     -1.876148
   1.76959     -2.289461     -1.907468
   1.73420     -2.300925     -1.939434
   1.69881     -2.312766     -1.971121
   1.66342     -2.215883     -2.001741
   1.62803     -2.061350     -2.030631
   1.59264     -1.903605     -2.036911
   1.55724     -1.746106     -1.878541
   1.52185     -1.662743     -1.932976
   1.48646     -1.776961     -2.030104
   1.45107     -1.892912     -2.126147
   1.41568     -2.005893     -2.142785
   1.38028     -2.104189     -2.148841
   1.34489     -2.150830     -2.150860
   1.34489     -2.150830     -2.150860
   1.30950     -2.148811     -2.104215
   1.27411     -2.142755     -2.005913
   1.23872     -2.126165     -1.892928
   1.20332     -2.030128     -1.776975
   1.16793     -1.933000     -1.662755
   1.13254     -1.878565     -1.746095
   1.09715     -2.036931     -1.903597
   1.06176     -2.030604     -2.061344
   1.02637     -2.001714     -2.215879
   0.99097     -1.971096     -2.312733
   0.95558     -1.939410     -2.300892
   0.92019     -1.907445     -2.289427
   0.88480     -1.876126     -2.278667
   0.84941     -1.846517     -2.268929
   0.81401     -1.819798     -2.260508
   0.77862     -1.797218     -2.253663
   0.74323     -1.779995     -2.248611
   0.70784     -1.769178     -2.245513
   0.67245     -1.765487     -2.244469
   0.67245     -1.765487     -2.244469
   0.63705     -1.766388     -2.243107
   0.60166     -1.769039     -2.239011
   0.56627     -1.773285     -2.232151
   0.53088     -1.778889     -2.222483
   0.49549     -1.785549     -2.209965
   0.46010     -1.792930     -2.194564
   0.42470     -1.800686     -2.176283
   0.38931     -1.808490     -2.155180
   0.35392     -1.816046     -2.131394
   0.31853     -1.823113     -2.105178
   0.28314     -1.829505     -2.076936
   0.24774     -1.835103     -2.047264
   0.21235     -1.839845     -2.016990
   0.17696     -1.843732     -1.987213
   0.14157     -1.846852     -1.959315
   0.10618     -1.859547     -1.934922
   0.07078     -1.881481     -1.915781
   0.03539     -1.894816     -1.903513
   0.00000     -1.899283     -1.899284
 
# Band-Index   11
   0.00000     -1.851642     -1.851647
   0.03539     -1.851343     -1.844512
   0.07078     -1.850425     -1.823412
   0.10618     -1.848728     -1.789237
   0.14157     -1.828601     -1.743316
   0.17696     -1.789949     -1.687238
   0.21235     -1.743415     -1.622698
   0.24774     -1.689443     -1.551413
   0.28314     -1.628435     -1.475087
   0.31853     -1.560794     -1.395414
   0.35392     -1.533777     -1.314111
   0.38931     -1.547014     -1.232957
   0.42470     -1.562225     -1.178947
   0.46010     -1.579165     -1.164908
   0.49549     -1.597255     -1.156027
   0.53088     -1.615508     -1.151582
   0.56627     -1.632500     -1.150418
   0.60166     -1.646504     -1.151106
   0.63705     -1.655789     -1.152230
   0.67245     -1.659047     -1.152734
   0.67245     -1.659047     -1.152734
   0.70784     -1.652510     -1.153123
   0.74323     -1.633381     -1.154282
   0.77862     -1.603006     -1.156196
   0.81401     -1.563327     -1.158835
   0.84941     -1.516585     -1.162163
   0.88480     -1.465059     -1.166133
   0.92019     -1.410916     -1.170693
   0.95558     -1.362105     -1.175777
   0.99097     -1.455698     -1.188016
   1.02637     -1.549791     -1.266689
   1.06176     -1.644537     -1.353955
   1.09715     -1.740016     -1.449637
   1.13254     -1.836211     -1.553006
   1.16793     -1.725536     -1.593456
   1.20332     -1.582753     -1.452303
   1.23872     -1.455825     -1.334427
   1.27411     -1.351272     -1.267512
   1.30950     -1.277830     -1.251921
   1.34489     -1.249721     -1.249622
   1.34489     -1.249721     -1.249622
   1.38028     -1.252018     -1.277744
   1.41568     -1.267594     -1.351207
   1.45107     -1.334465     -1.455775
   1.48646     -1.452323     -1.582715
   1.52185     -1.593470     -1.725505
   1.55724     -1.552996     -1.836187
   1.59264     -1.449629     -1.739992
   1.62803     -1.353948     -1.644513
   1.66342     -1.266684     -1.549767
   1.69881     -1.188012     -1.455675
   1.73420     -1.175861     -1.362082
   1.76959     -1.170776     -1.410849
   1.80499     -1.166217     -1.464991
   1.84038     -1.162246     -1.516516
   1.87577     -1.158918     -1.563258
   1.91116     -1.156278     -1.602935
   1.94655     -1.154365     -1.633310
   1.98195     -1.153205     -1.652438
   2.01734     -1.152817     -1.658976
   2.01734     -1.152817     -1.658976
   2.05273     -1.152311     -1.655718
   2.08812     -1.151186     -1.646435
   2.12351     -1.150496     -1.632433
   2.15891     -1.151656     -1.615444
   2.19430     -1.156097     -1.597195
   2.22969     -1.164976     -1.579106
   2.26508     -1.179011     -1.562170
   2.30047     -1.232952     -1.546960
   2.33587     -1.314106     -1.533725
   2.37126     -1.395408     -1.560808
   2.40665     -1.475081     -1.628448
   2.44204     -1.551407     -1.689453
   2.47743     -1.622691     -1.743423
   2.51282     -1.687232     -1.789955
   2.54822     -1.743310     -1.828605
   2.58361     -1.789231     -1.848735
   2.61900     -1.823406     -1.850431
   2.65439     -1.844506     -1.851349
   2.68978     -1.851642     -1.851647
   2.68978     -1.851642     -1.851647
   2.73984     -1.843073     -1.843079
   2.78989     -1.813894     -1.813899
   2.83994     -1.765329     -1.765334
   2.88999     -1.703829     -1.703833
   2.94004     -1.636052     -1.636056
   2.99009     -1.568076     -1.568079
   3.04015     -1.505350     -1.505351
   3.09020     -1.452824     -1.452824
   3.14025     -1.415211     -1.415210
   3.19030     -1.397199     -1.397197
   3.24035     -1.403382     -1.403380
   3.29040     -1.437605     -1.437603
   3.34046     -1.501737     -1.501737
   3.39051     -1.594472     -1.594474
   3.44056     -1.540843     -1.540794
   3.49061     -1.437836     -1.437778
   3.54066     -1.347396     -1.347326
   3.59071     -1.278347     -1.278261
   3.64077     -1.249721     -1.249622
 
# Band-Index   12
   3.64077     -1.108257     -1.108251
   3.59071     -1.124109     -1.124101
   3.54066     -1.167993     -1.167983
   3.49061     -1.223426     -1.223411
   3.44056     -1.271352     -1.271329
   3.39051     -1.299435     -1.299403
   3.34046     -1.305930     -1.305888
   3.29040     -1.296811     -1.296762
   3.24035     -1.281921     -1.281867
   3.19030     -1.272967     -1.272910
   3.14025     -1.278725     -1.278669
   3.09020     -1.298896     -1.298842
   3.04015     -1.327856     -1.327804
   2.99009     -1.360516     -1.360466
   2.94004     -1.393288     -1.393239
   2.88999     -1.423520     -1.423472
   2.83994     -1.449143     -1.449096
   2.78989     -1.468564     -1.468517
   2.73984     -1.480656     -1.480609
   2.68978     -1.484758     -1.484712
   2.68978     -1.484758     -1.484712
   2.65439     -1.480351     -1.485070
   2.61900     -1.467443     -1.486160
   2.58361     -1.446925     -1.488033
   2.54822     -1.420147     -1.490770
   2.51282     -1.388748     -1.494487
   2.47743     -1.354507     -1.499331
   2.44204     -1.319207     -1.505481
   2.40665     -1.284541     -1.513132
   2.37126     -1.252038     -1.522486
   2.33587     -1.222997     -1.486933
   2.30047     -1.198434     -1.407223
   2.26508     -1.153826     -1.322084
   2.22969     -1.078730     -1.231943
   2.19430     -1.009791     -1.137260
   2.15891     -0.949214     -1.038568
   2.12351     -0.899189     -0.936554
   2.08812     -0.861742     -0.832372
   2.05273     -0.838535     -0.729481
   2.01734     -0.830671     -0.676681
   2.01734     -0.830671     -0.676681
   1.98195     -0.836026     -0.714500
   1.94655     -0.851745     -0.802651
   1.91116     -0.876942     -0.895309
   1.87577     -0.910559     -0.988790
   1.84038     -0.951721     -1.082269
   1.80499     -0.999935     -1.175577
   1.76959     -1.055148     -1.268788
   1.73420     -1.117668     -1.356057
   1.69881     -1.181393     -1.302362
   1.66342     -1.187272     -1.251292
   1.62803     -1.193361     -1.204186
   1.59264     -1.199461     -1.162224
   1.55724     -1.205248     -1.126480
   1.52185     -1.210139     -1.097981
   1.48646     -1.212755     -1.077769
   1.45107     -1.208114     -1.068562
   1.41568     -1.176981     -1.089800
   1.38028     -1.128392     -1.103512
   1.34489     -1.108257     -1.108251
   1.34489     -1.108257     -1.108251
   1.30950     -1.103520     -1.128385
   1.27411     -1.089809     -1.176959
   1.23872     -1.068575     -1.208049
   1.20332     -1.077814     -1.212675
   1.16793     -1.098033     -1.210054
   1.13254     -1.126537     -1.205163
   1.09715     -1.162284     -1.199375
   1.06176     -1.204248     -1.193276
   1.02637     -1.251356     -1.187187
   0.99097     -1.302427     -1.181308
   0.95558     -1.356123     -1.117671
   0.92019     -1.268809     -1.055150
   0.88480     -1.175597     -0.999937
   0.84941     -1.082288     -0.951722
   0.81401     -0.988807     -0.910560
   0.77862     -0.895322     -0.876942
   0.74323     -0.802661     -0.851745
   0.70784     -0.714502     -0.836026
   0.67245     -0.676728     -0.830671
   0.67245     -0.676728     -0.830671
   0.63705     -0.729456     -0.838535
   0.60166     -0.832343     -0.861742
   0.56627     -0.936525     -0.899190
   0.53088     -1.038541     -0.949216
   0.49549     -1.137235     -1.009794
   0.46010     -1.231919     -1.078734
   0.42470     -1.322063     -1.153830
   0.38931     -1.407204     -1.198373
   0.35392     -1.486917     -1.222939
   0.31853     -1.522537     -1.251982
   0.28314     -1.513181     -1.284488
   0.24774     -1.505529     -1.319155
   0.21235     -1.499379     -1.354457
   0.17696     -1.494534     -1.388699
   0.14157     -1.490816     -1.420099
   0.10618     -1.488079     -1.446878
   0.07078     -1.486207     -1.467396
   0.03539     -1.485116     -1.480305
   0.00000     -1.484758     -1.484712
 
# Band-Index   13
   0.00000     -0.815300     -0.815242
   0.03539     -0.818821     -0.815588
   0.07078     -0.829022     -0.816421
   0.10618     -0.844830     -0.817142
   0.14157     -0.864505     -0.816803
   0.17696     -0.885718     -0.814189
   0.21235     -0.905718     -0.807930
   0.24774     -0.921592     -0.796654
   0.28314     -0.930629     -0.779154
   0.31853     -0.930749     -0.754568
   0.35392     -0.920870     -0.722536
   0.38931     -0.901111     -0.683318
   0.42470     -0.872766     -0.637891
   0.46010     -0.838111     -0.587988
   0.49549     -0.800126     -0.536110
   0.53088     -0.762213     -0.485490
   0.56627     -0.727898     -0.439926
   0.60166     -0.700514     -0.403453
   0.63705     -0.682839     -0.379778
   0.67245     -0.660566     -0.371561
   0.67245     -0.660566     -0.371561
   0.70784     -0.678770     -0.375791
   0.74323     -0.684883     -0.388394
   0.77862     -0.695020     -0.409119
   0.81401     -0.709102     -0.437549
   0.84941     -0.727016     -0.473104
   0.88480     -0.748602     -0.515048
   0.92019     -0.773648     -0.562496
   0.95558     -0.801877     -0.614418
   0.99097     -0.832928     -0.669652
   1.02637     -0.866331     -0.726907
   1.06176     -0.901477     -0.784772
   1.09715     -0.937586     -0.841728
   1.13254     -0.973670     -0.896158
   1.16793     -1.008498     -0.946373
   1.20332     -1.040588     -0.990649
   1.23872     -1.066579     -1.027301
   1.27411     -1.065733     -1.054782
   1.30950     -1.072377     -1.071820
   1.34489     -1.077569     -1.077580
   1.34489     -1.077569     -1.077580
   1.38028     -1.071810     -1.072376
   1.41568     -1.054773     -1.065713
   1.45107     -1.027294     -1.066545
   1.48646     -0.990646     -1.040572
   1.52185     -0.946374     -1.008479
   1.55724     -0.896163     -0.973647
   1.59264     -0.841737     -0.937560
   1.62803     -0.784785     -0.901447
   1.66342     -0.726924     -0.866298
   1.69881     -0.669673     -0.832893
   1.73420     -0.614442     -0.801840
   1.76959     -0.562523     -0.773608
   1.80499     -0.515077     -0.748560
   1.84038     -0.473135     -0.726973
   1.87577     -0.437582     -0.709058
   1.91116     -0.409153     -0.694974
   1.94655     -0.388429     -0.684837
   1.98195     -0.375827     -0.678723
   2.01734     -0.371598     -0.660576
   2.01734     -0.371598     -0.660576
   2.05273     -0.379814     -0.682792
   2.08812     -0.403489     -0.700467
   2.12351     -0.439961     -0.727850
   2.15891     -0.485525     -0.762163
   2.19430     -0.536146     -0.800075
   2.22969     -0.588024     -0.838058
   2.26508     -0.637929     -0.872711
   2.30047     -0.683358     -0.901054
   2.33587     -0.722577     -0.920811
   2.37126     -0.754612     -0.930688
   2.40665     -0.779201     -0.930568
   2.44204     -0.796703     -0.921530
   2.47743     -0.807981     -0.905656
   2.51282     -0.814242     -0.885657
   2.54822     -0.816858     -0.864444
   2.58361     -0.817198     -0.844771
   2.61900     -0.816478     -0.828963
   2.65439     -0.815645     -0.818763
   2.68978     -0.815300     -0.815242
   2.68978     -0.815300     -0.815242
   2.73984     -0.819247     -0.819189
   2.78989     -0.830986     -0.830928
   2.83994     -0.850194     -0.850137
   2.88999     -0.876284     -0.876227
   2.94004     -0.908311     -0.908255
   2.99009     -0.944823     -0.944768
   3.04015     -0.983575     -0.983522
   3.09020     -1.021000     -1.020950
   3.14025     -1.051511     -1.051464
   3.19030     -1.068305     -1.068262
   3.24035     -1.069071     -1.069029
   3.29040     -1.059538     -1.059497
   3.34046     -1.047252     -1.047212
   3.39051     -1.037390     -1.037352
   3.44056     -1.033210     -1.033175
   3.49061     -1.036901     -1.036873
   3.54066     -1.049381     -1.049364
   3.59071     -1.067552     -1.067551
   3.64077     -1.077569     -1.077580
 
# Band-Index   14
   3.64077     -0.040314     -0.040374
   3.59071     -0.040162     -0.040222
   3.54066     -0.038876     -0.038936
   3.49061     -0.034371     -0.034433
   3.44056     -0.024452     -0.024515
   3.39051     -0.008965     -0.009028
   3.34046      0.006490      0.006433
   3.29040      0.009231      0.009185
   3.24035     -0.010035     -0.010066
   3.19030     -0.050235     -0.050255
   3.14025     -0.106682     -0.106693
   3.09020     -0.174528     -0.174532
   3.04015     -0.248798     -0.248795
   2.99009     -0.324451     -0.324442
   2.94004     -0.396726     -0.396712
   2.88999     -0.461474     -0.461454
   2.83994     -0.515309     -0.515285
   2.78989     -0.555630     -0.555603
   2.73984     -0.580577     -0.580548
   2.68978     -0.589020     -0.588990
   2.68978     -0.589020     -0.588990
   2.65439     -0.581393     -0.588057
   2.61900     -0.559151     -0.585334
   2.58361     -0.524088     -0.581043
   2.54822     -0.478846     -0.575528
   2.51282     -0.426580     -0.569217
   2.47743     -0.370648     -0.562583
   2.44204     -0.314366     -0.556093
   2.40665     -0.260768     -0.550170
   2.37126     -0.212357     -0.545149
   2.33587     -0.170879     -0.541256
   2.30047     -0.137190     -0.538592
   2.26508     -0.111278     -0.537133
   2.22969     -0.092438     -0.536742
   2.19430     -0.079529     -0.537190
   2.15891     -0.071236     -0.538195
   2.12351     -0.066283     -0.539471
   2.08812     -0.063576     -0.540844
   2.05273     -0.062292     -0.543130
   2.01734     -0.061920     -0.559822
   2.01734     -0.061920     -0.559822
   1.98195     -0.057377     -0.546439
   1.94655     -0.044304     -0.531461
   1.91116     -0.024211     -0.509797
   1.87577      0.000825     -0.481523
   1.84038      0.028557     -0.447852
   1.80499      0.056837     -0.410181
   1.76959      0.083775     -0.369900
   1.73420      0.107817     -0.328310
   1.69881      0.127764     -0.286597
   1.66342      0.142666     -0.245822
   1.62803      0.150834     -0.206924
   1.59264      0.135550     -0.170727
   1.55724      0.088059     -0.137944
   1.52185      0.045644     -0.109186
   1.48646      0.012569     -0.084965
   1.45107     -0.011633     -0.065697
   1.41568     -0.027936     -0.051705
   1.38028     -0.037279     -0.043218
   1.34489     -0.040314     -0.040374
   1.34489     -0.040314     -0.040374
   1.30950     -0.043158     -0.037339
   1.27411     -0.051645     -0.027996
   1.23872     -0.065637     -0.011693
   1.20332     -0.084904      0.012508
   1.16793     -0.109125      0.045582
   1.13254     -0.137882      0.087996
   1.09715     -0.170665      0.135493
   1.06176     -0.206861      0.150814
   1.02637     -0.245758      0.142654
   0.99097     -0.286532      0.127752
   0.95558     -0.328244      0.107806
   0.92019     -0.369834      0.083764
   0.88480     -0.410114      0.056826
   0.84941     -0.447783      0.028545
   0.81401     -0.481453      0.000813
   0.77862     -0.509726     -0.024223
   0.74323     -0.531389     -0.044316
   0.70784     -0.546368     -0.057389
   0.67245     -0.559783     -0.061933
   0.67245     -0.559783     -0.061933
   0.63705     -0.543163     -0.062304
   0.60166     -0.540883     -0.063589
   0.56627     -0.539510     -0.066295
   0.53088     -0.538234     -0.071248
   0.49549     -0.537229     -0.079540
   0.46010     -0.536780     -0.092449
   0.42470     -0.537171     -0.111287
   0.38931     -0.538629     -0.137197
   0.35392     -0.541292     -0.170883
   0.31853     -0.545184     -0.212358
   0.28314     -0.550205     -0.260765
   0.24774     -0.556127     -0.314359
   0.21235     -0.562616     -0.370637
   0.17696     -0.569249     -0.426564
   0.14157     -0.575559     -0.478826
   0.10618     -0.581074     -0.524063
   0.07078     -0.585364     -0.559124
   0.03539     -0.588087     -0.581364
   0.00000     -0.589020     -0.588990
 
# Band-Index   15
   0.00000      0.865178      0.865093
   0.03539      0.860013      0.865619
   0.07078      0.844530      0.867196
   0.10618      0.818783      0.869815
   0.14157      0.782879      0.873462
   0.17696      0.737004      0.878124
   0.21235      0.681449      0.883785
   0.24774      0.616626      0.890429
   0.28314      0.543083      0.898045
   0.31853      0.461496      0.906618
   0.35392      0.372658      0.916131
   0.38931      0.277458      0.926544
   0.42470      0.176853      0.937775
   0.46010      0.071845      0.949658
   0.49549     -0.036531      0.961884
   0.53088     -0.147204      0.973935
   0.56627     -0.258992      0.985035
   0.60166     -0.370230      0.994171
   0.63705     -0.476119      1.000247
   0.67245     -0.530187      1.002386
   0.67245     -0.530187      1.002386
   0.70784     -0.485589      0.990759
   0.74323     -0.400743      0.956703
   0.77862     -0.312119      0.902544
   0.81401     -0.225858      0.831727
   0.84941     -0.144751      0.748350
   0.88480     -0.071076      0.656764
   0.92019     -0.006824      0.561277
   0.95558      0.046521      0.465952
   0.99097      0.088272      0.374481
   1.02637      0.118704      0.290157
   1.06176      0.138984      0.216733
   1.09715      0.150899      0.172596
   1.13254      0.156498      0.167610
   1.16793      0.157786      0.165236
   1.20332      0.156525      0.161581
   1.23872      0.154145      0.157242
   1.27411      0.151716      0.153205
   1.30950      0.149976      0.150367
   1.34489      0.149350      0.149347
   1.34489      0.149350      0.149347
   1.38028      0.150369      0.149974
   1.41568      0.153207      0.151714
   1.45107      0.157246      0.154142
   1.48646      0.161584      0.156523
   1.52185      0.165240      0.157783
   1.55724      0.167614      0.156495
   1.59264      0.172607      0.150896
   1.62803      0.216784      0.138982
   1.66342      0.290216      0.118702
   1.69881      0.374542      0.088272
   1.73420      0.466016      0.046522
   1.76959      0.561342     -0.006821
   1.80499      0.656831     -0.071070
   1.84038      0.748418     -0.144743
   1.87577      0.831797     -0.225847
   1.91116      0.902616     -0.312105
   1.94655      0.956775     -0.400724
   1.98195      0.990832     -0.485563
   2.01734      1.002459     -0.530181
   2.01734      1.002459     -0.530181
   2.05273      1.000320     -0.476170
   2.08812      0.994245     -0.370283
   2.12351      0.985111     -0.259045
   2.15891      0.974012     -0.147260
   2.19430      0.961962     -0.036588
   2.22969      0.949737      0.071785
   2.26508      0.937855      0.176790
   2.30047      0.926625      0.277392
   2.33587      0.916213      0.372590
   2.37126      0.906701      0.461426
   2.40665      0.898128      0.543010
   2.44204      0.890513      0.616550
   2.47743      0.883869      0.681370
   2.51282      0.878209      0.736924
   2.54822      0.873548      0.782797
   2.58361      0.869900      0.818700
   2.61900      0.867282      0.844445
   2.65439      0.865705      0.859927
   2.68978      0.865178      0.865093
   2.68978      0.865178      0.865093
   2.73984      0.860368      0.860282
   2.78989      0.845748      0.845664
   2.83994      0.820840      0.820757
   2.88999      0.785075      0.784994
   2.94004      0.738026      0.737947
   2.99009      0.679640      0.679565
   3.04015      0.610523      0.610453
   3.09020      0.532350      0.532286
   3.14025      0.448390      0.448332
   3.19030      0.364063      0.364013
   3.24035      0.287310      0.287270
   3.29040      0.227979      0.227954
   3.34046      0.192730      0.192718
   3.39051      0.176365      0.176360
   3.44056      0.167854      0.167850
   3.49061      0.161225      0.161222
   3.54066      0.155316      0.155313
   3.59071      0.150969      0.150966
   3.64077      0.149350      0.149347
 
# Band-Index   16
   3.64077      0.836193      0.836230
   3.59071      0.863732      0.863770
   3.54066      0.942662      0.942702
   3.49061      1.063797      1.063840
   3.44056      1.216085      1.216131
   3.39051      1.389051      1.389101
   3.34046      1.573613      1.573665
   3.29040      1.762068      1.762122
   3.24035      1.852986      1.853079
   3.19030      1.761148      1.761240
   3.14025      1.674486      1.674575
   3.09020      1.596222      1.596308
   3.04015      1.527866      1.527950
   2.99009      1.469847      1.469929
   2.94004      1.422035      1.422115
   2.88999      1.384052      1.384130
   2.83994      1.355414      1.355490
   2.78989      1.335568      1.335643
   2.73984      1.323957      1.324031
   2.68978      1.320143      1.320217
   2.68978      1.320143      1.320217
   2.65439      1.321415      1.322577
   2.61900      1.325469      1.329594
   2.58361      1.333015      1.341077
   2.54822      1.345221      1.356688
   2.51282      1.363670      1.375922
   2.47743      1.390276      1.398098
   2.44204      1.427125      1.422349
   2.40665      1.476233      1.447658
   2.37126      1.539222      1.472915
   2.33587      1.616978      1.497016
   2.30047      1.709371      1.518987
   2.26508      1.815072      1.538096
   2.22969      1.931457      1.553935
   2.19430      2.054476      1.566429
   2.15891      2.178344      1.522944
   2.12351      2.294904      1.428691
   2.08812      2.249730      1.358132
   2.05273      2.215644      1.314443
   2.01734      2.204188      1.299650
   2.01734      2.204188      1.299650
   1.98195      2.191208      1.298452
   1.94655      2.156488      1.294831
   1.91116      2.107729      1.288717
   1.87577      2.050453      1.279980
   1.84038      1.987427      1.268439
   1.80499      1.919693      1.253856
   1.76959      1.847361      1.235937
   1.73420      1.770072      1.214345
   1.69881      1.687271      1.188721
   1.66342      1.598448      1.158738
   1.62803      1.503379      1.124184
   1.59264      1.402425      1.085103
   1.55724      1.296880      1.041999
   1.52185      1.189354      0.996090
   1.48646      1.084168      0.949589
   1.45107      0.987653      0.905882
   1.41568      0.908132      0.869391
   1.38028      0.854984      0.844893
   1.34489      0.836193      0.836230
   1.34489      0.836193      0.836230
   1.30950      0.844855      0.855022
   1.27411      0.869351      0.908170
   1.23872      0.905839      0.987690
   1.20332      0.949543      1.084206
   1.16793      0.996040      1.189393
   1.13254      1.041945      1.296919
   1.09715      1.085045      1.402464
   1.06176      1.124121      1.503418
   1.02637      1.158671      1.598488
   0.99097      1.188651      1.687311
   0.95558      1.214272      1.770113
   0.92019      1.235860      1.847402
   0.88480      1.253777      1.919735
   0.84941      1.268358      1.987471
   0.81401      1.279897      2.050501
   0.77862      1.288633      2.107782
   0.74323      1.294746      2.156547
   0.70784      1.298365      2.191275
   0.67245      1.299564      2.204259
   0.67245      1.299564      2.204259
   0.63705      1.314357      2.215714
   0.60166      1.358047      2.249800
   0.56627      1.428609      2.294998
   0.53088      1.522865      2.178437
   0.49549      1.566344      2.054568
   0.46010      1.553851      1.931548
   0.42470      1.538014      1.815162
   0.38931      1.518906      1.709460
   0.35392      1.496936      1.617067
   0.31853      1.472836      1.539309
   0.28314      1.447581      1.476318
   0.24774      1.422272      1.427208
   0.21235      1.398022      1.390357
   0.17696      1.375847      1.363749
   0.14157      1.356613      1.345298
   0.10618      1.341003      1.333091
   0.07078      1.329520      1.325543
   0.03539      1.322503      1.321489
   0.00000      1.320143      1.320217
 
# Band-Index   17
   0.00000      3.073833      3.073862
   0.03539      3.062879      3.073172
   0.07078      3.030459      3.071047
   0.10618      2.977772      3.067311
   0.14157      2.906493      3.061644
   0.17696      2.818475      3.053528
   0.21235      2.715566      3.042105
   0.24774      2.599596      3.025856
   0.28314      2.472490      3.001833
   0.31853      2.336459      2.964040
   0.35392      2.194181      2.902380
   0.38931      2.048931      2.810563
   0.42470      1.904600      2.698675
   0.46010      1.765611      2.583251
   0.49549      1.636744      2.475477
   0.53088      1.575698      2.381675
   0.56627      1.582300      2.305638
   0.60166      1.586596      2.284488
   0.63705      1.588990      2.246797
   0.67245      1.589755      2.233971
   0.67245      1.589755      2.233971
   0.70784      1.589800      2.233369
   0.74323      1.590301      2.231666
   0.77862      1.592342      2.229117
   0.81401      1.597644      2.226033
   0.84941      1.608418      2.222699
   0.88480      1.627106      2.219332
   0.92019      1.655987      2.216075
   0.95558      1.696675      2.213015
   0.99097      1.749591      2.210196
   1.02637      1.813536      2.207642
   1.06176      1.885471      2.205359
   1.09715      1.960514      2.203349
   1.13254      2.032265      2.201611
   1.16793      2.093869      2.200143
   1.20332      2.140210      2.198942
   1.23872      2.170228      2.198008
   1.27411      2.186886      2.197341
   1.30950      2.194610      2.196941
   1.34489      2.196782      2.196807
   1.34489      2.196782      2.196807
   1.38028      2.196916      2.194638
   1.41568      2.197317      2.186924
   1.45107      2.197986      2.170279
   1.48646      2.198923      2.140277
   1.52185      2.200128      2.093950
   1.55724      2.201601      2.032356
   1.59264      2.203345      1.960608
   1.62803      2.205362      1.885567
   1.66342      2.207654      1.813632
   1.69881      2.210218      1.749686
   1.73420      2.213048      1.696769
   1.76959      2.216122      1.656079
   1.80499      2.219395      1.627197
   1.84038      2.222778      1.608508
   1.87577      2.226130      1.597732
   1.91116      2.229230      1.592429
   1.94655      2.231794      1.590387
   1.98195      2.233507      1.589886
   2.01734      2.234112      1.589841
   2.01734      2.234112      1.589841
   2.05273      2.246939      1.589076
   2.08812      2.284628      1.586682
   2.12351      2.305568      1.582385
   2.15891      2.381605      1.575783
   2.19430      2.475406      1.636820
   2.22969      2.583179      1.765684
   2.26508      2.698601      1.904668
   2.30047      2.810491      2.048995
   2.33587      2.902317      2.194240
   2.37126      2.963992      2.336513
   2.40665      3.001796      2.472540
   2.44204      3.025826      2.599641
   2.47743      3.042077      2.715608
   2.51282      3.053500      2.818513
   2.54822      3.061617      2.906528
   2.58361      3.067283      2.977804
   2.61900      3.071019      3.030489
   2.65439      3.073143      3.062909
   2.68978      3.073833      3.073862
   2.68978      3.073833      3.073862
   2.73984      3.062092      3.062121
   2.78989      3.027109      3.027138
   2.83994      2.970692      2.970722
   2.88999      2.895719      2.895751
   2.94004      2.804653      2.804687
   2.99009      2.698822      2.698860
   3.04015      2.578356      2.578398
   3.09020      2.442696      2.442743
   3.14025      2.291537      2.291588
   3.19030      2.125764      2.125818
   3.24035      1.947910      1.947965
   3.29040      1.944556      1.944649
   3.34046      2.028329      2.028418
   3.39051      2.096409      2.096490
   3.44056      2.144190      2.144256
   3.49061      2.172980      2.173029
   3.54066      2.188084      2.188120
   3.59071      2.194885      2.194913
   3.64077      2.196782      2.196807
 
# Band-Index   18
   3.64077      2.602083      2.602019
   3.59071      2.614285      2.614220
   3.54066      2.650129      2.650062
   3.49061      2.707661      2.707591
   3.44056      2.784194      2.784123
   3.39051      2.782839      2.782705
   3.34046      2.779603      2.779462
   3.29040      2.803887      2.803743
   3.24035      2.853617      2.853474
   3.19030      2.924929      2.924790
   3.14025      3.013065      3.012930
   3.09020      3.111617      3.111489
   3.04015      3.211002      3.210884
   2.99009      3.264946      3.264879
   2.94004      3.234427      3.234360
   2.88999      3.205517      3.205451
   2.83994      3.181426      3.181360
   2.78989      3.163837      3.163771
   2.73984      3.153541      3.153474
   2.68978      3.150308      3.150241
   2.68978      3.150308      3.150241
   2.65439      3.147939      3.155681
   2.61900      3.140896      3.171780
   2.58361      3.129358      3.197864
   2.54822      3.113618      3.232755
   2.51282      3.094049      3.274671
   2.47743      3.071086      3.321029
   2.44204      3.045180      3.368054
   2.40665      3.016752      3.410066
   2.37126      2.986131      3.438427
   2.33587      2.953480      3.441296
   2.30047      2.878991      3.408181
   2.26508      2.752333      3.339611
   2.22969      2.632475      3.248243
   2.19430      2.522501      3.149230
   2.15891      2.425662      3.054492
   2.12351      2.345456      2.972581
   2.08812      2.393946      2.909681
   2.05273      2.461537      2.870160
   2.01734      2.485826      2.856686
   2.01734      2.485826      2.856686
   1.98195      2.489301      2.855470
   1.94655      2.499547      2.851849
   1.91116      2.516073      2.845913
   1.87577      2.538184      2.837796
   1.84038      2.565076      2.827671
   1.80499      2.595889      2.815735
   1.76959      2.629733      2.802189
   1.73420      2.665692      2.787221
   1.69881      2.702824      2.770992
   1.66342      2.740177      2.753623
   1.62803      2.776794      2.735191
   1.59264      2.811740      2.715753
   1.55724      2.802235      2.695408
   1.52185      2.758129      2.674427
   1.48646      2.712135      2.653457
   1.45107      2.668926      2.633743
   1.41568      2.633481      2.617179
   1.38028      2.610198      2.605989
   1.34489      2.602083      2.602019
   1.34489      2.602083      2.602019
   1.30950      2.606054      2.610133
   1.27411      2.617245      2.633416
   1.23872      2.633810      2.668860
   1.20332      2.653527      2.712067
   1.16793      2.674498      2.758061
   1.13254      2.695481      2.802165
   1.09715      2.715827      2.811684
   1.06176      2.735266      2.776747
   1.02637      2.753699      2.740139
   0.99097      2.771069      2.702798
   0.95558      2.787299      2.665679
   0.92019      2.802267      2.629735
   0.88480      2.815814      2.595906
   0.84941      2.827751      2.565111
   0.81401      2.837877      2.538237
   0.77862      2.845995      2.516143
   0.74323      2.851931      2.499632
   0.70784      2.855552      2.489397
   0.67245      2.856768      2.485926
   0.67245      2.856768      2.485926
   0.63705      2.870243      2.461636
   0.60166      2.909764      2.394043
   0.56627      2.972663      2.345318
   0.53088      3.054574      2.425524
   0.49549      3.149312      2.522365
   0.46010      3.248324      2.632340
   0.42470      3.339691      2.752199
   0.38931      3.408260      2.878857
   0.35392      3.441374      2.953416
   0.31853      3.438504      2.986067
   0.28314      3.410141      3.016688
   0.24774      3.368127      3.045115
   0.21235      3.321100      3.071021
   0.17696      3.274741      3.093984
   0.14157      3.232824      3.113552
   0.10618      3.197933      3.129292
   0.07078      3.171848      3.140829
   0.03539      3.155748      3.147872
   0.00000      3.150308      3.150241
 
# Band-Index   19
   0.00000      3.446987      3.446914
   0.03539      3.445283      3.445528
   0.07078      3.440455      3.441429
   0.10618      3.433342      3.434788
   0.14157      3.425286      3.425857
   0.17696      3.418062      3.414899
   0.21235      3.413784      3.401860
   0.24774      3.414785      3.378066
   0.28314      3.423497      3.269405
   0.31853      3.442282      3.140678
   0.35392      3.473250      3.009344
   0.38931      3.518058      2.918613
   0.42470      3.577677      2.881133
   0.46010      3.652097      2.840013
   0.49549      3.739363      2.794152
   0.53088      3.809350      2.743509
   0.56627      3.815127      2.691131
   0.60166      3.816116      2.644078
   0.63705      3.816546      2.611186
   0.67245      3.816681      2.599374
   0.67245      3.816681      2.599374
   0.70784      3.798090      2.613015
   0.74323      3.746075      2.649217
   0.77862      3.669365      2.698740
   0.81401      3.577235      2.753289
   0.84941      3.477194      2.805951
   0.88480      3.374742      2.850494
   0.92019      3.273878      2.882085
   0.95558      3.177671      2.898810
   0.99097      3.088712      2.901468
   1.02637      3.009464      2.891744
   1.06176      2.942558      2.871068
   1.09715      2.890996      2.840675
   1.13254      2.858055      2.844053
   1.16793      2.846350      2.873017
   1.20332      2.855662      2.897824
   1.23872      2.880633      2.917827
   1.27411      2.911067      2.932502
   1.30950      2.935354      2.941465
   1.34489      2.944562      2.944479
   1.34489      2.944562      2.944479
   1.38028      2.941547      2.935269
   1.41568      2.932583      2.910973
   1.45107      2.917905      2.880525
   1.48646      2.897898      2.855539
   1.52185      2.873086      2.846214
   1.55724      2.844116      2.857911
   1.59264      2.840745      2.890848
   1.62803      2.871138      2.942410
   1.66342      2.891813      3.009317
   1.69881      2.901537      3.088566
   1.73420      2.898877      3.177527
   1.76959      2.882150      3.273734
   1.80499      2.850557      3.374599
   1.84038      2.806014      3.477051
   1.87577      2.753352      3.577090
   1.91116      2.698806      3.669218
   1.94655      2.649288      3.745926
   1.98195      2.613092      3.797938
   2.01734      2.599455      3.816528
   2.01734      2.599455      3.816528
   2.05273      2.611267      3.816394
   2.08812      2.644155      3.815964
   2.12351      2.691205      3.814977
   2.15891      2.743579      3.809217
   2.19430      2.794219      3.739289
   2.22969      2.840077      3.652025
   2.26508      2.881197      3.577605
   2.30047      2.918676      3.517987
   2.33587      3.009478      3.473179
   2.37126      3.140812      3.442211
   2.40665      3.269538      3.423426
   2.44204      3.378161      3.414715
   2.47743      3.401935      3.413712
   2.51282      3.414973      3.417991
   2.54822      3.425931      3.425214
   2.58361      3.434861      3.433270
   2.61900      3.441502      3.440382
   2.65439      3.445601      3.445210
   2.68978      3.446987      3.446914
   2.68978      3.446987      3.446914
   2.73984      3.444243      3.444171
   2.78989      3.435835      3.435762
   2.83994      3.420986      3.420911
   2.88999      3.397365      3.397287
   2.94004      3.359182      3.359094
   2.99009      3.297515      3.297412
   3.04015      3.290631      3.290562
   3.09020      3.298540      3.298472
   3.14025      3.271716      3.271653
   3.19030      3.213707      3.213647
   3.24035      3.144024      3.143962
   3.29040      3.066658      3.066591
   3.34046      2.974745      2.974673
   3.39051      2.875805      2.875732
   3.44056      2.810919      2.810799
   3.49061      2.854340      2.854235
   3.54066      2.899269      2.899176
   3.59071      2.932416      2.932331
   3.64077      2.944562      2.944479
 
# Band-Index   20
   3.64077      2.976797      2.976735
   3.59071      2.982208      2.982146
   3.54066      2.996943      2.996881
   3.49061      3.018393      3.018332
   3.44056      3.045825      3.045763
   3.39051      3.081743      3.081681
   3.34046      3.133229      3.133164
   3.29040      3.212452      3.212380
   3.24035      3.318809      3.318734
   3.19030      3.422691      3.422622
   3.14025      3.498890      3.498836
   3.09020      3.520555      3.520472
   3.04015      3.530961      3.530868
   2.99009      3.565683      3.565574
   2.94004      3.627005      3.626879
   2.88999      3.704043      3.703907
   2.83994      3.779349      3.779208
   2.78989      3.840186      3.840042
   2.73984      3.879196      3.879051
   2.68978      3.892591      3.892446
   2.68978      3.892591      3.892446
   2.65439      3.880873      3.891115
   2.61900      3.846200      3.887250
   2.58361      3.789963      3.881215
   2.54822      3.714312      3.873552
   2.51282      3.621990      3.864915
   2.47743      3.516412      3.855973
   2.44204      3.409738      3.847341
   2.40665      3.379577      3.839518
   2.37126      3.357349      3.832848
   2.33587      3.239202      3.827521
   2.30047      3.158589      3.823585
   2.26508      3.108735      3.820996
   2.22969      3.076289      3.819744
   2.19430      3.053082      3.820612
   2.15891      3.035553      3.851064
   2.12351      3.022324      3.952747
   2.08812      3.012934      3.935621
   2.05273      3.007286      3.925229
   2.01734      3.005400      3.921747
   2.01734      3.005400      3.921747
   1.98195      3.004950      3.914071
   1.94655      3.003638      3.891400
   1.91116      3.001572      3.854756
   1.87577      2.998911      3.805726
   1.84038      2.995856      3.746308
   1.80499      2.992621      3.678755
   1.76959      2.989411      3.605425
   1.73420      2.986400      3.528670
   1.69881      2.983717      3.450750
   1.66342      2.981454      3.373780
   1.62803      2.979665      3.299697
   1.59264      2.978354      3.230242
   1.55724      2.977483      3.166952
   1.52185      2.976976      3.111158
   1.48646      2.976744      3.063983
   1.45107      2.976690      3.026344
   1.41568      2.976723      2.998953
   1.38028      2.976774      2.982314
   1.34489      2.976797      2.976735
   1.34489      2.976797      2.976735
   1.30950      2.982376      2.976712
   1.27411      2.999014      2.976662
   1.23872      3.026406      2.976627
   1.20332      3.064045      2.976681
   1.16793      3.111221      2.976913
   1.13254      3.167015      2.977419
   1.09715      3.230305      2.978290
   1.06176      3.299760      2.979600
   1.02637      3.373843      2.981388
   0.99097      3.450813      2.983649
   0.95558      3.528733      2.986332
   0.92019      3.605489      2.989342
   0.88480      3.678819      2.992551
   0.84941      3.746373      2.995785
   0.81401      3.805791      2.998839
   0.77862      3.854821      3.001499
   0.74323      3.891465      3.003564
   0.70784      3.914137      3.004876
   0.67245      3.921813      3.005326
   0.67245      3.921813      3.005326
   0.63705      3.925295      3.007212
   0.60166      3.935687      3.012861
   0.56627      3.952811      3.022252
   0.53088      3.851158      3.035482
   0.49549      3.820763      3.053012
   0.46010      3.819896      3.076220
   0.42470      3.821147      3.108666
   0.38931      3.823735      3.158524
   0.35392      3.827670      3.239147
   0.31853      3.832997      3.357309
   0.28314      3.839665      3.379497
   0.24774      3.847488      3.409619
   0.21235      3.856119      3.516273
   0.17696      3.865061      3.621850
   0.14157      3.873698      3.714170
   0.10618      3.881360      3.789819
   0.07078      3.887396      3.846055
   0.03539      3.891261      3.880727
   0.00000      3.892591      3.892446
 
# Band-Index   21
   0.00000      4.454336      4.454304
   0.03539      4.450881      4.431637
   0.07078      4.440579      4.366178
   0.10618      4.423620      4.264531
   0.14157      4.400327      4.135183
   0.17696      4.371176      3.986692
   0.21235      4.336805      3.826910
   0.24774      4.298044      3.663169
   0.28314      4.255910      3.503254
   0.31853      4.211389      3.364506
   0.35392      4.139508      3.350468
   0.38931      4.092548      3.337104
   0.42470      4.078979      3.324546
   0.46010      4.040590      3.312942
   0.49549      4.005843      3.302402
   0.53088      3.976357      3.275966
   0.56627      3.952842      3.193639
   0.60166      4.056588      3.138869
   0.63705      4.139543      3.108208
   0.67245      4.172950      3.098403
   0.67245      4.172950      3.098403
   0.70784      4.172735      3.099669
   0.74323      4.172136      3.103624
   0.77862      4.171227      3.110816
   0.81401      4.170062      3.122336
   0.84941      4.168673      3.139966
   0.88480      4.157065      3.165839
   0.92019      4.133917      3.200950
   0.95558      4.103783      3.243290
   0.99097      4.064136      3.287991
   1.02637      4.011434      3.329350
   1.06176      3.941610      3.362446
   1.09715      3.852387      3.383887
   1.13254      3.747247      3.392262
   1.16793      3.636437      3.388489
   1.20332      3.532401      3.375785
   1.23872      3.444991      3.358891
   1.27411      3.380134      3.342767
   1.30950      3.340616      3.331431
   1.34489      3.327386      3.327377
   1.34489      3.327386      3.327377
   1.38028      3.331441      3.340608
   1.41568      3.342780      3.380124
   1.45107      3.358910      3.444979
   1.48646      3.375812      3.532385
   1.52185      3.388525      3.636413
   1.55724      3.392307      3.747212
   1.59264      3.383939      3.852338
   1.62803      3.362504      3.941548
   1.66342      3.329412      4.011363
   1.69881      3.288056      4.064059
   1.73420      3.243357      4.103702
   1.76959      3.201020      4.133834
   1.80499      3.165912      4.156980
   1.84038      3.140042      4.168586
   1.87577      3.122413      4.169975
   1.91116      3.110895      4.171140
   1.94655      3.103703      4.172049
   1.98195      3.099748      4.172648
   2.01734      3.098483      4.172863
   2.01734      3.098483      4.172863
   2.05273      3.108288      4.139458
   2.08812      3.138950      4.056507
   2.12351      3.193723      3.952762
   2.15891      3.276053      3.976294
   2.19430      3.302485      4.005782
   2.22969      3.313024      4.040531
   2.26508      3.324626      4.078913
   2.30047      3.337184      4.092458
   2.33587      3.350547      4.139419
   2.37126      3.364586      4.211340
   2.40665      3.503282      4.255866
   2.44204      3.663191      4.298003
   2.47743      3.826930      4.336766
   2.51282      3.986713      4.371139
   2.54822      4.135207      4.400292
   2.58361      4.264557      4.423586
   2.61900      4.366207      4.440546
   2.65439      4.431668      4.450849
   2.68978      4.454336      4.454304
   2.68978      4.454336      4.454304
   2.73984      4.428381      4.428350
   2.78989      4.354721      4.354691
   2.83994      4.244039      4.244010
   2.88999      4.109507      4.109480
   2.94004      3.963862      3.963834
   2.99009      3.818697      3.818668
   3.04015      3.685410      3.685378
   3.09020      3.576679      3.576640
   3.14025      3.529729      3.529652
   3.19030      3.556416      3.556343
   3.24035      3.599902      3.599832
   3.29040      3.659336      3.659266
   3.34046      3.646734      3.646679
   3.39051      3.604279      3.604233
   3.44056      3.540022      3.539987
   3.49061      3.463745      3.463721
   3.54066      3.393095      3.393080
   3.59071      3.344492      3.344482
   3.64077      3.327386      3.327377
 
# Band-Index   22
   3.64077      3.997570      3.997541
   3.59071      4.016369      4.016341
   3.54066      4.072417      4.072390
   3.49061      3.996598      3.996522
   3.44056      3.907641      3.907568
   3.39051      3.817339      3.817269
   3.34046      3.732897      3.732828
   3.29040      3.669567      3.669507
   3.24035      3.686648      3.686584
   3.19030      3.727286      3.727214
   3.14025      3.825246      3.825165
   3.09020      3.971846      3.971759
   3.04015      4.138186      4.138097
   2.99009      4.306613      4.306524
   2.94004      4.466658      4.466570
   2.88999      4.610867      4.610779
   2.83994      4.733418      4.733331
   2.78989      4.829140      4.829054
   2.73984      4.891912      4.891825
   2.68978      4.914199      4.914111
   2.68978      4.914199      4.914111
   2.65439      4.902992      4.902750
   2.61900      4.870383      4.869082
   2.58361      4.818495      4.814329
   2.54822      4.749053      4.740457
   2.51282      4.662818      4.650177
   2.47743      4.559913      4.547089
   2.44204      4.440493      4.436064
   2.40665      4.305428      4.323974
   2.37126      4.156836      4.220975
   2.33587      3.998349      4.166677
   2.30047      3.835121      4.122209
   2.26508      3.673645      4.081766
   2.22969      3.521463      4.094290
   2.19430      3.386580      4.119684
   2.15891      3.293081      4.148067
   2.12351      3.284897      4.173898
   2.08812      3.278171      4.194003
   2.05273      3.273498      4.206635
   2.01734      3.271777      4.210933
   2.01734      3.271777      4.210933
   1.98195      3.272374      4.209580
   1.94655      3.274364      4.205482
   1.91116      3.278368      4.198516
   1.87577      3.285418      4.188435
   1.84038      3.296919      4.174818
   1.80499      3.314516      4.167005
   1.76959      3.339918      4.165266
   1.73420      3.374699      4.163414
   1.69881      3.420099      4.161493
   1.66342      3.476863      4.159556
   1.62803      3.545080      4.157652
   1.59264      3.624051      4.155832
   1.55724      3.712138      4.154144
   1.52185      3.806541      4.152634
   1.48646      3.902964      4.151340
   1.45107      3.995123      4.092477
   1.41568      4.029822      4.040635
   1.38028      4.005465      4.008466
   1.34489      3.997570      3.997541
   1.34489      3.997570      3.997541
   1.30950      4.008495      4.005436
   1.27411      4.040665      4.029796
   1.23872      4.092506      3.995046
   1.20332      4.151426      3.902891
   1.16793      4.152720      3.806470
   1.13254      4.154230      3.712069
   1.09715      4.155918      3.623982
   1.06176      4.157738      3.545011
   1.02637      4.159642      3.476793
   0.99097      4.161580      3.420027
   0.95558      4.163500      3.374625
   0.92019      4.165353      3.339843
   0.88480      4.167091      3.314439
   0.84941      4.174905      3.296839
   0.81401      4.188523      3.285336
   0.77862      4.198606      3.278283
   0.74323      4.205573      3.274279
   0.70784      4.209671      3.272287
   0.67245      4.211024      3.271690
   0.67245      4.211024      3.271690
   0.63705      4.206727      3.273411
   0.60166      4.194094      3.278085
   0.56627      4.173989      3.284813
   0.53088      4.148158      3.292998
   0.49549      4.119775      3.386492
   0.46010      4.094380      3.521374
   0.42470      4.081846      3.673556
   0.38931      4.122263      3.835033
   0.35392      4.166728      3.998261
   0.31853      4.221063      4.156748
   0.28314      4.324063      4.305341
   0.24774      4.436153      4.440406
   0.21235      4.547178      4.559828
   0.17696      4.650266      4.662733
   0.14157      4.740545      4.748968
   0.10618      4.814417      4.818410
   0.07078      4.869170      4.870297
   0.03539      4.902837      4.902904
   0.00000      4.914199      4.914111
 
# Band-Index   23
   0.00000      5.571393      5.571419
   0.03539      5.584268      5.584005
   0.07078      5.622140      5.620295
   0.10618      5.682797      5.676770
   0.14157      5.762528      5.749245
   0.17696      5.855336      5.833137
   0.21235      5.949101      5.922402
   0.24774      6.010565      6.007305
   0.28314      5.978675      6.072011
   0.31853      5.870445      6.098877
   0.35392      5.744981      6.056500
   0.38931      5.625205      5.811470
   0.42470      5.518042      5.568918
   0.46010      5.425650      5.333248
   0.49549      5.348480      5.109474
   0.53088      5.286296      4.903808
   0.56627      5.238626      4.724374
   0.60166      5.188336      4.581760
   0.63705      5.068953      4.488469
   0.67245      5.023399      4.455790
   0.67245      5.023399      4.455790
   0.70784      5.040659      4.466486
   0.74323      5.087931      4.497758
   0.77862      5.154244      4.547265
   0.81401      5.208115      4.611395
   0.84941      5.215227      4.685607
   0.88480      5.213994      4.764730
   0.92019      5.199179      4.843205
   0.95558      5.166935      4.915353
   0.99097      5.084651      4.975839
   1.02637      4.865333      4.816200
   1.06176      4.664861      4.644809
   1.09715      4.495602      4.482585
   1.13254      4.359069      4.341106
   1.16793      4.250131      4.225593
   1.20332      4.162365      4.136778
   1.23872      4.150384      4.072584
   1.27411      4.149621      4.074133
   1.30950      4.149155      4.129023
   1.34489      4.148999      4.148913
   1.34489      4.148999      4.148913
   1.38028      4.129107      4.149069
   1.41568      4.074214      4.149535
   1.45107      4.072607      4.150298
   1.48646      4.136799      4.162336
   1.52185      4.225613      4.250106
   1.55724      4.341131      4.359049
   1.59264      4.482629      4.495586
   1.62803      4.644908      4.664837
   1.66342      4.816438      4.865263
   1.69881      4.975824      5.084124
   1.73420      4.915323      5.165911
   1.76959      4.843168      5.198519
   1.80499      4.764691      5.213625
   1.84038      4.685568      5.215056
   1.87577      4.611357      5.208062
   1.91116      4.547227      5.154218
   1.94655      4.497720      5.087904
   1.98195      4.466448      5.040633
   2.01734      4.455752      5.023374
   2.01734      4.455752      5.023374
   2.05273      4.488430      5.068925
   2.08812      4.581720      5.188305
   2.12351      4.724332      5.238691
   2.15891      4.903765      5.286360
   2.19430      5.109430      5.348543
   2.22969      5.333202      5.425712
   2.26508      5.568872      5.518101
   2.30047      5.811424      5.625262
   2.33587      6.056455      5.745037
   2.37126      6.098870      5.870498
   2.40665      6.071984      5.978729
   2.44204      6.007271      6.010616
   2.47743      5.922370      5.949141
   2.51282      5.833108      5.855369
   2.54822      5.749219      5.762558
   2.58361      5.676745      5.682825
   2.61900      5.620270      5.622167
   2.65439      5.583980      5.584294
   2.68978      5.571393      5.571419
   2.68978      5.571393      5.571419
   2.73984      5.596371      5.596396
   2.78989      5.664414      5.664440
   2.83994      5.756802      5.756830
   2.88999      5.837165      5.837188
   2.94004      5.844196      5.844162
   2.99009      5.761696      5.761540
   3.04015      5.639854      5.639551
   3.09020      5.511110      5.510645
   3.14025      5.384984      5.384344
   3.19030      5.259819      5.259036
   3.24035      5.120949      5.120219
   3.29040      4.929240      4.928935
   3.34046      4.693987      4.693908
   3.39051      4.476162      4.476131
   3.44056      4.299171      4.299148
   3.49061      4.165814      4.165789
   3.54066      4.074429      4.074349
   3.59071      4.129081      4.128997
   3.64077      4.148999      4.148913
 
# Band-Index   24
   3.64077      4.619755      4.618699
   3.59071      4.631725      4.630653
   3.54066      4.667913      4.666790
   3.49061      4.728302      4.727091
   3.44056      4.810732      4.809407
   3.39051      4.910591      4.909168
   3.34046      5.025587      5.024173
   3.29040      5.170926      5.169803
   3.24035      5.399716      5.399173
   3.19030      5.714241      5.713936
   3.14025      5.953423      5.953050
   3.09020      6.112302      6.111982
   3.04015      6.276731      6.276477
   2.99009      6.445613      6.445437
   2.94004      6.444994      6.444552
   2.88999      6.458161      6.457908
   2.83994      6.549376      6.549258
   2.78989      6.636564      6.636532
   2.73984      6.674127      6.674127
   2.68978      6.680256      6.680260
   2.68978      6.680256      6.680260
   2.65439      6.679542      6.676502
   2.61900      6.675877      6.664813
   2.58361      6.666326      6.644485
   2.54822      6.649202      6.615614
   2.51282      6.624997      6.579845
   2.47743      6.595645      6.540136
   2.44204      6.563523      6.439735
   2.40665      6.530848      6.436426
   2.37126      6.299730      6.430712
   2.33587      6.085239      6.405733
   2.30047      6.046699      6.388657
   2.26508      5.999666      6.186123
   2.22969      5.953534      5.965925
   2.19430      5.912590      5.750151
   2.15891      5.878567      5.543654
   2.12351      5.852058      5.352871
   2.08812      5.833182      5.205047
   2.05273      5.821899      5.185029
   2.01734      5.818148      5.178387
   2.01734      5.818148      5.178387
   1.98195      5.797606      5.180839
   1.94655      5.741925      5.187741
   1.91116      5.662811      5.197670
   1.87577      5.569860      5.226451
   1.84038      5.468728      5.291750
   1.80499      5.361703      5.338943
   1.76959      5.247977      5.361052
   1.73420      5.123150      5.327047
   1.69881      4.979960      5.125249
   1.66342      5.020548      5.057219
   1.62803      5.047618      4.985072
   1.59264      4.949653      4.909548
   1.55724      4.859383      4.836033
   1.52185      4.784042      4.769672
   1.48646      4.723370      4.714246
   1.45107      4.677184      4.671569
   1.41568      4.644960      4.641828
   1.38028      4.626003      4.624417
   1.34489      4.619755      4.618699
   1.34489      4.619755      4.618699
   1.30950      4.625481      4.624939
   1.27411      4.642917      4.643870
   1.23872      4.672702      4.676048
   1.20332      4.715446      4.722160
   1.16793      4.770962      4.782725
   1.13254      4.837423      4.857928
   1.09715      4.911021      4.948039
   1.06176      4.986566      5.047559
   1.02637      5.058610      5.020534
   0.99097      5.126042      4.979463
   0.95558      5.327218      5.122368
   0.92019      5.361125      5.247027
   0.88480      5.338983      5.360724
   0.84941      5.291778      5.467824
   0.81401      5.226476      5.569104
   0.77862      5.197658      5.662249
   0.74323      5.187695      5.741577
   0.70784      5.180777      5.797438
   0.67245      5.178320      5.818056
   0.67245      5.178320      5.818056
   0.63705      5.184962      5.821808
   0.60166      5.204981      5.833093
   0.56627      5.352906      5.851972
   0.53088      5.543692      5.878486
   0.49549      5.750192      5.912515
   0.46010      5.965968      5.953466
   0.42470      6.186170      5.999609
   0.38931      6.389320      6.046657
   0.35392      6.406250      6.085219
   0.31853      6.431109      6.299773
   0.28314      6.436431      6.530481
   0.24774      6.439751      6.563261
   0.21235      6.540282      6.595471
   0.17696      6.579936      6.624892
   0.14157      6.615664      6.649147
   0.10618      6.644507      6.666303
   0.07078      6.664819      6.675872
   0.03539      6.676500      6.679545
   0.00000      6.680256      6.680260
 
# Band-Index   25
   0.00000      7.389095      7.389270
   0.03539      7.347093      7.347317
   0.07078      7.255050      7.257324
   0.10618      7.098573      7.154615
   0.14157      6.910199      7.051541
   0.17696      6.724312      6.952535
   0.21235      6.556035      6.859410
   0.24774      6.500273      6.763134
   0.28314      6.463036      6.536905
   0.31853      6.526963      6.498918
   0.35392      6.544298      6.469851
   0.38931      6.406261      6.444066
   0.42470      6.380380      6.421915
   0.46010      6.378677      6.400743
   0.49549      6.366188      6.363005
   0.53088      6.338925      6.332140
   0.56627      6.318019      6.308139
   0.60166      6.303252      6.290997
   0.63705      6.294460      6.280712
   0.67245      6.291541      6.277284
   0.67245      6.291541      6.277284
   0.70784      6.278918      6.263883
   0.74323      6.245690      6.227606
   0.77862      6.175163      6.176732
   0.81401      6.052550      6.118973
   0.84941      5.916672      6.060057
   0.88480      5.754264      6.004275
   0.92019      5.554428      5.788121
   0.95558      5.357954      5.554699
   0.99097      5.334778      5.350029
   1.02637      5.298424      5.185254
   1.06176      5.254447      5.055007
   1.09715      5.206552      5.057763
   1.13254      5.157026      5.054024
   1.16793      5.107385      5.039909
   1.20332      5.059106      5.018772
   1.23872      5.014416      4.993792
   1.27411      4.976922      4.968845
   1.30950      4.951407      4.949478
   1.34489      4.942290      4.942005
   1.34489      4.942290      4.942005
   1.38028      4.949763      4.951116
   1.41568      4.969130      4.976615
   1.45107      4.994069      5.014090
   1.48646      5.019028      5.058763
   1.52185      5.040129      5.107034
   1.55724      5.054195      5.156680
   1.59264      5.057878      5.206226
   1.62803      5.056767      5.254155
   1.66342      5.187089      5.298180
   1.69881      5.351834      5.334592
   1.73420      5.556520      5.357829
   1.76959      5.790307      5.553747
   1.80499      6.004936      5.752609
   1.84038      6.060581      5.913898
   1.87577      6.119354      6.049103
   1.91116      6.176966      6.171580
   1.94655      6.227700      6.245624
   1.98195      6.263865      6.278964
   2.01734      6.277222      6.291632
   2.01734      6.277222      6.291632
   2.05273      6.280649      6.294552
   2.08812      6.290933      6.303346
   2.12351      6.308073      6.318116
   2.15891      6.332071      6.339026
   2.19430      6.362931      6.366294
   2.22969      6.400665      6.377618
   2.26508      6.422872      6.379537
   2.30047      6.444853      6.406207
   2.33587      6.470481      6.544425
   2.37126      6.499408      6.526966
   2.40665      6.536864      6.462738
   2.44204      6.763099      6.500059
   2.47743      6.859294      6.556008
   2.51282      6.952414      6.724267
   2.54822      7.051414      6.910129
   2.58361      7.154480      7.098473
   2.61900      7.257179      7.255208
   2.65439      7.347155      7.347260
   2.68978      7.389095      7.389270
   2.68978      7.389095      7.389270
   2.73984      7.309472      7.309624
   2.78989      7.149665      7.149773
   2.83994      6.972337      6.972389
   2.88999      6.793902      6.793886
   2.94004      6.618126      6.618031
   2.99009      6.518009      6.517042
   3.04015      6.558783      6.555992
   3.09020      6.399153      6.397665
   3.14025      6.064931      6.064568
   3.19030      5.801162      5.800753
   3.24035      5.656426      5.655997
   3.29040      5.519982      5.519551
   3.34046      5.392614      5.392194
   3.39051      5.275370      5.274972
   3.44056      5.169915      5.169545
   3.49061      5.078966      5.078627
   3.54066      5.006749      5.006438
   3.59071      4.959127      4.958835
   3.64077      4.942290      4.942005
 
# Band-Index   26
   3.64077      5.390255      5.380882
   3.59071      5.402260      5.392907
   3.54066      5.439072      5.429766
   3.49061      5.502780      5.493516
   3.44056      5.595500      5.586187
   3.39051      5.716288      5.706680
   3.34046      5.856710      5.846433
   3.29040      6.000639      5.989526
   3.24035      6.136581      6.125023
   3.19030      6.269220      6.257769
   3.14025      6.409784      6.398895
   3.09020      6.572966      6.564063
   3.04015      6.797205      6.790445
   2.99009      6.994455      6.985778
   2.94004      7.189990      7.181596
   2.88999      7.358175      7.352166
   2.83994      7.349799      7.348747
   2.78989      7.359675      7.359202
   2.73984      7.434219      7.434008
   2.68978      7.480602      7.480483
   2.68978      7.480602      7.480483
   2.65439      7.495104      7.419650
   2.61900      7.534432      7.276102
   2.58361      7.393365      7.149017
   2.54822      7.245184      7.042433
   2.51282      7.102922      6.940562
   2.47743      6.973214      6.845509
   2.44204      6.772819      6.758167
   2.40665      6.693287      6.678870
   2.37126      6.620785      6.607662
   2.33587      6.555310      6.621132
   2.30047      6.496824      6.488947
   2.26508      6.445287      6.440961
   2.22969      6.404557      6.400176
   2.19430      6.389708      6.381402
   2.15891      6.378033      6.388825
   2.12351      6.369240      6.397579
   2.08812      6.363098      6.405507
   2.05273      6.359464      6.410940
   2.01734      6.358261      6.412862
   2.01734      6.358261      6.412862
   1.98195      6.364794      6.374439
   1.94655      6.377392      6.283823
   1.91116      6.380493      6.201908
   1.87577      6.351349      6.158561
   1.84038      6.239425      6.125073
   1.80499      6.030938      6.109108
   1.76959      5.955985      6.114408
   1.73420      5.916937      6.064303
   1.69881      5.890520      5.998090
   1.66342      5.878318      5.923307
   1.62803      5.809454      5.830628
   1.59264      5.699101      5.731116
   1.55724      5.607960      5.637545
   1.52185      5.535500      5.556933
   1.48646      5.479971      5.491806
   1.45107      5.439287      5.442354
   1.41568      5.411593      5.407883
   1.38028      5.395522      5.387582
   1.34489      5.390255      5.380882
   1.34489      5.390255      5.380882
   1.30950      5.396962      5.386176
   1.27411      5.417287      5.402327
   1.23872      5.451806      5.430150
   1.20332      5.501343      5.471006
   1.16793      5.566622      5.526733
   1.13254      5.647505      5.599382
   1.09715      5.741539      5.690647
   1.06176      5.841717      5.800963
   1.02637      5.934958      5.877234
   0.99097      6.009541      5.889514
   0.95558      6.074867      5.916031
   0.92019      6.115190      5.955196
   0.88480      6.109764      6.027598
   0.84941      6.125587      6.233782
   0.81401      6.158924      6.345675
   0.77862      6.202118      6.376753
   0.74323      6.287118      6.374847
   0.70784      6.377146      6.362789
   0.67245      6.415168      6.356398
   0.67245      6.415168      6.356398
   0.63705      6.413189      6.357628
   0.60166      6.407595      6.361338
   0.56627      6.399431      6.367598
   0.53088      6.390406      6.376543
   0.49549      6.382710      6.388391
   0.46010      6.400066      6.403420
   0.42470      6.440845      6.445370
   0.38931      6.488825      6.496912
   0.35392      6.621201      6.555403
   0.31853      6.607532      6.620884
   0.28314      6.678736      6.693392
   0.24774      6.758029      6.772929
   0.21235      6.845368      6.973241
   0.17696      6.940418      7.102511
   0.14157      7.042285      7.244736
   0.10618      7.148866      7.392889
   0.07078      7.276226      7.533993
   0.03539      7.419777      7.494917
   0.00000      7.480603      7.480483
 
# Band-Index   27
   0.00000      7.632604      7.632663
   0.03539      7.646468      7.611889
   0.07078      7.642837      7.538156
   0.10618      7.583907      7.454174
   0.14157      7.507650      7.323380
   0.17696      7.415113      7.161719
   0.21235      7.304196      6.974822
   0.24774      7.170332      6.873744
   0.28314      7.009985      6.817079
   0.31853      6.824842      6.823483
   0.35392      6.647140      6.895131
   0.38931      6.764361      7.013833
   0.42470      6.856123      7.135788
   0.46010      6.905194      7.086561
   0.49549      6.914511      7.044450
   0.53088      6.903327      7.009691
   0.56627      6.886702      6.982470
   0.60166      6.871935      6.962930
   0.63705      6.862207      6.951166
   0.67245      6.858844      6.947239
   0.67245      6.858844      6.947239
   0.70784      6.886249      6.965206
   0.74323      6.936557      6.871068
   0.77862      6.892187      6.743452
   0.81401      6.684353      6.601260
   0.84941      6.474565      6.479985
   0.88480      6.291907      6.403942
   0.92019      6.160091      6.326415
   0.95558      6.139401      6.209092
   0.99097      6.175070      6.068112
   1.02637      6.214158      5.928487
   1.06176      6.250687      5.878696
   1.09715      6.281035      5.890904
   1.13254      6.302475      5.909088
   1.16793      6.305341      5.928059
   1.20332      6.232651      5.943287
   1.23872      6.116590      5.951610
   1.27411      6.023911      5.952311
   1.30950      5.966245      5.948553
   1.34489      5.946768      5.946245
   1.34489      5.946768      5.946245
   1.38028      5.949128      5.965738
   1.41568      5.953024      6.023457
   1.45107      5.952489      6.116255
   1.48646      5.944302      6.232599
   1.52185      5.929162      6.304719
   1.55724      5.910234      6.301282
   1.59264      5.892058      6.279780
   1.62803      5.879830      6.249491
   1.66342      5.937312      6.213057
   1.69881      6.077759      6.174072
   1.73420      6.220040      6.138509
   1.76959      6.336140      6.150590
   1.80499      6.408540      6.283636
   1.84038      6.480548      6.467406
   1.87577      6.602463      6.677702
   1.91116      6.748472      6.886081
   1.94655      6.878883      6.932309
   1.98195      6.966319      6.880915
   2.01734      6.948361      6.853491
   2.01734      6.948361      6.853491
   2.05273      6.952286      6.857021
   2.08812      6.964042      6.866385
   2.12351      6.983571      6.881575
   2.15891      7.010773      6.898884
   2.19430      7.045508      6.911251
   2.22969      7.087589      6.903677
   2.26508      7.136779      6.855458
   2.30047      7.013992      6.764210
   2.33587      6.895341      6.647121
   2.37126      6.823737      6.824748
   2.40665      6.817375      7.009848
   2.44204      6.874078      7.170142
   2.47743      6.975193      7.303966
   2.51282      7.161704      7.414881
   2.54822      7.323373      7.507452
   2.58361      7.454166      7.583770
   2.61900      7.538635      7.642770
   2.65439      7.611842      7.646525
   2.68978      7.632604      7.632663
   2.68978      7.632604      7.632663
   2.73984      7.624866      7.624915
   2.78989      7.584472      7.584498
   2.83994      7.506576      7.506585
   2.88999      7.409727      7.409738
   2.94004      7.311653      7.311678
   2.99009      7.220373      7.220398
   3.04015      7.088443      7.086900
   3.09020      7.015633      7.014865
   3.14025      6.943150      6.942659
   3.19030      6.815955      6.815890
   3.24035      6.646093      6.645799
   3.29040      6.498700      6.497603
   3.34046      6.398722      6.396301
   3.39051      6.339817      6.338629
   3.44056      6.224589      6.223541
   3.49061      6.118516      6.117660
   3.54066      6.029362      6.028683
   3.59071      5.968529      5.967967
   3.64077      5.946768      5.946245
 
# Band-Index   28
   3.64077      6.305838      6.299926
   3.59071      6.305999      6.300145
   3.54066      6.306817      6.301156
   3.49061      6.309827      6.304540
   3.44056      6.319287      6.314624
   3.39051      6.344123      6.340413
   3.34046      6.460373      6.459135
   3.29040      6.584102      6.582919
   3.24035      6.708527      6.707497
   3.19030      6.829873      6.829086
   3.14025      6.958113      6.957995
   3.09020      7.044200      7.043985
   3.04015      7.134040      7.134001
   2.99009      7.306254      7.304892
   2.94004      7.411840      7.410894
   2.88999      7.419464      7.419163
   2.83994      7.518336      7.516632
   2.78989      7.594790      7.594002
   2.73984      7.662969      7.662404
   2.68978      7.694357      7.694371
   2.68978      7.694357      7.694371
   2.65439      7.663561      7.681007
   2.61900      7.551257      7.650689
   2.58361      7.584008      7.609184
   2.54822      7.619664      7.577834
   2.51282      7.625431      7.554357
   2.47743      7.559834      7.533285
   2.44204      7.476845      7.509448
   2.40665      7.397862      7.480447
   2.37126      7.323790      7.411538
   2.33587      7.255264      7.321572
   2.30047      7.192788      7.245013
   2.26508      7.156446      7.179602
   2.22969      7.214674      7.123978
   2.19430      7.164891      7.077409
   2.15891      7.121748      7.039522
   2.12351      7.088213      7.010136
   2.08812      7.064276      6.989172
   2.05273      7.050190      6.976600
   2.01734      7.045627      6.972410
   2.01734      7.045627      6.972410
   1.98195      6.987929      6.989582
   1.94655      7.015855      7.036357
   1.91116      7.087243      6.957521
   1.87577      6.943543      6.927260
   1.84038      6.757191      6.848663
   1.80499      6.595070      6.742012
   1.76959      6.459545      6.624200
   1.73420      6.376317      6.509089
   1.69881      6.329989      6.413670
   1.66342      6.299366      6.355526
   1.62803      6.279929      6.335218
   1.59264      6.270270      6.334596
   1.55724      6.268839      6.336458
   1.52185      6.273467      6.333482
   1.48646      6.281594      6.325830
   1.45107      6.290688      6.316349
   1.41568      6.298641      6.307776
   1.38028      6.303971      6.301966
   1.34489      6.305838      6.299926
   1.34489      6.305838      6.299926
   1.30950      6.307833      6.298071
   1.27411      6.313497      6.292781
   1.23872      6.321795      6.284900
   1.20332      6.330824      6.275921
   1.16793      6.337781      6.267965
   1.13254      6.339770      6.263588
   1.09715      6.336676      6.265390
   1.06176      6.336036      6.275603
   1.02637      6.355557      6.295883
   0.99097      6.414074      6.327806
   0.95558      6.510775      6.375897
   0.92019      6.627184      6.458466
   0.88480      6.745914      6.589911
   0.84941      6.853050      6.749931
   0.81401      6.931840      6.936425
   0.77862      6.962993      7.086075
   0.74323      7.037526      7.014746
   0.70784      6.990750      6.978535
   0.67245      6.973586      7.034812
   0.67245      6.973586      7.034812
   0.63705      6.977774      7.039596
   0.60166      6.990339      7.053967
   0.56627      7.011291      7.077978
   0.53088      7.040661      7.111687
   0.49549      7.078527      7.155013
   0.46010      7.125068      7.205915
   0.42470      7.180655      7.156443
   0.38931      7.246019      7.191842
   0.35392      7.322516      7.254372
   0.31853      7.412400      7.322962
   0.28314      7.486425      7.397111
   0.24774      7.514309      7.476183
   0.21235      7.537056      7.559275
   0.17696      7.557182      7.621952
   0.14157      7.579914      7.617538
   0.10618      7.610692      7.582959
   0.07078      7.651736      7.551282
   0.03539      7.681016      7.663116
   0.00000      7.694357      7.694371
 
# Band-Index   29
   0.00000      7.720963      7.720556
   0.03539      7.696957      7.731504
   0.07078      7.670007      7.806964
   0.10618      7.693726      7.809654
   0.14157      7.719474      7.730049
   0.17696      7.748599      7.644860
   0.21235      7.779323      7.600007
   0.24774      7.642438      7.561829
   0.28314      7.518567      7.515324
   0.31853      7.454205      7.465840
   0.35392      7.386452      7.417041
   0.38931      7.323531      7.353185
   0.42470      7.289173      7.280641
   0.46010      7.288874      7.296222
   0.49549      7.311814      7.268034
   0.53088      7.337516      7.246228
   0.56627      7.355749      7.230354
   0.60166      7.366060      7.219744
   0.63705      7.370891      7.213714
   0.67245      7.372263      7.211766
   0.67245      7.372263      7.211766
   0.70784      7.253595      7.259726
   0.74323      7.086116      7.315381
   0.77862      7.103327      7.146683
   0.81401      7.176481      7.168323
   0.84941      7.245161      7.250144
   0.88480      7.296637      7.318966
   0.92019      7.317942      7.362520
   0.95558      7.298216      7.373132
   0.99097      7.224559      7.349348
   1.02637      7.114523      7.292355
   1.06176      6.959478      7.203269
   1.09715      6.782486      7.085043
   1.13254      6.602256      6.945658
   1.16793      6.442571      6.797878
   1.20332      6.372017      6.656208
   1.23872      6.367762      6.534312
   1.27411      6.370106      6.443058
   1.30950      6.372016      6.388215
   1.34489      6.372681      6.370216
   1.34489      6.372681      6.370216
   1.38028      6.390633      6.369551
   1.41568      6.445364      6.367632
   1.45107      6.536513      6.365229
   1.48646      6.658394      6.369264
   1.52185      6.800187      6.440430
   1.55724      6.948244      6.600679
   1.59264      7.088027      6.780874
   1.62803      7.206672      6.957584
   1.66342      7.296041      7.112205
   1.69881      7.353051      7.220982
   1.73420      7.376537      7.295366
   1.76959      7.365369      7.315308
   1.80499      7.321176      7.294442
   1.84038      7.251826      7.243416
   1.87577      7.169665      7.175063
   1.91116      7.152493      7.102091
   1.94655      7.321865      7.077746
   1.98195      7.279081      7.245012
   2.01734      7.231988      7.372200
   2.01734      7.231988      7.372200
   2.05273      7.231205      7.370693
   2.08812      7.232243      7.360250
   2.12351      7.242976      7.348984
   2.15891      7.255612      7.330227
   2.19430      7.276378      7.303853
   2.22969      7.304388      7.279796
   2.26508      7.291570      7.279279
   2.30047      7.363929      7.313601
   2.33587      7.424917      7.376668
   2.37126      7.473282      7.447584
   2.40665      7.522116      7.517816
   2.44204      7.567733      7.641817
   2.47743      7.604794      7.778950
   2.51282      7.645302      7.748604
   2.54822      7.730365      7.719496
   2.58361      7.809847      7.693763
   2.61900      7.806945      7.670055
   2.65439      7.731483      7.696314
   2.68978      7.720964      7.720556
   2.68978      7.720964      7.720556
   2.73984      7.713919      7.713920
   2.78989      7.734388      7.734373
   2.83994      7.754084      7.754055
   2.88999      7.697038      7.694368
   2.94004      7.657940      7.657219
   2.99009      7.569153      7.568533
   3.04015      7.476198      7.474402
   3.09020      7.403438      7.400405
   3.14025      7.350030      7.346517
   3.19030      7.320341      7.316936
   3.24035      7.276761      7.275298
   3.29040      7.115601      7.114211
   3.34046      6.950204      6.948774
   3.39051      6.790299      6.788731
   3.44056      6.646416      6.644628
   3.49061      6.528135      6.526090
   3.54066      6.441813      6.439543
   3.59071      6.389924      6.387508
   3.64077      6.372681      6.370216
 
# Band-Index   30
   3.64077      7.863119      7.863144
   3.59071      7.769483      7.769042
   3.54066      7.602521      7.601639
   3.49061      7.454752      7.453492
   3.44056      7.346692      7.345002
   3.39051      7.282035      7.279877
   3.34046      7.257153      7.254545
   3.29040      7.263582      7.260607
   3.24035      7.289388      7.286159
   3.19030      7.425527      7.423836
   3.14025      7.555514      7.553323
   3.09020      7.615510      7.614926
   3.04015      7.686184      7.685022
   2.99009      7.765575      7.764809
   2.94004      7.780409      7.780165
   2.88999      7.773204      7.773125
   2.83994      7.804619      7.800561
   2.78989      7.921901      7.919456
   2.73984      7.960595      7.960574
   2.68978      7.936373      7.936385
   2.68978      7.936373      7.936385
   2.65439      7.920620      7.976770
   2.61900      7.876127      8.070480
   2.58361      7.886632      8.165516
   2.54822      7.962042      8.055290
   2.51282      8.033716      7.921378
   2.47743      7.911193      7.782057
   2.44204      7.779075      7.677560
   2.40665      7.657834      7.561550
   2.37126      7.548076      7.460696
   2.33587      7.450046      7.414987
   2.30047      7.379615      7.382809
   2.26508      7.339080      7.356642
   2.22969      7.323625      7.339925
   2.19430      7.469334      7.333362
   2.15891      7.597594      7.339833
   2.12351      7.688096      7.358038
   2.08812      7.722882      7.384867
   2.05273      7.731813      7.694843
   2.01734      7.733324      7.717056
   2.01734      7.733324      7.717056
   1.98195      7.583090      7.517332
   1.94655      7.418426      7.608818
   1.91116      7.440104      7.689623
   1.87577      7.481752      7.770926
   1.84038      7.486896      7.771600
   1.80499      7.464207      7.629588
   1.76959      7.432642      7.474726
   1.73420      7.405349      7.335169
   1.69881      7.388507      7.227850
   1.66342      7.384753      7.138795
   1.62803      7.395632      7.094163
   1.59264      7.422635      7.091787
   1.55724      7.467393      7.133383
   1.52185      7.531426      7.215478
   1.48646      7.615706      7.330515
   1.45107      7.720209      7.469636
   1.41568      7.843592      7.623342
   1.38028      7.865823      7.775828
   1.34489      7.863119      7.863144
   1.34489      7.863119      7.863144
   1.30950      7.776177      7.865848
   1.27411      7.623997      7.842485
   1.23872      7.470546      7.718929
   1.20332      7.331747      7.614230
   1.16793      7.217163      7.529730
   1.13254      7.135664      7.465464
   1.09715      7.094721      7.420473
   1.06176      7.097618      7.393258
   1.02637      7.142476      7.382213
   0.99097      7.230565      7.385877
   0.95558      7.338380      7.402747
   0.92019      7.477422      7.430216
   0.88480      7.631761      7.462055
   0.84941      7.774013      7.484815
   0.81401      7.771063      7.478903
   0.77862      7.699456      7.435334
   0.74323      7.619251      7.408587
   0.70784      7.526747      7.574256
   0.67245      7.433733      7.710907
   0.67245      7.433733      7.710907
   0.63705      7.421640      7.716423
   0.60166      7.394921      7.712429
   0.56627      7.368144      7.666921
   0.53088      7.349662      7.585114
   0.49549      7.342811      7.464820
   0.46010      7.348103      7.321148
   0.42470      7.364410      7.330853
   0.38931      7.389572      7.371473
   0.35392      7.420674      7.439348
   0.31853      7.470549      7.537331
   0.28314      7.571658      7.646994
   0.24774      7.687728      7.768101
   0.21235      7.782196      7.900062
   0.17696      7.921766      8.033637
   0.14157      8.055602      7.962010
   0.10618      8.167010      7.886631
   0.07078      8.071663      7.876038
   0.03539      7.976755      7.920605
   0.00000      7.936373      7.936385
 
# Band-Index   31
   0.00000      7.953963      7.952537
   0.03539      7.990406      7.955387
   0.07078      8.081386      7.967324
   0.10618      8.171737      8.000037
   0.14157      8.115200      8.071496
   0.17696      7.960430      8.041844
   0.21235      7.817615      8.103360
   0.24774      7.817529      8.171742
   0.28314      7.856516      8.237136
   0.31853      7.897732      8.185640
   0.35392      7.940465      8.122785
   0.38931      7.983915      8.052390
   0.42470      8.027145      7.979781
   0.46010      8.003498      7.911078
   0.49549      7.952991      7.850470
   0.53088      7.897063      7.800120
   0.56627      7.838076      7.760909
   0.60166      7.781009      7.733041
   0.63705      7.735535      7.733449
   0.67245      7.717093      7.739402
   0.67245      7.717093      7.739402
   0.70784      7.720704      7.831122
   0.74323      7.731340      7.900125
   0.77862      7.748442      7.951286
   0.81401      7.781716      8.009086
   0.84941      7.798364      8.097810
   0.88480      7.828944      8.138398
   0.92019      7.861712      8.115236
   0.95558      7.895485      8.089813
   0.99097      7.929159      8.062637
   1.02637      7.961736      8.034336
   1.06176      7.992343      8.005653
   1.09715      8.013040      7.977430
   1.13254      7.975658      7.950566
   1.16793      7.952104      7.925966
   1.20332      7.937173      7.904492
   1.23872      7.927718      7.886916
   1.27411      7.921917      7.873890
   1.30950      7.918763      7.914444
   1.34489      7.917762      7.911836
   1.34489      7.917762      7.911836
   1.38028      7.920352      7.912839
   1.41568      7.873866      7.916000
   1.45107      7.886892      7.921820
   1.48646      7.904470      7.931316
   1.52185      7.925945      7.946329
   1.55724      7.950548      7.970036
   1.59264      7.977414      8.007679
   1.62803      8.005639      7.992336
   1.66342      8.034324      7.961728
   1.69881      8.062628      7.929151
   1.73420      8.089806      7.895476
   1.76959      8.115231      7.861704
   1.80499      8.138395      7.828935
   1.84038      8.107454      7.798354
   1.87577      8.018741      7.774617
   1.91116      7.961542      7.748431
   1.94655      8.194789      7.731344
   1.98195      8.207012      7.720696
   2.01734      8.209168      8.203293
   2.01734      8.209168      8.203293
   2.05273      8.209977      8.199995
   2.08812      8.211237      7.788442
   2.12351      8.207045      7.840405
   2.15891      7.887826      7.904687
   2.19430      7.900189      7.964291
   2.22969      7.939849      8.040998
   2.26508      8.013725      8.026593
   2.30047      8.108240      7.983545
   2.33587      8.177017      7.940220
   2.37126      8.237534      7.897574
   2.40665      8.237648      7.856419
   2.44204      8.172016      7.817476
   2.47743      8.103510      7.807312
   2.51282      8.053169      7.949936
   2.54822      8.073635      8.104481
   2.58361      8.001989      8.171481
   2.61900      7.969073      8.081397
   2.65439      7.956902      7.989128
   2.68978      7.953975      7.952537
   2.68978      7.953975      7.952537
   2.73984      7.966408      7.964931
   2.78989      8.007753      8.007583
   2.83994      8.033986      8.033516
   2.88999      8.022214      8.021220
   2.94004      7.965902      7.964329
   2.99009      7.793565      7.792778
   3.04015      7.727231      7.725101
   3.09020      7.660279      7.657267
   3.14025      7.604739      7.604421
   3.19030      7.636078      7.635773
   3.24035      7.684242      7.683950
   3.29040      7.737455      7.737198
   3.34046      7.792676      7.792453
   3.39051      7.847998      7.847800
   3.44056      7.900964      7.900778
   3.49061      7.943677      7.937976
   3.54066      7.930837      7.924997
   3.59071      7.921247      7.915342
   3.64077      7.917762      7.911836
 
# Band-Index   32
   3.64077      8.113854      8.113850
   3.59071      8.031915      8.031514
   3.54066      7.990052      7.989821
   3.49061      7.948843      7.948654
   3.44056      7.954211      7.948771
   3.39051      7.953425      7.948456
   3.34046      7.930457      7.926225
   3.29040      7.880787      7.877454
   3.24035      7.815521      7.813009
   3.19030      7.756469      7.754633
   3.14025      7.724127      7.723016
   3.09020      7.733040      7.732912
   3.04015      7.793429      7.792678
   2.99009      7.880859      7.879182
   2.94004      8.013829      8.012701
   2.88999      8.104839      8.098897
   2.83994      8.189437      8.181572
   2.78989      8.329077      8.318325
   2.73984      8.307851      8.306933
   2.68978      8.185037      8.184203
   2.68978      8.185037      8.184203
   2.65439      8.245264      8.243720
   2.61900      8.378760      8.262843
   2.58361      8.364467      8.221638
   2.54822      8.204479      8.250312
   2.51282      8.188989      8.279869
   2.47743      8.310218      8.249331
   2.44204      8.325212      8.208104
   2.40665      8.281825      8.172405
   2.37126      8.295472      8.202572
   2.33587      8.335665      8.174442
   2.30047      8.348033      8.140730
   2.26508      8.323890      8.099836
   2.22969      8.288812      8.068205
   2.19430      8.266456      8.106974
   2.15891      8.258910      8.141204
   2.12351      8.240661      8.169021
   2.08812      8.225814      8.188809
   2.05273      8.216758      8.297913
   2.01734      8.213722      8.296678
   2.01734      8.213722      8.296678
   1.98195      8.208500      8.198878
   1.94655      8.200598      8.187032
   1.91116      8.177736      8.173418
   1.87577      8.164515      8.046386
   1.84038      8.158890      8.010328
   1.80499      8.185615      8.146623
   1.76959      8.237136      8.260781
   1.73420      8.314671      8.330871
   1.69881      8.385536      8.278126
   1.66342      8.370575      8.157822
   1.62803      8.268725      8.067202
   1.59264      8.159244      8.020260
   1.55724      8.072558      8.044957
   1.52185      8.011272      8.066058
   1.48646      7.970427      8.083352
   1.45107      7.944366      8.096756
   1.41568      7.928663      8.106277
   1.38028      7.982950      8.111959
   1.34489      8.113854      8.113850
   1.34489      8.113854      8.113850
   1.30950      8.111964      7.982022
   1.27411      8.106282      7.922813
   1.23872      8.096761      7.938623
   1.20332      8.083357      7.964861
   1.16793      8.066064      8.005973
   1.13254      8.044963      8.067630
   1.09715      8.020267      8.154757
   1.06176      8.072163      8.264620
   1.02637      8.162308      8.366658
   0.99097      8.282469      8.381904
   0.95558      8.335089      8.311113
   0.92019      8.264651      8.233183
   0.88480      8.154439      8.181107
   0.84941      8.018260      8.158889
   0.81401      8.049163      8.159278
   0.77862      8.178676      8.172397
   0.74323      8.192330      8.189452
   0.70784      8.204163      8.203204
   0.67245      8.208789      8.208448
   0.67245      8.208789      8.208448
   0.63705      8.204868      8.211344
   0.60166      8.192638      8.217311
   0.56627      8.171744      8.227469
   0.53088      8.143041      8.242228
   0.49549      8.108199      8.262359
   0.46010      8.069026      8.276860
   0.42470      8.047718      8.302776
   0.38931      8.085788      8.344880
   0.35392      8.118853      8.333726
   0.31853      8.149331      8.294470
   0.28314      8.180935      8.239565
   0.24774      8.217514      8.283591
   0.21235      8.258954      8.289000
   0.17696      8.287442      8.185389
   0.14157      8.253487      8.192056
   0.10618      8.221661      8.349130
   0.07078      8.263049      8.377905
   0.03539      8.244561      8.244474
   0.00000      8.185031      8.184189
 
# Band-Index   33
   0.00000      8.348268      8.348188
   0.03539      8.324550      8.369290
   0.07078      8.382967      8.431801
   0.10618      8.280743      8.531483
   0.14157      8.376854      8.513823
   0.17696      8.523995      8.454347
   0.21235      8.596712      8.452666
   0.24774      8.500363      8.572843
   0.28314      8.400955      8.619711
   0.31853      8.317970      8.513562
   0.35392      8.255959      8.424183
   0.38931      8.219520      8.353338
   0.42470      8.214240      8.325677
   0.46010      8.245402      8.289309
   0.49549      8.313543      8.280257
   0.53088      8.333574      8.255725
   0.56627      8.315655      8.235508
   0.60166      8.304172      8.220602
   0.63705      8.298350      8.211504
   0.67245      8.296703      8.209376
   0.67245      8.296703      8.209376
   0.70784      8.302397      8.207219
   0.74323      8.319490      8.200830
   0.77862      8.199985      8.190438
   0.81401      8.170610      8.176346
   0.84941      8.176811      8.158911
   0.88480      8.206296      8.222442
   0.92019      8.333052      8.372639
   0.95558      8.524075      8.535095
   0.99097      8.557724      8.694742
   1.02637      8.706542      8.832326
   1.06176      8.893415      8.928708
   1.09715      8.966514      8.976077
   1.13254      8.932422      8.972188
   1.16793      8.852323      8.904282
   1.20332      8.730141      8.779667
   1.23872      8.578458      8.627645
   1.27411      8.412642      8.464993
   1.30950      8.252040      8.300494
   1.34489      8.162148      8.160125
   1.34489      8.162148      8.160125
   1.38028      8.301638      8.250311
   1.41568      8.466098      8.410964
   1.45107      8.628851      8.576541
   1.48646      8.781175      8.727730
   1.52185      8.906498      8.849246
   1.55724      8.975267      8.928855
   1.59264      8.979419      8.962883
   1.62803      8.932110      8.892789
   1.66342      8.836146      8.705853
   1.69881      8.699520      8.557247
   1.73420      8.541136      8.518248
   1.76959      8.380027      8.326210
   1.80499      8.231137      8.202000
   1.84038      8.163879      8.172039
   1.87577      8.176349      8.165512
   1.91116      8.190498      8.199970
   1.94655      8.656532      8.319465
   1.98195      8.690297      8.302372
   2.01734      8.709133      8.505052
   2.01734      8.709133      8.505052
   2.05273      8.652119      8.514230
   2.08812      8.510922      8.302867
   2.12351      8.364008      8.313133
   2.15891      8.260780      8.330210
   2.19430      8.285141      8.354188
   2.22969      8.311643      8.384998
   2.26508      8.335728      8.422505
   2.30047      8.374594      8.466425
   2.33587      8.444596      8.516035
   2.37126      8.534676      8.569464
   2.40665      8.620026      8.400523
   2.44204      8.577784      8.498030
   2.47743      8.465336      8.595102
   2.51282      8.482214      8.519432
   2.54822      8.656915      8.376720
   2.58361      8.531608      8.269786
   2.61900      8.431889      8.382046
   2.65439      8.369371      8.324410
   2.68978      8.348268      8.348188
   2.68978      8.348268      8.348188
   2.73984      8.343775      8.343616
   2.78989      8.329398      8.329094
   2.83994      8.305663      8.305241
   2.88999      8.287084      8.286690
   2.94004      8.029214      8.025255
   2.99009      7.990373      7.986987
   3.04015      8.042602      8.040704
   3.09020      8.140018      8.138714
   3.14025      8.272936      8.271930
   3.19030      8.455398      8.454527
   3.24035      8.675695      8.674715
   3.29040      8.794066      8.791238
   3.34046      8.878296      8.876328
   3.39051      9.033362      9.032122
   3.44056      8.996808      8.993558
   3.49061      8.821928      8.819914
   3.54066      8.591796      8.590357
   3.59071      8.349896      8.348609
   3.64077      8.162148      8.160125
 
# Band-Index   34
   3.64077      9.100740      9.097682
   3.59071      9.106546      9.103565
   3.54066      9.123699      9.120996
   3.49061      9.152483      9.150449
   3.44056      9.198942      9.198257
   3.39051      9.068784      9.065047
   3.34046      9.032788      9.030124
   3.29040      8.889403      8.887884
   3.24035      8.770301      8.766752
   3.19030      8.784311      8.780363
   3.14025      8.743984      8.743611
   3.09020      8.590646      8.590541
   3.04015      8.460539      8.460436
   2.99009      8.361805      8.361665
   2.94004      8.302022      8.301782
   2.88999      8.385460      8.385182
   2.83994      8.706631      8.704636
   2.78989      8.582431      8.582062
   2.73984      8.510379      8.509532
   2.68978      8.469867      8.468931
   2.68978      8.469867      8.468931
   2.65439      8.486720      8.489508
   2.61900      8.526394      8.444591
   2.58361      8.538557      8.543926
   2.54822      8.672074      8.519858
   2.51282      8.776780      8.526935
   2.47743      8.816091      8.604899
   2.44204      8.776022      8.656855
   2.40665      8.720911      8.621582
   2.37126      8.675290      8.772299
   2.33587      8.653390      8.818251
   2.30047      8.666063      8.799888
   2.26508      8.709415      8.750624
   2.22969      8.769055      8.683886
   2.19430      8.833448      8.519076
   2.15891      8.895410      8.525726
   2.12351      8.949708      8.566510
   2.08812      8.992098      8.562136
   2.05273      9.019115      8.568733
   2.01734      9.028404      8.575080
   2.01734      9.028404      8.575080
   1.98195      9.032287      8.497788
   1.94655      9.043975      8.361542
   1.91116      9.063580      8.347998
   1.87577      9.091280      8.388029
   1.84038      9.127321      8.439643
   1.80499      9.171995      8.502938
   1.76959      9.052379      8.578015
   1.73420      9.042264      8.549130
   1.69881      8.894365      8.704815
   1.66342      8.875728      8.858079
   1.62803      8.996069      8.945007
   1.59264      9.176843      9.102838
   1.55724      9.231879      9.280638
   1.52185      9.162229      9.247590
   1.48646      9.130533      9.182417
   1.45107      9.115513      9.141125
   1.41568      9.106988      9.115901
   1.38028      9.102274      9.102098
   1.34489      9.100740      9.097682
   1.34489      9.100740      9.097682
   1.30950      9.105099      9.099235
   1.27411      9.118716      9.104016
   1.23872      9.143581      9.112699
   1.20332      9.184280      9.128080
   1.16793      9.248670      9.160567
   1.13254      9.280653      9.231199
   1.09715      9.103382      9.176488
   1.06176      8.948504      8.995791
   1.02637      8.861875      8.875534
   0.99097      8.709564      8.893809
   0.95558      8.549674      9.041059
   0.92019      8.578037      9.043141
   0.88480      8.502961      8.933066
   0.84941      8.439667      8.839344
   0.81401      8.388053      8.773901
   0.77862      8.348022      8.743528
   0.74323      8.355914      8.740255
   0.70784      8.483097      8.743748
   0.67245      8.536490      8.744257
   0.67245      8.536490      8.744257
   0.63705      8.542694      8.692234
   0.60166      8.561035      8.569315
   0.56627      8.504532      8.436267
   0.53088      8.408161      8.335573
   0.49549      8.358105      8.283988
   0.46010      8.389243      8.307049
   0.42470      8.426921      8.331655
   0.38931      8.470897      8.375806
   0.35392      8.520464      8.445074
   0.31853      8.573735      8.534679
   0.28314      8.625498      8.621569
   0.24774      8.659957      8.747465
   0.21235      8.607759      8.813070
   0.17696      8.527429      8.775692
   0.14157      8.529437      8.656628
   0.10618      8.544983      8.536994
   0.07078      8.455701      8.511451
   0.03539      8.490383      8.485795
   0.00000      8.469865      8.468929
 
# Band-Index   35
   0.00000      8.818047      8.807611
   0.03539      8.638600      8.676443
   0.07078      8.541456      8.533079
   0.10618      8.606451      8.591918
   0.14157      8.678060      8.690724
   0.17696      8.694558      8.788102
   0.21235      8.636123      8.889361
   0.24774      8.691027      8.772092
   0.28314      8.775128      8.716830
   0.31853      8.828770      8.671491
   0.35392      8.841103      8.650386
   0.38931      8.818773      8.664168
   0.42470      8.776792      8.708370
   0.46010      8.726944      8.768462
   0.49549      8.676441      8.833112
   0.53088      8.629905      8.895201
   0.56627      8.590637      8.949584
   0.60166      8.573862      8.992028
   0.63705      8.608251      9.019074
   0.67245      8.617831      9.028372
   0.67245      8.617831      9.028372
   0.70784      8.612462      9.032256
   0.74323      8.607386      9.043944
   0.77862      8.633695      9.063550
   0.81401      8.706571      9.091251
   0.84941      8.816312      9.127293
   0.88480      8.942955      9.171969
   0.92019      8.730325      9.213485
   0.95558      8.665034      9.158756
   0.99097      8.763997      9.273974
   1.02637      8.875039      9.385112
   1.06176      8.998193      9.421304
   1.09715      9.133447      9.333713
   1.13254      9.330672      9.379764
   1.16793      9.439562      9.588325
   1.20332      9.609536      9.788545
   1.23872      9.789201      9.967361
   1.27411      9.974966     10.113663
   1.30950     10.153702     10.215722
   1.34489     10.224941     10.224928
   1.34489     10.224941     10.224928
   1.38028     10.215860     10.153701
   1.41568     10.114024      9.974961
   1.45107      9.967836      9.789194
   1.48646      9.789028      9.609526
   1.52185      9.588768      9.439549
   1.55724      9.380164      9.330186
   1.59264      9.334085      9.133431
   1.62803      9.422989      8.998176
   1.66342      9.392985      8.875020
   1.69881      9.283657      8.763977
   1.73420      9.168456      8.665013
   1.76959      9.215497      8.729058
   1.80499      9.325290      8.936713
   1.84038      9.322346      9.120187
   1.87577      9.256673      9.190613
   1.91116      9.178854      9.163503
   1.94655      9.111879      9.113553
   1.98195      9.067296      9.075567
   2.01734      9.051659      9.061649
   2.01734      9.051659      9.061649
   2.05273      9.054204      9.064403
   2.08812      9.061721      9.071400
   2.12351      9.073914      8.946660
   2.15891      9.087041      8.830919
   2.19430      9.095303      8.850913
   2.22969      9.084454      8.897146
   2.26508      9.104595      8.955366
   2.30047      9.141497      9.015614
   2.33587      9.152870      9.069810
   2.37126      9.116476      9.125803
   2.40665      8.919368      8.776038
   2.44204      8.912047      8.690841
   2.47743      8.890935      8.634532
   2.51282      8.789304      8.691708
   2.54822      8.691729      8.677254
   2.58361      8.604618      8.594602
   2.61900      8.533983      8.540626
   2.65439      8.687782      8.627304
   2.68978      8.818308      8.807696
   2.68978      8.818308      8.807696
   2.73984      8.567036      8.555660
   2.78989      8.635996      8.635300
   2.83994      8.834349      8.833641
   2.88999      8.876065      8.868156
   2.94004      8.849939      8.843286
   2.99009      8.869859      8.864357
   3.04015      8.890594      8.886463
   3.09020      8.858740      8.854568
   3.14025      8.825731      8.821849
   3.19030      8.931369      8.931258
   3.24035      9.129222      9.129161
   3.29040      9.345749      9.345694
   3.34046      9.326009      9.325160
   3.39051      9.268824      9.268803
   3.44056      9.252698      9.251932
   3.49061      9.521040      9.520555
   3.54066      9.819009      9.818708
   3.59071     10.107779     10.107652
   3.64077     10.224941     10.224928
 
# Band-Index   36
   3.64077     10.254237     10.254241
   3.59071     10.215877     10.215865
   3.54066     10.185308     10.185293
   3.49061     10.122470     10.122440
   3.44056     10.011827     10.011743
   3.39051      9.817632      9.817589
   3.34046      9.576960      9.576909
   3.29040      9.357372      9.355551
   3.24035      9.367458      9.364688
   3.19030      9.250508      9.248281
   3.14025      9.125249      9.122351
   3.09020      9.015559      9.011880
   3.04015      8.928190      8.923654
   2.99009      8.920227      8.916119
   2.94004      8.956833      8.952659
   2.88999      8.980304      8.968527
   2.83994      8.918298      8.909751
   2.78989      8.873359      8.861996
   2.73984      8.879463      8.867088
   2.68978      8.839636      8.826654
   2.68978      8.839636      8.826654
   2.65439      8.787123      8.820486
   2.61900      8.873792      8.701463
   2.58361      9.237264      8.613025
   2.54822      9.147349      8.702054
   2.51282      8.913497      8.802981
   2.47743      9.002335      8.909542
   2.44204      8.988152      9.012421
   2.40665      9.069800      9.098567
   2.37126      9.125327      9.155394
   2.33587      9.153393      9.179936
   2.30047      9.155910      9.180020
   2.26508      9.145545      9.165603
   2.22969      9.128216      9.145583
   2.19430      9.108741      9.123610
   2.15891      9.090464      9.103011
   2.12351      9.103547      9.085604
   2.08812      9.111384      9.076451
   2.05273      9.161676      9.223906
   2.01734      9.207391      9.302004
   2.01734      9.207391      9.302004
   1.98195      9.215248      9.310538
   1.94655      9.238725      9.336840
   1.91116      9.276896      9.379572
   1.87577      9.328567      9.437246
   1.84038      9.391744      9.506644
   1.80499      9.464189      8.941259
   1.76959      9.226335      9.064265
   1.73420      9.288790      9.176745
   1.69881      9.361590      9.271584
   1.66342      9.444544      9.373596
   1.62803      9.537988      9.522773
   1.59264      9.642191      9.458887
   1.55724      9.757295      9.341893
   1.52185      9.883244      9.570404
   1.48646     10.019672      9.818966
   1.45107     10.165702     10.070009
   1.41568     10.202583     10.212077
   1.38028     10.219343     10.221726
   1.34489     10.254237     10.254241
   1.34489     10.254237     10.254241
   1.30950     10.221739     10.219331
   1.27411     10.212090     10.202572
   1.23872     10.070512     10.165713
   1.20332      9.819430     10.019677
   1.16793      9.570862      9.883244
   1.13254      9.342314      9.757290
   1.09715      9.459003      9.642182
   1.06176      9.531574      9.537976
   1.02637      9.382906      9.444529
   0.99097      9.280787      9.361571
   0.95558      9.185724      9.288769
   0.92019      9.072791      9.226207
   0.88480      8.944500      9.321519
   0.84941      9.123066      9.317012
   0.81401      9.195587      9.250504
   0.77862      9.169812      9.172181
   0.74323      9.120493      9.104869
   0.70784      9.082612      9.060072
   0.67245      9.068808      9.044368
   0.67245      9.068808      9.044368
   0.63705      9.071538      9.046936
   0.60166      9.079611      9.054516
   0.56627      9.004209      9.066723
   0.53088      8.963956      9.082839
   0.49549      8.963621      9.101694
   0.46010      8.987834      9.121422
   0.42470      9.028259      9.139061
   0.38931      9.080822      9.149910
   0.35392      9.143261      9.146889
   0.31853      9.159601      9.119927
   0.28314      9.101610      8.927689
   0.24774      9.014504      8.914127
   0.21235      8.911000      8.891287
   0.17696      8.804084      8.866746
   0.14157      8.702973      8.703694
   0.10618      8.613864      8.603699
   0.07078      8.714010      8.681953
   0.03539      8.833188      8.774340
   0.00000      8.839201      8.826662
 
# Band-Index   37
   0.00000      8.913918      8.901395
   0.03539      9.023759      9.034954
   0.07078      9.219245      9.205466
   0.10618      9.231205      9.233299
   0.14157      9.137548      9.143388
   0.17696      9.068677      9.063606
   0.21235      9.059053      9.022731
   0.24774      9.148821      8.985947
   0.28314      9.289511      9.066661
   0.31853      9.213778      9.121184
   0.35392      9.185170      9.227792
   0.38931      9.185977      9.212760
   0.42470      9.172408      9.193101
   0.46010      9.152269      9.173154
   0.49549      9.130468      9.155572
   0.53088      9.109987      9.142524
   0.56627      9.092656      9.136861
   0.60166      9.098174      9.144219
   0.63705      9.226643      9.174491
   0.67245      9.302063      9.207448
   0.67245      9.302063      9.207448
   0.70784      9.310964      9.215415
   0.74323      9.337313      9.239004
   0.77862      9.380053      9.277313
   0.81401      9.437435      9.328934
   0.84941      9.507061      9.392075
   0.88480      9.585933      9.464636
   0.92019      9.670549      9.544284
   0.95558      9.757053      9.628489
   0.99097      9.828976      9.695802
   1.02637      9.713949      9.625344
   1.06176      9.586233      9.636620
   1.09715      9.733949      9.796396
   1.13254      9.968812     10.005183
   1.16793     10.141048     10.086350
   1.20332     10.172327     10.135848
   1.23872     10.195765     10.174694
   1.27411     10.315121     10.319609
   1.30950     10.535690     10.477910
   1.34489     10.615810     10.615812
   1.34489     10.615810     10.615812
   1.38028     10.477886     10.535197
   1.41568     10.319592     10.314561
   1.45107     10.174705     10.195751
   1.48646     10.135856     10.172313
   1.52185     10.086356     10.141034
   1.55724     10.012271      9.962202
   1.59264      9.804906      9.726221
   1.62803      9.645165      9.586181
   1.66342      9.628891      9.714349
   1.69881      9.703530      9.836261
   1.73420      9.628489      9.757044
   1.76959      9.544339      9.670696
   1.80499      9.765351      9.586246
   1.84038      9.779764      9.659863
   1.87577      9.703048      9.716747
   1.91116      9.595389      9.722049
   1.94655      9.531941      9.667149
   1.98195      9.500011      9.684489
   2.01734      9.487240      9.798856
   2.01734      9.487240      9.798856
   2.05273      9.593810      9.861771
   2.08812      9.803262      9.804646
   2.12351     10.039951      9.814275
   2.15891     10.069225      9.830606
   2.19430     10.083767      9.875593
   2.22969     10.031118      9.867277
   2.26508      9.844208      9.792748
   2.30047      9.601315      9.691263
   2.33587      9.354551      9.603821
   2.37126      9.153150      9.488881
   2.40665      9.139915      9.306707
   2.44204      9.088771      9.147081
   2.47743      9.055042      9.055964
   2.51282      9.095931      9.064658
   2.54822      9.160361      9.133353
   2.58361      9.378995      9.227115
   2.61900      9.246062      9.207747
   2.65439      9.046692      9.012161
   2.68978      8.922161      8.901414
   2.68978      8.922161      8.901414
   2.73984      8.963588      8.951470
   2.78989      8.958331      8.946411
   2.83994      8.954256      8.944445
   2.88999      9.002313      8.998477
   2.94004      9.035741      9.024173
   2.99009      9.112406      9.101226
   3.04015      9.208712      9.198069
   3.09020      9.319595      9.310278
   3.14025      9.384186      9.381666
   3.19030      9.384252      9.382405
   3.24035      9.393209      9.392607
   3.29040      9.521860      9.521171
   3.34046      9.675141      9.674715
   3.39051      9.851531      9.851322
   3.44056     10.056581     10.056550
   3.49061     10.267904     10.267877
   3.54066     10.417976     10.417913
   3.59071     10.517347     10.517280
   3.64077     10.615810     10.615812
 
# Band-Index   38
   3.64077     10.660329     10.660408
   3.59071     10.714967     10.714207
   3.54066     10.690372     10.689737
   3.49061     10.567837     10.567563
   3.44056     10.428210     10.428015
   3.39051     10.300608     10.300355
   3.34046     10.165037     10.158155
   3.29040      9.973586      9.965640
   3.24035      9.791951      9.783134
   3.19030      9.625088      9.615563
   3.14025      9.481027      9.471638
   3.09020      9.439489      9.436110
   3.04015      9.481515      9.477406
   2.99009      9.475324      9.468420
   2.94004      9.332018      9.331237
   2.88999      9.102872      9.101897
   2.83994      9.048828      9.045326
   2.78989      9.250566      9.246509
   2.73984      9.278278      9.265079
   2.68978      9.472011      9.070758
   2.68978      9.472011      9.070758
   2.65439      9.149069      9.162604
   2.61900      9.337567      9.315041
   2.58361      9.426600      9.277907
   2.54822      9.426833      9.205933
   2.51282      9.235052      9.184717
   2.47743      9.152998      9.315726
   2.44204      9.313570      9.434686
   2.40665      9.511066      9.546465
   2.37126      9.720996      9.558269
   2.33587      9.932014      9.670103
   2.30047     10.132147      9.834167
   2.26508     10.201558      9.961981
   2.22969     10.200340     10.056109
   2.19430     10.340742     10.109291
   2.15891     10.272604     10.135557
   2.12351     10.049438     10.145359
   2.08812     10.023007     10.104106
   2.05273     10.010359      9.898591
   2.01734     10.005162      9.862792
   2.01734     10.005162      9.862792
   1.98195     10.018785      9.938367
   1.94655     10.031145     10.013121
   1.91116     10.009899      9.865894
   1.87577     10.014479      9.796327
   1.84038     10.061881      9.774759
   1.80499      9.968687      9.719708
   1.76959      9.950069      9.834138
   1.73420      9.787364      9.945162
   1.69881      9.714630      9.841546
   1.66342      9.799923      9.920313
   1.62803      9.881886      9.990680
   1.59264      9.958151     10.051003
   1.55724     10.026799     10.100933
   1.52185     10.235342     10.211092
   1.48646     10.452893     10.453767
   1.45107     10.636181     10.656335
   1.41568     10.753795     10.772369
   1.38028     10.789047     10.720061
   1.34489     10.660329     10.660408
   1.34489     10.660329     10.660408
   1.30950     10.720054     10.789105
   1.27411     10.773030     10.753139
   1.23872     10.658460     10.634238
   1.20332     10.457748     10.449137
   1.16793     10.216524     10.229838
   1.13254     10.100947     10.026794
   1.09715     10.051018      9.958150
   1.06176      9.990695      9.881887
   1.02637      9.920327      9.799928
   0.99097      9.841528      9.714614
   0.95558      9.879156      9.755186
   0.92019      9.839153      9.795899
   0.88480      9.724730      9.820611
   0.84941      9.664574      9.809924
   0.81401      9.720220      9.727992
   0.77862      9.787010      9.617851
   0.74323      9.754260      9.534667
   0.70784      9.753559      9.500174
   0.67245      9.799740      9.496729
   0.67245      9.799740      9.496729
   0.63705      9.874808      9.598570
   0.60166      9.891065      9.804668
   0.56627      9.914234     10.039999
   0.53088      9.935543     10.084237
   0.49549      9.935930     10.103285
   0.46010      9.890252     10.046659
   0.42470      9.799783      9.845536
   0.38931      9.694342      9.602366
   0.35392      9.605760      9.355553
   0.31853      9.489808      9.230200
   0.28314      9.307807      9.205822
   0.24774      9.358111      9.137398
   0.21235      9.316067      9.055254
   0.17696      9.179645      9.092497
   0.14157      9.156077      9.246359
   0.10618      9.271284      9.363757
   0.07078      9.327934      9.266050
   0.03539      9.175869      9.135781
   0.00000      9.084370      9.070767
 
# Band-Index   39
   0.00000      9.472006      9.468803
   0.03539      9.427528      9.425544
   0.07078      9.333673      9.333723
   0.10618      9.434445      9.416419
   0.14157      9.586866      9.426891
   0.17696      9.582185      9.235514
   0.21235      9.520010      9.151394
   0.24774      9.592121      9.312827
   0.28314      9.573779      9.510529
   0.31853      9.561061      9.720487
   0.35392      9.671129      9.931377
   0.38931      9.835199     10.131228
   0.42470      9.967099     10.222335
   0.46010     10.058203     10.236982
   0.49549     10.111512     10.348544
   0.53088     10.137755     10.273119
   0.56627     10.147893     10.055218
   0.60166     10.104925     10.029264
   0.63705      9.898956     10.011802
   0.67245      9.869066     10.005675
   0.67245      9.869066     10.005675
   0.70784     10.001285     10.023305
   0.74323     10.015346     10.041316
   0.77862      9.867704     10.035299
   0.81401      9.818423     10.026120
   0.84941      9.834255     10.064469
   0.88480      9.841626      9.965614
   0.92019      9.856718      9.946049
   0.95558      9.972769     10.004443
   0.99097     10.080784     10.077770
   1.02637     10.215521     10.140506
   1.06176     10.363042     10.194602
   1.09715     10.479598     10.251243
   1.13254     10.595199     10.321097
   1.16793     10.713074     10.413144
   1.20332     10.832216     10.535311
   1.23872     10.941389     10.692288
   1.27411     10.898364     10.878276
   1.30950     10.811837     10.805930
   1.34489     10.819420     10.819309
   1.34489     10.819420     10.819309
   1.38028     10.806124     10.811647
   1.41568     10.878651     10.898384
   1.45107     10.692897     10.938305
   1.48646     10.536236     10.829608
   1.52185     10.414399     10.710610
   1.55724     10.322683     10.592675
   1.59264     10.253185     10.476852
   1.62803     10.196969     10.359917
   1.66342     10.143408     10.237009
   1.69881     10.081304     10.105405
   1.73420     10.008499      9.968083
   1.76959     10.182781     10.067119
   1.80499     10.187384     10.187071
   1.84038     10.100123     10.235608
   1.87577     10.275287     10.242819
   1.91116     10.417464     10.220971
   1.94655     10.503816     10.134016
   1.98195     10.547285     10.112574
   2.01734     10.503994     10.146533
   2.01734     10.503994     10.146533
   2.05273     10.501066     10.147076
   2.08812     10.498510     10.147639
   2.12351     10.487167     10.296784
   2.15891     10.446520     10.242944
   2.19430     10.452538     10.204905
   2.22969     10.431447     10.198016
   2.26508     10.304279     10.217169
   2.30047     10.170091     10.188343
   2.33587     10.019787     10.023440
   2.37126      9.905968      9.902351
   2.40665      9.821769      9.694109
   2.44204      9.708228      9.633012
   2.47743      9.637124      9.531364
   2.51282      9.583447      9.588990
   2.54822      9.554335      9.608406
   2.58361      9.610830      9.425848
   2.61900      9.591240      9.329824
   2.65439      9.429010      9.424051
   2.68978      9.867608      9.468804
   2.68978      9.867608      9.468804
   2.73984      9.392272      9.388627
   2.78989      9.312166      9.310779
   2.83994      9.123765      9.119662
   2.88999      9.252982      9.249248
   2.94004      9.407560      9.401088
   2.99009      9.530591      9.529274
   3.04015      9.654668      9.650976
   3.09020      9.685948      9.676330
   3.14025      9.742618      9.732877
   3.19030      9.813565      9.804120
   3.24035      9.907953      9.898980
   3.29040     10.035980     10.027662
   3.34046     10.179880     10.179469
   3.39051     10.349431     10.344069
   3.44056     10.514600     10.511025
   3.49061     10.649335     10.647446
   3.54066     10.744725     10.743952
   3.59071     10.800815     10.800564
   3.64077     10.819420     10.819309
 
# Band-Index   40
   3.64077     10.882225     10.877900
   3.59071     10.995536     10.992060
   3.54066     10.920911     10.920608
   3.49061     10.868899     10.868643
   3.44056     10.634395     10.628367
   3.39051     10.402196     10.395518
   3.34046     10.200097     10.192623
   3.29040     10.065812     10.065175
   3.24035      9.961268      9.960353
   3.19030      9.869840      9.868617
   3.14025      9.793643      9.792081
   3.09020      9.728572      9.726757
   3.04015      9.658930      9.652883
   2.99009      9.723363      9.718843
   2.94004      9.792228      9.788204
   2.88999      9.692008      9.686531
   2.83994      9.665613      9.659474
   2.78989      9.631734      9.620092
   2.73984      9.660663      9.661150
   2.68978      9.872359      9.862333
   2.68978      9.872359      9.862333
   2.65439      9.843585      9.713172
   2.61900      9.839156      9.502162
   2.58361      9.840065      9.480545
   2.54822      9.822736      9.675961
   2.51282      9.805807      9.792880
   2.47743      9.796100      9.734861
   2.44204      9.801610      9.795365
   2.40665      9.834567      9.824422
   2.37126      9.969663     10.005801
   2.33587     10.130291     10.204838
   2.30047     10.215903     10.222762
   2.26508     10.355367     10.365183
   2.22969     10.483800     10.566438
   2.19430     10.500027     10.753959
   2.15891     10.535708     10.578840
   2.12351     10.551314     10.341268
   2.08812     10.557542     10.342066
   2.05273     10.561767     10.404430
   2.01734     10.560468     10.418303
   2.01734     10.560468     10.418303
   1.98195     10.548495     10.384507
   1.94655     10.681796     10.435087
   1.91116     10.754396     10.607350
   1.87577     10.705995     10.755717
   1.84038     10.602563     10.775303
   1.80499     10.465934     10.754179
   1.76959     10.346011     10.757521
   1.73420     10.488864     10.790830
   1.69881     10.657355     10.858855
   1.66342     10.448464     10.967249
   1.62803     10.480839     10.386156
   1.59264     10.620142     10.583765
   1.55724     10.789300     10.783017
   1.52185     10.951253     10.959060
   1.48646     11.097580     11.082224
   1.45107     11.019996     11.036935
   1.41568     10.917646     10.995303
   1.38028     10.913007     10.949738
   1.34489     10.882225     10.877900
   1.34489     10.882225     10.877900
   1.30950     10.953647     10.908803
   1.27411     10.999098     10.917711
   1.23872     11.036902     11.020067
   1.20332     11.088931     11.089404
   1.16793     10.967115     10.942796
   1.13254     10.791588     10.777990
   1.09715     10.592145     10.613072
   1.06176     10.393987     10.467064
   1.02637     10.240644     10.359099
   0.99097     10.109598     10.308049
   0.95558     10.051252     10.322960
   0.92019     10.129073     10.345156
   0.88480     10.205683     10.188178
   0.84941     10.244442     10.097809
   0.81401     10.250757     10.272750
   0.77862     10.243399     10.414292
   0.74323     10.179405     10.499750
   0.70784     10.114622     10.542799
   0.67245     10.148718     10.502627
   0.67245     10.148718     10.502627
   0.63705     10.149278     10.502153
   0.60166     10.149991     10.499320
   0.56627     10.340926     10.487961
   0.53088     10.301340     10.449149
   0.49549     10.262877     10.455500
   0.46010     10.245704     10.425814
   0.42470     10.249299     10.302554
   0.38931     10.182708     10.168089
   0.35392     10.025457     10.017493
   0.31853      9.906031      9.902852
   0.28314      9.793953      9.830223
   0.24774      9.637122      9.737211
   0.21235      9.733384      9.675868
   0.17696      9.796289      9.618656
   0.14157      9.661182      9.522405
   0.10618      9.493069      9.461902
   0.07078      9.476878      9.660805
   0.03539      9.692563      9.834525
   0.00000      9.867627      9.862329
 
# Band-Index   41
   0.00000      9.872465      9.867343
   0.03539      9.869635      9.858926
   0.07078      9.861165      9.813007
   0.10618      9.847378      9.637932
   0.14157      9.806916      9.595242
   0.17696      9.811412      9.761915
   0.21235      9.798592      9.790500
   0.24774      9.801003      9.796474
   0.28314      9.832384      9.836008
   0.31853     10.013662      9.973468
   0.35392     10.231935     10.130385
   0.38931     10.252731     10.228544
   0.42470     10.366490     10.345352
   0.46010     10.567273     10.496984
   0.49549     10.757143     10.496985
   0.53088     10.579302     10.531705
   0.56627     10.341707     10.547041
   0.60166     10.371697     10.553231
   0.63705     10.389843     10.555409
   0.67245     10.395839     10.555911
   0.67245     10.395839     10.555911
   0.70784     10.395312     10.548559
   0.74323     10.436022     10.681478
   0.77862     10.608271     10.784050
   0.81401     10.758370     10.737249
   0.84941     10.779058     10.632077
   0.88480     10.758041     10.512926
   0.92019     10.761769     10.416860
   0.95558     10.794749     10.550933
   0.99097     10.863047     10.730492
   1.02637     10.971567     10.860339
   1.06176     11.120143     11.033836
   1.09715     11.261158     11.228996
   1.13254     11.209894     11.222761
   1.16793     11.161735     11.164096
   1.20332     11.110910     11.099201
   1.23872     11.181967     11.081555
   1.27411     11.216800     10.985451
   1.30950     11.169865     11.063852
   1.34489     11.158039     11.158041
   1.34489     11.158039     11.158041
   1.38028     11.063955     11.169865
   1.41568     10.989382     11.216792
   1.45107     11.085391     11.176079
   1.48646     11.099128     11.110943
   1.52185     11.164024     11.161767
   1.55724     11.222688     11.209926
   1.59264     11.233109     11.261190
   1.62803     11.038383     11.115740
   1.66342     10.864835     11.219842
   1.69881     10.734689     11.100077
   1.73420     10.659300     10.973276
   1.76959     10.636282     10.828467
   1.80499     10.655351     10.775420
   1.84038     10.711493     10.782192
   1.87577     10.813311     10.819135
   1.91116     10.976946     10.887893
   1.94655     10.914206     10.982050
   1.98195     10.898804     11.005671
   2.01734     10.943432     11.130389
   2.01734     10.943432     11.130389
   2.05273     10.893506     11.101672
   2.08812     10.876472     10.906275
   2.12351     10.872819     10.887152
   2.15891     10.840806     10.879393
   2.19430     10.749290     10.776357
   2.22969     10.541753     10.723023
   2.26508     10.405405     10.602003
   2.30047     10.286853     10.430620
   2.33587     10.215522     10.233958
   2.37126     10.207642     10.203830
   2.40665     10.176127     10.108907
   2.44204     10.109632      9.852171
   2.47743      9.992215      9.793105
   2.51282      9.850690      9.805819
   2.54822      9.848911      9.824077
   2.58361      9.869021      9.841904
   2.61900      9.854650      9.855852
   2.65439      9.864280      9.864480
   2.68978      9.902341      9.867349
   2.68978      9.902341      9.867349
   2.73984      9.879766      9.874550
   2.78989      9.772024      9.762963
   2.83994      9.959279      9.954076
   2.88999     10.028783     10.023590
   2.94004     10.117960     10.112782
   2.99009     10.226600     10.221450
   3.04015     10.355119     10.349986
   3.09020     10.502938     10.497828
   3.14025     10.577650     10.663803
   3.19030     10.666239     10.729256
   3.24035     10.786981     10.820626
   3.29040     10.928729     10.929180
   3.34046     10.944617     10.944093
   3.39051     10.903605     10.903433
   3.44056     10.876957     10.876878
   3.49061     10.891826     10.886448
   3.54066     11.070750     11.067323
   3.59071     11.070911     11.070819
   3.64077     11.158039     11.158041
 
# Band-Index   42
   3.64077     11.538665     11.538611
   3.59071     11.461950     11.457850
   3.54066     11.171439     11.166649
   3.49061     11.058309     11.054513
   3.44056     11.054686     11.050640
   3.39051     11.073055     11.069183
   3.34046     11.068350     11.035313
   3.29040     10.993820     10.992605
   3.24035     11.009196     11.006398
   3.19030     10.850084     10.845245
   3.14025     10.668853     10.669440
   3.09020     10.513621     10.633832
   3.04015     10.458077     10.454452
   2.99009     10.327997     10.324573
   2.94004     10.183203     10.181501
   2.88999     10.193367     10.194458
   2.83994     10.029682     10.018386
   2.78989      9.909606      9.904397
   2.73984      9.950359      9.939951
   2.68978     10.006643      9.904325
   2.68978     10.006643      9.904325
   2.65439      9.924569      9.915729
   2.61900     10.042328     10.035601
   2.58361     10.189007      9.898133
   2.54822     10.252963     10.023180
   2.51282     10.259082      9.919874
   2.47743     10.329959     10.008026
   2.44204     10.438748     10.120989
   2.40665     10.594999     10.394891
   2.37126     10.760650     10.733151
   2.33587     10.830809     10.751253
   2.30047     10.820071     10.736912
   2.26508     10.794036     10.748762
   2.22969     10.785476     10.803155
   2.19430     10.829082     10.907418
   2.15891     10.961764     10.993084
   2.12351     11.171754     11.192225
   2.08812     11.367679     11.184462
   2.05273     11.540959     11.153015
   2.01734     11.593225     11.179947
   2.01734     11.593225     11.179947
   1.98195     11.419016     11.086953
   1.94655     11.192000     10.984868
   1.91116     10.985177     10.998481
   1.87577     11.238583     11.133572
   1.84038     11.465575     11.352632
   1.80499     11.630940     11.461604
   1.76959     11.605589     11.512232
   1.73420     11.534507     11.481515
   1.69881     11.466029     11.445650
   1.66342     11.400919     11.378864
   1.62803     11.339097     11.317351
   1.59264     11.280137     11.296928
   1.55724     11.338683     11.470043
   1.52185     11.275510     11.452445
   1.48646     11.184275     11.407141
   1.45107     11.227088     11.341168
   1.41568     11.375700     11.322075
   1.38028     11.556653     11.448937
   1.34489     11.538665     11.538611
   1.34489     11.538665     11.538611
   1.30950     11.449074     11.552267
   1.27411     11.327462     11.369805
   1.23872     11.341189     11.219756
   1.20332     11.409425     11.180508
   1.16793     11.454903     11.271867
   1.13254     11.472101     11.335382
   1.09715     11.301141     11.280212
   1.06176     11.317318     11.123125
   1.02637     11.277634     10.934746
   0.99097     11.145347     10.741664
   0.95558     11.015705     10.655481
   0.92019     10.904041     10.632741
   0.88480     10.828017     10.651999
   0.84941     10.795864     10.708379
   0.81401     10.823166     10.810733
   0.77862     10.891796     10.975118
   0.74323     10.967653     10.902088
   0.70784     10.926722     10.879377
   0.67245     10.909833     10.871301
   0.67245     10.909833     10.871301
   0.63705     10.909467     10.868668
   0.60166     10.907687     10.860538
   0.56627     10.902478     10.846918
   0.53088     10.892454     10.832508
   0.49549     10.777247     10.748354
   0.46010     10.730027     10.541041
   0.42470     10.608803     10.418002
   0.38931     10.435973     10.285582
   0.35392     10.244371     10.227585
   0.31853     10.223930     10.210529
   0.28314     10.189605     10.164871
   0.24774     10.126370     10.071448
   0.21235     10.015866      9.928673
   0.17696      9.923349      9.800292
   0.14157      9.829689      9.816872
   0.10618      9.856685      9.834383
   0.07078      9.945476      9.849163
   0.03539      9.920705      9.919723
   0.00000      9.892448      9.892089
 
# Band-Index   43
   0.00000      9.976621      9.977418
   0.03539     10.019440      9.933904
   0.07078     10.040180      9.959798
   0.10618     10.173468      9.947021
   0.14157     10.029742      9.966928
   0.17696      9.929732     10.048587
   0.21235     10.137510     10.196636
   0.24774     10.361116     10.383455
   0.28314     10.589284     10.580660
   0.31853     10.718443     10.728085
   0.35392     10.745340     10.815795
   0.38931     10.736887     10.816305
   0.42470     10.748846     10.793985
   0.46010     10.803676     10.786320
   0.49549     10.907757     10.828993
   0.53088     10.988629     10.960775
   0.56627     11.191495     11.170401
   0.60166     11.184118     11.365150
   0.63705     11.156684     11.521816
   0.67245     11.147054     11.589508
   0.67245     11.147054     11.589508
   0.70784     11.091052     11.417673
   0.74323     10.985904     11.190651
   0.77862     11.021996     11.007142
   0.81401     11.138735     11.240624
   0.84941     11.345165     11.459857
   0.88480     11.552186     11.627275
   0.92019     11.515508     11.605675
   0.95558     11.482121     11.534611
   0.99097     11.445621     11.466179
   1.02637     11.378830     11.400999
   1.06176     11.395461     11.339173
   1.09715     11.476278     11.296802
   1.13254     11.508212     11.439513
   1.16793     11.527148     11.539554
   1.20332     11.554267     11.624036
   1.23872     11.368281     11.705958
   1.27411     11.366241     11.644290
   1.30950     11.531410     11.564527
   1.34489     11.698690     11.697966
   1.34489     11.698690     11.697966
   1.38028     11.564581     11.527166
   1.41568     11.644346     11.365738
   1.45107     11.708826     11.366715
   1.48646     11.695704     11.554255
   1.52185     11.660923     11.524117
   1.55724     11.518977     11.506466
   1.59264     11.301665     11.476647
   1.62803     11.539150     11.473029
   1.66342     11.600779     11.468748
   1.69881     11.657979     11.465597
   1.73420     11.708535     11.517263
   1.76959     11.686393     11.592899
   1.80499     11.678117     11.563473
   1.84038     11.750298     11.624047
   1.87577     11.698392     11.689653
   1.91116     11.650124     11.726847
   1.94655     11.695822     11.673071
   1.98195     11.759663     11.598240
   2.01734     11.655785     11.554299
   2.01734     11.655785     11.554299
   2.05273     11.681057     11.502035
   2.08812     11.435832     11.377490
   2.12351     11.185798     11.223785
   2.15891     10.970035     11.058897
   2.19430     10.852495     10.918029
   2.22969     10.973371     11.080508
   2.26508     11.081728     10.968290
   2.30047     10.961525     11.229209
   2.33587     10.944408     10.876636
   2.37126     10.937392     10.809240
   2.40665     10.936330     10.587140
   2.44204     10.917183     10.411654
   2.47743     10.711245     10.150862
   2.51282     10.513861      9.922152
   2.54822     10.347978     10.318553
   2.58361     10.251024     10.173685
   2.61900     10.122060     10.043101
   2.65439      9.947705     10.121375
   2.68978     10.372895     10.048879
   2.68978     10.372895     10.048879
   2.73984      9.986230      9.945510
   2.78989     10.080926     10.076203
   2.83994     10.169105     10.164241
   2.88999     10.209226     10.204424
   2.94004     10.243013     10.238707
   2.99009     10.365930     10.359773
   3.04015     10.498105     10.495493
   3.09020     10.713886     10.711474
   3.14025     10.899640     10.896924
   3.19030     11.009494     11.006490
   3.24035     11.069083     11.064967
   3.29040     11.134420     11.131860
   3.34046     11.104155     11.100824
   3.39051     11.173597     11.131755
   3.44056     11.260811     11.245197
   3.49061     11.409036     11.398823
   3.54066     11.577248     11.568134
   3.59071     11.495012     11.494878
   3.64077     11.698690     11.697966
 
# Band-Index   44
   3.64077     11.715701     11.713026
   3.59071     11.693108     11.688253
   3.54066     11.630099     11.629694
   3.49061     11.702611     11.695422
   3.44056     11.559066     11.485298
   3.39051     11.729248     11.751888
   3.34046     11.533423     11.528185
   3.29040     11.311492     11.306341
   3.24035     11.237177     11.235369
   3.19030     11.331019     11.331768
   3.14025     11.458471     11.456939
   3.09020     11.366976     11.326972
   3.04015     10.916721     10.645770
   2.99009     10.515423     10.513287
   2.94004     10.364573     10.359454
   2.88999     10.363357     10.345386
   2.83994     10.261744     10.264549
   2.78989     10.276180     10.324182
   2.73984     10.292713     10.210469
   2.68978     10.493460     10.273779
   2.68978     10.493460     10.273779
   2.65439     10.357284     10.257417
   2.61900     10.580493     10.330994
   2.58361     10.861637     10.188029
   2.54822     10.974721     10.791446
   2.51282     11.094758     10.490948
   2.47743     11.087576     10.613875
   2.44204     10.994361     10.708959
   2.40665     10.948805     10.765305
   2.37126     10.964549     10.908418
   2.33587     11.087370     11.065450
   2.30047     11.244736     11.470398
   2.26508     11.164493     11.281012
   2.22969     11.131682     11.094300
   2.19430     11.276255     11.197352
   2.15891     11.452292     11.513457
   2.12351     11.608488     11.249837
   2.08812     11.675026     11.468179
   2.05273     11.691206     11.702124
   2.01734     11.897261     11.864659
   2.01734     11.897261     11.864659
   1.98195     11.778987     11.851561
   1.94655     11.810324     11.811757
   1.91116     11.820032     11.754603
   1.87577     11.813504     11.757037
   1.84038     11.802689     11.750100
   1.80499     11.781063     11.671129
   1.76959     11.750080     11.636113
   1.73420     11.713669     11.726919
   1.69881     11.680594     11.689847
   1.66342     11.656170     11.647457
   1.62803     11.627418     11.478858
   1.59264     11.480194     11.524841
   1.55724     11.613841     11.544682
   1.52185     11.711215     11.614851
   1.48646     11.796843     11.594755
   1.45107     11.772835     11.686309
   1.41568     11.712803     11.706449
   1.38028     11.713009     11.717281
   1.34489     11.715701     11.713026
   1.34489     11.715701     11.713023
   1.30950     11.719771     11.712353
   1.27411     11.708656     11.710382
   1.23872     11.688108     11.740477
   1.20332     11.600044     11.698344
   1.16793     11.615764     11.687423
   1.13254     11.550331     11.513385
   1.09715     11.525217     11.475579
   1.06176     11.489855     11.535100
   1.02637     11.469133     11.597216
   0.99097     11.466280     11.654716
   0.95558     11.517230     11.705409
   0.92019     11.592821     11.747242
   0.88480     11.563823     11.678199
   0.84941     11.623239     11.750337
   0.81401     11.688724     11.691932
   0.77862     11.726171     11.643279
   0.74323     11.670728     11.689030
   0.70784     11.596606     11.756186
   0.67245     11.552337     11.651588
   0.67245     11.552337     11.651588
   0.63705     11.502115     11.658241
   0.60166     11.370757     11.433886
   0.56627     11.222966     11.183499
   0.53088     11.059245     10.965642
   0.49549     10.916573     10.848640
   0.46010     11.076119     10.970398
   0.42470     10.959444     11.011695
   0.38931     10.878639     10.954226
   0.35392     10.830916     10.924460
   0.31853     10.800901     10.798408
   0.28314     10.609238     10.587918
   0.24774     10.484949     10.457849
   0.21235     10.411214     10.383624
   0.17696     10.389640     10.341181
   0.14157     10.337460     10.316630
   0.10618     10.184892     10.185583
   0.07078     10.309309     10.038961
   0.03539     10.208440     10.002175
   0.00000     10.069005     10.064263
 
# Band-Index   45
   0.00000     10.444521     10.453268
   0.03539     10.405842     10.407229
   0.07078     10.444751     10.332196
   0.10618     10.418070     10.309460
   0.14157     10.396893     10.343656
   0.17696     10.485936     10.503514
   0.21235     10.615962     10.653497
   0.24774     10.711695     10.776569
   0.28314     10.768507     10.857359
   0.31853     10.815261     10.899732
   0.35392     11.028591     11.005306
   0.38931     11.212159     11.192241
   0.42470     11.277035     11.161219
   0.46010     11.093268     11.117220
   0.49549     11.199768     11.271889
   0.53088     11.249849     11.450759
   0.56627     11.249999     11.606502
   0.60166     11.468465     11.664761
   0.63705     11.699500     11.678894
   0.67245     11.863848     11.818618
   0.67245     11.863848     11.818618
   0.70784     11.849713     11.773910
   0.74323     11.810461     11.807895
   0.77862     11.753811     11.816613
   0.81401     11.759212     11.811345
   0.84941     11.750078     11.799213
   0.88480     11.671093     11.778541
   0.92019     11.731437     11.758011
   0.95558     11.729807     11.710353
   0.99097     11.692976     11.678472
   1.02637     11.650718     11.661571
   1.06176     11.605951     11.657615
   1.09715     11.561816     11.663363
   1.13254     11.569586     11.674695
   1.16793     11.729308     11.701264
   1.20332     11.656785     11.795483
   1.23872     11.741931     11.772332
   1.27411     11.812714     11.738240
   1.30950     11.755625     11.712455
   1.34489     11.723237     11.720650
   1.34489     11.723236     11.720653
   1.38028     11.715070     11.755032
   1.41568     11.738794     11.812229
   1.45107     11.778813     11.734641
   1.48646     11.960845     11.655454
   1.52185     11.914967     11.724823
   1.55724     11.896153     11.568989
   1.59264     11.665891     11.558143
   1.62803     12.083142     11.602572
   1.66342     12.026018     12.050643
   1.69881     11.936912     11.971593
   1.73420     11.768747     11.826915
   1.76959     11.758152     11.755173
   1.80499     11.823000     11.771014
   1.84038     11.865068     11.772023
   1.87577     11.819294     11.822862
   1.91116     11.881561     11.788763
   1.94655     11.932035     11.863838
   1.98195     11.966213     11.994855
   2.01734     11.977093     12.008709
   2.01734     11.977093     12.008709
   2.05273     12.021138     12.016123
   2.08812     11.957483     11.999123
   2.12351     11.891352     11.829975
   2.15891     11.919854     11.925410
   2.19430     11.850837     11.562611
   2.22969     11.635704     11.547305
   2.26508     11.458539     11.418729
   2.30047     11.397458     11.569614
   2.33587     11.491008     11.448680
   2.37126     11.478624     11.316539
   2.40665     11.421219     11.072145
   2.44204     11.349795     11.103589
   2.47743     11.286812     11.158139
   2.51282     11.195071     11.156143
   2.54822     11.054145     11.009714
   2.58361     10.880275     10.755262
   2.61900     10.761292     10.504944
   2.65439     10.738552     10.449175
   2.68978     10.590839     10.493958
   2.68978     10.590839     10.493958
   2.73984     10.630436     10.417312
   2.78989     10.665345     10.402943
   2.83994     10.446366     10.407953
   2.88999     10.441244     10.433986
   2.94004     10.691216     10.683966
   2.99009     10.688659     10.676048
   3.04015     11.362951     11.355008
   3.09020     11.433014     11.427424
   3.14025     11.573685     11.568121
   3.19030     11.634830     12.045600
   3.24035     11.699464     11.692857
   3.29040     11.772981     11.766180
   3.34046     11.814472     11.801350
   3.39051     11.776897     11.771791
   3.44056     12.017777     11.811831
   3.49061     11.904896     11.903957
   3.54066     11.941873     11.931344
   3.59071     11.799618     11.799115
   3.64077     11.723236     11.720653
 
# Band-Index   46
   3.64077     11.758597     11.754840
   3.59071     11.937472     11.935189
   3.54066     11.990352     11.987027
   3.49061     11.918464     11.917016
   3.44056     12.085385     12.013092
   3.39051     11.983245     11.978014
   3.34046     11.868904     11.862823
   3.29040     11.959921     11.927179
   3.24035     12.088495     12.034975
   3.19030     12.074546     12.304740
   3.14025     11.795056     11.774235
   3.09020     11.687177     11.686205
   3.04015     11.879253     11.883858
   2.99009     11.317933     11.311892
   2.94004     11.290758     11.113813
   2.88999     11.102587     11.003227
   2.83994     10.859842     10.860925
   2.78989     10.679516     10.729544
   2.73984     10.947190     10.739670
   2.68978     11.189245     11.012787
   2.68978     11.189245     11.012787
   2.65439     10.852825     11.020283
   2.61900     10.925146     10.752821
   2.58361     11.075898     10.838022
   2.54822     11.125376     11.147424
   2.51282     11.300244     11.214767
   2.47743     11.365117     11.321760
   2.44204     11.424656     11.405350
   2.40665     11.515207     11.504600
   2.37126     11.648889     11.626601
   2.33587     11.656895     11.617132
   2.30047     11.674941     11.730014
   2.26508     11.846044     11.707972
   2.22969     12.037093     11.629936
   2.19430     11.983551     11.731851
   2.15891     12.073555     11.945491
   2.12351     12.099485     12.132948
   2.08812     12.110140     12.222024
   2.05273     12.109406     12.155688
   2.01734     12.113145     12.193710
   2.01734     12.113145     12.193710
   1.98195     12.142375     12.001826
   1.94655     12.164868     11.955957
   1.91116     12.078521     11.897339
   1.87577     11.988111     11.826925
   1.84038     11.897945     11.968905
   1.80499     12.128793     12.193404
   1.76959     12.414776     12.427300
   1.73420     12.548746     12.520900
   1.69881     12.478729     12.441903
   1.66342     12.315339     12.351779
   1.62803     12.204856     12.160452
   1.59264     12.121051     12.103009
   1.55724     12.070480     12.085675
   1.52185     12.178642     11.810105
   1.48646     12.057540     11.870787
   1.45107     12.087507     11.868594
   1.41568     11.895616     11.880976
   1.38028     11.890508     11.881929
   1.34489     11.758597     11.754840
   1.34489     11.758598     11.754836
   1.30950     11.885455     11.887316
   1.27411     11.888135     11.886718
   1.23872     11.869246     11.778754
   1.20332     11.873044     11.960785
   1.16793     11.810112     12.007094
   1.13254     12.085678     12.067279
   1.09715     12.100989     12.117329
   1.06176     12.137107     12.199970
   1.02637     12.112065     12.143325
   0.99097     12.015724     12.032080
   0.95558     11.885995     11.906574
   0.92019     11.757781     11.771480
   0.88480     11.773453     11.821057
   0.84941     11.774343     11.862871
   0.81401     11.823344     11.819376
   0.77862     11.789724     11.881544
   0.74323     11.863732     11.931996
   0.70784     11.994706     11.965350
   0.67245     12.008633     11.977073
   0.67245     12.008633     11.977073
   0.63705     12.016169     12.006345
   0.60166     11.986919     11.957374
   0.56627     11.792973     11.890677
   0.53088     11.621671     11.918482
   0.49549     11.555020     11.774862
   0.46010     11.540968     11.585063
   0.42470     11.398436     11.411694
   0.38931     11.430475     11.360303
   0.35392     11.218558     11.163964
   0.31853     11.083356     11.079109
   0.28314     11.065166     11.084156
   0.24774     11.104893     11.109080
   0.21235     11.151008     11.128311
   0.17696     11.022320     11.013113
   0.14157     10.909883     10.902823
   0.10618     10.733630     10.814612
   0.07078     10.468880     10.745846
   0.03539     10.474052     10.543714
   0.00000     10.493966     10.494234
 
# Band-Index   47
   0.00000     10.705102     10.697357
   0.03539     10.701305     10.710909
   0.07078     10.756595     10.750196
   0.10618     10.820774     10.940099
   0.14157     10.991734     11.113964
   0.17696     11.183504     11.132345
   0.21235     11.155528     11.143243
   0.24774     11.306042     11.290253
   0.28314     11.469282     11.450137
   0.31853     11.540384     11.581490
   0.35392     11.556911     11.546370
   0.38931     11.469896     11.396943
   0.42470     11.675572     11.606698
   0.46010     11.599887     11.876656
   0.49549     11.720384     11.979631
   0.53088     11.922281     11.981159
   0.56627     12.052717     12.096999
   0.60166     12.033083     12.056735
   0.63705     12.148298     12.062224
   0.67245     12.093356     12.107726
   0.67245     12.093356     12.107726
   0.70784     12.000700     12.136549
   0.74323     11.955521     12.163706
   0.77862     11.897285     12.076985
   0.81401     11.826888     11.985067
   0.84941     11.969230     11.897840
   0.88480     12.193047     12.127001
   0.92019     12.413983     12.388090
   0.95558     12.478011     12.475249
   0.99097     12.403107     12.403972
   1.02637     12.309746     12.304988
   1.06176     12.271449     12.242397
   1.09715     12.312283     12.173314
   1.13254     12.094783     12.072541
   1.16793     12.112437     12.070419
   1.20332     12.120939     12.064813
   1.23872     12.108082     12.102338
   1.27411     12.088610     12.056151
   1.30950     11.941410     11.946725
   1.34489     11.852452     11.851981
   1.34489     11.852453     11.851981
   1.38028     11.947244     11.940974
   1.41568     12.059541     12.086105
   1.45107     12.194231     12.107573
   1.48646     12.298902     12.122708
   1.52185     12.225755     12.113677
   1.55724     12.421212     12.094039
   1.59264     12.174013     12.372805
   1.62803     12.288356     12.487926
   1.66342     12.406878     12.588665
   1.69881     12.519102     12.673937
   1.73420     12.602235     12.709706
   1.76959     12.686217     12.662916
   1.80499     12.600556     12.582941
   1.84038     12.500484     12.521830
   1.87577     12.404182     12.436782
   1.91116     12.314568     12.381291
   1.94655     12.216927     12.292299
   1.98195     12.235114     12.237214
   2.01734     12.263115     12.222952
   2.01734     12.263115     12.222952
   2.05273     12.412595     12.312898
   2.08812     12.501306     12.405246
   2.12351     12.297662     12.273871
   2.15891     12.124848     12.545752
   2.19430     12.217344     12.124554
   2.22969     12.053046     12.014378
   2.26508     12.034407     11.768628
   2.30047     11.952406     11.780290
   2.33587     11.806572     11.735519
   2.37126     11.739843     11.652028
   2.40665     11.810001     11.541649
   2.44204     11.812317     11.502643
   2.47743     11.696645     11.384152
   2.51282     11.551701     11.266524
   2.54822     11.416590     11.162666
   2.58361     11.276639     11.046888
   2.61900     11.136757     11.010367
   2.65439     11.261153     11.255802
   2.68978     11.260360     11.233342
   2.68978     11.260360     11.233342
   2.73984     11.248425     10.821636
   2.78989     11.375152     10.864442
   2.83994     11.360236     11.153243
   2.88999     11.220263     11.215043
   2.94004     11.396972     11.287476
   2.99009     11.737874     11.407129
   3.04015     12.075492     11.983576
   3.09020     12.127082     12.124323
   3.14025     12.208422     12.206853
   3.19030     12.280498     12.396062
   3.24035     12.291340     12.363069
   3.29040     12.341840     12.392791
   3.34046     12.388373     12.395587
   3.39051     12.391336     12.352780
   3.44056     12.262944     12.080988
   3.49061     12.159150     12.157360
   3.54066     11.995508     11.995017
   3.59071     12.001111     12.000594
   3.64077     11.852453     11.851981
 
# Band-Index   48
   3.64077     12.243787     12.233830
   3.59071     12.147818     12.138040
   3.54066     12.148289     12.128556
   3.49061     12.217889     12.231818
   3.44056     12.264919     12.264399
   3.39051     12.553667     12.553509
   3.34046     12.651009     12.645155
   3.29040     12.719873     12.740494
   3.24035     12.717949     12.717564
   3.19030     12.406031     12.612526
   3.14025     12.297385     12.281829
   3.09020     12.269970     12.258640
   3.04015     12.089521     11.851747
   2.99009     11.856928     11.813880
   2.94004     11.603218     11.598922
   2.88999     11.396906     11.391117
   2.83994     11.714191     11.727205
   2.78989     11.440098     11.487278
   2.73984     11.482261     11.281776
   2.68978     12.146644     11.482800
   2.68978     12.146644     11.482800
   2.65439     11.507215     12.183093
   2.61900     11.312595     11.322750
   2.58361     11.414143     11.375553
   2.54822     11.542741     11.576844
   2.51282     11.686599     11.565823
   2.47743     11.817391     11.679949
   2.44204     11.894987     11.782238
   2.40665     12.072097     11.811783
   2.37126     12.260281     11.818204
   2.33587     12.471265     11.860830
   2.30047     12.124229     11.810433
   2.26508     12.463498     12.045099
   2.22969     12.268735     12.264671
   2.19430     12.301720     12.287900
   2.15891     12.579614     12.548349
   2.12351     12.651343     12.821579
   2.08812     12.676283     12.753665
   2.05273     12.644138     13.065736
   2.01734     12.721351     12.715197
   2.01734     12.721351     12.715197
   1.98195     12.674566     12.698798
   1.94655     12.723049     12.811157
   1.91116     12.835717     12.848640
   1.87577     12.940266     12.872410
   1.84038     13.031723     12.995596
   1.80499     12.894544     12.887498
   1.76959     12.814459     12.809000
   1.73420     12.871376     12.821222
   1.69881     12.973879     12.842829
   1.66342     12.805098     12.724576
   1.62803     12.625839     12.506208
   1.59264     12.520876     12.383037
   1.55724     12.472590     12.280442
   1.52185     12.409732     12.193329
   1.48646     12.363311     12.173761
   1.45107     12.358320     12.244253
   1.41568     12.129863     12.134791
   1.38028     12.144462     12.154954
   1.34489     12.243787     12.233830
   1.34489     12.243790     12.233789
   1.30950     12.162955     12.133930
   1.27411     12.135446     12.128847
   1.23872     12.246755     12.191190
   1.20332     12.176576     12.101443
   1.16793     12.194642     12.178661
   1.13254     12.281435     12.377293
   1.09715     12.372812     12.315053
   1.06176     12.489123     12.287571
   1.02637     12.555936     12.405859
   0.99097     12.633780     12.517576
   0.95558     12.713364     12.599209
   0.92019     12.667732     12.605697
   0.88480     12.588267     12.546680
   0.84941     12.511814     12.472051
   0.81401     12.440831     12.394569
   0.77862     12.367612     12.308885
   0.74323     12.293013     12.215030
   0.70784     12.235955     12.229397
   0.67245     12.215172     12.254623
   0.67245     12.215173     12.254624
   0.63705     12.261404     12.392368
   0.60166     12.311354     12.412413
   0.56627     12.127456     12.198455
   0.53088     12.071944     12.121852
   0.49549     12.085893     12.128331
   0.46010     11.939715     12.030802
   0.42470     11.676799     11.983982
   0.38931     11.734507     11.833121
   0.35392     11.679184     11.743805
   0.31853     11.630928     11.617137
   0.28314     11.492761     11.510496
   0.24774     11.413474     11.422212
   0.21235     11.319875     11.373755
   0.17696     11.195867     11.258774
   0.14157     11.059573     11.114476
   0.10618     10.922338     11.056902
   0.07078     10.796588     10.939008
   0.03539     10.718037     10.775757
   0.00000     10.724651     11.053148
 
# Band-Index   49
   0.00000     11.245246     11.241846
   0.03539     11.209843     11.204580
   0.07078     11.178906     11.312163
   0.10618     11.189582     11.303794
   0.14157     11.195404     11.415692
   0.17696     11.233700     11.391089
   0.21235     11.363875     11.387418
   0.24774     11.420755     11.462934
   0.28314     11.510925     11.531983
   0.31853     11.638716     11.646540
   0.35392     11.722947     11.782231
   0.38931     11.740468     11.930871
   0.42470     11.894634     12.030532
   0.46010     12.083144     12.107145
   0.49549     12.217917     12.161995
   0.53088     12.507303     12.458681
   0.56627     12.622674     12.640957
   0.60166     12.501262     12.627727
   0.63705     12.443589     12.592135
   0.67245     12.492604     12.610009
   0.67245     12.492604     12.610009
   0.70784     12.606297     12.637662
   0.74323     12.659907     12.709790
   0.77862     12.750810     12.810998
   0.81401     12.873344     12.932017
   0.84941     12.976349     12.963957
   0.88480     12.862616     12.847447
   0.92019     12.786001     12.770718
   0.95558     12.722730     12.746970
   0.99097     12.676042     12.661585
   1.02637     12.590193     12.589184
   1.06176     12.490735     12.531630
   1.09715     12.384065     12.490253
   1.13254     12.369301     12.422027
   1.16793     12.388058     12.400471
   1.20332     12.369431     12.325812
   1.23872     12.334486     12.271017
   1.27411     12.311186     12.246347
   1.30950     12.300014     12.236891
   1.34489     12.305444     12.293014
   1.34489     12.305440     12.293005
   1.38028     12.247449     12.288841
   1.41568     12.259222     12.300117
   1.45107     12.516922     12.323616
   1.48646     12.510760     12.365462
   1.52185     12.466839     12.380707
   1.55724     12.527237     12.386718
   1.59264     12.683548     12.419467
   1.62803     12.957490     12.667037
   1.66342     13.201033     12.963381
   1.69881     13.112530     13.015422
   1.73420     12.988133     12.997085
   1.76959     13.119053     13.012072
   1.80499     13.065991     13.038523
   1.84038     13.125273     13.006529
   1.87577     13.156871     13.107880
   1.91116     13.223861     13.249461
   1.94655     13.039255     13.214179
   1.98195     12.956828     13.238828
   2.01734     12.866046     13.295801
   2.01734     12.866046     13.295801
   2.05273     12.927783     13.199502
   2.08812     13.053343     13.096644
   2.12351     12.843692     12.865283
   2.15891     12.681247     12.985647
   2.19430     12.798242     12.945968
   2.22969     12.835726     12.275181
   2.26508     12.698878     12.125733
   2.30047     12.618913     12.509083
   2.33587     12.601493     12.376661
   2.37126     12.630993     12.345519
   2.40665     12.609394     12.248774
   2.44204     12.618535     12.174727
   2.47743     12.574289     12.179342
   2.51282     12.599815     12.220317
   2.54822     12.357057     12.348962
   2.58361     12.442964     12.441313
   2.61900     12.439933     12.369426
   2.65439     12.431625     12.386038
   2.68978     12.402542     12.372027
   2.68978     12.402542     12.372027
   2.73984     12.405510     12.290005
   2.78989     12.432623     12.334547
   2.83994     12.437895     12.402167
   2.88999     11.974134     11.931464
   2.94004     12.169979     12.036229
   2.99009     12.153800     11.853637
   3.04015     12.237880     12.079488
   3.09020     12.316660     12.322965
   3.14025     12.435314     12.442394
   3.19030     12.608541     13.067003
   3.24035     12.770504     12.796613
   3.29040     13.017693     13.017527
   3.34046     12.860497     12.860288
   3.39051     12.591955     12.601538
   3.44056     12.522258     12.556044
   3.49061     12.235356     12.361927
   3.54066     12.224978     12.223615
   3.59071     12.164769     12.156415
   3.64077     12.305440     12.293005
 
# Band-Index   50
   3.64077     12.440003     12.431217
   3.59071     12.571596     12.561420
   3.54066     12.802942     12.869401
   3.49061     12.662256     12.840901
   3.44056     12.841355     12.781665
   3.39051     12.914051     12.913891
   3.34046     13.120206     13.123527
   3.29040     13.279518     13.288895
   3.24035     13.079372     13.061854
   3.19030     13.063075     13.356043
   3.14025     12.943919     12.925509
   3.09020     12.611463     12.601112
   3.04015     12.419029     12.129678
   2.99009     12.278038     12.152626
   2.94004     12.345127     12.256396
   2.88999     12.391546     12.315433
   2.83994     12.476744     12.423500
   2.78989     12.508818     12.517722
   2.73984     12.746748     12.640199
   2.68978     12.992023     13.192696
   2.68978     12.992023     13.192696
   2.65439     12.975300     12.829885
   2.61900     12.950514     12.591545
   2.58361     12.502436     12.465843
   2.54822     12.567698     12.568942
   2.51282     12.729439     12.637074
   2.47743     12.792487     12.674546
   2.44204     12.807801     12.577627
   2.40665     12.757089     12.448840
   2.37126     12.727253     12.396881
   2.33587     12.623722     12.584456
   2.30047     12.680209     12.563685
   2.26508     12.882192     12.621190
   2.22969     13.091640     12.811404
   2.19430     13.199725     12.955310
   2.15891     13.234914     13.327948
   2.12351     13.042278     13.419985
   2.08812     13.141450     13.354139
   2.05273     13.323683     13.318765
   2.01734     13.289393     13.334951
   2.01734     13.289393     13.334951
   1.98195     13.354227     13.311670
   1.94655     13.322564     13.352200
   1.91116     13.293823     13.342200
   1.87577     13.304417     13.329103
   1.84038     13.263029     13.144182
   1.80499     13.339036     13.118585
   1.76959     13.404976     13.127960
   1.73420     13.267766     13.065013
   1.69881     13.215635     13.078424
   1.66342     13.228657     13.129137
   1.62803     13.262696     13.116917
   1.59264     13.125657     12.976157
   1.55724     13.359436     12.505278
   1.52185     13.219720     12.466517
   1.48646     12.949593     12.380521
   1.45107     13.177815     12.392463
   1.41568     12.505470     12.410542
   1.38028     12.550317     12.425619
   1.34489     12.440003     12.431217
   1.34489     12.439839     12.431254
   1.30950     12.433550     12.503472
   1.27411     12.418424     12.492282
   1.23872     12.400268     12.476359
   1.20332     12.387749     12.463508
   1.16793     12.402603     12.457597
   1.13254     12.405264     12.465652
   1.09715     12.439905     12.646123
   1.06176     12.667040     12.801496
   1.02637     12.893791     12.972282
   0.99097     12.975481     13.023356
   0.95558     12.843412     12.852297
   0.92019     12.821320     12.844783
   0.88480     12.927882     12.952216
   0.84941     12.994473     13.032346
   0.81401     13.096192     13.091795
   0.77862     13.079241     13.129839
   0.74323     12.839999     12.918012
   0.70784     12.612989     12.743222
   0.67245     12.588531     12.670734
   0.67245     12.588531     12.670734
   0.63705     12.595216     12.615306
   0.60166     12.609597     12.628202
   0.56627     12.722327     12.747416
   0.53088     12.599788     12.650064
   0.49549     12.347035     12.415309
   0.46010     12.106142     12.183100
   0.42470     12.042601     12.043465
   0.38931     11.946388     11.947584
   0.35392     11.803758     11.804286
   0.31853     11.707066     11.763340
   0.28314     11.700690     11.816028
   0.24774     11.612301     11.807612
   0.21235     11.447215     11.691604
   0.17696     11.360552     11.551450
   0.14157     11.387716     11.418248
   0.10618     11.429676     11.420110
   0.07078     11.430959     11.480976
   0.03539     11.506716     11.282934
   0.00000     11.518341     11.511983
 
# Band-Index   51
   0.00000     12.410620     12.410717
   0.03539     12.439803     11.504525
   0.07078     11.473365     12.431384
   0.10618     11.544627     11.448738
   0.14157     11.659626     11.525231
   0.17696     11.779224     11.637837
   0.21235     11.908766     11.739647
   0.24774     12.051415     11.841250
   0.28314     12.208213     12.004860
   0.31853     12.379253     12.185143
   0.35392     12.396287     12.388642
   0.38931     12.467498     12.597985
   0.42470     12.569206     12.617392
   0.46010     12.599446     12.638425
   0.49549     12.622329     12.650601
   0.53088     12.628633     12.666575
   0.56627     12.814834     12.897808
   0.60166     13.093832     13.097637
   0.63705     13.302084     13.274170
   0.67245     13.293242     13.261036
   0.67245     13.293247     13.261036
   0.70784     13.305389     13.272019
   0.74323     13.324321     13.293013
   0.77862     13.250538     13.225107
   0.81401     13.154088     13.185991
   0.84941     13.040100     13.067914
   0.88480     13.039377     13.014705
   0.92019     13.009601     12.959782
   0.95558     13.000746     12.973793
   0.99097     13.083201     13.076941
   1.02637     12.963408     13.223360
   1.06176     12.745780     12.957472
   1.09715     12.624170     12.683525
   1.13254     12.534840     12.518352
   1.16793     12.516338     12.457726
   1.20332     12.611361     12.543579
   1.23872     12.683748     12.677830
   1.27411     12.774726     12.832886
   1.30950     12.637689     12.625990
   1.34489     12.518597     12.508328
   1.34489     12.518676     12.508360
   1.38028     12.639955     12.640382
   1.41568     12.839230     12.769943
   1.45107     13.218202     12.680907
   1.48646     13.417848     12.871433
   1.52185     13.429771     13.143572
   1.55724     13.431674     13.327612
   1.59264     13.375045     13.343969
   1.62803     13.385584     13.290209
   1.66342     13.237902     13.218917
   1.69881     13.499177     13.254927
   1.73420     13.504212     13.529317
   1.76959     13.653245     13.594162
   1.80499     13.500859     13.410026
   1.84038     13.394127     13.388162
   1.87577     13.350598     13.333905
   1.91116     13.415481     13.424114
   1.94655     13.427043     13.459554
   1.98195     13.383690     13.503575
   2.01734     13.367041     13.517662
   2.01734     13.367041     13.517662
   2.05273     13.410974     13.341961
   2.08812     13.426458     13.379503
   2.12351     13.393410     13.445161
   2.15891     13.268985     13.406381
   2.19430     13.285046     13.109288
   2.22969     13.321261     13.056744
   2.26508     13.294751     13.016632
   2.30047     13.232318     12.784779
   2.33587     13.206223     12.599176
   2.37126     13.144158     12.663814
   2.40665     12.993183     12.768971
   2.44204     13.065191     12.725256
   2.47743     13.077118     12.636457
   2.51282     13.000104     12.777781
   2.54822     12.956236     13.339765
   2.58361     12.947691     13.300794
   2.61900     13.230672     13.254724
   2.65439     13.225007     13.230736
   2.68978     13.216176     13.216313
   2.68978     13.216176     13.216313
   2.73984     13.242976     13.239848
   2.78989     13.280306     13.270400
   2.83994     13.165320     12.708666
   2.88999     12.454058     12.455264
   2.94004     12.381025     12.343421
   2.99009     12.365718     12.295220
   3.04015     12.914943     12.370768
   3.09020     13.064419     12.906825
   3.14025     13.094220     13.171450
   3.19030     13.257393     13.390958
   3.24035     13.593507     13.599566
   3.29040     13.341114     13.339725
   3.34046     13.449444     13.453786
   3.39051     13.307633     13.306368
   3.44056     12.974220     12.972737
   3.49061     12.745559     12.889584
   3.54066     12.907307     12.912948
   3.59071     12.698440     12.689842
   3.64077     12.518676     12.508360
 
# Band-Index   52
   3.64077     13.182797     13.178377
   3.59071     13.007903     13.003034
   3.54066     13.078280     12.994430
   3.49061     12.957716     13.236308
   3.44056     13.252527     13.251058
   3.39051     13.585072     13.579277
   3.34046     13.495733     13.519813
   3.29040     13.402390     13.407188
   3.24035     13.596851     13.600747
   3.19030     13.486277     13.614328
   3.14025     13.290534     13.318939
   3.09020     13.184531     13.146916
   3.04015     12.955664     12.960062
   2.99009     12.804547     12.799115
   2.94004     12.782273     12.781612
   2.88999     12.786897     12.794874
   2.83994     13.310194     13.262468
   2.78989     13.392291     13.276102
   2.73984     13.374860     13.232452
   2.68978     13.404176     13.221977
   2.68978     13.404176     13.221977
   2.65439     13.424922     13.295521
   2.61900     13.501475     13.325447
   2.58361     13.596937     13.364231
   2.54822     13.331572     13.403865
   2.51282     13.530092     13.266216
   2.47743     13.204930     13.168926
   2.44204     13.111412     13.087724
   2.40665     13.116957     13.671782
   2.37126     13.943372     13.902079
   2.33587     14.134695     14.090683
   2.30047     14.159519     14.188601
   2.26508     14.221467     14.184147
   2.22969     13.991895     13.197001
   2.19430     13.377779     13.371571
   2.15891     13.364140     13.608906
   2.12351     13.432507     13.460012
   2.08812     13.460450     13.436215
   2.05273     13.677791     13.595447
   2.01734     13.892547     13.915365
   2.01734     13.892547     13.915365
   1.98195     13.614337     13.659323
   1.94655     13.525511     13.650048
   1.91116     13.744368     13.613250
   1.87577     13.678940     13.388842
   1.84038     13.720976     13.615526
   1.80499     13.626010     13.656736
   1.76959     13.678834     13.623448
   1.73420     13.625218     13.576222
   1.69881     13.514610     13.456202
   1.66342     13.450800     13.431240
   1.62803     13.397751     13.374621
   1.59264     13.383197     13.380051
   1.55724     13.725226     13.369649
   1.52185     13.610703     13.283931
   1.48646     13.486871     13.247593
   1.45107     13.490872     13.218923
   1.41568     12.931679     12.902772
   1.38028     13.042045     13.004662
   1.34489     13.182797     13.178377
   1.34489     13.182797     13.178382
   1.30950     13.009479     13.000037
   1.27411     12.796783     12.834614
   1.23872     12.734531     12.793453
   1.20332     12.872630     12.986696
   1.16793     13.145124     13.243914
   1.13254     13.333297     13.319886
   1.09715     13.363824     13.369516
   1.06176     13.255682     13.315905
   1.02637     13.137013     13.229854
   0.99097     13.098749     13.235052
   0.95558     13.262549     13.372293
   0.92019     13.384814     13.403959
   0.88480     13.406238     13.364686
   0.84941     13.329363     13.251060
   0.81401     13.331808     13.266084
   0.77862     13.262270     13.293341
   0.74323     13.349366     13.343685
   0.70784     13.312034     13.311204
   0.67245     13.297522     13.286574
   0.67245     13.297530     13.286582
   0.63705     13.329269     13.291648
   0.60166     13.113010     13.147807
   0.56627     12.852650     12.920639
   0.53088     12.920845     13.073459
   0.49549     13.063162     13.049688
   0.46010     12.846320     12.870699
   0.42470     12.632583     12.748499
   0.38931     12.559127     12.603264
   0.35392     12.573169     12.603129
   0.31853     12.403638     12.608343
   0.28314     12.265525     12.542799
   0.24774     12.196359     12.489616
   0.21235     12.197291     12.477836
   0.17696     12.243445     12.488181
   0.14157     12.315476     12.485388
   0.10618     12.401435     12.453973
   0.07078     12.461334     12.488718
   0.03539     12.441903     12.418709
   0.00000     12.432941     12.425752
 
# Band-Index   53
   0.00000     12.585091     12.584214
   0.03539     12.548067     12.445050
   0.07078     12.490243     12.546473
   0.10618     12.492436     12.535921
   0.14157     12.532805     12.509304
   0.17696     12.577553     12.522606
   0.21235     12.618845     12.559877
   0.24774     12.608409     12.589907
   0.28314     12.516534     12.606388
   0.31853     12.429462     12.646860
   0.35392     12.579773     12.744412
   0.38931     12.763113     12.714482
   0.42470     12.974100     12.829344
   0.46010     13.086553     13.075208
   0.49549     13.078008     13.207917
   0.53088     13.300153     13.239250
   0.56627     13.454466     13.389573
   0.60166     13.406064     13.367401
   0.63705     13.348454     13.389122
   0.67245     13.405235     13.402641
   0.67245     13.405195     13.402645
   0.70784     13.395332     13.418221
   0.74323     13.358261     13.344620
   0.77862     13.337314     13.295638
   0.81401     13.346197     13.318288
   0.84941     13.449794     13.395341
   0.88480     13.427090     13.404282
   0.92019     13.573744     13.553810
   0.95558     13.529535     13.500601
   0.99097     13.254996     13.505155
   1.02637     13.224311     13.237841
   1.06176     13.379853     13.380014
   1.09715     13.384448     13.374799
   1.13254     13.392471     13.390788
   1.16793     13.289213     13.277196
   1.20332     13.252815     13.242070
   1.23872     13.224106     13.159618
   1.27411     13.018653     12.909158
   1.30950     13.040575     13.037149
   1.34489     13.187104     13.182505
   1.34489     13.187104     13.182507
   1.38028     13.186771     13.186620
   1.41568     13.198695     13.198982
   1.45107     14.151948     13.223194
   1.48646     13.791433     13.347165
   1.52185     14.026681     13.391497
   1.55724     13.792729     13.391507
   1.59264     13.501082     13.481704
   1.62803     13.429552     13.436870
   1.66342     13.490810     13.499373
   1.69881     13.675614     13.562419
   1.73420     13.793669     13.619286
   1.76959     13.972610     13.658650
   1.80499     14.045839     13.679506
   1.84038     14.102853     13.656789
   1.87577     13.732903     13.525365
   1.91116     13.803920     14.028174
   1.94655     13.590900     14.129143
   1.98195     13.782255     14.164743
   2.01734     14.023276     14.090446
   2.01734     14.023276     14.090446
   2.05273     13.951655     13.893926
   2.08812     13.592604     13.922119
   2.12351     13.575298     13.810134
   2.15891     13.593397     13.669353
   2.19430     13.718590     13.770113
   2.22969     14.096730     14.070180
   2.26508     14.296662     14.207420
   2.30047     14.257812     14.344968
   2.33587     14.175380     14.109146
   2.37126     14.089098     14.003853
   2.40665     13.979901     13.701389
   2.44204     13.894968     13.590972
   2.47743     13.797459     13.556810
   2.51282     13.712330     13.517827
   2.54822     13.590797     13.515897
   2.58361     13.612832     13.549009
   2.61900     13.696204     13.436201
   2.65439     13.834825     13.351702
   2.68978     13.932470     13.346557
   2.68978     13.932470     13.346557
   2.73984     13.805750     13.331755
   2.78989     13.567587     13.410703
   2.83994     13.436814     13.328482
   2.88999     13.060383     13.268285
   2.94004     12.934085     12.934880
   2.99009     12.936735     12.931724
   3.04015     13.024757     13.137745
   3.09020     13.510168     13.311959
   3.14025     13.623305     13.618521
   3.19030     13.821327     13.686556
   3.24035     13.663087     13.648587
   3.29040     13.788229     13.774104
   3.34046     13.797154     13.790679
   3.39051     13.683207     13.703434
   3.44056     13.686317     13.655053
   3.49061     13.015686     13.947960
   3.54066     13.972416     14.013410
   3.59071     13.059660     13.047553
   3.64077     13.187104     13.182507
 
# Band-Index   54
   3.64077     13.310939     13.221852
   3.59071     13.175702     13.054881
   3.54066     14.049160     14.035250
   3.49061     13.391519     14.338412
   3.44056     13.829523     13.822088
   3.39051     14.101919     14.086130
   3.34046     14.043189     14.069950
   3.29040     14.000173     13.918550
   3.24035     13.814689     13.762707
   3.19030     13.891921     14.046929
   3.14025     14.079668     13.961734
   3.09020     14.046111     14.000482
   3.04015     13.848065     13.325688
   2.99009     13.581787     13.283171
   2.94004     13.528304     13.341424
   2.88999     13.487879     13.358580
   2.83994     14.000511     13.424146
   2.78989     13.991824     13.570562
   2.73984     14.059923     13.805521
   2.68978     14.153849     13.933641
   2.68978     14.153849     13.933641
   2.65439     14.097297     13.878752
   2.61900     14.074851     13.732505
   2.58361     13.791510     13.584359
   2.54822     13.748209     13.523981
   2.51282     13.902398     13.573848
   2.47743     14.068386     13.676731
   2.44204     14.236713     13.787638
   2.40665     14.414782     13.900665
   2.37126     14.587364     14.328527
   2.33587     14.748508     14.357409
   2.30047     14.619226     14.415333
   2.26508     14.419347     14.405045
   2.22969     14.370573     14.259190
   2.19430     14.099683     14.122706
   2.15891     13.638529     14.310143
   2.12351     13.834345     14.079565
   2.08812     13.997709     14.219404
   2.05273     14.429056     14.451553
   2.01734     14.118282     14.598768
   2.01734     14.118282     14.598768
   1.98195     14.037864     14.514037
   1.94655     13.794403     14.438908
   1.91116     13.720225     14.329527
   1.87577     13.960581     13.707761
   1.84038     14.168743     14.073533
   1.80499     14.154518     13.965834
   1.76959     14.082232     13.797911
   1.73420     13.926326     13.706726
   1.69881     13.773143     13.680179
   1.66342     13.625248     13.717989
   1.62803     13.661374     13.739621
   1.59264     13.677033     13.768119
   1.55724     14.101027     13.779329
   1.52185     14.187846     13.748382
   1.48646     14.183413     13.548971
   1.45107     14.235496     13.339501
   1.41568     13.442578     13.382053
   1.38028     13.456786     13.365607
   1.34489     13.310939     13.221852
   1.34489     13.310430     13.222715
   1.30950     13.191235     13.182362
   1.27411     13.203570     13.194319
   1.23872     13.227381     13.214188
   1.20332     13.421133     13.352560
   1.16793     13.427596     13.385155
   1.13254     13.452618     13.452502
   1.09715     13.485864     13.496693
   1.06176     13.441755     13.425428
   1.02637     13.503467     13.486851
   0.99097     13.566163     13.529614
   0.95558     13.601783     13.602116
   0.92019     13.619705     13.638510
   0.88480     13.654496     13.671407
   0.84941     13.598340     13.650641
   0.81401     13.525644     13.595020
   0.77862     13.439224     13.525565
   0.74323     13.363542     13.462025
   0.70784     13.445200     13.427527
   0.67245     13.477465     13.454046
   0.67245     13.477464     13.454049
   0.63705     13.390422     13.424153
   0.60166     13.450404     13.446952
   0.56627     13.456871     13.424723
   0.53088     13.381188     13.359952
   0.49549     13.227532     13.211982
   0.46010     13.154660     13.146746
   0.42470     12.977927     12.988441
   0.38931     12.776577     12.950409
   0.35392     12.931434     12.943592
   0.31853     12.616268     12.791074
   0.28314     12.644696     12.821323
   0.24774     12.645387     12.817325
   0.21235     12.669461     12.776753
   0.17696     12.676303     12.709909
   0.14157     12.632354     12.631299
   0.10618     12.562380     12.553999
   0.07078     12.491762     13.148083
   0.03539     13.216573     12.583571
   0.00000     13.183382     13.179763
 
# Band-Index   55
   0.00000     13.214449     13.215931
   0.03539     13.233548     13.167276
   0.07078     13.280516     13.276411
   0.10618     13.351931     13.158592
   0.14157     13.390215     13.195980
   0.17696     13.258579     13.222181
   0.21235     13.129291     13.129560
   0.24774     13.026394     13.050915
   0.28314     12.960503     12.993169
   0.31853     12.932949     12.957991
   0.35392     13.353644     13.394138
   0.38931     12.949064     12.959551
   0.42470     12.994677     13.139574
   0.46010     13.199807     13.295406
   0.49549     13.369681     13.336223
   0.53088     13.545688     13.607508
   0.56627     13.674675     13.595053
   0.60166     13.599382     13.529973
   0.63705     13.586378     13.525744
   0.67245     13.708542     13.718722
   0.67245     13.708528     13.718494
   0.70784     13.710740     13.681491
   0.74323     13.640923     13.614833
   0.77862     13.578109     13.582669
   0.81401     13.532502     13.605234
   0.84941     13.604903     13.719658
   0.88480     13.687746     13.755050
   0.92019     13.658059     13.651190
   0.95558     13.622692     13.764160
   0.99097     13.678075     13.562919
   1.02637     13.703980     13.602022
   1.06176     13.709220     13.645052
   1.09715     13.514918     13.639438
   1.13254     13.594934     13.498795
   1.16793     13.491924     13.502293
   1.20332     13.655928     13.631703
   1.23872     13.407396     13.495900
   1.27411     13.458015     13.462917
   1.30950     13.430716     13.480029
   1.34489     13.437348     13.431815
   1.34489     13.437353     13.431808
   1.38028     13.498855     13.554661
   1.41568     13.553836     13.649928
   1.45107     14.400615     13.717258
   1.48646     14.462997     13.792789
   1.52185     14.239103     13.879211
   1.55724     14.536741     13.918503
   1.59264     13.849479     13.897816
   1.62803     13.936323     13.986706
   1.66342     14.021954     14.047435
   1.69881     14.763960     13.960021
   1.73420     14.665433     13.772851
   1.76959     14.716172     13.886871
   1.80499     14.453662     14.020411
   1.84038     14.296431     14.207085
   1.87577     14.256318     14.123321
   1.91116     14.365296     14.341199
   1.94655     14.450324     14.494039
   1.98195     14.541664     14.644165
   2.01734     14.633788     14.700696
   2.01734     14.633788     14.700696
   2.05273     14.528705     14.628609
   2.08812     14.299614     14.506953
   2.12351     14.036718     14.482843
   2.15891     14.029087     14.630798
   2.19430     14.152651     14.483727
   2.22969     14.741882     14.560101
   2.26508     14.873956     14.661769
   2.30047     14.894845     14.863775
   2.33587     14.899534     14.847890
   2.37126     14.891094     14.839354
   2.40665     14.438272     14.581858
   2.44204     14.331158     14.237267
   2.47743     14.267905     14.042261
   2.51282     14.225282     13.860762
   2.54822     14.191599     13.704854
   2.58361     14.209074     13.653531
   2.61900     14.228661     13.900919
   2.65439     14.243316     14.097710
   2.68978     14.273044     14.112694
   2.68978     14.273044     14.112694
   2.73984     14.289470     14.046799
   2.78989     14.252771     13.947102
   2.83994     14.207701     13.520764
   2.88999     13.735541     13.640975
   2.94004     13.567616     13.768623
   2.99009     13.644616     13.925272
   3.04015     14.660885     14.161464
   3.09020     14.440688     14.535301
   3.14025     14.242567     14.315025
   3.19030     13.998777     14.096569
   3.24035     13.987403     13.819032
   3.29040     14.415747     14.384166
   3.34046     14.273146     14.221377
   3.39051     14.191184     14.193561
   3.44056     14.346203     14.349902
   3.49061     13.753391     14.381680
   3.54066     14.142550     14.061590
   3.59071     13.650176     13.644416
   3.64077     13.437353     13.431808
 
# Band-Index   56
   3.64077     13.759240     13.727906
   3.59071     13.884080     13.864785
   3.54066     14.690085     14.726547
   3.49061     14.333097     14.552856
   3.44056     14.581746     14.583699
   3.39051     14.426783     14.451751
   3.34046     14.328102     14.443723
   3.29040     14.577679     14.594091
   3.24035     15.073708     15.057481
   3.19030     14.083879     15.081166
   3.14025     14.376903     14.365918
   3.09020     14.715636     14.726761
   3.04015     14.770578     14.852806
   2.99009     14.986968     14.654383
   2.94004     15.093884     14.360905
   2.88999     15.100082     14.109290
   2.83994     15.076036     14.213106
   2.78989     14.854949     14.238277
   2.73984     14.603984     14.235084
   2.68978     14.464665     14.419610
   2.68978     14.464665     14.419610
   2.65439     14.574562     14.352570
   2.61900     14.792408     14.236048
   2.58361     15.001844     14.253794
   2.54822     14.962681     14.354768
   2.51282     15.007635     14.323170
   2.47743     14.993072     14.271380
   2.44204     15.166429     14.203994
   2.40665     15.240755     14.808121
   2.37126     15.191564     15.059367
   2.33587     14.963587     14.973154
   2.30047     14.887184     14.856783
   2.26508     14.979487     14.824437
   2.22969     14.996780     14.690170
   2.19430     15.006102     14.810892
   2.15891     14.643218     14.739393
   2.12351     14.497682     14.582117
   2.08812     14.409227     14.586792
   2.05273     14.568322     14.685426
   2.01734     14.786289     14.830990
   2.01734     14.786289     14.830990
   1.98195     14.649130     14.654180
   1.94655     14.502971     14.584624
   1.91116     14.447354     14.598059
   1.87577     14.337666     14.217800
   1.84038     14.725998     14.295918
   1.80499     14.787173     14.467342
   1.76959     14.775172     14.653929
   1.73420     14.768171     14.444323
   1.69881     14.793483     14.406565
   1.66342     14.338895     14.435018
   1.62803     14.484523     14.451563
   1.59264     14.685957     14.251438
   1.55724     15.222915     14.486689
   1.52185     15.045854     14.207412
   1.48646     14.780244     14.024808
   1.45107     14.660985     13.951732
   1.41568     14.002593     13.969555
   1.38028     13.942284     13.898806
   1.34489     13.759240     13.727906
   1.34489     13.758117     13.726714
   1.30950     13.558803     13.492984
   1.27411     13.653767     13.548040
   1.23872     13.722678     13.505376
   1.20332     13.938605     13.958585
   1.16793     13.799083     13.742446
   1.13254     13.917654     13.797298
   1.09715     13.809384     13.844126
   1.06176     13.990886     13.931220
   1.02637     14.047863     14.015430
   0.99097     13.960805     13.962632
   0.95558     13.773235     13.791414
   0.92019     13.768021     14.008554
   0.88480     13.951380     14.018626
   0.84941     14.091527     14.086519
   0.81401     13.981015     13.882147
   0.77862     13.842681     13.717493
   0.74323     13.747224     13.642210
   0.70784     13.720602     13.693269
   0.67245     13.785829     13.793013
   0.67245     13.786654     13.793810
   0.63705     13.824058     13.735508
   0.60166     14.158059     13.714148
   0.56627     13.696636     13.699001
   0.53088     13.679994     13.622036
   0.49549     13.445523     13.487103
   0.46010     14.189728     14.150435
   0.42470     13.253960     13.351913
   0.38931     13.314839     13.390628
   0.35392     14.095733     14.148014
   0.31853     13.408724     13.419006
   0.28314     13.439290     13.404506
   0.24774     13.454571     13.368764
   0.21235     13.450934     13.315020
   0.17696     13.427625     13.252714
   0.14157     13.390516     13.306854
   0.10618     13.352359     13.322873
   0.07078     13.326227     13.412956
   0.03539     13.308088     13.233348
   0.00000     13.306759     13.306452
 
# Band-Index   57
   0.00000     13.572020     13.569201
   0.03539     13.590103     13.446780
   0.07078     13.343405     13.639276
   0.10618     13.472995     13.564604
   0.14157     13.480328     13.595270
   0.17696     13.569493     13.671903
   0.21235     13.629796     13.777238
   0.24774     13.698648     13.882005
   0.28314     13.823231     13.957685
   0.31853     13.982024     14.037468
   0.35392     14.222068     14.161439
   0.38931     14.176488     14.233499
   0.42470     14.216061     14.255002
   0.46010     14.280738     14.200502
   0.49549     14.031011     13.908829
   0.53088     13.843914     13.718658
   0.56627     13.966220     13.888820
   0.60166     14.227528     14.134006
   0.63705     14.144641     14.123332
   0.67245     13.933641     13.860431
   0.67245     13.933321     13.860390
   0.70784     14.027675     13.991884
   0.74323     14.180871     14.164216
   0.77862     14.288657     14.288845
   0.81401     14.216540     14.220227
   0.84941     14.108741     14.166457
   0.88480     14.014615     14.141712
   0.92019     14.010264     14.396054
   0.95558     13.824424     13.819029
   0.99097     14.391609     14.247597
   1.02637     14.416245     14.307447
   1.06176     14.440235     14.444157
   1.09715     13.902141     14.314804
   1.13254     14.115296     13.805993
   1.16793     13.883653     13.815081
   1.20332     14.359168     14.400634
   1.23872     13.979929     13.600245
   1.27411     14.087137     14.040168
   1.30950     13.854614     13.867833
   1.34489     14.050334     14.033561
   1.34489     14.050340     14.033132
   1.38028     14.071800     14.061268
   1.41568     14.225173     14.219035
   1.45107     14.969927     14.499579
   1.48646     14.989466     14.705295
   1.52185     15.241591     14.983172
   1.55724     15.329810     14.938201
   1.59264     14.701499     14.805221
   1.62803     14.709426     14.781060
   1.66342     14.691115     14.892464
   1.69881     15.240812     14.883082
   1.73420     15.494450     14.687598
   1.76959     15.557052     14.841572
   1.80499     15.042398     14.758618
   1.84038     15.057321     14.724821
   1.87577     15.372661     14.337936
   1.91116     15.619293     15.336946
   1.94655     15.241533     15.378119
   1.98195     15.502304     15.490764
   2.01734     15.830583     15.391425
   2.01734     15.830583     15.391425
   2.05273     15.661717     15.425457
   2.08812     15.568437     15.220543
   2.12351     14.821187     15.143440
   2.15891     14.794535     15.115177
   2.19430     15.042588     14.991056
   2.22969     15.034284     15.043318
   2.26508     15.014049     14.944576
   2.30047     14.898343     15.340679
   2.33587     15.595028     15.266913
   2.37126     15.628018     15.308715
   2.40665     15.331158     15.342370
   2.44204     15.384193     15.304760
   2.47743     15.410578     15.093497
   2.51282     15.428774     14.979380
   2.54822     15.357735     14.964880
   2.58361     15.067538     14.775668
   2.61900     15.012838     14.656203
   2.65439     15.103903     14.587565
   2.68978     15.013761     14.655429
   2.68978     15.013761     14.655429
   2.73984     15.086109     14.615373
   2.78989     15.282566     14.850977
   2.83994     15.261912     15.101484
   2.88999     15.198437     15.299175
   2.94004     15.322761     15.202264
   2.99009     15.010869     15.047386
   3.04015     15.358267     14.917105
   3.09020     15.287702     15.232076
   3.14025     15.053203     15.036454
   3.19030     15.014632     15.531679
   3.24035     15.177636     15.175602
   3.29040     14.736764     14.782386
   3.34046     14.567376     14.565928
   3.39051     14.555374     14.578073
   3.44056     14.634331     14.641114
   3.49061     14.435987     14.957320
   3.54066     14.878999     14.904439
   3.59071     14.085221     14.041691
   3.64077     14.050340     14.033132
 
# Band-Index   58
   3.64077     14.672426     14.672460
   3.59071     14.744083     14.745105
   3.54066     15.391968     15.434190
   3.49061     14.523997     15.250521
   3.44056     14.829630     14.882726
   3.39051     14.994374     14.988005
   3.34046     14.834962     14.962469
   3.29040     15.028179     15.011821
   3.24035     15.251874     15.259479
   3.19030     15.551365     15.773199
   3.14025     15.745179     15.694253
   3.09020     15.577546     15.501501
   3.04015     15.691546     15.339387
   2.99009     15.556061     15.521710
   2.94004     15.937604     15.510929
   2.88999     15.749457     15.335490
   2.83994     15.526313     15.492993
   2.78989     15.280513     15.288269
   2.73984     15.345000     15.083755
   2.68978     15.427546     14.986060
   2.68978     15.427546     14.986060
   2.65439     15.438436     15.082760
   2.61900     15.445755     15.279181
   2.58361     15.452544     15.551052
   2.54822     15.453006     15.761559
   2.51282     15.712678     15.677344
   2.47743     16.070007     15.570967
   2.44204     16.240127     15.447643
   2.40665     16.018189     15.479548
   2.37126     15.898721     15.485487
   2.33587     15.915628     15.381679
   2.30047     15.798404     15.417629
   2.26508     15.491486     15.299759
   2.22969     15.412478     15.263322
   2.19430     15.229990     15.162404
   2.15891     15.333015     15.435321
   2.12351     15.547979     15.630720
   2.08812     15.609905     15.680416
   2.05273     16.044459     15.578030
   2.01734     15.825274     15.620075
   2.01734     15.825274     15.620075
   1.98195     15.788817     15.534151
   1.94655     15.710492     15.528872
   1.91116     15.758176     15.494692
   1.87577     15.436961     14.378704
   1.84038     15.364473     15.143310
   1.80499     15.428306     14.946419
   1.76959     16.368292     15.057268
   1.73420     16.313350     14.807772
   1.69881     15.488566     15.007909
   1.66342     15.040123     14.920689
   1.62803     14.809149     14.874771
   1.59264     14.901335     14.944276
   1.55724     15.434429     15.149265
   1.52185     15.493928     15.001595
   1.48646     15.258237     14.786391
   1.45107     15.640692     14.949328
   1.41568     14.587069     14.801032
   1.38028     14.713191     14.706046
   1.34489     14.672426     14.672460
   1.34489     14.672432     14.672477
   1.30950     14.033549     14.021796
   1.27411     14.101475     14.135948
   1.23872     14.392873     14.074518
   1.20332     15.054668     15.051045
   1.16793     14.193562     14.252755
   1.13254     14.927090     14.185369
   1.09715     14.254752     14.613305
   1.06176     14.776313     14.538772
   1.02637     14.789051     14.431610
   0.99097     14.613076     14.510700
   0.95558     14.423002     14.323204
   0.92019     14.468742     14.408361
   0.88480     14.085145     14.231019
   0.84941     14.196349     14.220222
   0.81401     14.230067     14.295297
   0.77862     14.333771     14.336078
   0.74323     14.305908     14.283717
   0.70784     14.422535     14.386476
   0.67245     14.257232     14.161893
   0.67245     14.473129     14.427210
   0.63705     14.263010     14.235913
   0.60166     14.240353     14.298508
   0.56627     14.000954     13.971283
   0.53088     14.005026     13.974414
   0.49549     14.103132     14.087602
   0.46010     14.513073     14.462748
   0.42470     14.466660     14.373855
   0.38931     14.332579     14.272436
   0.35392     14.523141     14.579245
   0.31853     13.998155     14.071809
   0.28314     13.896463     13.978954
   0.24774     13.791336     13.921653
   0.21235     13.681043     13.927947
   0.17696     13.634469     13.861008
   0.14157     13.634028     13.703866
   0.10618     13.586531     13.615925
   0.07078     13.746347     13.731511
   0.03539     13.880921     13.866439
   0.00000     13.937412     13.937396
 
# Band-Index   59
   0.00000     14.168057     14.166468
   0.03539     14.089510     14.140819
   0.07078     13.958756     14.113768
   0.10618     13.743101     13.738791
   0.14157     13.707157     13.853503
   0.17696     13.806230     13.964387
   0.21235     13.983382     14.034287
   0.24774     14.158954     14.221434
   0.28314     14.324722     14.349776
   0.31853     14.464430     14.463092
   0.35392     14.904513     14.620377
   0.38931     14.674389     14.688980
   0.42470     14.566770     14.422032
   0.46010     14.810978     14.726147
   0.49549     14.429256     14.394705
   0.53088     14.288985     14.332275
   0.56627     14.178793     14.276809
   0.60166     14.524412     14.488120
   0.63705     14.392342     14.376378
   0.67245     14.559650     14.462964
   0.67245     14.471727     14.426749
   0.70784     14.554571     14.420634
   0.74323     14.355665     14.342720
   0.77862     14.334839     14.353158
   0.81401     14.282735     14.303543
   0.84941     14.427875     14.542099
   0.88480     14.392451     14.312716
   0.92019     14.536252     14.451820
   0.95558     14.434775     14.627485
   0.99097     14.788528     14.982855
   1.02637     14.894957     15.029834
   1.06176     14.859961     14.810920
   1.09715     14.861952     14.902138
   1.13254     15.104804     14.706278
   1.16793     14.985730     14.885540
   1.20332     15.141300     15.209160
   1.23872     14.946128     14.400894
   1.27411     14.779238     14.802484
   1.30950     14.705067     14.711706
   1.34489     14.997033     14.989990
   1.34489     15.001429     14.999338
   1.38028     15.021375     15.231848
   1.41568     14.826625     15.391892
   1.45107     15.752404     15.227953
   1.48646     15.696871     15.119517
   1.52185     15.616741     15.184936
   1.55724     15.674751     15.278460
   1.59264     15.347162     14.982477
   1.62803     15.294660     15.253409
   1.66342     15.403724     15.342827
   1.69881     16.091379     15.092206
   1.73420     16.536126     14.862509
   1.76959     16.724544     15.577563
   1.80499     16.311169     15.574056
   1.84038     16.138009     15.621542
   1.87577     16.159981     14.878380
   1.91116     16.184076     15.832642
   1.94655     15.964887     16.015237
   1.98195     16.198269     16.253111
   2.01734     16.376666     16.138644
   2.01734     16.376666     16.138645
   2.05273     16.147663     16.184912
   2.08812     15.890655     15.940957
   2.12351     15.612368     15.703970
   2.15891     15.595433     15.774234
   2.19430     15.694796     15.187428
   2.22969     15.629741     15.392979
   2.26508     15.729979     15.548615
   2.30047     15.997288     15.426598
   2.33587     15.945658     15.466270
   2.37126     16.231307     15.509226
   2.40665     16.248993     15.638480
   2.44204     16.237340     15.771456
   2.47743     16.284539     15.993371
   2.51282     16.345836     16.166301
   2.54822     16.347096     15.857338
   2.58361     16.303683     15.899098
   2.61900     16.262740     16.015994
   2.65439     16.362762     16.151455
   2.68978     16.388396     16.237274
   2.68978     16.388396     16.237274
   2.73984     16.158186     16.043262
   2.78989     16.041880     15.856782
   2.83994     16.119793     15.556335
   2.88999     16.023431     15.710966
   2.94004     16.003461     15.895972
   2.99009     15.925719     15.942358
   3.04015     15.852455     15.686103
   3.09020     15.813880     15.809077
   3.14025     15.825259     15.809241
   3.19030     15.807456     15.854320
   3.24035     15.678004     15.584176
   3.29040     15.647947     15.742384
   3.34046     15.616177     15.568417
   3.39051     15.248669     15.202345
   3.44056     15.083309     14.961251
   3.49061     14.902705     15.378641
   3.54066     15.393598     15.439781
   3.59071     14.910731     15.014933
   3.64077     15.001429     14.999338
 
# Band-Index   60
   3.64077     15.606362     15.580286
   3.59071     15.591587     15.633046
   3.54066     15.873777     15.841425
   3.49061     15.130280     15.519190
   3.44056     15.575910     15.436408
   3.39051     15.469780     15.348126
   3.34046     15.643440     15.569517
   3.29040     15.788497     15.746057
   3.24035     15.795948     15.631655
   3.19030     15.822838     16.179169
   3.14025     16.078275     15.869226
   3.09020     16.111189     16.085172
   3.04015     16.014612     15.904094
   2.99009     15.938995     15.948553
   2.94004     15.997683     16.111934
   2.88999     16.097914     16.114239
   2.83994     16.131019     16.138452
   2.78989     16.169431     16.127167
   2.73984     16.250514     16.190029
   2.68978     16.404989     16.404726
   2.68978     16.404989     16.404726
   2.65439     16.396810     16.413889
   2.61900     16.403637     16.450637
   2.58361     16.435883     16.426403
   2.54822     16.493383     16.356235
   2.51282     16.538838     16.275399
   2.47743     16.516642     16.497713
   2.44204     16.431451     16.730676
   2.40665     16.392155     16.530478
   2.37126     16.324412     16.135744
   2.33587     16.508934     15.827952
   2.30047     16.222756     15.587192
   2.26508     16.105740     15.596685
   2.22969     16.197891     15.804793
   2.19430     16.281749     16.032463
   2.15891     16.416669     16.240068
   2.12351     16.570888     16.342718
   2.08812     16.749591     16.186449
   2.05273     16.884183     16.200450
   2.01734     17.042459     16.462908
   2.01734     17.042459     16.462908
   1.98195     16.718368     16.500248
   1.94655     16.377627     16.178894
   1.91116     16.575930     15.863771
   1.87577     16.243630     14.980180
   1.84038     16.586050     16.402841
   1.80499     16.538391     16.695711
   1.76959     16.784627     16.717214
   1.73420     16.623769     15.173351
   1.69881     16.370933     15.219119
   1.66342     15.431142     15.381978
   1.62803     15.415015     15.421914
   1.59264     15.392069     15.394899
   1.55724     15.906001     15.436320
   1.52185     15.899562     15.364912
   1.48646     15.920297     15.138266
   1.45107     16.002264     15.249695
   1.41568     15.522119     15.561139
   1.38028     15.581152     15.596215
   1.34489     15.606362     15.580286
   1.34489     15.606251     15.594447
   1.30950     14.904967     14.913214
   1.27411     14.802581     14.823574
   1.23872     15.174059     14.681866
   1.20332     15.452838     15.442953
   1.16793     14.998249     15.029921
   1.13254     15.140394     15.118582
   1.09715     14.943415     15.366762
   1.06176     15.199516     15.323447
   1.02637     14.903573     15.077067
   0.99097     15.016162     15.088867
   0.95558     14.793332     14.775521
   0.92019     14.735546     14.739849
   0.88480     14.473665     14.459392
   0.84941     14.710234     14.717195
   0.81401     14.366701     14.409214
   0.77862     14.341314     14.388373
   0.74323     14.466948     14.490430
   0.70784     14.602106     14.583788
   0.67245     14.642586     14.627448
   0.67245     14.660536     14.628290
   0.63705     14.397603     14.385222
   0.60166     14.632691     14.634101
   0.56627     14.533537     14.454696
   0.53088     14.687805     14.581310
   0.49549     14.766963     14.682248
   0.46010     14.960609     14.945185
   0.42470     14.733876     14.737605
   0.38931     14.710236     14.695526
   0.35392     14.938945     14.798559
   0.31853     14.470836     14.540535
   0.28314     14.351386     14.415011
   0.24774     14.261892     14.256569
   0.21235     14.150484     14.128024
   0.17696     13.990600     13.985445
   0.14157     13.854688     14.015573
   0.10618     13.823391     14.068586
   0.07078     14.202905     14.195661
   0.03539     14.219262     14.205466
   0.00000     14.254057     14.330422
 
# Band-Index   61
   0.00000     14.476318     14.491876
   0.03539     14.535600     14.567778
   0.07078     14.661773     14.791855
   0.10618     14.188046     14.179759
   0.14157     14.176843     14.168545
   0.17696     14.179194     14.170676
   0.21235     14.204834     14.196851
   0.24774     14.330287     14.274092
   0.28314     14.524075     14.419701
   0.31853     14.729204     14.626480
   0.35392     15.217994     14.977196
   0.38931     14.860650     14.705391
   0.42470     14.834390     14.801063
   0.46010     15.063830     15.144564
   0.49549     14.831417     14.893482
   0.53088     14.720781     14.770252
   0.56627     14.660532     14.683679
   0.60166     14.979400     14.864934
   0.63705     14.564101     14.511615
   0.67245     14.746909     14.668690
   0.67245     14.690769     14.667062
   0.70784     14.806291     14.699616
   0.74323     14.595990     14.565421
   0.77862     14.481277     14.460133
   0.81401     14.553372     14.554148
   0.84941     14.984215     15.036752
   0.88480     14.823514     14.850120
   0.92019     14.753814     14.761036
   0.95558     14.841810     14.801892
   0.99097     15.123850     15.133830
   1.02637     15.061995     15.239576
   1.06176     15.327254     15.480573
   1.09715     15.393476     15.404094
   1.13254     15.305481     15.272684
   1.16793     15.314676     15.319330
   1.20332     15.765615     15.635944
   1.23872     15.484300     14.996523
   1.27411     15.350010     15.392597
   1.30950     15.548412     15.626417
   1.34489     15.746945     15.741933
   1.34489     15.746907     15.741949
   1.38028     15.804731     15.851814
   1.41568     15.793010     15.652366
   1.45107     16.140131     15.513529
   1.48646     16.026211     15.502514
   1.52185     15.960253     15.379308
   1.55724     16.097680     15.445553
   1.59264     15.719845     15.584472
   1.62803     15.786344     15.488874
   1.66342     15.607813     15.666095
   1.69881     16.887377     15.218418
   1.73420     16.863116     15.253313
   1.76959     17.012393     16.743365
   1.80499     17.103302     16.881205
   1.84038     17.286524     17.169048
   1.87577     17.367621     15.318208
   1.91116     17.529201     17.187127
   1.94655     17.181736     17.261899
   1.98195     17.177597     17.215376
   2.01734     17.217120     17.119573
   2.01734     17.217120     17.119573
   2.05273     17.342536     16.997665
   2.08812     17.516865     16.841736
   2.12351     17.457280     16.689404
   2.15891     17.282767     16.887545
   2.19430     17.031746     17.169946
   2.22969     17.410819     17.197848
   2.26508     17.441784     17.223459
   2.30047     17.268098     17.330931
   2.33587     17.014668     17.243909
   2.37126     16.806040     16.958047
   2.40665     16.703637     16.816450
   2.44204     16.656214     16.829061
   2.47743     16.697417     16.839649
   2.51282     16.612798     16.685186
   2.54822     16.575544     16.590506
   2.58361     16.754456     16.504710
   2.61900     16.923970     16.472933
   2.65439     17.086312     16.428500
   2.68978     17.153314     16.405232
   2.68978     17.153314     16.405232
   2.73984     17.006463     16.293685
   2.78989     16.908454     16.210944
   2.83994     16.774034     16.147122
   2.88999     16.708650     16.378173
   2.94004     16.606958     16.157656
   2.99009     16.198953     16.101070
   3.04015     16.225676     16.058016
   3.09020     16.178026     16.243098
   3.14025     16.541027     16.463535
   3.19030     16.122890     16.198484
   3.24035     15.927534     15.928590
   3.29040     15.937547     15.941016
   3.34046     16.089375     16.053793
   3.39051     15.984461     15.929291
   3.44056     15.918225     15.863784
   3.49061     15.407197     16.643516
   3.54066     16.316523     16.450485
   3.59071     15.637939     15.668084
   3.64077     15.746907     15.741949
 
# Band-Index   62
   3.64077     15.878027     15.837804
   3.59071     16.061593     16.131250
   3.54066     16.348851     16.548539
   3.49061     15.550581     16.754267
   3.44056     16.682332     16.957986
   3.39051     16.219135     16.304350
   3.34046     16.127744     16.235742
   3.29040     16.313888     16.365264
   3.24035     16.684161     16.696812
   3.19030     16.685272     16.651801
   3.14025     16.616451     16.639400
   3.09020     16.465830     16.739606
   3.04015     16.298684     16.385492
   2.99009     16.362014     16.319973
   2.94004     16.655927     16.524543
   2.88999     17.086468     16.864528
   2.83994     17.323173     16.737275
   2.78989     17.271203     16.928120
   2.73984     17.439706     17.133966
   2.68978     17.710476     17.270924
   2.68978     17.710476     17.270924
   2.65439     17.714743     17.290616
   2.61900     17.741585     17.251638
   2.58361     17.798842     17.085146
   2.54822     16.686828     17.039396
   2.51282     17.030740     16.979128
   2.47743     16.865685     16.884824
   2.44204     16.775181     16.996349
   2.40665     16.824966     17.048235
   2.37126     17.111687     17.172089
   2.33587     17.296041     17.320758
   2.30047     17.460276     17.455179
   2.26508     17.516494     17.584367
   2.22969     17.574365     17.599053
   2.19430     17.443524     17.568891
   2.15891     17.487581     17.608165
   2.12351     17.566326     17.511326
   2.08812     17.688987     17.467554
   2.05273     17.850832     17.299894
   2.01734     18.053675     17.219613
   2.01734     18.053675     17.219613
   1.98195     17.897981     17.719289
   1.94655     17.716887     17.570551
   1.91116     17.743265     17.424239
   1.87577     17.605797     15.722234
   1.84038     17.504787     17.349479
   1.80499     17.228436     17.464914
   1.76959     17.403751     17.265528
   1.73420     17.393351     15.769080
   1.69881     17.086320     16.076039
   1.66342     15.714739     15.741422
   1.62803     16.319930     16.043191
   1.59264     16.073409     15.888905
   1.55724     16.506566     15.615428
   1.52185     16.716220     15.815515
   1.48646     16.796185     15.825073
   1.45107     16.489364     15.913477
   1.41568     15.918887     15.952351
   1.38028     16.162708     16.218727
   1.34489     15.878027     15.837804
   1.34489     15.855876     15.811429
   1.30950     15.659413     15.803299
   1.27411     15.885421     15.636282
   1.23872     15.768188     15.218767
   1.20332     15.974176     15.868697
   1.16793     15.476658     15.416228
   1.13254     15.509200     15.465956
   1.09715     15.394811     15.517824
   1.06176     15.575329     15.609132
   1.02637     15.353228     15.274086
   0.99097     15.457909     15.466460
   0.95558     14.845292     14.803026
   0.92019     15.189682     15.244194
   0.88480     14.875999     14.893861
   0.84941     14.987137     15.276301
   0.81401     14.888528     14.908923
   0.77862     14.806683     14.818345
   0.74323     14.742827     14.673355
   0.70784     14.914628     14.799820
   0.67245     14.691138     14.680205
   0.67245     14.940146     14.735692
   0.63705     14.647584     14.668377
   0.60166     15.189185     15.169740
   0.56627     14.908525     14.884176
   0.53088     15.086122     15.223434
   0.49549     15.115454     15.087339
   0.46010     15.200075     15.494455
   0.42470     14.917694     14.926803
   0.38931     14.919177     14.932617
   0.35392     15.399680     14.996347
   0.31853     15.022563     15.040147
   0.28314     15.077389     15.104828
   0.24774     15.109238     15.153499
   0.21235     15.096600     15.167978
   0.17696     15.031748     15.146114
   0.14157     14.927348     15.103100
   0.10618     14.800326     15.055573
   0.07078     15.305270     15.027700
   0.03539     15.066272     15.004262
   0.00000     15.159087     15.004472
 
# Band-Index   63
   0.00000     15.562368     15.560316
   0.03539     15.571403     15.540439
   0.07078     15.541187     15.535648
   0.10618     15.531193     15.064357
   0.14157     15.725104     15.369478
   0.17696     15.691876     15.486905
   0.21235     15.615874     15.484053
   0.24774     15.586220     15.470920
   0.28314     15.504945     15.385043
   0.31853     15.468212     15.255604
   0.35392     15.575887     15.727700
   0.38931     15.180070     15.080946
   0.42470     15.274091     15.427104
   0.46010     15.965470     15.971548
   0.49549     15.123703     15.284602
   0.53088     15.270771     15.236349
   0.56627     15.236772     15.121227
   0.60166     15.235710     15.451483
   0.63705     14.797554     14.757526
   0.67245     16.078450     14.828944
   0.67245     14.704664     14.690755
   0.70784     15.920669     14.864737
   0.74323     14.746695     14.748758
   0.77862     15.009337     14.926208
   0.81401     15.134362     15.015453
   0.84941     15.233769     15.535496
   0.88480     15.088133     15.131958
   0.92019     15.281677     15.281063
   0.95558     15.252427     15.315929
   0.99097     16.024158     16.032210
   1.02637     15.479412     15.449413
   1.06176     16.031800     16.055052
   1.09715     15.518204     15.582187
   1.13254     15.523232     15.518481
   1.16793     15.613082     15.607774
   1.20332     16.061915     15.899787
   1.23872     15.909276     15.634366
   1.27411     16.153329     15.810377
   1.30950     15.745093     16.200405
   1.34489     16.241054     16.179625
   1.34489     16.242074     16.182302
   1.38028     16.483096     16.399461
   1.41568     16.027719     16.222317
   1.45107     17.171484     15.972467
   1.48646     17.385745     15.968551
   1.52185     17.401192     15.994440
   1.55724     16.640296     15.951320
   1.59264     16.188313     16.086359
   1.62803     16.376307     16.267613
   1.66342     16.594098     16.565293
   1.69881     17.261835     16.625884
   1.73420     17.702381     16.450101
   1.76959     17.598023     17.451824
   1.80499     17.442660     17.491742
   1.84038     17.588058     17.418938
   1.87577     17.908908     16.923184
   1.91116     18.308660     17.748511
   1.94655     17.792768     17.816542
   1.98195     17.955611     17.793515
   2.01734     18.058851     17.812767
   2.01734     18.058851     17.812767
   2.05273     17.900197     17.624322
   2.08812     17.693818     17.531245
   2.12351     17.659305     17.590613
   2.15891     17.742787     17.641771
   2.19430     17.734165     17.884208
   2.22969     18.026494     18.024586
   2.26508     17.715117     17.863426
   2.30047     17.836897     17.568265
   2.33587     17.576531     17.396474
   2.37126     17.253779     17.463011
   2.40665     17.003011     17.388604
   2.44204     16.866579     17.057445
   2.47743     17.526805     17.242765
   2.51282     17.901372     17.447977
   2.54822     17.854795     17.375584
   2.58361     18.264471     17.356553
   2.61900     18.238457     17.334639
   2.65439     19.303829     17.563442
   2.68978     19.211912     18.036985
   2.68978     19.211911     18.036985
   2.73984     18.043281     18.140555
   2.78989     17.883038     17.973117
   2.83994     17.546033     17.581645
   2.88999     17.090950     17.126136
   2.94004     16.823102     16.766281
   2.99009     16.506892     16.485460
   3.04015     17.627865     16.554328
   3.09020     17.160049     17.106414
   3.14025     16.891062     16.786510
   3.19030     16.959511     17.074989
   3.24035     16.902880     16.709082
   3.29040     16.431422     16.388280
   3.34046     16.278905     16.507684
   3.39051     16.540446     16.890960
   3.44056     17.146216     17.249833
   3.49061     15.811109     17.333488
   3.54066     17.073685     17.062215
   3.59071     16.450453     16.275856
   3.64077     16.242074     16.182302
 
# Band-Index   64
   3.64077     16.781608     16.769823
   3.59071     16.818681     16.761157
   3.54066     17.077605     17.395934
   3.49061     16.456216     17.507708
   3.44056     17.480507     17.533457
   3.39051     17.415127     17.366053
   3.34046     17.409447     17.322264
   3.29040     17.365847     17.257420
   3.24035     17.144002     17.080234
   3.19030     16.968231     17.145002
   3.14025     16.945468     17.145538
   3.09020     17.225936     17.245971
   3.04015     17.717561     17.523855
   2.99009     18.247518     17.620789
   2.94004     17.114870     17.543946
   2.88999     17.231888     17.603878
   2.83994     17.855850     18.058006
   2.78989     18.862086     18.614763
   2.73984     19.300216     19.130664
   2.68978     19.648270     19.494053
   2.68978     19.648270     19.494053
   2.65439     19.617963     18.191312
   2.61900     19.293815     18.204590
   2.58361     19.164264     18.176251
   2.54822     18.281509     18.152418
   2.51282     18.368796     17.758539
   2.47743     18.477337     17.571422
   2.44204     18.427578     17.619473
   2.40665     18.344116     17.559093
   2.37126     18.271042     17.745603
   2.33587     18.198977     18.054934
   2.30047     17.856554     18.258672
   2.26508     18.066007     18.272853
   2.22969     18.134142     18.170639
   2.19430     18.000545     18.064571
   2.15891     17.863731     18.128838
   2.12351     17.954081     18.192895
   2.08812     18.369747     18.057869
   2.05273     18.686025     18.022979
   2.01734     18.903639     18.115641
   2.01734     18.903639     18.115641
   1.98195     18.905546     19.174468
   1.94655     18.658373     18.640361
   1.91116     19.029425     18.219219
   1.87577     18.556845     17.191934
   1.84038     18.107085     18.028600
   1.80499     17.721623     17.670337
   1.76959     18.127975     17.471461
   1.73420     17.705472     16.679738
   1.69881     17.520176     16.755910
   1.66342     16.776189     16.576324
   1.62803     16.502480     16.360922
   1.59264     16.362717     16.097061
   1.55724     17.921427     16.005199
   1.52185     17.668586     16.693690
   1.48646     17.848128     16.635940
   1.45107     17.334408     16.793305
   1.41568     16.699898     16.617014
   1.38028     16.831555     16.815950
   1.34489     16.781608     16.769823
   1.34489     16.780840     16.769715
   1.30950     16.425253     16.450286
   1.27411     16.546463     16.016072
   1.23872     16.494609     15.812841
   1.20332     16.925754     17.054591
   1.16793     15.839484     15.857559
   1.13254     15.911213     15.956438
   1.09715     15.837426     16.116473
   1.06176     16.066075     16.094895
   1.02637     16.058827     15.954161
   0.99097     16.311917     16.284915
   0.95558     15.423597     15.416153
   0.92019     15.720427     15.794083
   0.88480     15.200894     15.170232
   0.84941     15.414375     15.687266
   0.81401     15.171542     15.251381
   0.77862     15.182372     15.171987
   0.74323     14.968432     14.939849
   0.70784     16.239767     15.836308
   0.67245     14.723359     14.727645
   0.67245     16.379288     15.803973
   0.63705     14.952369     14.926553
   0.60166     15.437641     15.506130
   0.56627     15.330116     15.303369
   0.53088     15.486946     15.454969
   0.49549     15.268436     15.325693
   0.46010     16.246865     16.329832
   0.42470     15.315386     15.528779
   0.38931     15.338280     15.623397
   0.35392     15.582880     15.775967
   0.31853     15.493707     15.824321
   0.28314     15.592878     15.683126
   0.24774     15.759086     15.737210
   0.21235     15.778371     15.754691
   0.17696     15.755167     15.697995
   0.14157     15.854360     15.482473
   0.10618     15.572364     15.497508
   0.07078     16.094595     16.022060
   0.03539     16.056298     16.181854
   0.00000     16.140090     16.148764
