#K-Path(1/A)         Spin-Up(eV)   Spin-down(eV)
# NKPTS & NBANDS: 100  64
# Band-Index    1
   0.00000    -12.726891    -12.727123
   0.03560    -12.728029    -12.728470
   0.07119    -12.731406    -12.732470
   0.10679    -12.736918    -12.738995
   0.14239    -12.744392    -12.747838
   0.17798    -12.753601    -12.758725
   0.21358    -12.764266    -12.771323
   0.24918    -12.776072    -12.785255
   0.28477    -12.788677    -12.800112
   0.32037    -12.801725    -12.815470
   0.35597    -12.817263    -12.830903
   0.39156    -12.846433    -12.845991
   0.42716    -12.874007    -12.860338
   0.46275    -12.899272    -12.873573
   0.49835    -12.921645    -12.885365
   0.53395    -12.940628    -12.895432
   0.56954    -12.955815    -12.906599
   0.60514    -12.966889    -12.916239
   0.64074    -12.973623    -12.922108
   0.67633    -12.975883    -12.924078
   0.67633    -12.975883    -12.924078
   0.71193    -13.002460    -12.974946
   0.74752    -13.052120    -13.032128
   0.78311    -13.107129    -13.090491
   0.81870    -13.163819    -13.149342
   0.85429    -13.220778    -13.208017
   0.88988    -13.277098    -13.265858
   0.92548    -13.332041    -13.322225
   0.96107    -13.384959    -13.376500
   0.99666    -13.435259    -13.428099
   1.03225    -13.482403    -13.476475
   1.06784    -13.525901    -13.521128
   1.10343    -13.565315    -13.561606
   1.13903    -13.600259    -13.597505
   1.17462    -13.630394    -13.628475
   1.21021    -13.655438    -13.654219
   1.24580    -13.675158    -13.674495
   1.28139    -13.689372    -13.689113
   1.31698    -13.697952    -13.697938
   1.35258    -13.700821    -13.700888
   1.35258    -13.700821    -13.700888
   1.38817    -13.697869    -13.698018
   1.42377    -13.689039    -13.689434
   1.45937    -13.674413    -13.675212
   1.49496    -13.654126    -13.655483
   1.53056    -13.628368    -13.630427
   1.56616    -13.597381    -13.600277
   1.60175    -13.561463    -13.565317
   1.63735    -13.520964    -13.525884
   1.67295    -13.476288    -13.482366
   1.70854    -13.427888    -13.435202
   1.74414    -13.376264    -13.384879
   1.77973    -13.321965    -13.331938
   1.81533    -13.265573    -13.276971
   1.85093    -13.207708    -13.220627
   1.88652    -13.149012    -13.163643
   1.92212    -13.090141    -13.106923
   1.95772    -13.031761    -13.051875
   1.99331    -12.974567    -13.002146
   2.02891    -12.923697    -12.975480
   2.02891    -12.923697    -12.975480
   2.06450    -12.921729    -12.973222
   2.10009    -12.915867    -12.966495
   2.13569    -12.906238    -12.955433
   2.17128    -12.895049    -12.940262
   2.20687    -12.884991    -12.921299
   2.24246    -12.873209    -12.898951
   2.27805    -12.859985    -12.873713
   2.31364    -12.845651    -12.846170
   2.34924    -12.830577    -12.817044
   2.38483    -12.815158    -12.801877
   2.42042    -12.799813    -12.788842
   2.45601    -12.784969    -12.776251
   2.49160    -12.771051    -12.764458
   2.52719    -12.758464    -12.753803
   2.56279    -12.747587    -12.744605
   2.59838    -12.738752    -12.737138
   2.63397    -12.732234    -12.731633
   2.66956    -12.728238    -12.728259
   2.70515    -12.726891    -12.727123
   2.70515    -12.726891    -12.727123
   2.75549    -12.729640    -12.729871
   2.80583    -12.740408    -12.740632
   2.85617    -12.765818    -12.766019
   2.90650    -12.810341    -12.810510
   2.95684    -12.871527    -12.871670
   3.00718    -12.944466    -12.944591
   3.05752    -13.024867    -13.024979
   3.10786    -13.109219    -13.109322
   3.15819    -13.194569    -13.194664
   3.20853    -13.278388    -13.278477
   3.25887    -13.358512    -13.358595
   3.30921    -13.433100    -13.433180
   3.35954    -13.500606    -13.500683
   3.40988    -13.559749    -13.559822
   3.46022    -13.609485    -13.609556
   3.51056    -13.648990    -13.649060
   3.56089    -13.677642    -13.677710
   3.61123    -13.695005    -13.695072
   3.66157    -13.700821    -13.700888
 
# Band-Index    2
   3.66157    -12.469177    -12.469311
   3.61123    -12.470645    -12.470779
   3.56089    -12.475005    -12.475139
   3.51056    -12.482124    -12.482258
   3.46022    -12.491784    -12.491917
   3.40988    -12.503689    -12.503823
   3.35954    -12.517477    -12.517610
   3.30921    -12.532723    -12.532855
   3.25887    -12.548956    -12.549086
   3.20853    -12.565664    -12.565793
   3.15819    -12.582303    -12.582430
   3.10786    -12.598286    -12.598409
   3.05752    -12.612958    -12.613076
   3.00718    -12.625523    -12.625632
   2.95684    -12.634868    -12.634962
   2.90650    -12.639238    -12.639310
   2.85617    -12.636254    -12.636297
   2.80583    -12.625790    -12.625812
   2.75549    -12.614203    -12.614220
   2.70515    -12.609356    -12.609374
   2.70515    -12.609356    -12.609374
   2.66956    -12.611703    -12.612154
   2.63397    -12.618659    -12.620391
   2.59838    -12.629981    -12.633782
   2.56279    -12.645277    -12.651845
   2.52719    -12.664032    -12.673947
   2.49160    -12.685630    -12.699339
   2.45601    -12.709388    -12.727199
   2.42042    -12.734583    -12.756664
   2.38483    -12.760480    -12.786863
   2.34924    -12.786354    -12.814900
   2.31364    -12.811514    -12.827793
   2.27805    -12.835313    -12.840006
   2.24246    -12.857165    -12.851281
   2.20687    -12.876551    -12.861335
   2.17128    -12.893018    -12.869916
   2.13569    -12.903101    -12.876814
   2.10009    -12.909011    -12.881863
   2.06450    -12.912611    -12.884940
   2.02891    -12.913821    -12.885975
   2.02891    -12.913821    -12.885975
   1.99331    -12.865235    -12.861403
   1.95772    -12.814829    -12.817902
   1.92212    -12.767557    -12.773052
   1.88652    -12.723808    -12.730231
   1.85093    -12.683831    -12.690475
   1.81533    -12.647765    -12.654226
   1.77973    -12.615648    -12.621676
   1.74414    -12.587427    -12.592864
   1.70854    -12.562964    -12.567721
   1.67295    -12.542054    -12.546093
   1.63735    -12.524445    -12.527766
   1.60175    -12.509850    -12.512487
   1.56616    -12.497970    -12.499979
   1.53056    -12.488511    -12.489965
   1.49496    -12.481194    -12.482183
   1.45937    -12.475777    -12.476396
   1.42377    -12.472059    -12.472410
   1.38817    -12.469890    -12.470078
   1.35258    -12.469177    -12.469311
   1.35258    -12.469177    -12.469311
   1.31698    -12.469946    -12.470026
   1.28139    -12.472283    -12.472201
   1.24580    -12.476279    -12.475930
   1.21021    -12.482080    -12.481360
   1.17462    -12.489879    -12.488693
   1.13903    -12.499912    -12.498172
   1.10343    -12.512441    -12.510072
   1.06784    -12.527744    -12.524690
   1.03225    -12.546094    -12.542323
   0.99666    -12.567745    -12.563257
   0.96107    -12.592910    -12.587743
   0.92548    -12.621742    -12.615986
   0.88988    -12.654308    -12.648121
   0.85429    -12.690570    -12.684203
   0.81870    -12.730332    -12.724193
   0.78311    -12.773149    -12.767950
   0.74752    -12.817979    -12.815225
   0.71193    -12.861422    -12.865630
   0.67633    -12.885908    -12.914220
   0.67633    -12.885908    -12.914220
   0.64074    -12.884873    -12.913009
   0.60514    -12.881792    -12.909406
   0.56954    -12.876738    -12.903491
   0.53395    -12.869833    -12.893365
   0.49835    -12.861243    -12.876880
   0.46275    -12.851179    -12.857473
   0.42716    -12.839893    -12.835596
   0.39156    -12.827667    -12.811770
   0.35597    -12.814772    -12.786582
   0.32037    -12.787058    -12.760678
   0.28477    -12.756825    -12.734751
   0.24918    -12.727325    -12.709526
   0.21358    -12.699432    -12.685740
   0.17798    -12.674009    -12.664116
   0.14239    -12.651881    -12.645339
   0.10679    -12.633795    -12.630024
   0.07119    -12.620387    -12.618688
   0.03560    -12.612140    -12.611723
   0.00000    -12.609356    -12.609374
 
# Band-Index    3
   0.00000    -11.500200    -11.500460
   0.03560    -11.500240    -11.500427
   0.07119    -11.500359    -11.500329
   0.10679    -11.500554    -11.500168
   0.14239    -11.500818    -11.499947
   0.17798    -11.501143    -11.499670
   0.21358    -11.501520    -11.499344
   0.24918    -11.501937    -11.498977
   0.28477    -11.502383    -11.498577
   0.32037    -11.502845    -11.498156
   0.35597    -11.503310    -11.497724
   0.39156    -11.503766    -11.497293
   0.42716    -11.504201    -11.496876
   0.46275    -11.504603    -11.496485
   0.49835    -11.504963    -11.496132
   0.53395    -11.505270    -11.495827
   0.56954    -11.505517    -11.495580
   0.60514    -11.505698    -11.495398
   0.64074    -11.505809    -11.495286
   0.67633    -11.505846    -11.495248
   0.67633    -11.505846    -11.495248
   0.71193    -11.505789    -11.495265
   0.74752    -11.505620    -11.495313
   0.78311    -11.505346    -11.495394
   0.81870    -11.504976    -11.495508
   0.85429    -11.504522    -11.495655
   0.88988    -11.504003    -11.495837
   0.92548    -11.503435    -11.496052
   0.96107    -11.502838    -11.496300
   0.99666    -11.502233    -11.496577
   1.03225    -11.501638    -11.496878
   1.06784    -11.501071    -11.497196
   1.10343    -11.500546    -11.497521
   1.13903    -11.500075    -11.497841
   1.17462    -11.499666    -11.498142
   1.21021    -11.499327    -11.498413
   1.24580    -11.499060    -11.498639
   1.28139    -11.498869    -11.498810
   1.31698    -11.498754    -11.498916
   1.35258    -11.498716    -11.498952
   1.35258    -11.498716    -11.498952
   1.38817    -11.498680    -11.498990
   1.42377    -11.498573    -11.499106
   1.45937    -11.498403    -11.499298
   1.49496    -11.498176    -11.499565
   1.53056    -11.497906    -11.499906
   1.56616    -11.497604    -11.500316
   1.60175    -11.497284    -11.500789
   1.63735    -11.496959    -11.501316
   1.67295    -11.496642    -11.501885
   1.70854    -11.496341    -11.502482
   1.74414    -11.496064    -11.503089
   1.77973    -11.495817    -11.503688
   1.81533    -11.495602    -11.504258
   1.85093    -11.495420    -11.504779
   1.88652    -11.495273    -11.505234
   1.92212    -11.495159    -11.505606
   1.95772    -11.495078    -11.505881
   1.99331    -11.495030    -11.506050
   2.02891    -11.495014    -11.506107
   2.02891    -11.495014    -11.506107
   2.06450    -11.495051    -11.506070
   2.10009    -11.495163    -11.505959
   2.13569    -11.495344    -11.505778
   2.17128    -11.495590    -11.505531
   2.20687    -11.495894    -11.505224
   2.24246    -11.496245    -11.504864
   2.27805    -11.496634    -11.504462
   2.31364    -11.497049    -11.504027
   2.34924    -11.497477    -11.503571
   2.38483    -11.497908    -11.503106
   2.42042    -11.498327    -11.502643
   2.45601    -11.498724    -11.502198
   2.49160    -11.499090    -11.501780
   2.52719    -11.499414    -11.501403
   2.56279    -11.499689    -11.501078
   2.59838    -11.499909    -11.500814
   2.63397    -11.500069    -11.500619
   2.66956    -11.500167    -11.500500
   2.70515    -11.500200    -11.500460
   2.70515    -11.500200    -11.500460
   2.75549    -11.500206    -11.500466
   2.80583    -11.500218    -11.500478
   2.85617    -11.500216    -11.500475
   2.90650    -11.500180    -11.500438
   2.95684    -11.500096    -11.500353
   3.00718    -11.499963    -11.500218
   3.05752    -11.499791    -11.500044
   3.10786    -11.499599    -11.499850
   3.15819    -11.499405    -11.499654
   3.20853    -11.499226    -11.499473
   3.25887    -11.499073    -11.499319
   3.30921    -11.498953    -11.499196
   3.35954    -11.498864    -11.499106
   3.40988    -11.498802    -11.499042
   3.46022    -11.498763    -11.499001
   3.51056    -11.498738    -11.498976
   3.56089    -11.498725    -11.498961
   3.61123    -11.498718    -11.498954
   3.66157    -11.498716    -11.498952
 
# Band-Index    4
   3.66157     -4.048772     -4.049554
   3.61123     -4.072725     -4.073432
   3.56089     -4.119103     -4.119644
   3.51056     -4.194860     -4.195150
   3.46022     -4.298745     -4.298882
   3.40988     -4.423186     -4.423237
   3.35954     -4.561306     -4.561303
   3.30921     -4.707195     -4.707156
   3.25887     -4.855787     -4.855721
   3.20853     -5.002792     -5.002705
   3.15819     -5.144607     -5.144504
   3.10786     -5.278233     -5.278117
   3.05752     -5.401188     -5.401062
   3.00718     -5.511435     -5.511301
   2.95684     -5.607317     -5.607179
   2.90650     -5.687522     -5.687383
   2.85617     -5.751058     -5.750922
   2.80583     -5.797303     -5.797182
   2.75549     -5.826158     -5.826076
   2.70515     -5.836709     -5.836657
   2.70515     -5.836709     -5.836657
   2.66956     -5.828828     -5.830593
   2.63397     -5.806431     -5.812864
   2.59838     -5.776982     -5.783991
   2.56279     -5.742471     -5.744282
   2.52719     -5.700526     -5.694132
   2.49160     -5.651634     -5.634094
   2.45601     -5.596916     -5.564858
   2.42042     -5.537755     -5.487255
   2.38483     -5.475712     -5.402264
   2.34924     -5.412480     -5.311034
   2.31364     -5.349835     -5.214930
   2.27805     -5.289577     -5.115609
   2.24246     -5.233458     -5.015143
   2.20687     -5.183110     -4.916204
   2.17128     -5.139967     -4.822332
   2.13569     -5.105219     -4.738266
   2.10009     -5.079777     -4.670130
   2.06450     -5.064269     -4.624993
   2.02891     -5.059060     -4.609087
   2.02891     -5.059060     -4.609087
   1.99331     -5.054139     -4.608013
   1.95772     -5.039405     -4.604396
   1.92212     -5.014958     -4.597213
   1.88652     -4.980992     -4.585178
   1.85093     -4.937836     -4.567128
   1.81533     -4.885989     -4.542270
   1.77973     -4.826164     -4.510302
   1.74414     -4.759319     -4.471444
   1.70854     -4.686676     -4.426400
   1.67295     -4.609728     -4.376325
   1.63735     -4.530230     -4.322765
   1.60175     -4.450168     -4.267601
   1.56616     -4.371701     -4.212978
   1.53056     -4.297053     -4.161229
   1.49496     -4.228364     -4.114787
   1.45937     -4.167461     -4.076135
   1.42377     -4.115633     -4.048982
   1.38817     -4.073687     -4.048329
   1.35258     -4.048772     -4.049554
   1.35258     -4.048772     -4.049554
   1.31698     -4.047560     -4.074403
   1.28139     -4.049009     -4.116324
   1.24580     -4.076575     -4.168116
   1.21021     -4.115271     -4.228962
   1.17462     -4.161687     -4.297575
   1.13903     -4.213375     -4.372129
   1.10343     -4.267917     -4.450491
   1.06784     -4.322989     -4.530438
   1.03225     -4.376451     -4.609818
   0.99666     -4.426425     -4.686647
   0.96107     -4.471370     -4.759174
   0.92548     -4.510134     -4.825909
   0.88988     -4.542012     -4.885632
   0.85429     -4.566789     -4.937388
   0.81870     -4.584768     -4.980467
   0.78311     -4.596743     -5.014370
   0.74752     -4.603881     -5.038770
   0.71193     -4.607470     -5.053476
   0.67633     -4.608535     -5.058388
   0.67633     -4.608535     -5.058388
   0.64074     -4.624450     -5.063597
   0.60514     -4.669614     -5.079108
   0.56954     -4.737787     -5.104555
   0.53395     -4.821898     -5.139312
   0.49835     -4.915816     -5.182467
   0.46275     -5.014804     -5.232834
   0.42716     -5.115317     -5.288975
   0.39156     -5.214684     -5.349260
   0.35597     -5.310831     -5.411934
   0.32037     -5.402102     -5.475199
   0.28477     -5.487131     -5.537275
   0.24918     -5.564768     -5.596469
   0.21358     -5.634035     -5.651218
   0.17798     -5.694100     -5.700138
   0.14239     -5.744272     -5.742112
   0.10679     -5.784001     -5.776668
   0.07119     -5.812891     -5.806282
   0.03560     -5.830636     -5.828761
   0.00000     -5.836709     -5.836657
 
# Band-Index    5
   0.00000     -5.818124     -5.817825
   0.03560     -5.808391     -5.812503
   0.07119     -5.778943     -5.795583
   0.10679     -5.729933     -5.760373
   0.14239     -5.662168     -5.705919
   0.17798     -5.576770     -5.636391
   0.21358     -5.475092     -5.553440
   0.24918     -5.358698     -5.458441
   0.28477     -5.229355     -5.352845
   0.32037     -5.089027     -5.238216
   0.35597     -4.939863     -5.116231
   0.39156     -4.784210     -4.988689
   0.42716     -4.624620     -4.857546
   0.46275     -4.463857     -4.724989
   0.49835     -4.304918     -4.593606
   0.53395     -4.151064     -4.466732
   0.56954     -4.005980     -4.349169
   0.60514     -3.874479     -4.248542
   0.64074     -3.766239     -4.177094
   0.67633     -3.714929     -4.150492
   0.67633     -3.714929     -4.150492
   0.71193     -3.709022     -4.149398
   0.74752     -3.693994     -4.146151
   0.78311     -3.680612     -4.140854
   0.81870     -3.726260     -4.133674
   0.85429     -3.769037     -4.124838
   0.88988     -3.808610     -4.114626
   0.92548     -3.844997     -4.103355
   0.96107     -3.878231     -4.091373
   0.99666     -3.908351     -4.079040
   1.03225     -3.935405     -4.066717
   1.06784     -3.959441     -4.054750
   1.10343     -3.980506     -4.043460
   1.13903     -3.998646     -4.033131
   1.17462     -4.013900     -4.024007
   1.21021     -4.026295     -4.016292
   1.24580     -4.035803     -4.010154
   1.28139     -4.041337     -4.005765
   1.31698     -4.030003     -4.008284
   1.35258     -4.025223     -4.025740
   1.35258     -4.025223     -4.025740
   1.38817     -4.007898     -4.030212
   1.42377     -4.006550     -4.041897
   1.45937     -4.010957     -4.036588
   1.49496     -4.017107     -4.027084
   1.53056     -4.024835     -4.014688
   1.56616     -4.033974     -3.999430
   1.60175     -4.044321     -3.981286
   1.63735     -4.055630     -3.960216
   1.67295     -4.067617     -3.936175
   1.70854     -4.079958     -3.909112
   1.74414     -4.092311     -3.878984
   1.77973     -4.104311     -3.845740
   1.81533     -4.115598     -3.809342
   1.85093     -4.125825     -3.769755
   1.88652     -4.134674     -3.726964
   1.92212     -4.141864     -3.681260
   1.95772     -4.147168     -3.694358
   1.99331     -4.150420     -3.709413
   2.02891     -4.151516     -3.715329
   2.02891     -4.151516     -3.715329
   2.06450     -4.178087     -3.766711
   2.10009     -4.249464     -3.875006
   2.13569     -4.350013     -4.006515
   2.17128     -4.467503     -4.151579
   2.20687     -4.594307     -4.305392
   2.24246     -4.725624     -4.464276
   2.27805     -4.858116     -4.624972
   2.31364     -4.989194     -4.784489
   2.34924     -5.116671     -4.940065
   2.38483     -5.238593     -5.089149
   2.42042     -5.353160     -5.229399
   2.45601     -5.458698     -5.358667
   2.49160     -5.553643     -5.474991
   2.52719     -5.636546     -5.576606
   2.56279     -5.706037     -5.661951
   2.59838     -5.760482     -5.729674
   2.63397     -5.795818     -5.778655
   2.66956     -5.812796     -5.808091
   2.70515     -5.818124     -5.817825
   2.70515     -5.818124     -5.817825
   2.75549     -5.799685     -5.799418
   2.80583     -5.742344     -5.742117
   2.85617     -5.647454     -5.647248
   2.90650     -5.518607     -5.518412
   2.95684     -5.360227     -5.360040
   3.00718     -5.177796     -5.177616
   3.05752     -4.978259     -4.978088
   3.10786     -4.770857     -4.770700
   3.15819     -4.568591     -4.568457
   3.20853     -4.389479     -4.389388
   3.25887     -4.252966     -4.252942
   3.30921     -4.166989     -4.167033
   3.35954     -4.120918     -4.121005
   3.40988     -4.097350     -4.097438
   3.46022     -4.082761     -4.082802
   3.51056     -4.068354     -4.068273
   3.56089     -4.048183     -4.047905
   3.61123     -4.025351     -4.025174
   3.66157     -4.025223     -4.025740
 
# Band-Index    6
   3.66157     -4.002512     -4.001734
   3.61123     -3.988663     -3.988648
   3.56089     -3.949386     -3.949623
   3.51056     -3.901232     -3.901495
   3.46022     -3.846768     -3.847025
   3.40988     -3.787663     -3.787907
   3.35954     -3.726242     -3.726475
   3.30921     -3.666007     -3.666237
   3.25887     -3.612158     -3.612404
   3.20853     -3.570963     -3.571262
   3.15819     -3.543838     -3.544203
   3.10786     -3.521401     -3.521757
   3.05752     -3.496261     -3.496501
   3.00718     -3.469616     -3.469649
   2.95684     -3.443058     -3.442906
   2.90650     -3.416072     -3.415809
   2.85617     -3.389665     -3.389334
   2.80583     -3.366761     -3.366386
   2.75549     -3.350989     -3.350588
   2.70515     -3.345343     -3.344933
   2.70515     -3.345343     -3.344933
   2.66956     -3.349442     -3.346508
   2.63397     -3.361407     -3.351118
   2.59838     -3.380320     -3.358445
   2.56279     -3.404877     -3.368031
   2.52719     -3.433617     -3.379351
   2.49160     -3.465104     -3.391880
   2.45601     -3.498034     -3.405122
   2.42042     -3.531287     -3.418637
   2.38483     -3.563928     -3.432046
   2.34924     -3.595194     -3.445023
   2.31364     -3.624469     -3.457299
   2.27805     -3.651262     -3.468652
   2.24246     -3.675184     -3.478910
   2.20687     -3.695934     -3.487954
   2.17128     -3.713288     -3.495752
   2.13569     -3.727092     -3.502474
   2.10009     -3.737241     -3.509007
   2.06450     -3.743587     -3.519527
   2.02891     -3.745791     -3.533578
   2.02891     -3.745791     -3.533578
   1.99331     -3.741189     -3.579663
   1.95772     -3.727484     -3.631739
   1.92212     -3.705462     -3.677488
   1.88652     -3.705589     -3.669646
   1.85093     -3.730914     -3.675588
   1.81533     -3.756124     -3.694465
   1.77973     -3.780674     -3.722156
   1.74414     -3.804515     -3.754890
   1.70854     -3.827599     -3.789910
   1.67295     -3.849846     -3.825262
   1.63735     -3.871169     -3.859518
   1.60175     -3.891508     -3.891610
   1.56616     -3.910876     -3.920712
   1.53056     -3.929418     -3.946176
   1.49496     -3.947491     -3.967469
   1.45937     -3.965739     -3.984105
   1.42377     -3.985108     -3.995494
   1.38817     -4.002731     -4.000908
   1.35258     -4.002512     -4.001734
   1.35258     -4.002512     -4.001734
   1.31698     -4.001357     -4.002136
   1.28139     -3.995472     -3.985668
   1.24580     -3.983856     -3.966285
   1.21021     -3.967126     -3.948018
   1.17462     -3.945795     -3.929930
   1.13903     -3.920320     -3.911377
   1.10343     -3.891221     -3.892002
   1.06784     -3.859142     -3.871659
   1.03225     -3.824904     -3.850333
   0.99666     -3.789575     -3.828085
   0.96107     -3.754578     -3.805000
   0.92548     -3.721867     -3.781156
   0.88988     -3.694192     -3.756600
   0.85429     -3.675319     -3.731385
   0.81870     -3.669358     -3.706048
   0.78311     -3.677124     -3.705272
   0.74752     -3.631068     -3.727235
   0.71193     -3.579009     -3.740931
   0.67633     -3.532912     -3.745531
   0.67633     -3.532912     -3.745531
   0.64074     -3.519119     -3.743325
   0.60514     -3.508797     -3.736975
   0.56954     -3.502328     -3.726822
   0.53395     -3.495642     -3.713013
   0.49835     -3.487874     -3.695654
   0.46275     -3.478859     -3.674897
   0.42716     -3.468634     -3.650969
   0.39156     -3.457316     -3.624168
   0.35597     -3.445078     -3.594884
   0.32037     -3.432142     -3.563607
   0.28477     -3.418777     -3.530955
   0.24918     -3.405307     -3.497691
   0.21358     -3.392111     -3.464748
   0.17798     -3.379627     -3.433249
   0.14239     -3.368349     -3.404497
   0.10679     -3.358800     -3.379928
   0.07119     -3.351502     -3.361005
   0.03560     -3.346911     -3.349034
   0.00000     -3.345343     -3.344933
 
# Band-Index    7
   0.00000     -3.293032     -3.293415
   0.03560     -3.294501     -3.297294
   0.07119     -3.298857     -3.308553
   0.10679     -3.305951     -3.326211
   0.14239     -3.315545     -3.348956
   0.17798     -3.327325     -3.375384
   0.21358     -3.340918     -3.404120
   0.24918     -3.355913     -3.433876
   0.28477     -3.371873     -3.463488
   0.32037     -3.388362     -3.491939
   0.35597     -3.404953     -3.518376
   0.39156     -3.421254     -3.542130
   0.42716     -3.436923     -3.562733
   0.46275     -3.451688     -3.579926
   0.49835     -3.465386     -3.593669
   0.53395     -3.477983     -3.604119
   0.56954     -3.489563     -3.611599
   0.60514     -3.500037     -3.616516
   0.64074     -3.508303     -3.619269
   0.67633     -3.511662     -3.620152
   0.67633     -3.511662     -3.620152
   0.71193     -3.470700     -3.629504
   0.74752     -3.464300     -3.651270
   0.78311     -3.452741     -3.676435
   0.81870     -3.433687     -3.670491
   0.85429     -3.405702     -3.630743
   0.88988     -3.369746     -3.581910
   0.92548     -3.327236     -3.524814
   0.96107     -3.278949     -3.459826
   0.99666     -3.225252     -3.387312
   1.03225     -3.166394     -3.307677
   1.06784     -3.102637     -3.221398
   1.10343     -3.034297     -3.129034
   1.13903     -2.961745     -3.031233
   1.17462     -2.885399     -2.928753
   1.21021     -2.805713     -2.822505
   1.24580     -2.723163     -2.713714
   1.28139     -2.638270     -2.604554
   1.31698     -2.551900     -2.501884
   1.35258     -2.479534     -2.480168
   1.35258     -2.479534     -2.480168
   1.38817     -2.501807     -2.552295
   1.42377     -2.604531     -2.638613
   1.45937     -2.713723     -2.723474
   1.49496     -2.822545     -2.806000
   1.53056     -2.928822     -2.885666
   1.56616     -3.031331     -2.961996
   1.60175     -3.129160     -3.034533
   1.63735     -3.221550     -3.102860
   1.67295     -3.307852     -3.166605
   1.70854     -3.387507     -3.225453
   1.74414     -3.460041     -3.279141
   1.77973     -3.525044     -3.327421
   1.81533     -3.582154     -3.369928
   1.85093     -3.630999     -3.405884
   1.88652     -3.670750     -3.433870
   1.92212     -3.676055     -3.452924
   1.95772     -3.650830     -3.464484
   1.99331     -3.629036     -3.470885
   2.02891     -3.619665     -3.512244
   2.02891     -3.619665     -3.512244
   2.06450     -3.618780     -3.508848
   2.10009     -3.616018     -3.500496
   2.13569     -3.611089     -3.489937
   2.17128     -3.603595     -3.478297
   2.20687     -3.593132     -3.465664
   2.24246     -3.579379     -3.451949
   2.27805     -3.562180     -3.437178
   2.31364     -3.541576     -3.421513
   2.34924     -3.517826     -3.405221
   2.38483     -3.491398     -3.388642
   2.42042     -3.462962     -3.372169
   2.45601     -3.433369     -3.356224
   2.49160     -3.403634     -3.341246
   2.52719     -3.374921     -3.327667
   2.56279     -3.348516     -3.315901
   2.59838     -3.325794     -3.306319
   2.63397     -3.308154     -3.299233
   2.66956     -3.296906     -3.294882
   2.70515     -3.293032     -3.293415
   2.70515     -3.293032     -3.293415
   2.75549     -3.298388     -3.298774
   2.80583     -3.313825     -3.314215
   2.85617     -3.337649     -3.338038
   2.90650     -3.367368     -3.367739
   2.95684     -3.399563     -3.399874
   3.00718     -3.429359     -3.429534
   3.05752     -3.451178     -3.451189
   3.10786     -3.462566     -3.462497
   3.15819     -3.461432     -3.461373
   3.20853     -3.435712     -3.435709
   3.25887     -3.369699     -3.369705
   3.30921     -3.270960     -3.270938
   3.35954     -3.166101     -3.166090
   3.40988     -3.061660     -3.061691
   3.46022     -2.951049     -2.951127
   3.51056     -2.831526     -2.831655
   3.56089     -2.704302     -2.704494
   3.61123     -2.575237     -2.575534
   3.66157     -2.479534     -2.480168
 
# Band-Index    8
   3.66157     -2.442374     -2.442477
   3.61123     -2.412272     -2.412619
   3.56089     -2.428553     -2.428727
   3.51056     -2.504977     -2.505016
   3.46022     -2.629241     -2.629270
   3.40988     -2.784207     -2.784264
   3.35954     -2.945803     -2.945904
   3.30921     -3.080382     -3.080511
   3.25887     -3.163831     -3.163943
   3.20853     -3.200327     -3.200411
   3.15819     -3.200765     -3.200825
   3.10786     -3.177132     -3.177166
   3.05752     -3.143379     -3.143387
   3.00718     -3.111102     -3.111084
   2.95684     -3.087645     -3.087608
   2.90650     -3.075718     -3.075673
   2.85617     -3.073569     -3.073524
   2.80583     -3.076794     -3.076756
   2.75549     -3.080846     -3.080815
   2.70515     -3.082571     -3.082543
   2.70515     -3.082571     -3.082543
   2.66956     -3.080845     -3.082523
   2.63397     -3.075844     -3.082561
   2.59838     -3.067987     -3.082920
   2.56279     -3.057751     -3.083978
   2.52719     -3.045562     -3.086160
   2.49160     -3.031800     -3.089899
   2.45601     -3.016838     -3.095619
   2.42042     -3.001085     -3.103749
   2.38483     -2.985003     -3.114745
   2.34924     -2.969113     -3.129136
   2.31364     -2.953992     -3.147563
   2.27805     -2.948909     -3.170820
   2.24246     -3.023145     -3.199874
   2.20687     -3.104257     -3.235839
   2.17128     -3.188858     -3.279825
   2.13569     -3.272746     -3.332489
   2.10009     -3.348753     -3.392462
   2.06450     -3.405046     -3.449550
   2.02891     -3.426485     -3.473006
   2.02891     -3.426485     -3.473006
   1.99331     -3.408936     -3.463015
   1.95772     -3.362635     -3.401541
   1.92212     -3.296169     -3.336811
   1.88652     -3.213662     -3.269226
   1.85093     -3.116837     -3.199043
   1.81533     -3.006751     -3.126538
   1.77973     -2.884482     -3.052044
   1.74414     -2.780755     -2.975968
   1.70854     -2.749763     -2.898813
   1.67295     -2.715910     -2.821207
   1.63735     -2.679615     -2.743931
   1.60175     -2.641793     -2.667978
   1.56616     -2.603803     -2.594611
   1.53056     -2.567544     -2.525454
   1.49496     -2.535406     -2.462576
   1.45937     -2.509806     -2.408571
   1.42377     -2.492166     -2.366479
   1.38817     -2.481999     -2.369029
   1.35258     -2.442374     -2.442477
   1.35258     -2.442374     -2.442477
   1.31698     -2.368685     -2.482600
   1.28139     -2.366497     -2.492725
   1.24580     -2.408559     -2.510274
   1.21021     -2.462525     -2.535762
   1.17462     -2.525360     -2.567794
   1.13903     -2.594473     -2.603964
   1.10343     -2.667793     -2.641883
   1.06784     -2.743701     -2.679650
   1.03225     -2.820932     -2.715901
   0.99666     -2.898495     -2.749719
   0.96107     -2.975608     -2.780683
   0.92548     -3.051643     -2.884280
   0.88988     -3.126100     -3.006553
   0.85429     -3.198568     -3.116645
   0.81870     -3.268718     -3.213479
   0.78311     -3.336271     -3.295993
   0.74752     -3.400973     -3.362454
   0.71193     -3.462424     -3.408734
   0.67633     -3.472820     -3.426266
   0.67633     -3.472820     -3.426266
   0.64074     -3.449197     -3.404805
   0.60514     -3.392018     -3.348464
   0.56954     -3.332072     -3.272417
   0.53395     -3.279459     -3.188507
   0.49835     -3.235529     -3.103901
   0.46275     -3.199619     -3.022803
   0.42716     -3.170615     -2.948607
   0.39156     -3.147402     -2.953791
   0.35597     -3.129015     -2.968923
   0.32037     -3.114659     -2.984829
   0.28477     -3.103693     -3.000928
   0.24918     -3.095588     -3.016703
   0.21358     -3.089888     -3.031686
   0.17798     -3.086165     -3.045469
   0.14239     -3.083993     -3.057678
   0.10679     -3.082943     -3.067932
   0.07119     -3.082587     -3.075803
   0.03560     -3.082551     -3.080814
   0.00000     -3.082571     -3.082543
 
# Band-Index    9
   0.00000     -2.618113     -2.618433
   0.03560     -2.618369     -2.619373
   0.07119     -2.619359     -2.622392
   0.10679     -2.621747     -2.628043
   0.14239     -2.626610     -2.637152
   0.17798     -2.635387     -2.650722
   0.21358     -2.649780     -2.669830
   0.24918     -2.671571     -2.695543
   0.28477     -2.702398     -2.728819
   0.32037     -2.743468     -2.770402
   0.35597     -2.795282     -2.820729
   0.39156     -2.857454     -2.879829
   0.42716     -2.928610     -2.938683
   0.46275     -3.006366     -2.927422
   0.49835     -3.087304     -2.917292
   0.53395     -3.166862     -2.909296
   0.56954     -3.239205     -2.903410
   0.60514     -3.297421     -2.899457
   0.64074     -3.334911     -2.897208
   0.67633     -3.347733     -2.896483
   0.67633     -3.347733     -2.896483
   0.71193     -3.343963     -2.894698
   0.74752     -3.330292     -2.889335
   0.78311     -3.300696     -2.880365
   0.81870     -3.248719     -2.867744
   0.85429     -3.171216     -2.851432
   0.88988     -3.069482     -2.831399
   0.92548     -2.947354     -2.807620
   0.96107     -2.809069     -2.750611
   0.99666     -2.658472     -2.608231
   1.03225     -2.499046     -2.458387
   1.06784     -2.334211     -2.337790
   1.10343     -2.181544     -2.344505
   1.13903     -2.202980     -2.349329
   1.17462     -2.221712     -2.351544
   1.21021     -2.237459     -2.350441
   1.24580     -2.250109     -2.345828
   1.28139     -2.278980     -2.338926
   1.31698     -2.339461     -2.332628
   1.35258     -2.330110     -2.330066
   1.35258     -2.330110     -2.330066
   1.38817     -2.332658     -2.339422
   1.42377     -2.338911     -2.279364
   1.45937     -2.345737     -2.250065
   1.49496     -2.350256     -2.237407
   1.53056     -2.351268     -2.221652
   1.56616     -2.348978     -2.202909
   1.60175     -2.344092     -2.181461
   1.63735     -2.337328     -2.334632
   1.67295     -2.458571     -2.499501
   1.70854     -2.608425     -2.658954
   1.74414     -2.750812     -2.809573
   1.77973     -2.807713     -2.947869
   1.81533     -2.831508     -3.069996
   1.85093     -2.851555     -3.171707
   1.88652     -2.867877     -3.249165
   1.92212     -2.880505     -3.301077
   1.95772     -2.889480     -3.330611
   1.99331     -2.894846     -3.344238
   2.02891     -2.896632     -3.347993
   2.02891     -2.896632     -3.347993
   2.06450     -2.897360     -3.335219
   2.10009     -2.899618     -3.297842
   2.13569     -2.903583     -3.239752
   2.17128     -2.909483     -3.167513
   2.20687     -2.917490     -3.088034
   2.24246     -2.927627     -3.007149
   2.27805     -2.938901     -2.929424
   2.31364     -2.880100     -2.858275
   2.34924     -2.820946     -2.796087
   2.38483     -2.770555     -2.744236
   2.42042     -2.728901     -2.703113
   2.45601     -2.695551     -2.672220
   2.49160     -2.669764     -2.650358
   2.52719     -2.650585     -2.635896
   2.56279     -2.636954     -2.627055
   2.59838     -2.627793     -2.622139
   2.63397     -2.622104     -2.619712
   2.66956     -2.619062     -2.618697
   2.70515     -2.618113     -2.618433
   2.70515     -2.618113     -2.618433
   2.75549     -2.619231     -2.619551
   2.80583     -2.621570     -2.621890
   2.85617     -2.622011     -2.622329
   2.90650     -2.615521     -2.615833
   2.95684     -2.596431     -2.596728
   3.00718     -2.560775     -2.561050
   3.05752     -2.507794     -2.508041
   3.10786     -2.439531     -2.439750
   3.15819     -2.361029     -2.361219
   3.20853     -2.294020     -2.294238
   3.25887     -2.289671     -2.290015
   3.30921     -2.309399     -2.309778
   3.35954     -2.329816     -2.330205
   3.40988     -2.346988     -2.347376
   3.46022     -2.359513     -2.359890
   3.51056     -2.366122     -2.366461
   3.56089     -2.361978     -2.362163
   3.61123     -2.341342     -2.341329
   3.66157     -2.330110     -2.330066
 
# Band-Index   10
   3.66157     -2.266143     -2.266100
   3.61123     -2.201143     -2.201160
   3.56089     -2.074127     -2.074224
   3.51056     -1.940091     -1.940236
   3.46022     -1.820073     -1.820255
   3.40988     -1.802968     -1.803154
   3.35954     -1.909574     -1.909751
   3.30921     -2.023174     -2.023375
   3.25887     -2.128951     -2.129203
   3.20853     -2.200828     -2.201219
   3.15819     -2.198608     -2.199040
   3.10786     -2.172131     -2.172548
   3.05752     -2.141873     -2.142273
   3.00718     -2.111833     -2.112218
   2.95684     -2.084029     -2.084401
   2.90650     -2.060114     -2.060479
   2.85617     -2.041713     -2.042085
   2.80583     -2.030524     -2.030924
   2.75549     -2.027169     -2.027597
   2.70515     -2.027484     -2.027918
   2.70515     -2.027484     -2.027918
   2.66956     -2.030379     -2.023963
   2.63397     -2.038994     -2.012162
   2.59838     -2.053041     -1.992728
   2.56279     -2.071882     -1.966192
   2.52719     -2.094497     -1.952623
   2.49160     -2.119578     -1.950984
   2.45601     -2.145694     -1.948990
   2.42042     -2.171450     -1.946624
   2.38483     -2.195590     -1.944023
   2.34924     -2.217060     -1.941356
   2.31364     -2.235052     -1.938767
   2.27805     -2.249054     -1.936354
   2.24246     -2.258901     -1.934161
   2.20687     -2.264822     -1.932216
   2.17128     -2.267441     -1.930538
   2.13569     -2.267715     -1.929161
   2.10009     -2.266772     -1.928130
   2.06450     -2.265686     -1.927489
   2.02891     -2.265230     -1.927272
   2.02891     -2.265230     -1.927272
   1.99331     -2.266103     -1.930351
   1.95772     -2.268693     -1.939405
   1.92212     -2.272905     -1.953904
   1.88652     -2.278588     -1.973056
   1.85093     -2.285540     -1.995911
   1.81533     -2.293509     -2.021457
   1.77973     -2.302208     -2.048701
   1.74414     -2.311312     -2.076718
   1.70854     -2.320467     -2.104675
   1.67295     -2.329284     -2.131847
   1.63735     -2.304100     -2.157610
   1.60175     -2.148781     -2.168233
   1.56616     -1.999409     -2.009912
   1.53056     -1.882289     -2.006564
   1.49496     -1.899732     -2.094892
   1.45937     -1.996228     -2.186289
   1.42377     -2.103791     -2.257739
   1.38817     -2.207099     -2.264143
   1.35258     -2.266143     -2.266100
   1.35258     -2.266143     -2.266100
   1.31698     -2.264186     -2.207091
   1.28139     -2.257761     -2.103803
   1.24580     -2.185844     -1.996240
   1.21021     -2.094409     -1.899729
   1.17462     -2.006074     -1.882219
   1.13903     -2.009595     -1.999283
   1.10343     -2.167852     -2.148629
   1.06784     -2.157707     -2.303930
   1.03225     -2.131959     -2.329787
   0.99666     -2.104803     -2.321006
   0.96107     -2.076862     -2.311881
   0.92548     -2.048864     -2.302804
   0.88988     -2.021636     -2.294130
   0.85429     -1.996106     -2.286180
   0.81870     -1.973265     -2.279246
   0.78311     -1.954125     -2.273576
   0.74752     -1.939636     -2.269374
   0.71193     -1.930588     -2.266791
   0.67633     -1.927510     -2.265919
   0.67633     -1.927510     -2.265919
   0.64074     -1.927728     -2.266380
   0.60514     -1.928370     -2.267481
   0.56954     -1.929403     -2.268445
   0.53395     -1.930783     -2.268195
   0.49835     -1.932464     -2.265598
   0.46275     -1.934415     -2.259694
   0.42716     -1.936614     -2.249855
   0.39156     -1.939035     -2.235851
   0.35597     -1.941633     -2.217848
   0.32037     -1.944311     -2.196358
   0.28477     -1.946921     -2.172188
   0.24918     -1.949295     -2.146395
   0.21358     -1.951293     -2.120235
   0.17798     -1.952929     -2.095105
   0.14239     -1.965876     -2.072440
   0.10679     -1.992353     -2.053551
   0.07119     -2.011754     -2.039465
   0.03560     -2.023535     -2.030822
   0.00000     -2.027484     -2.027918
 
# Band-Index   11
   0.00000     -1.954768     -1.954463
   0.03560     -1.954726     -1.947452
   0.07119     -1.954569     -1.926730
   0.10679     -1.954203     -1.893192
   0.14239     -1.953316     -1.848187
   0.17798     -1.931747     -1.793351
   0.21358     -1.892483     -1.730450
   0.24918     -1.848501     -1.661281
   0.28477     -1.801983     -1.587621
   0.32037     -1.756264     -1.511211
   0.35597     -1.716164     -1.433761
   0.39156     -1.686857     -1.356977
   0.42716     -1.670893     -1.282582
   0.46275     -1.666774     -1.212353
   0.49835     -1.670968     -1.148177
   0.53395     -1.679931     -1.113156
   0.56954     -1.690627     -1.105579
   0.60514     -1.700465     -1.101015
   0.64074     -1.707330     -1.098660
   0.67633     -1.709789     -1.097945
   0.67633     -1.709789     -1.097945
   0.71193     -1.704575     -1.098327
   0.74752     -1.689379     -1.099468
   0.78311     -1.665529     -1.101343
   0.81870     -1.635232     -1.103917
   0.85429     -1.601755     -1.107160
   0.88988     -1.570153     -1.127292
   0.92548     -1.549038     -1.177576
   0.96107     -1.551888     -1.235370
   0.99666     -1.588359     -1.300947
   1.03225     -1.651762     -1.374487
   1.06784     -1.729729     -1.455770
   1.10343     -1.814214     -1.543656
   1.13903     -1.895587     -1.634199
   1.17462     -1.829213     -1.704360
   1.21021     -1.681190     -1.655790
   1.24580     -1.544091     -1.548699
   1.28139     -1.425501     -1.455666
   1.31698     -1.363575     -1.393023
   1.35258     -1.370683     -1.370592
   1.35258     -1.370683     -1.370592
   1.38817     -1.393116     -1.363480
   1.42377     -1.455766     -1.425762
   1.45937     -1.548810     -1.544382
   1.49496     -1.655916     -1.681521
   1.53056     -1.704466     -1.829611
   1.56616     -1.634314     -1.896231
   1.60175     -1.543825     -1.814862
   1.63735     -1.456011     -1.730393
   1.67295     -1.374810     -1.652422
   1.70854     -1.301355     -1.588958
   1.74414     -1.235865     -1.552347
   1.77973     -1.178154     -1.549343
   1.81533     -1.127952     -1.570372
   1.85093     -1.107123     -1.601944
   1.88652     -1.103866     -1.635417
   1.92212     -1.101285     -1.665723
   1.95772     -1.099406     -1.689584
   1.99331     -1.098263     -1.704789
   2.02891     -1.097879     -1.710006
   2.02891     -1.097879     -1.710006
   2.06450     -1.098597     -1.707546
   2.10009     -1.100961     -1.700678
   2.13569     -1.105537     -1.690832
   2.17128     -1.113131     -1.680122
   2.20687     -1.148888     -1.671137
   2.24246     -1.213020     -1.666914
   2.27805     -1.283203     -1.670998
   2.31364     -1.357554     -1.686933
   2.34924     -1.434296     -1.716232
   2.38483     -1.511707     -1.756352
   2.42042     -1.588081     -1.802113
   2.45601     -1.661708     -1.848683
   2.49160     -1.730848     -1.892719
   2.52719     -1.793723     -1.932030
   2.56279     -1.848537     -1.953026
   2.59838     -1.893523     -1.953896
   2.63397     -1.927047     -1.954263
   2.66956     -1.947760     -1.954420
   2.70515     -1.954768     -1.954463
   2.70515     -1.954768     -1.954463
   2.75549     -1.946884     -1.946583
   2.80583     -1.920299     -1.920026
   2.85617     -1.874455     -1.874211
   2.90650     -1.814737     -1.814504
   2.95684     -1.747737     -1.747507
   3.00718     -1.679539     -1.679314
   3.05752     -1.615650     -1.615438
   3.10786     -1.561215     -1.561030
   3.15819     -1.521289     -1.521147
   3.20853     -1.501017     -1.500934
   3.25887     -1.505292     -1.505278
   3.30921     -1.537422     -1.537472
   3.35954     -1.597126     -1.597219
   3.40988     -1.673605     -1.673692
   3.46022     -1.650169     -1.650236
   3.51056     -1.546443     -1.546495
   3.56089     -1.451250     -1.451242
   3.61123     -1.388696     -1.388611
   3.66157     -1.370683     -1.370592
 
# Band-Index   12
   3.66157     -1.287975     -1.288242
   3.61123     -1.318876     -1.319118
   3.56089     -1.357891     -1.358060
   3.51056     -1.378653     -1.378774
   3.46022     -1.381441     -1.381538
   3.40988     -1.366400     -1.366476
   3.35954     -1.337995     -1.338046
   3.30921     -1.303595     -1.303621
   3.25887     -1.273069     -1.273063
   3.20853     -1.259312     -1.259279
   3.15819     -1.267415     -1.267390
   3.10786     -1.289506     -1.289515
   3.05752     -1.317621     -1.317671
   3.00718     -1.347128     -1.347223
   2.95684     -1.375163     -1.375302
   2.90650     -1.399758     -1.399938
   2.85617     -1.419591     -1.419807
   2.80583     -1.433925     -1.434168
   2.75549     -1.442506     -1.442767
   2.70515     -1.445352     -1.445620
   2.70515     -1.445352     -1.445620
   2.66956     -1.442509     -1.445727
   2.63397     -1.433877     -1.446029
   2.59838     -1.419303     -1.446462
   2.56279     -1.398891     -1.446891
   2.52719     -1.373232     -1.447062
   2.49160     -1.343417     -1.446500
   2.45601     -1.310883     -1.444333
   2.42042     -1.277221     -1.438959
   2.38483     -1.243995     -1.427566
   2.34924     -1.212621     -1.405851
   2.31364     -1.184274     -1.369115
   2.27805     -1.159819     -1.315203
   2.24246     -1.139760     -1.245845
   2.20687     -1.124184     -1.164566
   2.17128     -1.092430     -1.074606
   2.13569     -1.046079     -0.978463
   2.10009     -1.011348     -0.878200
   2.06450     -0.989815     -0.776853
   2.02891     -0.982516     -0.759747
   2.02891     -0.982516     -0.759747
   1.99331     -0.986808     -0.765319
   1.95772     -0.999550     -0.804125
   1.92212     -1.020400     -0.886338
   1.88652     -1.048933     -0.971875
   1.85093     -1.084773     -1.055905
   1.81533     -1.110796     -1.134174
   1.77973     -1.115201     -1.199535
   1.74414     -1.120034     -1.240196
   1.70854     -1.125281     -1.248276
   1.67295     -1.130894     -1.232116
   1.63735     -1.136825     -1.205483
   1.60175     -1.143029     -1.177671
   1.56616     -1.149480     -1.179738
   1.53056     -1.156235     -1.225950
   1.49496     -1.164841     -1.270740
   1.45937     -1.207686     -1.310573
   1.42377     -1.250845     -1.342383
   1.38817     -1.278474     -1.332430
   1.35258     -1.287975     -1.288242
   1.35258     -1.287975     -1.288242
   1.31698     -1.332184     -1.278750
   1.28139     -1.342495     -1.251146
   1.24580     -1.310709     -1.208022
   1.21021     -1.270903     -1.164886
   1.17462     -1.226140     -1.156225
   1.13903     -1.179950     -1.149473
   1.10343     -1.177762     -1.143030
   1.06784     -1.205543     -1.136832
   1.03225     -1.232116     -1.130909
   0.99666     -1.248156     -1.125304
   0.96107     -1.239873     -1.120066
   0.92548     -1.198996     -1.115242
   0.88988     -1.133489     -1.110854
   0.85429     -1.055135     -1.084076
   0.81870     -0.971056     -1.048174
   0.78311     -0.885498     -1.019596
   0.74752     -0.803347     -0.998714
   0.71193     -0.765763     -0.985952
   0.67633     -0.760212     -0.981654
   0.67633     -0.760212     -0.981654
   0.64074     -0.776626     -0.988960
   0.60514     -0.878055     -1.010514
   0.56954     -0.978352     -1.045278
   0.53395     -1.074498     -1.091674
   0.49835     -1.164440     -1.124195
   0.46275     -1.245684     -1.139763
   0.42716     -1.314993     -1.159816
   0.39156     -1.368854     -1.184272
   0.35597     -1.405553     -1.212625
   0.32037     -1.427254     -1.244012
   0.28477     -1.438647     -1.277258
   0.24918     -1.444030     -1.310948
   0.21358     -1.446206     -1.343515
   0.17798     -1.446776     -1.373367
   0.14239     -1.446612     -1.399064
   0.10679     -1.446189     -1.419513
   0.07119     -1.445759     -1.434117
   0.03560     -1.445459     -1.442769
   0.00000     -1.445352     -1.445620
 
# Band-Index   13
   0.00000     -0.757859     -0.758390
   0.03560     -0.761859     -0.758741
   0.07119     -0.773518     -0.759591
   0.10679     -0.791820     -0.760343
   0.14239     -0.815124     -0.760058
   0.17798     -0.841246     -0.757526
   0.21358     -0.867598     -0.751386
   0.24918     -0.891399     -0.740268
   0.28477     -0.909978     -0.722967
   0.32037     -0.921119     -0.698629
   0.35597     -0.923407     -0.666922
   0.39156     -0.916471     -0.628181
   0.42716     -0.901057     -0.583493
   0.46275     -0.878911     -0.534732
   0.49835     -0.852545     -0.484506
   0.53395     -0.824937     -0.436034
   0.56954     -0.799213     -0.392915
   0.60514     -0.778306     -0.358779
   0.64074     -0.764131     -0.336812
   0.67633     -0.696159     -0.329225
   0.67633     -0.696159     -0.329225
   0.71193     -0.729615     -0.334459
   0.74752     -0.777268     -0.350075
   0.78311     -0.797589     -0.375807
   0.81870     -0.821290     -0.411216
   0.85429     -0.848512     -0.455693
   0.88988     -0.879196     -0.508465
   0.92548     -0.913336     -0.568601
   0.96107     -0.950864     -0.635022
   0.99666     -0.991602     -0.706496
   1.03225     -1.035211     -0.781643
   1.06784     -1.081124     -0.858912
   1.10343     -1.128126     -0.936555
   1.13903     -1.148937     -1.012573
   1.17462     -1.131278     -1.084583
   1.21021     -1.121210     -1.148346
   1.24580     -1.122157     -1.168332
   1.28139     -1.136276     -1.175738
   1.31698     -1.163303     -1.182134
   1.35258     -1.185059     -1.185020
   1.35258     -1.185059     -1.185020
   1.38817     -1.182171     -1.163285
   1.42377     -1.175770     -1.136245
   1.45937     -1.168354     -1.122102
   1.49496     -1.148019     -1.121133
   1.53056     -1.084137     -1.131188
   1.56616     -1.012061     -1.148836
   1.60175     -0.935978     -1.127888
   1.63735     -0.858269     -1.080857
   1.67295     -0.780935     -1.034921
   1.70854     -0.705725     -0.991290
   1.74414     -0.634190     -0.950532
   1.77973     -0.567713     -0.912983
   1.81533     -0.507525     -0.878823
   1.85093     -0.454708     -0.848119
   1.88652     -0.410193     -0.820879
   1.92212     -0.374754     -0.797164
   1.95772     -0.349000     -0.776895
   1.99331     -0.333371     -0.730438
   2.02891     -0.328132     -0.696998
   2.02891     -0.328132     -0.696998
   2.06450     -0.335717     -0.763694
   2.10009     -0.357680     -0.777830
   2.13569     -0.391812     -0.798729
   2.17128     -0.434927     -0.824447
   2.20687     -0.483399     -0.852057
   2.24246     -0.533631     -0.878436
   2.27805     -0.582408     -0.900613
   2.31364     -0.627122     -0.916077
   2.34924     -0.665903     -0.923086
   2.38483     -0.697660     -0.920891
   2.42042     -0.722058     -0.909860
   2.45601     -0.739425     -0.891400
   2.49160     -0.750611     -0.867719
   2.52719     -0.756817     -0.841481
   2.56279     -0.759408     -0.815460
   2.59838     -0.759743     -0.792239
   2.63397     -0.759028     -0.773999
   2.66956     -0.758202     -0.762378
   2.70515     -0.757859     -0.758390
   2.70515     -0.757859     -0.758390
   2.75549     -0.762298     -0.762824
   2.80583     -0.775539     -0.776051
   2.85617     -0.797339     -0.797828
   2.90650     -0.827253     -0.827711
   2.95684     -0.864557     -0.864979
   3.00718     -0.908138     -0.908521
   3.05752     -0.956287     -0.956629
   3.10786     -1.006254     -1.006555
   3.15819     -1.053194     -1.053448
   3.20853     -1.088439     -1.088631
   3.25887     -1.102975     -1.103083
   3.30921     -1.100689     -1.100726
   3.35954     -1.093295     -1.093292
   3.40988     -1.088561     -1.088537
   3.46022     -1.090832     -1.090802
   3.51056     -1.103028     -1.103002
   3.56089     -1.126966     -1.126949
   3.61123     -1.161085     -1.161069
   3.66157     -1.185059     -1.185020
 
# Band-Index   14
   3.66157     -0.112143     -0.110974
   3.61123     -0.114095     -0.112941
   3.56089     -0.118198     -0.117086
   3.51056     -0.120391     -0.119348
   3.46022     -0.116429     -0.115481
   3.40988     -0.103478     -0.102659
   3.35954     -0.081993     -0.081350
   3.30921     -0.058668     -0.058265
   3.25887     -0.047102     -0.046988
   3.20853     -0.058236     -0.058380
   3.15819     -0.091377     -0.091705
   3.10786     -0.140227     -0.140681
   3.05752     -0.198583     -0.199131
   3.00718     -0.261048     -0.261671
   2.95684     -0.322823     -0.323508
   2.90650     -0.379668     -0.380404
   2.85617     -0.427957     -0.428732
   2.80583     -0.464719     -0.465524
   2.75549     -0.487719     -0.488542
   2.70515     -0.495548     -0.496376
   2.70515     -0.495548     -0.496376
   2.66956     -0.488260     -0.495579
   2.63397     -0.467032     -0.493254
   2.59838     -0.433641     -0.489601
   2.56279     -0.390706     -0.484923
   2.52719     -0.341333     -0.479596
   2.49160     -0.288791     -0.474032
   2.45601     -0.236246     -0.468630
   2.42042     -0.186509     -0.463742
   2.38483     -0.141816     -0.459644
   2.34924     -0.103639     -0.456511
   2.31364     -0.072626     -0.454414
   2.27805     -0.048664     -0.453326
   2.24246     -0.031070     -0.453142
   2.20687     -0.018817     -0.453722
   2.17128     -0.010755     -0.454993
   2.13569     -0.005782     -0.457474
   2.10009     -0.002951     -0.471351
   2.06450     -0.001548     -0.555854
   2.02891     -0.001131     -0.634674
   2.02891     -0.001131     -0.634674
   1.99331      0.002059     -0.626297
   1.95772      0.011304     -0.607066
   1.92212      0.025696     -0.580555
   1.88652      0.043893     -0.548686
   1.85093      0.064306     -0.512864
   1.81533      0.085276     -0.474230
   1.77973      0.105162     -0.433833
   1.74414      0.122293     -0.392669
   1.70854      0.134281     -0.351688
   1.67295      0.133350     -0.311786
   1.63735      0.097003     -0.273788
   1.60175      0.041456     -0.238445
   1.56616     -0.008839     -0.206428
   1.53056     -0.048905     -0.178325
   1.49496     -0.078019     -0.154637
   1.45937     -0.096820     -0.135780
   1.42377     -0.106991     -0.122077
   1.38817     -0.111170     -0.113761
   1.35258     -0.112143     -0.110974
   1.35258     -0.112143     -0.110974
   1.31698     -0.114929     -0.110013
   1.28139     -0.123238     -0.105873
   1.24580     -0.136932     -0.095762
   1.21021     -0.155776     -0.077038
   1.17462     -0.179446     -0.048018
   1.13903     -0.207529     -0.008061
   1.10343     -0.239522      0.042109
   1.06784     -0.274839      0.097473
   1.03225     -0.312808      0.133367
   0.99666     -0.352679      0.134041
   0.96107     -0.393625      0.121996
   0.92548     -0.434755      0.104857
   0.88988     -0.475117      0.084976
   0.85429     -0.513714      0.064017
   0.81870     -0.549500      0.043614
   0.78311     -0.581334      0.025427
   0.74752     -0.607810      0.011042
   0.71193     -0.627007      0.001801
   0.67633     -0.635378     -0.001387
   0.67633     -0.635378     -0.001387
   0.64074     -0.555940     -0.001805
   0.60514     -0.470750     -0.003209
   0.56954     -0.456529     -0.006042
   0.53395     -0.454032     -0.011021
   0.49835     -0.452760     -0.019092
   0.46275     -0.452182     -0.031359
   0.42716     -0.452370     -0.048975
   0.39156     -0.453464     -0.072966
   0.35597     -0.455570     -0.104019
   0.32037     -0.458714     -0.142243
   0.28477     -0.462825     -0.186990
   0.24918     -0.467726     -0.236785
   0.21358     -0.473143     -0.289391
   0.17798     -0.478723     -0.341992
   0.14239     -0.484064     -0.391420
   0.10679     -0.488755     -0.434402
   0.07119     -0.492417     -0.467829
   0.03560     -0.494748     -0.489081
   0.00000     -0.495548     -0.496376
 
# Band-Index   15
   0.00000      0.783218      0.782542
   0.03560      0.777743      0.783067
   0.07119      0.761358      0.784638
   0.10679      0.734185      0.787242
   0.14239      0.696446      0.790859
   0.17798      0.648482      0.795463
   0.21358      0.590767      0.801020
   0.24918      0.523924      0.807493
   0.28477      0.448716      0.814834
   0.32037      0.366038      0.822984
   0.35597      0.276886      0.831862
   0.39156      0.182322      0.841350
   0.42716      0.083426      0.851277
   0.46275     -0.018748      0.861392
   0.49835     -0.123205      0.871334
   0.53395     -0.228958      0.880627
   0.56954     -0.334512      0.888706
   0.60514     -0.428375      0.894987
   0.64074     -0.449530      0.898973
   0.67633     -0.451153      0.900339
   0.67633     -0.451153      0.900339
   0.71193     -0.419674      0.888863
   0.74752     -0.351467      0.855266
   0.78311     -0.272961      0.801876
   0.81870     -0.194007      0.732126
   0.85429     -0.119022      0.650090
   0.88988     -0.050786      0.560104
   0.92548      0.008722      0.466529
   0.96107      0.058253      0.373731
   0.99666      0.097384      0.286686
   1.03225      0.126533      0.215471
   1.06784      0.146813      0.184782
   1.10343      0.159777      0.180697
   1.13903      0.167131      0.179958
   1.17462      0.170513      0.178514
   1.21021      0.171355      0.176126
   1.24580      0.170823      0.173287
   1.28139      0.169809      0.170642
   1.31698      0.168948      0.168776
   1.35258      0.168618      0.168105
   1.35258      0.168618      0.168105
   1.38817      0.169290      0.168434
   1.42377      0.171157      0.169296
   1.45937      0.173803      0.170310
   1.49496      0.176643      0.170842
   1.53056      0.179032      0.169998
   1.56616      0.180475      0.166611
   1.60175      0.181210      0.159247
   1.63735      0.185245      0.146267
   1.67295      0.215619      0.125963
   1.70854      0.286715      0.096782
   1.74414      0.373840      0.057611
   1.77973      0.466759      0.008035
   1.81533      0.560461     -0.051520
   1.85093      0.650567     -0.119804
   1.88652      0.732710     -0.194833
   1.92212      0.802550     -0.273826
   1.95772      0.856009     -0.352364
   1.99331      0.889649     -0.420597
   2.02891      0.901139     -0.452086
   2.02891      0.901139     -0.452086
   2.06450      0.899771     -0.450435
   2.10009      0.895780     -0.428734
   2.13569      0.889490     -0.334605
   2.17128      0.881399     -0.229099
   2.20687      0.872091     -0.123403
   2.24246      0.862135     -0.019001
   2.27805      0.852006      0.083117
   2.31364      0.842065      0.181959
   2.34924      0.832566      0.276472
   2.38483      0.823679      0.365576
   2.42042      0.815523      0.448210
   2.45601      0.808176      0.523377
   2.49160      0.801700      0.590186
   2.52719      0.796141      0.647871
   2.56279      0.791536      0.695811
   2.59838      0.787918      0.733532
   2.63397      0.785314      0.760692
   2.66956      0.783743      0.777070
   2.70515      0.783218      0.782542
   2.70515      0.783218      0.782542
   2.75549      0.777990      0.777318
   2.80583      0.762143      0.761482
   2.85617      0.735276      0.734636
   2.90650      0.696974      0.696367
   2.95684      0.647095      0.646532
   3.00718      0.586098      0.585591
   3.05752      0.515437      0.514995
   3.10786      0.438098      0.437722
   3.15819      0.359315      0.358994
   3.20853      0.287327      0.287020
   3.25887      0.232683      0.232321
   3.30921      0.201666      0.201217
   3.35954      0.188612      0.188111
   3.40988      0.183242      0.182724
   3.46022      0.179602      0.179082
   3.51056      0.175894      0.175377
   3.56089      0.172291      0.171775
   3.61123      0.169612      0.169098
   3.66157      0.168618      0.168105
 
# Band-Index   16
   3.66157      0.888704      0.888800
   3.61123      0.916537      0.916636
   3.56089      0.996287      0.996390
   3.51056      1.118726      1.118824
   3.46022      1.272845      1.272927
   3.40988      1.448146      1.448196
   3.35954      1.634906      1.634914
   3.30921      1.820150      1.820136
   3.25887      1.892437      1.892602
   3.20853      1.809882      1.810015
   3.15819      1.721406      1.721535
   3.10786      1.639502      1.639650
   3.05752      1.566995      1.567177
   3.00718      1.504885      1.505110
   2.95684      1.453368      1.453639
   2.90650      1.412242      1.412555
   2.85617      1.381100      1.381449
   2.80583      1.359429      1.359804
   2.75549      1.346703      1.347094
   2.70515      1.342512      1.342909
   2.70515      1.342512      1.342909
   2.66956      1.344192      1.345095
   2.63397      1.349463      1.351586
   2.59838      1.359021      1.362178
   2.56279      1.373992      1.376514
   2.52719      1.395880      1.394076
   2.49160      1.426453      1.414172
   2.45601      1.467567      1.435956
   2.42042      1.520915      1.458464
   2.38483      1.587715      1.480686
   2.34924      1.668418      1.501661
   2.31364      1.762469      1.520585
   2.27805      1.868133      1.536893
   2.24246      1.982292      1.550306
   2.20687      2.099720      1.560825
   2.17128      2.208440      1.568662
   2.13569      2.248646      1.549419
   2.10009      2.211553      1.478748
   2.06450      2.181389      1.434854
   2.02891      2.170830      1.419967
   2.02891      2.170830      1.419967
   1.99331      2.161799      1.418409
   1.95772      2.136368      1.413724
   1.92212      2.098147      1.405873
   1.88652      2.050515      1.394771
   1.85093      1.995709      1.380271
   1.81533      1.934900      1.362142
   1.77973      1.868498      1.340091
   1.74414      1.796424      1.313782
   1.70854      1.718335      1.282891
   1.67295      1.633829      1.247170
   1.63735      1.542705      1.206554
   1.60175      1.445270      1.161304
   1.56616      1.342727      1.112210
   1.53056      1.237612      1.060830
   1.49496      1.134217      1.009708
   1.45937      1.038923      0.962473
   1.42377      0.960149      0.923632
   1.38817      0.907382      0.897857
   1.35258      0.888704      0.888800
   1.35258      0.888704      0.888800
   1.31698      0.897772      0.907493
   1.28139      0.923581      0.960300
   1.24580      0.962473      1.039133
   1.21021      1.009770      1.134498
   1.17462      1.060961      1.237969
   1.13903      1.112410      1.343163
   1.10343      1.161569      1.445783
   1.06784      1.206881      1.543290
   1.03225      1.247552      1.634479
   0.99666      1.283320      1.719039
   0.96107      1.314251      1.797175
   0.92548      1.340594      1.869284
   0.88988      1.362672      1.935713
   0.85429      1.380822      1.996543
   0.81870      1.395341      2.051363
   0.78311      1.406456      2.099006
   0.74752      1.414318      2.137235
   0.71193      1.419010      2.162671
   0.67633      1.420570      2.171704
   0.67633      1.420570      2.171704
   0.64074      1.435465      2.182260
   0.60514      1.479380      2.212410
   0.56954      1.550081      2.249416
   0.53395      1.568341      2.208870
   0.49835      1.560505      2.100045
   0.46275      1.549987      1.982567
   0.42716      1.536573      1.868377
   0.39156      1.520261      1.762695
   0.35597      1.501331      1.668640
   0.32037      1.480347      1.587944
   0.28477      1.458116      1.521160
   0.24918      1.435598      1.467835
   0.21358      1.413804      1.426747
   0.17798      1.393699      1.396201
   0.14239      1.376130      1.374338
   0.10679      1.361788      1.359388
   0.07119      1.351193      1.349847
   0.03560      1.344699      1.344585
   0.00000      1.342512      1.342909
 
# Band-Index   17
   0.00000      3.162233      3.162629
   0.03560      3.167144      3.160160
   0.07119      3.149773      3.152803
   0.10679      3.096157      3.140706
   0.14239      3.023614      3.124105
   0.17798      2.934376      3.103285
   0.21358      2.830515      3.078506
   0.24918      2.714027      3.049858
   0.28477      2.586938      3.016937
   0.32037      2.451472      2.977982
   0.35597      2.310232      2.923349
   0.39156      2.166324      2.810621
   0.42716      2.023412      2.687529
   0.46275      1.885688      2.567984
   0.49835      1.757737      2.460950
   0.53395      1.644344      2.377357
   0.56954      1.573943      2.372030
   0.60514      1.577491      2.399494
   0.64074      1.579487      2.375754
   0.67633      1.580126      2.368086
   0.67633      1.580126      2.368086
   0.71193      1.581174      2.366802
   0.74752      1.584640      2.363307
   0.78311      1.591469      2.358410
   0.81870      1.603151      2.352905
   0.85429      1.621567      2.347354
   0.88988      1.648723      2.342082
   0.92548      1.686382      2.337249
   0.96107      1.735611      2.332915
   0.99666      1.796382      2.329087
   1.03225      1.867283      2.325742
   1.06784      1.945410      2.322849
   1.10343      2.026397      2.320376
   1.13903      2.104659      2.318292
   1.17462      2.174119      2.316570
   1.21021      2.229776      2.315190
   1.24580      2.269576      2.314132
   1.28139      2.294806      2.313385
   1.31698      2.308346      2.312941
   1.35258      2.312574      2.312793
   1.35258      2.312574      2.312793
   1.38817      2.312722      2.308571
   1.42377      2.313166      2.295044
   1.45937      2.313914      2.269829
   1.49496      2.314971      2.230031
   1.53056      2.316353      2.174358
   1.56616      2.318075      2.104866
   1.60175      2.320161      2.026568
   1.63735      2.322636      1.945551
   1.67295      2.325532      1.867407
   1.70854      2.328881      1.796503
   1.74414      2.332715      1.735744
   1.77973      2.337056      1.686538
   1.81533      2.341898      1.648910
   1.85093      2.347183      1.621787
   1.88652      2.352750      1.603406
   1.92212      2.358274      1.591753
   1.95772      2.363192      1.584948
   1.99331      2.366704      1.581496
   2.02891      2.367995      1.580453
   2.02891      2.367995      1.580453
   2.06450      2.375649      1.579814
   2.10009      2.399350      1.577816
   2.13569      2.371560      1.574265
   2.17128      2.376615      1.643642
   2.20687      2.460175      1.756997
   2.24246      2.567242      1.884915
   2.27805      2.686858      2.022617
   2.31364      2.810081      2.165519
   2.34924      2.923035      2.309434
   2.38483      2.977681      2.450695
   2.42042      3.016624      2.586194
   2.45601      3.049529      2.713325
   2.49160      3.078160      2.829860
   2.52719      3.102923      2.933768
   2.56279      3.123730      3.023051
   2.59838      3.140322      3.095632
   2.63397      3.152412      3.149284
   2.66956      3.159766      3.167506
   2.70515      3.162233      3.162629
   2.70515      3.162233      3.162629
   2.75549      3.163366      3.163676
   2.80583      3.139644      3.139275
   2.85617      3.081039      3.080579
   2.90650      3.002933      3.002441
   2.95684      2.908886      2.908374
   3.00718      2.800467      2.799951
   3.05752      2.677687      2.677190
   3.10786      2.539571      2.539120
   3.15819      2.385479      2.385099
   3.20853      2.217149      2.216852
   3.25887      2.046807      2.046590
   3.30921      2.023261      2.023343
   3.35954      2.104086      2.104262
   3.40988      2.177745      2.177974
   3.46022      2.234298      2.234552
   3.51056      2.272744      2.272997
   3.56089      2.296250      2.296489
   3.61123      2.308692      2.308917
   3.66157      2.312574      2.312793
 
# Band-Index   18
   3.66157      2.678229      2.677899
   3.61123      2.690586      2.690257
   3.56089      2.725998      2.725675
   3.51056      2.778445      2.778146
   3.46022      2.825375      2.825177
   3.40988      2.831849      2.831745
   3.35954      2.836102      2.836075
   3.30921      2.859490      2.859559
   3.25887      2.904209      2.904384
   3.20853      2.968527      2.968798
   3.15819      3.048952      3.049291
   3.10786      3.139481      3.139837
   3.05752      3.228658      3.228974
   3.00718      3.263073      3.263330
   2.95684      3.239451      3.239704
   2.90650      3.214647      3.214933
   2.85617      3.193873      3.194182
   2.80583      3.179434      3.179696
   2.75549      3.184001      3.183614
   2.70515      3.194926      3.194464
   2.70515      3.194926      3.194464
   2.66956      3.193512      3.183595
   2.63397      3.189228      3.184127
   2.59838      3.181933      3.209099
   2.56279      3.171325      3.242759
   2.52719      3.156820      3.283221
   2.49160      3.137287      3.327947
   2.45601      3.110450      3.373459
   2.42042      3.071629      3.415977
   2.38483      3.012284      3.453727
   2.34924      2.928243      3.465617
   2.31364      2.856480      3.437360
   2.27805      2.764787      3.376192
   2.24246      2.668109      3.293021
   2.20687      2.578293      3.201858
   2.17128      2.501639      3.114198
   2.13569      2.441784      3.038313
   2.10009      2.446669      2.980071
   2.06450      2.505609      2.943514
   2.02891      2.527170      2.931058
   2.02891      2.527170      2.931058
   1.99331      2.531144      2.929711
   1.95772      2.542633      2.925695
   1.92212      2.560621      2.919094
   1.88652      2.583980      2.910039
   1.85093      2.611695      2.898697
   1.81533      2.642874      2.885268
   1.77973      2.676688      2.869977
   1.74414      2.712322      2.853091
   1.70854      2.748951      2.834962
   1.67295      2.785729      2.816095
   1.63735      2.821801      2.797242
   1.60175      2.856292      2.779348
   1.56616      2.871589      2.763073
   1.53056      2.827025      2.747789
   1.49496      2.781877      2.731454
   1.45937      2.740572      2.713230
   1.42377      2.707311      2.695574
   1.38817      2.685715      2.682646
   1.35258      2.678229      2.677899
   1.35258      2.678229      2.677899
   1.31698      2.682975      2.685386
   1.28139      2.695902      2.706985
   1.24580      2.713553      2.740254
   1.21021      2.731767      2.781579
   1.17462      2.748087      2.826759
   1.13903      2.763355      2.871376
   1.10343      2.779614      2.856263
   1.06784      2.797496      2.821817
   1.03225      2.816342      2.785793
   0.99666      2.835204      2.749064
   0.96107      2.853331      2.712486
   0.92548      2.870215      2.676902
   0.88988      2.885504      2.643139
   0.85429      2.898932      2.612009
   0.81870      2.910272      2.584342
   0.78311      2.919326      2.561027
   0.74752      2.925927      2.543079
   0.71193      2.929942      2.531618
   0.67633      2.931289      2.527654
   0.67633      2.931289      2.527654
   0.64074      2.943746      2.506080
   0.60514      2.980304      2.447110
   0.56954      3.038545      2.441979
   0.53395      3.114423      2.501888
   0.49835      3.202063      2.578596
   0.46275      3.293184      2.668456
   0.42716      3.376286      2.765156
   0.39156      3.437364      2.856828
   0.35597      3.465523      2.928549
   0.32037      3.453658      3.012308
   0.28477      3.415900      3.071431
   0.24918      3.373281      3.110128
   0.21358      3.327694      3.136900
   0.17798      3.282916      3.156398
   0.14239      3.242416      3.170882
   0.10679      3.208729      3.181479
   0.07119      3.183745      3.188768
   0.03560      3.184034      3.193049
   0.00000      3.194926      3.194464
 
# Band-Index   19
   0.00000      3.442499      3.442018
   0.03560      3.441402      3.440820
   0.07119      3.438398      3.437252
   0.10679      3.434321      3.431383
   0.14239      3.430508      3.423297
   0.17798      3.428718      3.413019
   0.21358      3.431017      3.400229
   0.24918      3.439464      3.382135
   0.28477      3.454688      3.320138
   0.32037      3.472621      3.205875
   0.35597      3.505220      3.096696
   0.39156      3.558055      3.009711
   0.42716      3.624145      2.948112
   0.46275      3.703056      2.899246
   0.49835      3.792679      2.853604
   0.53395      3.879134      2.807273
   0.56954      3.904270      2.760191
   0.60514      3.908707      2.716652
   0.64074      3.910707      2.684799
   0.67633      3.911364      2.672988
   0.67633      3.911364      2.672988
   0.71193      3.892591      2.683521
   0.74752      3.840653      2.713114
   0.78311      3.765057      2.757095
   0.81870      3.675172      2.810141
   0.85429      3.578261      2.866771
   0.88988      3.479565      2.920454
   0.92548      3.382875      2.962588
   0.96107      3.291025      2.985134
   0.99666      3.206237      2.987165
   1.03225      3.130314      2.973310
   1.06784      3.064784      2.947722
   1.10343      3.011107      2.913188
   1.13903      2.971152      2.889082
   1.17462      2.947713      2.917927
   1.21021      2.943327      2.943538
   1.24580      2.956115      2.965214
   1.28139      2.977633      2.982767
   1.31698      2.996600      2.996218
   1.35258      3.004044      3.003927
   1.35258      3.004044      3.003927
   1.38817      2.996373      2.996468
   1.42377      2.982924      2.977464
   1.45937      2.965361      2.955902
   1.49496      2.943666      2.943081
   1.53056      2.918028      2.947464
   1.56616      2.889151      2.970932
   1.60175      2.913337      3.010943
   1.63735      2.947788      3.064696
   1.67295      2.973280      3.130319
   1.70854      2.987025      3.206346
   1.74414      2.984879      3.291246
   1.77973      2.962241      3.383215
   1.81533      2.920066      3.480031
   1.85093      2.866369      3.578859
   1.88652      2.809729      3.675909
   1.92212      2.756675      3.765937
   1.95772      2.712685      3.841670
   1.99331      2.683087      3.893716
   2.02891      2.672552      3.912532
   2.02891      2.672552      3.912532
   2.06450      2.684369      3.911873
   2.10009      2.716236      3.909865
   2.13569      2.759794      3.905369
   2.17128      2.806892      3.879387
   2.20687      2.853229      3.792415
   2.24246      2.898860      3.702779
   2.27805      2.947682      3.623881
   2.31364      3.009187      3.557800
   2.34924      3.096057      3.504956
   2.38483      3.205159      3.472440
   2.42042      3.319516      3.454530
   2.45601      3.382511      3.439221
   2.49160      3.400713      3.430704
   2.52719      3.413513      3.428353
   2.56279      3.423789      3.430102
   2.59838      3.431871      3.433883
   2.63397      3.437736      3.437937
   2.66956      3.441302      3.440926
   2.70515      3.442499      3.442018
   2.70515      3.442499      3.442018
   2.75549      3.440811      3.440333
   2.80583      3.435395      3.434927
   2.85617      3.425038      3.424597
   2.90650      3.406821      3.406443
   2.95684      3.374554      3.374310
   3.00718      3.322485      3.322412
   3.05752      3.303478      3.303485
   3.10786      3.318803      3.318806
   3.15819      3.310487      3.310494
   3.20853      3.262302      3.262314
   3.25887      3.197315      3.197257
   3.30921      3.130777      3.130598
   3.35954      3.058345      3.058039
   3.40988      2.978599      2.978233
   3.46022      2.921588      2.921266
   3.51056      2.929670      2.929450
   3.56089      2.962790      2.962618
   3.61123      2.991104      2.990959
   3.66157      3.004044      3.003927
 
# Band-Index   20
   3.66157      3.010076      3.009837
   3.61123      3.018294      3.018078
   3.56089      3.034726      3.034525
   3.51056      3.058125      3.057958
   3.46022      3.088570      3.088453
   3.40988      3.129945      3.129886
   3.35954      3.191608      3.191580
   3.30921      3.278958      3.278929
   3.25887      3.371364      3.371385
   3.20853      3.435010      3.435147
   3.15819      3.481677      3.481959
   3.10786      3.556150      3.556493
   3.05752      3.602642      3.602988
   3.00718      3.633108      3.633713
   2.95684      3.688653      3.689540
   2.90650      3.763361      3.764437
   2.85617      3.839625      3.840803
   2.80583      3.902755      3.903986
   2.75549      3.943711      3.944970
   2.70515      3.957835      3.959102
   2.70515      3.957835      3.959102
   2.66956      3.945503      3.957932
   2.63397      3.909098      3.954544
   2.59838      3.850326      3.949296
   2.56279      3.771843      3.942734
   2.52719      3.677045      3.935514
   2.49160      3.570026      3.928307
   2.45601      3.457391      3.921709
   2.42042      3.381013      3.916173
   2.38483      3.340100      3.911974
   2.34924      3.270083      3.909225
   2.31364      3.210227      3.907920
   2.27805      3.168258      3.908001
   2.24246      3.137270      3.909454
   2.20687      3.113161      3.912968
   2.17128      3.094246      3.929020
   2.13569      3.079980      3.998768
   2.10009      3.070213      3.980634
   2.06450      3.064706      3.969019
   2.02891      3.062970      3.965073
   2.02891      3.062970      3.965073
   1.99331      3.062537      3.957296
   1.95772      3.061266      3.934324
   1.92212      3.059253      3.897194
   1.88652      3.056642      3.847515
   1.85093      3.053616      3.787316
   1.81533      3.050380      3.718888
   1.77973      3.047143      3.644630
   1.74414      3.044029      3.566936
   1.70854      3.040979      3.488104
   1.67295      3.038007      3.410281
   1.63735      3.035277      3.335427
   1.60175      3.032836      3.265301
   1.56616      3.030608      3.201446
   1.53056      3.028447      3.145195
   1.49496      3.026137      3.097664
   1.45937      3.023377      3.059764
   1.42377      3.019768      3.032192
   1.38817      3.014868      3.015451
   1.35258      3.010076      3.009837
   1.35258      3.010076      3.009837
   1.31698      3.015682      3.014668
   1.28139      3.032401      3.019575
   1.24580      3.059936      3.023181
   1.21021      3.097787      3.025932
   1.17462      3.145254      3.028227
   1.13903      3.201430      3.030369
   1.10343      3.265199      3.032573
   1.06784      3.335230      3.034987
   1.03225      3.409981      3.037689
   0.99666      3.487695      3.040632
   0.96107      3.566415      3.043649
   0.92548      3.643997      3.046728
   0.88988      3.718144      3.049931
   0.85429      3.786469      3.053138
   0.81870      3.846574      3.056139
   0.78311      3.896174      3.058728
   0.74752      3.933245      3.060726
   0.71193      3.956180      3.061987
   0.67633      3.963944      3.062417
   0.67633      3.963944      3.062417
   0.64074      3.967892      3.064156
   0.60514      3.979515      3.069672
   0.56954      3.997748      3.079454
   0.53395      3.928437      3.093739
   0.49835      3.911815      3.112680
   0.46275      3.908244      3.136827
   0.42716      3.906766      3.167876
   0.39156      3.906667      3.209951
   0.35597      3.907957      3.269956
   0.32037      3.910694      3.339872
   0.28477      3.914885      3.380732
   0.24918      3.920418      3.458155
   0.21358      3.927016      3.570975
   0.17798      3.934225      3.678083
   0.14239      3.941451      3.772955
   0.10679      3.948019      3.851501
   0.07119      3.953272      3.910323
   0.03560      3.956663      3.946760
   0.00000      3.957835      3.959102
 
# Band-Index   21
   0.00000      4.521674      4.522317
   0.03560      4.518280      4.496729
   0.07119      4.508131      4.423539
   0.10679      4.491334      4.311701
   0.14239      4.468093      4.172049
   0.17798      4.438755      4.014878
   0.21358      4.403851      3.849387
   0.24918      4.364129      3.684644
   0.28477      4.320556      3.532569
   0.32037      4.272316      3.419038
   0.35597      4.193310      3.373898
   0.39156      4.144924      3.354006
   0.42716      4.131623      3.339149
   0.46275      4.093584      3.326453
   0.49835      4.056219      3.315333
   0.53395      4.024336      3.305594
   0.56954      4.012008      3.293902
   0.60514      4.110216      3.230618
   0.64074      4.191379      3.191928
   0.67633      4.229305      3.179370
   0.67633      4.229305      3.179370
   0.71193      4.230015      3.178217
   0.74752      4.231007      3.175290
   0.78311      4.230392      3.171802
   0.81870      4.226993      3.169173
   0.85429      4.220116      3.169232
   0.88988      4.209073      3.175146
   0.92548      4.192872      3.192325
   0.96107      4.169926      3.225778
   0.99666      4.137662      3.273508
   1.03225      4.092066      3.327454
   1.06784      4.027741      3.379147
   1.10343      3.940549      3.421357
   1.13903      3.833842      3.448851
   1.17462      3.720357      3.459730
   1.21021      3.614740      3.456071
   1.24580      3.527250      3.443261
   1.28139      3.463186      3.428066
   1.31698      3.424521      3.416426
   1.35258      3.411638      3.412125
   1.35258      3.411638      3.412125
   1.38817      3.415944      3.425017
   1.42377      3.427597      3.463707
   1.45937      3.442816      3.527808
   1.49496      3.455663      3.615333
   1.53056      3.459378      3.720964
   1.56616      3.448572      3.834413
   1.60175      3.421168      3.941008
   1.63735      3.379052      4.028033
   1.67295      3.327445      4.092192
   1.70854      3.273576      4.137653
   1.74414      3.225909      4.169815
   1.77973      3.192482      4.192685
   1.81533      3.175278      4.208828
   1.85093      3.169317      4.219830
   1.88652      3.169211      4.226678
   1.92212      3.171798      4.230059
   1.95772      3.175249      4.230665
   1.99331      3.178148      4.229667
   2.02891      3.179290      4.228953
   2.02891      3.179290      4.228953
   2.06450      3.191841      4.190943
   2.10009      3.230510      4.109794
   2.13569      3.294119      4.011777
   2.17128      3.306184      4.025423
   2.20687      3.315917      4.057282
   2.24246      3.327028      4.094616
   2.27805      3.339706      4.131206
   2.31364      3.354534      4.144444
   2.34924      3.374344      4.192799
   2.38483      3.419081      4.272466
   2.42042      3.532171      4.321379
   2.45601      3.684100      4.364916
   2.49160      3.848786      4.404602
   2.52719      4.014255      4.439475
   2.56279      4.171417      4.468786
   2.59838      4.311064      4.492005
   2.63397      4.422899      4.508788
   2.66956      4.496086      4.518927
   2.70515      4.521674      4.522317
   2.70515      4.521674      4.522317
   2.75549      4.492892      4.493538
   2.80583      4.412070      4.412719
   2.85617      4.292622      4.293272
   2.90650      4.149712      4.150356
   2.95684      3.996508      3.997137
   3.00718      3.844229      3.844829
   3.05752      3.705938      3.706483
   3.10786      3.628547      3.628833
   3.15819      3.629781      3.629846
   3.20853      3.642342      3.642212
   3.25887      3.658283      3.658038
   3.30921      3.682845      3.682727
   3.35954      3.694089      3.694270
   3.40988      3.671915      3.672305
   3.46022      3.618189      3.618672
   3.51056      3.546261      3.546768
   3.56089      3.476930      3.477432
   3.61123      3.428672      3.429163
   3.66157      3.411638      3.412125
 
# Band-Index   22
   3.66157      4.069282      4.069330
   3.61123      4.082813      4.082822
   3.56089      4.108678      4.108439
   3.51056      4.066920      4.066456
   3.46022      3.987137      3.986736
   3.40988      3.904763      3.904473
   3.35954      3.834572      3.834478
   3.30921      3.791536      3.791709
   3.25887      3.782666      3.782921
   3.20853      3.824650      3.824763
   3.15819      3.932762      3.932735
   3.10786      4.080623      4.080552
   3.05752      4.242701      4.242627
   3.00718      4.405149      4.405086
   2.95684      4.559247      4.559200
   2.90650      4.698550      4.698514
   2.85617      4.817889      4.817859
   2.80583      4.912357      4.912327
   2.75549      4.975386      4.975351
   2.70515      4.998074      4.998036
   2.70515      4.998074      4.998036
   2.66956      4.987619      4.985426
   2.63397      4.957273      4.948293
   2.59838      4.909132      4.888583
   2.56279      4.844804      4.809180
   2.52719      4.764821      4.713658
   2.49160      4.668989      4.606281
   2.45601      4.557083      4.492314
   2.42042      4.429520      4.378703
   2.38483      4.287853      4.277709
   2.34924      4.135032      4.228405
   2.31364      3.975406      4.181472
   2.27805      3.814575      4.136458
   2.24246      3.659170      4.143913
   2.20687      3.516559      4.170045
   2.17128      3.394224      4.200003
   2.13569      3.301918      4.227398
   2.10009      3.291847      4.247840
   2.06450      3.287298      4.257230
   2.02891      3.285663      4.254198
   2.02891      3.285663      4.254198
   1.99331      3.288795      4.254029
   1.95772      3.297829      4.253492
   1.92212      3.312124      4.252547
   1.88652      3.331427      4.251234
   1.85093      3.356055      4.249668
   1.81533      3.386694      4.247958
   1.77973      3.424051      4.246158
   1.74414      3.468540      4.244298
   1.70854      3.520203      4.242407
   1.67295      3.578985      4.240520
   1.63735      3.645230      4.238678
   1.60175      3.719633      4.236922
   1.56616      3.802109      4.235295
   1.53056      3.890386      4.233822
   1.49496      3.979052      4.205596
   1.45937      4.055566      4.148398
   1.42377      4.082828      4.105499
   1.38817      4.073933      4.078553
   1.35258      4.069282      4.069330
   1.35258      4.069282      4.069330
   1.31698      4.078506      4.073946
   1.28139      4.105460      4.082684
   1.24580      4.148370      4.055132
   1.21021      4.205582      3.978621
   1.17462      4.234414      3.890017
   1.13903      4.235886      3.801805
   1.10343      4.237512      3.719388
   1.06784      4.239266      3.645029
   1.03225      4.241106      3.578804
   0.99666      4.242991      3.520015
   0.96107      4.244879      3.468325
   0.92548      4.246737      3.423792
   0.88988      4.248534      3.386383
   0.85429      4.250241      3.355686
   0.81870      4.251801      3.330998
   0.78311      4.253111      3.311637
   0.74752      4.254053      3.297288
   0.71193      4.254590      3.288213
   0.67633      4.254759      3.285066
   0.67633      4.254759      3.285066
   0.64074      4.257678      3.286701
   0.60514      4.248233      3.291251
   0.56954      4.227771      3.301686
   0.53395      4.200371      3.394418
   0.49835      4.170419      3.516807
   0.46275      4.144309      3.659468
   0.42716      4.135479      3.814913
   0.39156      4.180517      3.975769
   0.35597      4.227495      4.135402
   0.32037      4.277499      4.288214
   0.28477      4.379172      4.429856
   0.24918      4.492728      4.557380
   0.21358      4.606626      4.669236
   0.17798      4.713929      4.765012
   0.14239      4.809378      4.844934
   0.10679      4.888716      4.909202
   0.07119      4.948374      4.957289
   0.03560      4.985475      4.987596
   0.00000      4.998074      4.998036
 
# Band-Index   23
   0.00000      5.643669      5.643465
   0.03560      5.656086      5.655522
   0.07119      5.692498      5.690212
   0.10679      5.750412      5.744011
   0.14239      5.825552      5.812784
   0.17798      5.910908      5.892128
   0.21358      5.993130      5.976483
   0.24918      6.043733      6.057398
   0.28477      6.026167      6.121932
   0.32037      5.950323      6.155582
   0.35597      5.853363      5.967116
   0.39156      5.755620      5.749770
   0.42716      5.665263      5.530134
   0.46275      5.585635      5.314036
   0.49835      5.518074      5.107244
   0.53395      5.463005      4.916334
   0.56954      5.405182      4.749449
   0.60514      5.254626      4.616814
   0.64074      5.146707      4.530154
   0.67633      5.106088      4.499832
   0.67633      5.106088      4.499832
   0.71193      5.118345      4.510216
   0.74752      5.149928      4.540532
   0.78311      5.188006      4.588351
   0.81870      5.218949      4.649858
   0.85429      5.234592      4.720087
   0.88988      5.231715      4.793003
   0.92548      5.207571      4.861106
   0.96107      5.153285      4.913269
   0.99666      5.028957      4.924905
   1.03225      4.835622      4.851750
   1.06784      4.647078      4.710305
   1.10343      4.490187      4.554979
   1.13903      4.369474      4.414232
   1.17462      4.277744      4.299793
   1.21021      4.233269      4.215785
   1.24580      4.232235      4.166190
   1.28139      4.231499      4.174728
   1.31698      4.231053      4.213822
   1.35258      4.230903      4.230307
   1.35258      4.230903      4.230307
   1.38817      4.214384      4.230457
   1.42377      4.175142      4.230904
   1.45937      4.166344      4.231640
   1.49496      4.215996      4.232677
   1.53056      4.300137      4.277762
   1.56616      4.414719      4.369536
   1.60175      4.555603      4.490361
   1.63735      4.711032      4.647399
   1.67295      4.852458      4.836021
   1.70854      4.925305      5.029107
   1.74414      4.913375      5.152934
   1.77973      4.861048      5.207246
   1.81533      4.792823      5.231518
   1.85093      4.719804      5.234486
   1.88652      4.649482      5.218854
   1.92212      4.587894      5.187829
   1.95772      4.540014      5.149612
   1.99331      4.509657      5.117907
   2.02891      4.499259      5.105601
   2.02891      4.499259      5.105601
   2.06450      4.529565      5.146191
   2.10009      4.616180      5.254044
   2.13569      4.748753      5.404524
   2.17128      4.915566      5.462836
   2.20687      5.106400      5.517881
   2.24246      5.313116      5.585416
   2.27805      5.529144      5.665020
   2.31364      5.748716      5.755359
   2.34924      5.966015      5.853104
   2.38483      6.155908      5.950103
   2.42042      6.122253      6.026033
   2.45601      6.057714      6.043656
   2.49160      5.976791      5.993013
   2.52719      5.892426      5.910744
   2.56279      5.813066      5.825362
   2.59838      5.744270      5.750211
   2.63397      5.690446      5.692294
   2.66956      5.655734      5.655882
   2.70515      5.643669      5.643465
   2.70515      5.643669      5.643465
   2.75549      5.667562      5.667350
   2.80583      5.731923      5.731696
   2.85617      5.817874      5.817643
   2.90650      5.892257      5.892046
   2.95684      5.903784      5.903579
   3.00718      5.832884      5.832624
   3.05752      5.716208      5.715864
   3.10786      5.584721      5.584292
   3.15819      5.450158      5.449656
   3.20853      5.312885      5.312341
   3.25887      5.160113      5.159625
   3.30921      4.961276      4.960950
   3.35954      4.729117      4.728864
   3.40988      4.517245      4.517019
   3.46022      4.350559      4.350381
   3.51056      4.234040      4.233923
   3.56089      4.184786      4.184464
   3.61123      4.214534      4.213975
   3.66157      4.230903      4.230307
 
# Band-Index   24
   3.66157      4.683677      4.682972
   3.61123      4.695459      4.694748
   3.56089      4.730799      4.730071
   3.51056      4.789148      4.788389
   3.46022      4.868426      4.867625
   3.40988      4.965655      4.964815
   3.35954      5.081488      5.080642
   3.30921      5.232222      5.231467
   3.25887      5.461430      5.460883
   3.20853      5.768370      5.767910
   3.15819      5.951777      5.951102
   3.10786      6.113093      6.112457
   3.05752      6.282613      6.282029
   3.00718      6.459871      6.459357
   2.95684      6.525416      6.524801
   2.90650      6.542945      6.542559
   2.85617      6.616672      6.616567
   2.80583      6.674569      6.674767
   2.75549      6.678513      6.678887
   2.70515      6.669887      6.670298
   2.70515      6.669887      6.670298
   2.66956      6.676376      6.673861
   2.63397      6.689511      6.682826
   2.59838      6.695820      6.692434
   2.56279      6.685528      6.696396
   2.52719      6.655605      6.689089
   2.49160      6.602046      6.587778
   2.45601      6.509013      6.518204
   2.42042      6.361380      6.525720
   2.38483      6.173929      6.568235
   2.34924      6.154130      6.513550
   2.31364      6.127318      6.357791
   2.27805      6.089457      6.164379
   2.24246      6.049904      5.965954
   2.20687      6.013518      5.769256
   2.17128      5.982579      5.579823
   2.13569      5.958096      5.420304
   2.10009      5.940482      5.390086
   2.06450      5.929886      5.372049
   2.02891      5.926351      5.366051
   2.02891      5.926351      5.366051
   1.99331      5.904615      5.370925
   1.95772      5.845307      5.385921
   1.92212      5.760930      5.411271
   1.88652      5.662769      5.443497
   1.85093      5.558250      5.471837
   1.81533      5.451632      5.483037
   1.77973      5.345298      5.471355
   1.74414      5.241803      5.370329
   1.70854      5.152450      5.203921
   1.67295      5.104563      5.111901
   1.63735      5.057383      5.036969
   1.60175      4.972648      4.965111
   1.56616      4.894076      4.896638
   1.53056      4.828216      4.834274
   1.49496      4.775143      4.780835
   1.45937      4.734589      4.738299
   1.42377      4.706120      4.707627
   1.38817      4.689261      4.689146
   1.35258      4.683677      4.682972
   1.35258      4.683677      4.682972
   1.31698      4.689851      4.688550
   1.28139      4.708333      4.705394
   1.24580      4.739005      4.733837
   1.21021      4.781543      4.774355
   1.17462      4.834985      4.827384
   1.13903      4.897352      4.893201
   1.10343      4.965817      4.971769
   1.06784      5.037628      5.056726
   1.03225      5.112412      5.104153
   0.99666      5.203954      5.151747
   0.96107      5.369663      5.240868
   0.92548      5.471842      5.344302
   0.88988      5.483463      5.450646
   0.85429      5.472211      5.557315
   0.81870      5.443827      5.661918
   0.78311      5.411540      5.760193
   0.74752      5.386118      5.844705
   0.71193      5.371068      5.904135
   0.67633      5.366176      5.925923
   0.67633      5.366176      5.925923
   0.64074      5.372177      5.929460
   0.60514      5.390222      5.940062
   0.56954      5.420454      5.957686
   0.53395      5.580557      5.982183
   0.49835      5.770061      6.013137
   0.46275      5.966826      6.049541
   0.42716      6.165311      6.089109
   0.39156      6.358773      6.126983
   0.35597      6.514269      6.153801
   0.32037      6.568582      6.175042
   0.28477      6.526569      6.362409
   0.24918      6.519133      6.509737
   0.21358      6.588633      6.602402
   0.17798      6.689150      6.655826
   0.14239      6.696302      6.685764
   0.10679      6.692216      6.696122
   0.07119      6.682504      6.689877
   0.03560      6.673473      6.676778
   0.00000      6.669887      6.670298
 
# Band-Index   25
   0.00000      7.057506      7.057875
   0.03560      7.044202      7.060341
   0.07119      7.001085      7.065929
   0.10679      6.923749      7.064238
   0.14239      6.817682      7.032601
   0.17798      6.699363      6.956409
   0.21358      6.670556      6.848030
   0.24918      6.641440      6.739745
   0.28477      6.606520      6.660392
   0.32037      6.591021      6.605300
   0.35597      6.588399      6.562696
   0.39156      6.525175      6.527691
   0.42716      6.495301      6.498504
   0.46275      6.448588      6.474285
   0.49835      6.409092      6.439928
   0.53395      6.376960      6.407964
   0.56954      6.352138      6.382912
   0.60514      6.334517      6.364942
   0.64074      6.323992      6.354135
   0.67633      6.320493      6.350529
   0.67633      6.320493      6.350529
   0.71193      6.302529      6.312827
   0.74752      6.255050      6.254795
   0.78311      6.188729      6.193781
   0.81870      6.102194      6.131074
   0.85429      5.978745      6.066766
   0.88988      5.805848      5.993528
   0.92548      5.591608      5.848341
   0.96107      5.441065      5.621849
   0.99666      5.397947      5.405192
   1.03225      5.348094      5.234019
   1.06784      5.295139      5.141209
   1.10343      5.241374      5.118304
   1.13903      5.188296      5.101716
   1.17462      5.137070      5.080792
   1.21021      5.089020      5.056087
   1.24580      5.046138      5.029760
   1.28139      5.011396      5.005013
   1.31698      4.988413      4.986527
   1.35258      4.980332      4.979534
   1.35258      4.980332      4.979534
   1.38817      4.987329      4.987617
   1.42377      5.005822      5.010605
   1.45937      5.030569      5.045354
   1.49496      5.056881      5.088244
   1.53056      5.081556      5.136307
   1.56616      5.102444      5.187552
   1.60175      5.119025      5.240656
   1.63735      5.142157      5.294455
   1.67295      5.235317      5.347451
   1.70854      5.406571      5.397351
   1.74414      5.623333      5.440519
   1.77973      5.849881      5.592336
   1.81533      5.994801      5.806266
   1.85093      6.067951      5.978585
   1.88652      6.132230      6.101648
   1.92212      6.194921      6.188246
   1.95772      6.255916      6.254756
   1.99331      6.313885      6.302382
   2.02891      6.351388      6.320403
   2.02891      6.351388      6.320403
   2.06450      6.354992      6.323903
   2.10009      6.365793      6.334427
   2.13569      6.383753      6.352048
   2.17128      6.408790      6.376869
   2.20687      6.440737      6.408999
   2.24246      6.475495      6.448493
   2.27805      6.499601      6.495204
   2.31364      6.528663      6.524890
   2.34924      6.563528      6.587867
   2.38483      6.605962      6.590419
   2.42042      6.660799      6.606256
   2.45601      6.739686      6.641236
   2.49160      6.847457      6.670425
   2.52719      6.955577      6.698674
   2.56279      7.031731      6.817149
   2.59838      7.063509      6.923483
   2.63397      7.065392      7.001132
   2.66956      7.059931      7.044488
   2.70515      7.057506      7.057875
   2.70515      7.057506      7.057875
   2.75549      7.048712      7.049045
   2.80583      7.043702      7.044042
   2.85617      7.009655      7.009720
   2.90650      6.834215      6.833911
   2.95684      6.645768      6.645331
   3.00718      6.575390      6.574531
   3.05752      6.592610      6.591371
   3.10786      6.439554      6.438593
   3.15819      6.120230      6.119695
   3.20853      5.805334      5.804624
   3.25887      5.658597      5.657852
   3.30921      5.525020      5.524255
   3.35954      5.401787      5.401006
   3.40988      5.289697      5.288903
   3.46022      5.190186      5.189383
   3.51056      5.105496      5.104690
   3.56089      5.039041      5.038237
   3.61123      4.995611      4.994811
   3.66157      4.980332      4.979534
 
# Band-Index   26
   3.66157      5.443846      5.441314
   3.61123      5.457015      5.454498
   3.56089      5.497132      5.494656
   3.51056      5.565647      5.563229
   3.46022      5.663282      5.660907
   3.40988      5.786984      5.784588
   3.35954      5.927315      5.924801
   3.30921      6.071098      6.068401
   3.25887      6.210798      6.207947
   3.20853      6.349278      6.346359
   3.15819      6.494270      6.491409
   3.10786      6.661622      6.659175
   3.05752      6.850275      6.848444
   3.00718      6.980052      6.978916
   2.95684      7.076159      7.075939
   2.90650      7.128372      7.128588
   2.85617      7.124615      7.124550
   2.80583      7.241788      7.241438
   2.75549      7.423680      7.423388
   2.70515      7.504742      7.504278
   2.70515      7.504742      7.504278
   2.66956      7.484121      7.471385
   2.63397      7.365320      7.353952
   2.59838      7.242284      7.244846
   2.56279      7.122261      7.144667
   2.52719      7.008435      7.048087
   2.49160      6.903844      6.953681
   2.45601      6.812462      6.863403
   2.42042      6.737894      6.780472
   2.38483      6.678167      6.714632
   2.34924      6.624724      6.600693
   2.31364      6.572870      6.548167
   2.27805      6.523728      6.498559
   2.24246      6.479283      6.481025
   2.20687      6.455840      6.469664
   2.17128      6.440178      6.463090
   2.13569      6.428231      6.459922
   2.10009      6.419800      6.458817
   2.06450      6.414775      6.458650
   2.02891      6.413104      6.458680
   2.02891      6.413104      6.458680
   1.99331      6.446425      6.430009
   1.95772      6.486819      6.360086
   1.92212      6.504340      6.274929
   1.88652      6.476078      6.197678
   1.85093      6.363523      6.146821
   1.81533      6.170450      6.119761
   1.77973      6.017005      6.098308
   1.74414      5.955667      6.069626
   1.70854      5.920482      6.033349
   1.67295      5.891157      5.981623
   1.63735      5.836000      5.907440
   1.60175      5.749691      5.816924
   1.56616      5.664786      5.723552
   1.53056      5.593147      5.638195
   1.49496      5.536715      5.566691
   1.45937      5.494795      5.511240
   1.42377      5.466065      5.472137
   1.38817      5.449337      5.448976
   1.35258      5.443846      5.441314
   1.35258      5.443846      5.441314
   1.31698      5.451501      5.446813
   1.28139      5.474642      5.463566
   1.24580      5.513712      5.492333
   1.21021      5.569120      5.534303
   1.17462      5.640585      5.590790
   1.13903      5.725930      5.662492
   1.10343      5.819338      5.747500
   1.06784      5.909910      5.834117
   1.03225      5.984046      5.889790
   0.99666      6.035506      5.919251
   0.96107      6.071329      5.954426
   0.92548      6.099438      6.015635
   0.88988      6.120495      6.168547
   0.85429      6.147455      6.361243
   0.81870      6.198359      6.474028
   0.78311      6.275783      6.502778
   0.74752      6.360997      6.485477
   0.71193      6.430821      6.445066
   0.67633      6.459407      6.411542
   0.67633      6.459407      6.411542
   0.64074      6.459364      6.413223
   0.60514      6.459494      6.418279
   0.56954      6.460542      6.426761
   0.53395      6.463642      6.438779
   0.49835      6.470144      6.454527
   0.46275      6.481435      6.478497
   0.42716      6.498902      6.522973
   0.39156      6.548269      6.572159
   0.35597      6.600841      6.624082
   0.32037      6.714913      6.677629
   0.28477      6.780636      6.737469
   0.24918      6.863539      6.812110
   0.21358      6.953792      6.903523
   0.17798      7.048168      7.008125
   0.14239      7.144725      7.121957
   0.10679      7.244929      7.241987
   0.07119      7.354122      7.365032
   0.03560      7.471634      7.483797
   0.00000      7.504742      7.504278
 
# Band-Index   27
   0.00000      7.557458      7.557177
   0.03560      7.490691      7.490821
   0.07119      7.453882      7.448517
   0.10679      7.404187      7.379791
   0.14239      7.345347      7.292679
   0.17798      7.270771      7.198156
   0.21358      7.172750      7.106376
   0.24918      7.050649      7.027200
   0.28477      6.907002      6.973516
   0.32037      6.746109      6.963660
   0.35597      6.736809      7.010766
   0.39156      6.825611      7.107118
   0.42716      6.899712      7.194195
   0.46275      6.940632      7.140483
   0.49835      6.950294      7.094869
   0.53395      6.942063      7.057479
   0.56954      6.927962      7.028377
   0.60514      6.914827      7.007588
   0.64074      6.905981      6.995115
   0.67633      6.902893      6.990958
   0.67633      6.902892      6.990958
   0.71193      6.917747      6.996781
   0.74752      6.932348      6.961040
   0.78311      6.843713      6.864112
   0.81870      6.659103      6.749518
   0.85429      6.475756      6.633011
   0.88988      6.344202      6.524448
   0.92548      6.287729      6.410567
   0.96107      6.289690      6.286963
   0.99666      6.314597      6.160425
   1.03225      6.341145      6.047914
   1.06784      6.363032      5.986056
   1.10343      6.376499      5.981195
   1.13903      6.369912      5.998476
   1.17462      6.345798      6.021300
   1.21021      6.298363      6.041870
   1.24580      6.211430      6.055696
   1.28139      6.130944      6.061469
   1.31698      6.079168      6.061652
   1.35258      6.061496      6.060899
   1.35258      6.061496      6.060899
   1.38817      6.062288      6.078593
   1.42377      6.062202      6.130430
   1.45937      6.056545      6.210984
   1.49496      6.042827      6.297772
   1.53056      6.022355      6.345099
   1.56616      5.999639      6.369591
   1.60175      5.982535      6.376375
   1.63735      5.987828      6.362505
   1.67295      6.050384      6.340183
   1.70854      6.163263      6.313304
   1.74414      6.290006      6.288120
   1.77973      6.413570      6.285890
   1.81533      6.526873      6.342467
   1.85093      6.634538      6.474661
   1.88652      6.751224      6.658692
   1.92212      6.866604      6.844012
   1.95772      6.963740      6.932539
   1.99331      6.998612      6.916964
   2.02891      6.992590      6.901765
   2.02891      6.992590      6.901765
   2.06450      6.996744      6.904870
   2.10009      7.009206      6.913770
   2.13569      7.029977      6.927004
   2.17128      7.059054      6.941255
   2.20687      7.096410      6.949682
   2.24246      7.141985      6.940191
   2.27805      7.195650      6.899302
   2.31364      7.107120      6.825101
   2.34924      7.010823      6.736206
   2.38483      6.963814      6.745235
   2.42042      6.973785      6.906100
   2.45601      7.027551      7.049775
   2.49160      7.106769      7.171939
   2.52719      7.198568      7.270059
   2.56279      7.293097      7.344755
   2.59838      7.380211      7.403683
   2.63397      7.448945      7.453413
   2.66956      7.491224      7.490229
   2.70515      7.557458      7.557177
   2.70515      7.557458      7.557177
   2.75549      7.478251      7.477832
   2.80583      7.416671      7.416344
   2.85617      7.359135      7.358797
   2.90650      7.339627      7.338852
   2.95684      7.304758      7.303303
   3.00718      7.216089      7.215075
   3.05752      7.110294      7.110337
   3.10786      6.936941      6.937287
   3.15819      6.854814      6.855009
   3.20853      6.771740      6.771729
   3.25887      6.675133      6.674888
   3.30921      6.568481      6.567987
   3.35954      6.467580      6.466792
   3.40988      6.384495      6.383474
   3.46022      6.298013      6.297155
   3.51056      6.208008      6.207274
   3.56089      6.131634      6.130971
   3.61123      6.079902      6.079287
   3.66157      6.061496      6.060899
 
# Band-Index   28
   3.66157      6.308491      6.307053
   3.61123      6.310544      6.309127
   3.56089      6.317620      6.316269
   3.51056      6.332958      6.331738
   3.46022      6.363906      6.362949
   3.40988      6.428977      6.428442
   3.35954      6.533743      6.533365
   3.30921      6.660693      6.660488
   3.25887      6.812347      6.812337
   3.20853      6.975198      6.975322
   3.15819      7.103932      7.104117
   3.10786      7.149686      7.149771
   3.05752      7.166370      7.166379
   3.00718      7.428622      7.428683
   2.95684      7.507493      7.507004
   2.90650      7.552203      7.551393
   2.85617      7.607471      7.607022
   2.80583      7.648558      7.648429
   2.75549      7.658480      7.658316
   2.70515      7.640659      7.640471
   2.70515      7.640659      7.640471
   2.66956      7.628397      7.680115
   2.63397      7.598312      7.640382
   2.59838      7.568382      7.588510
   2.56279      7.559245      7.537191
   2.52719      7.572697      7.501074
   2.49160      7.586975      7.487159
   2.45601      7.567389      7.488634
   2.42042      7.483700      7.493561
   2.38483      7.402069      7.485277
   2.34924      7.326197      7.410322
   2.31364      7.257181      7.331538
   2.27805      7.232982      7.262320
   2.24246      7.320506      7.202953
   2.20687      7.266691      7.153187
   2.17128      7.222315      7.112764
   2.13569      7.188011      7.081490
   2.10009      7.163640      7.059232
   2.06450      7.149073      7.045907
   2.02891      7.144226      7.041470
   2.02891      7.144226      7.041470
   1.99331      7.110473      7.062499
   1.95772      7.098351      7.103449
   1.92212      7.126105      7.041237
   1.88652      6.997082      7.008299
   1.85093      6.833759      6.952264
   1.81533      6.716014      6.873300
   1.77973      6.623964      6.780933
   1.74414      6.544794      6.683637
   1.70854      6.476847      6.591404
   1.67295      6.420668      6.516614
   1.63735      6.376333      6.466333
   1.60175      6.343383      6.439329
   1.56616      6.320939      6.436782
   1.53056      6.307746      6.434669
   1.49496      6.302149      6.378169
   1.45937      6.301994      6.338370
   1.42377      6.304624      6.319982
   1.38817      6.307384      6.310210
   1.35258      6.308491      6.307053
   1.35258      6.308491      6.307053
   1.31698      6.311629      6.305947
   1.28139      6.321334      6.303190
   1.24580      6.339558      6.300564
   1.21021      6.378824      6.300728
   1.17462      6.435160      6.306346
   1.13903      6.437822      6.319581
   1.10343      6.440280      6.342097
   1.06784      6.466508      6.375160
   1.03225      6.516152      6.419658
   0.99666      6.590768      6.476045
   0.96107      6.683216      6.544180
   0.92548      6.780881      6.623322
   0.88988      6.873630      6.714853
   0.85429      6.952975      6.831750
   0.81870      7.009500      6.994748
   0.78311      7.043349      7.124021
   0.74752      7.105280      7.096172
   0.71193      7.063236      7.107187
   0.67633      7.042170      7.140647
   0.67633      7.042170      7.140647
   0.64074      7.046608      7.145497
   0.60514      7.059935      7.160072
   0.56954      7.082198      7.184458
   0.53395      7.113481      7.218786
   0.49835      7.153916      7.263208
   0.46275      7.203702      7.317345
   0.42716      7.263099      7.233019
   0.39156      7.332368      7.255779
   0.35597      7.411268      7.324856
   0.32037      7.486885      7.400796
   0.28477      7.494803      7.482510
   0.24918      7.489484      7.566443
   0.21358      7.487729      7.586050
   0.17798      7.501497      7.571908
   0.14239      7.537583      7.558559
   0.10679      7.588899      7.567847
   0.07119      7.640739      7.597954
   0.03560      7.680417      7.628164
   0.00000      7.640659      7.640471
 
# Band-Index   29
   0.00000      7.695989      7.695718
   0.03560      7.696456      7.754279
   0.07119      7.717788      7.828831
   0.10679      7.695938      7.886768
   0.14239      7.674733      7.827538
   0.17798      7.671258      7.745802
   0.21358      7.682629      7.658935
   0.24918      7.687741      7.588254
   0.28477      7.605399      7.566283
   0.32037      7.515945      7.535539
   0.35597      7.465991      7.500929
   0.39156      7.401819      7.460143
   0.42716      7.360939      7.384108
   0.46275      7.344989      7.371002
   0.49835      7.346144      7.394044
   0.53395      7.352249      7.380973
   0.56954      7.356657      7.372671
   0.60514      7.358450      7.367983
   0.64074      7.358772      7.365749
   0.67633      7.358741      7.365109
   0.67633      7.358741      7.365109
   0.71193      7.273181      7.402498
   0.74752      7.142603      7.468279
   0.78311      7.191730      7.292772
   0.81870      7.262780      7.284141
   0.85429      7.324009      7.349855
   0.88988      7.361840      7.393437
   0.92548      7.364219      7.404872
   0.96107      7.321431      7.404028
   0.99666      7.236535      7.391142
   1.03225      7.127037      7.349541
   1.06784      6.991376      7.273172
   1.10343      6.835759      7.168152
   1.13903      6.677121      7.043535
   1.17462      6.543783      6.910708
   1.21021      6.502776      6.782456
   1.24580      6.507312      6.671158
   1.28139      6.514223      6.586934
   1.31698      6.518717      6.535669
   1.35258      6.520226      6.518688
   1.35258      6.520226      6.518688
   1.38817      6.537193      6.517185
   1.42377      6.588429      6.512699
   1.45937      6.672651      6.505778
   1.49496      6.784006      6.501154
   1.53056      6.912381      6.542474
   1.56616      7.045383      6.676409
   1.60175      7.170194      6.835222
   1.63735      7.275366      6.990879
   1.67295      7.351759      7.126533
   1.70854      7.393190      7.236005
   1.74414      7.405883      7.320757
   1.77973      7.406670      7.363429
   1.81533      7.395229      7.361112
   1.85093      7.351550      7.323395
   1.88652      7.285744      7.262245
   1.92212      7.294537      7.191231
   1.95772      7.471064      7.141441
   1.99331      7.405678      7.271377
   2.02891      7.368380      7.357090
   2.02891      7.368380      7.357090
   2.06450      7.369001      7.357084
   2.10009      7.371183      7.356648
   2.13569      7.375789      7.354653
   2.17128      7.383989      7.349947
   2.20687      7.396941      7.343467
   2.24246      7.371508      7.341959
   2.27805      7.387706      7.357727
   2.31364      7.463660      7.398602
   2.34924      7.503168      7.462830
   2.38483      7.537531      7.515198
   2.42042      7.567994      7.604572
   2.45601      7.589828      7.686549
   2.49160      7.660205      7.682521
   2.52719      7.747011      7.671407
   2.56279      7.828723      7.674907
   2.59838      7.887368      7.696037
   2.63397      7.829286      7.717779
   2.66956      7.754606      7.696326
   2.70515      7.695990      7.695718
   2.70515      7.695990      7.695718
   2.75549      7.734646      7.734261
   2.80583      7.716436      7.715746
   2.85617      7.686758      7.686059
   2.90650      7.650441      7.649903
   2.95684      7.612944      7.612712
   3.00718      7.495062      7.494609
   3.05752      7.467560      7.467053
   3.10786      7.423796      7.423047
   3.15819      7.354057      7.353195
   3.20853      7.287597      7.286740
   3.25887      7.212289      7.211374
   3.30921      7.115550      7.114535
   3.35954      6.999446      6.998337
   3.40988      6.875765      6.874573
   3.46022      6.757963      6.756684
   3.51056      6.657381      6.656009
   3.56089      6.581905      6.580448
   3.61123      6.535705      6.534189
   3.66157      6.520226      6.518688
 
# Band-Index   30
   3.66157      7.925623      7.926272
   3.61123      7.822674      7.822345
   3.56089      7.694115      7.693743
   3.51056      7.583874      7.583472
   3.46022      7.503316      7.502858
   3.40988      7.455790      7.455249
   3.35954      7.441405      7.440749
   3.30921      7.459359      7.458553
   3.25887      7.506433      7.505462
   3.20853      7.567904      7.566857
   3.15819      7.604112      7.603313
   3.10786      7.621737      7.621157
   3.05752      7.686527      7.686024
   3.00718      7.747600      7.747243
   2.95684      7.816521      7.816002
   2.90650      7.853496      7.852711
   2.85617      7.940237      7.939233
   2.80583      8.007435      8.006575
   2.75549      7.997877      7.997048
   2.70515      7.985496      7.984690
   2.70515      7.985496      7.984690
   2.66956      7.977820      7.997590
   2.63397      7.950377      8.020626
   2.59838      7.899104      8.022506
   2.56279      7.939434      7.983394
   2.52719      7.983646      7.908814
   2.49160      7.964828      7.813310
   2.45601      7.866074      7.708843
   2.42042      7.754457      7.632137
   2.38483      7.647975      7.544370
   2.34924      7.550622      7.494781
   2.31364      7.469675      7.483842
   2.27805      7.439901      7.473268
   2.24246      7.415490      7.466512
   2.20687      7.500158      7.466362
   2.17128      7.606003      7.474179
   2.13569      7.678487      7.489464
   2.10009      7.720126      7.509211
   2.06450      7.740137      7.527128
   2.02891      7.745949      7.534643
   2.02891      7.745949      7.534643
   1.99331      7.659767      7.599582
   1.95772      7.481843      7.694756
   1.92212      7.519212      7.787688
   1.88652      7.532796      7.881108
   1.85093      7.522874      7.887358
   1.81533      7.518837      7.741620
   1.77973      7.529001      7.582585
   1.74414      7.532491      7.450088
   1.70854      7.528675      7.353219
   1.67295      7.534142      7.283774
   1.63735      7.554643      7.252027
   1.60175      7.585576      7.261299
   1.56616      7.624223      7.305271
   1.53056      7.670589      7.377408
   1.49496      7.725718      7.472054
   1.45937      7.789971      7.583608
   1.42377      7.860809      7.705519
   1.38817      7.927288      7.828745
   1.35258      7.925623      7.926272
   1.35258      7.925623      7.926272
   1.31698      7.828936      7.926100
   1.28139      7.705697      7.859411
   1.24580      7.583790      7.788756
   1.21021      7.472279      7.724614
   1.17462      7.377703      7.669551
   1.13903      7.305659      7.623212
   1.10343      7.261796      7.584553
   1.06784      7.252642      7.553558
   1.03225      7.284498      7.532916
   0.99666      7.353962      7.527204
   0.96107      7.450570      7.530864
   0.92548      7.582658      7.527447
   0.88988      7.741395      7.517428
   0.85429      7.887304      7.521411
   0.81870      7.882823      7.531036
   0.78311      7.789933      7.516924
   0.74752      7.697097      7.479920
   0.71193      7.601930      7.658048
   0.67633      7.537078      7.744482
   0.67633      7.537078      7.744482
   0.64074      7.529532      7.738720
   0.60514      7.511557      7.718867
   0.56954      7.491765      7.677497
   0.53395      7.476452      7.605344
   0.49835      7.468610      7.499769
   0.46275      7.468716      7.412725
   0.42716      7.475387      7.437285
   0.39156      7.485800      7.467227
   0.35597      7.496442      7.547142
   0.32037      7.547453      7.644529
   0.28477      7.634893      7.751042
   0.24918      7.709805      7.862734
   0.21358      7.814371      7.961996
   0.17798      7.909933      7.982379
   0.14239      7.984484      7.938681
   0.10679      8.023469      7.897972
   0.07119      8.021463      7.949363
   0.03560      7.998391      7.976950
   0.00000      7.985496      7.984690
 
# Band-Index   31
   0.00000      8.232067      8.230890
   0.03560      8.182632      8.238445
   0.07119      8.212782      8.236695
   0.10679      8.319502      8.231202
   0.14239      8.231782      8.241860
   0.17798      8.082097      8.195483
   0.21358      7.946832      8.156221
   0.24918      7.845130      8.210830
   0.28477      7.826485      8.278174
   0.32037      7.865890      8.251461
   0.35597      7.922829      8.213313
   0.39156      7.987340      8.165379
   0.42716      8.054625      8.111882
   0.46275      8.055949      8.058176
   0.49835      8.024158      8.008596
   0.53395      7.985904      7.965919
   0.56954      7.943902      7.931732
   0.60514      7.903245      7.906894
   0.64074      7.871970      7.891853
   0.67633      7.859852      7.886818
   0.67633      7.859852      7.886818
   0.71193      7.862414      7.920448
   0.74752      7.869937      7.965126
   0.78311      7.881973      8.016186
   0.81870      7.897973      8.091990
   0.85429      7.916710      8.198556
   0.88988      7.937536      8.242239
   0.92548      7.959596      8.214628
   0.96107      7.981934      8.184434
   0.99666      8.003746      8.152376
   1.03225      8.024332      8.119285
   1.06784      8.043129      8.086085
   1.10343      8.059732      8.053763
   1.13903      8.073906      8.023313
   1.17462      8.085577      7.995700
   1.21021      8.094791      7.971803
   1.24580      8.101657      7.952383
   1.28139      8.083605      7.938058
   1.31698      8.031613      7.929602
   1.35258      7.961617      7.959617
   1.35258      7.961617      7.959617
   1.38817      7.929480      8.030297
   1.42377      7.937416      8.081980
   1.45937      7.951748      8.100670
   1.49496      7.971181      8.093829
   1.53056      7.995091      8.084638
   1.56616      8.022718      8.072990
   1.60175      8.053181      8.058837
   1.63735      8.085517      8.042252
   1.67295      8.118728      8.023467
   1.70854      8.151831      8.002891
   1.74414      8.183895      7.981080
   1.77973      8.214096      7.958737
   1.81533      8.241711      7.936667
   1.85093      8.201893      7.915829
   1.88652      8.095209      7.897062
   1.92212      8.018989      7.881056
   1.95772      7.967504      7.869005
   1.99331      7.922678      7.861472
   2.02891      7.889203      7.858907
   2.02891      7.889203      7.858907
   2.06450      7.894227      7.870983
   2.10009      7.909235      7.902169
   2.13569      7.934017      7.942740
   2.17128      7.968126      7.984677
   2.20687      8.010698      8.022887
   2.24246      8.060150      8.054652
   2.27805      8.113717      8.054284
   2.31364      8.167098      7.987196
   2.34924      8.215009      7.922826
   2.38483      8.253276      7.865956
   2.42042      8.280221      7.826310
   2.45601      8.211053      7.843417
   2.49160      8.157079      7.944000
   2.52719      8.198039      8.078914
   2.56279      8.242459      8.228408
   2.59838      8.231484      8.318272
   2.63397      8.236907      8.211890
   2.66956      8.239626      8.181772
   2.70515      8.232068      8.230890
   2.70515      8.232068      8.230890
   2.75549      8.179817      8.179018
   2.80583      8.172611      8.171755
   2.85617      8.161583      8.160202
   2.90650      8.092468      8.090669
   2.95684      7.992728      7.991087
   3.00718      7.891937      7.891181
   3.05752      7.819162      7.818248
   3.10786      7.772282      7.771297
   3.15819      7.730146      7.729154
   3.20853      7.748274      7.747511
   3.25887      7.802528      7.801877
   3.30921      7.849819      7.849236
   3.35954      7.890238      7.889688
   3.40988      7.927783      7.927252
   3.46022      7.962074      7.961554
   3.51056      7.990615      7.990087
   3.56089      8.009073      8.008486
   3.61123      8.005795      8.004978
   3.66157      7.961617      7.959617
 
# Band-Index   32
   3.66157      8.110155      8.109146
   3.61123      8.125790      8.124386
   3.56089      8.149881      8.148053
   3.51056      8.164212      8.162238
   3.46022      8.165088      8.163130
   3.40988      8.144888      8.143077
   3.35954      8.096540      8.094987
   3.30921      8.025709      8.024444
   3.25887      7.955149      7.954139
   3.20853      7.910885      7.910059
   3.15819      7.900535      7.899749
   3.10786      7.925656      7.924719
   3.05752      7.990571      7.989479
   3.00718      7.967754      7.967196
   2.95684      8.037462      8.037439
   2.90650      8.194625      8.193352
   2.85617      8.259163      8.257114
   2.80583      8.392522      8.390353
   2.75549      8.359705      8.358997
   2.70515      8.268296      8.268024
   2.70515      8.268296      8.268024
   2.66956      8.255916      8.372473
   2.63397      8.282808      8.436070
   2.59838      8.366575      8.391668
   2.56279      8.313140      8.418991
   2.52719      8.265744      8.378695
   2.49160      8.288911      8.302090
   2.45601      8.294030      8.230496
   2.42042      8.292911      8.176147
   2.38483      8.383217      8.139716
   2.34924      8.466534      8.116284
   2.31364      8.406676      8.098408
   2.27805      8.356803      8.079298
   2.24246      8.330282      8.117500
   2.20687      8.330812      8.172176
   2.17128      8.352378      8.220386
   2.13569      8.347163      8.262696
   2.10009      8.335577      8.296862
   2.06450      8.328425      8.320692
   2.02891      8.326000      8.332465
   2.02891      8.326000      8.332465
   1.99331      8.323472      8.325140
   1.95772      8.315964      8.306890
   1.92212      8.303696      8.280850
   1.88652      8.286981      8.176303
   1.85093      8.266195      8.125602
   1.81533      8.313998      8.250475
   1.77973      8.379027      8.398353
   1.74414      8.464495      8.495227
   1.70854      8.544491      8.434511
   1.67295      8.542107      8.324349
   1.63735      8.452481      8.243983
   1.60175      8.353462      8.192361
   1.56616      8.275510      8.161072
   1.53056      8.221889      8.141659
   1.49496      8.187326      8.126940
   1.45937      8.164383      8.110071
   1.42377      8.145429      8.105485
   1.38817      8.124365      8.108237
   1.35258      8.110155      8.109146
   1.35258      8.110155      8.109146
   1.31698      8.109243      8.123010
   1.28139      8.106483      8.143684
   1.24580      8.111926      8.162434
   1.21021      8.128917      8.185291
   1.17462      8.143677      8.219844
   1.13903      8.163068      8.273504
   1.10343      8.194269      8.351508
   1.06784      8.245730      8.450516
   1.03225      8.325881      8.539944
   0.99666      8.435950      8.542068
   0.96107      8.497018      8.461928
   0.92548      8.399731      8.376269
   0.88988      8.252493      8.311226
   0.85429      8.127559      8.266721
   0.81870      8.176688      8.287506
   0.78311      8.283347      8.304218
   0.74752      8.309841      8.316487
   0.71193      8.328133      8.323994
   0.67633      8.335470      8.326522
   0.67633      8.335470      8.326522
   0.64074      8.322661      8.328899
   0.60514      8.298459      8.335910
   0.56954      8.264043      8.347275
   0.53395      8.221504      8.349660
   0.49835      8.173049      8.328542
   0.46275      8.118101      8.328103
   0.42716      8.080611      8.354642
   0.39156      8.099750      8.404532
   0.35597      8.117690      8.465213
   0.32037      8.141241      8.383270
   0.28477      8.177828      8.292871
   0.24918      8.232314      8.291819
   0.21358      8.303928      8.286974
   0.17798      8.380242      8.264529
   0.14239      8.419921      8.309945
   0.10679      8.394638      8.364860
   0.07119      8.437223      8.281633
   0.03560      8.373114      8.255662
   0.00000      8.268294      8.268024
 
# Band-Index   33
   0.00000      8.538443      8.537028
   0.03560      8.481051      8.566750
   0.07119      8.498743      8.571878
   0.10679      8.419805      8.470866
   0.14239      8.461111      8.521186
   0.17798      8.572001      8.561917
   0.21358      8.573097      8.564091
   0.24918      8.491139      8.613337
   0.28477      8.399249      8.635201
   0.32037      8.319714      8.562667
   0.35597      8.260672      8.485535
   0.39156      8.227803      8.477610
   0.42716      8.226974      8.437506
   0.46275      8.262666      8.406671
   0.49835      8.322293      8.382309
   0.53395      8.360587      8.362740
   0.56954      8.363748      8.364323
   0.60514      8.355908      8.363736
   0.64074      8.347209      8.359618
   0.67633      8.339627      8.357800
   0.67633      8.339627      8.357800
   0.71193      8.345382      8.350178
   0.74752      8.362593      8.330273
   0.78311      8.362577      8.307314
   0.81870      8.299234      8.292240
   0.85429      8.307088      8.294589
   0.88988      8.347067      8.341774
   0.92548      8.439950      8.484565
   0.96107      8.573224      8.639116
   0.99666      8.670186      8.783540
   1.03225      8.825866      8.898026
   1.06784      8.993822      8.995870
   1.10343      9.049921      9.034600
   1.13903      8.999007      8.998248
   1.17462      8.908148      8.910232
   1.21021      8.795835      8.796463
   1.24580      8.675771      8.675958
   1.28139      8.563738      8.564590
   1.31698      8.481429      8.481527
   1.35258      8.451037      8.449840
   1.35258      8.451037      8.449840
   1.38817      8.482663      8.480355
   1.42377      8.565644      8.562865
   1.45937      8.676987      8.674977
   1.49496      8.797529      8.794986
   1.53056      8.911410      8.907159
   1.56616      8.999641      8.997848
   1.60175      9.036265      9.048692
   1.63735      8.997676      8.993578
   1.67295      8.899905      8.825723
   1.70854      8.786050      8.669970
   1.74414      8.642161      8.572366
   1.77973      8.487977      8.437575
   1.81533      8.345641      8.344774
   1.85093      8.298157      8.304615
   1.88652      8.295881      8.296788
   1.92212      8.311014      8.362771
   1.95772      8.334015      8.361392
   1.99331      8.353966      8.344176
   2.02891      8.361616      8.338421
   2.02891      8.361616      8.338421
   2.06450      8.363414      8.345000
   2.10009      8.367444      8.353435
   2.13569      8.367729      8.361250
   2.17128      8.362910      8.358407
   2.20687      8.382805      8.320969
   2.24246      8.407523      8.261960
   2.27805      8.438718      8.226530
   2.31364      8.479144      8.227480
   2.34924      8.486142      8.260383
   2.38483      8.564618      8.319382
   2.42042      8.636598      8.398790
   2.45601      8.614333      8.490432
   2.49160      8.565480      8.571962
   2.52719      8.564156      8.570741
   2.56279      8.521908      8.460200
   2.59838      8.473201      8.418843
   2.63397      8.574427      8.497404
   2.66956      8.568278      8.479831
   2.70515      8.538445      8.537033
   2.70515      8.538445      8.537033
   2.75549      8.511502      8.510289
   2.80583      8.463046      8.461316
   2.85617      8.437735      8.436922
   2.90650      8.330436      8.330171
   2.95684      8.152130      8.151179
   3.00718      8.074631      8.073543
   3.05752      8.071984      8.071758
   3.10786      8.210233      8.210015
   3.15819      8.371407      8.371145
   3.20853      8.561052      8.560710
   3.25887      8.754177      8.753573
   3.30921      8.871352      8.870383
   3.35954      8.947523      8.946739
   3.40988      9.040288      9.039821
   3.46022      8.997428      8.996589
   3.51056      8.839725      8.838861
   3.56089      8.661714      8.660837
   3.61123      8.512004      8.510968
   3.66157      8.451037      8.449840
 
# Band-Index   34
   3.66157      9.458667      9.457454
   3.61123      9.461556      9.460369
   3.56089      9.464430      9.463333
   3.51056      9.426072      9.425211
   3.46022      9.275378      9.274554
   3.40988      9.190293      9.188802
   3.35954      9.219804      9.218310
   3.30921      9.119093      9.118040
   3.25887      8.998312      8.996825
   3.20853      8.971879      8.969915
   3.15819      8.954687      8.952881
   3.10786      8.853134      8.852261
   3.05752      8.750746      8.750031
   3.00718      8.671848      8.671173
   2.95684      8.625135      8.624472
   2.90650      8.657897      8.657303
   2.85617      8.778441      8.777420
   2.80583      8.599677      8.598757
   2.75549      8.628199      8.626201
   2.70515      8.545674      8.544737
   2.70515      8.545674      8.544737
   2.66956      8.575049      8.614345
   2.63397      8.645940      8.591338
   2.59838      8.693339      8.678440
   2.56279      8.612303      8.611447
   2.52719      8.655089      8.602999
   2.49160      8.757473      8.659347
   2.45601      8.751710      8.730614
   2.42042      8.662783      8.783176
   2.38483      8.591474      8.723982
   2.34924      8.531158      8.664174
   2.31364      8.552325      8.609457
   2.27805      8.563628      8.563160
   2.24246      8.535818      8.529976
   2.20687      8.513220      8.523418
   2.17128      8.518087      8.571724
   2.13569      8.580811      8.658507
   2.10009      8.696226      8.720919
   2.06450      8.817994      8.707657
   2.02891      8.876974      8.703094
   2.02891      8.876974      8.703094
   1.99331      8.883229      8.647930
   1.95772      8.894690      8.517593
   1.92212      8.909736      8.390096
   1.88652      8.941631      8.430136
   1.85093      9.000080      8.481553
   1.81533      9.084121      8.544258
   1.77973      9.186858      8.618186
   1.74414      9.151724      8.699855
   1.70854      9.026811      8.799535
   1.67295      9.026719      8.906773
   1.63735      9.127102      9.024925
   1.60175      9.274855      9.153770
   1.56616      9.426048      9.292912
   1.53056      9.457300      9.441608
   1.49496      9.456712      9.514356
   1.45937      9.457046      9.489247
   1.42377      9.457839      9.471512
   1.38817      9.458448      9.460957
   1.35258      9.458667      9.457454
   1.35258      9.458667      9.457454
   1.31698      9.462152      9.457242
   1.28139      9.472652      9.456658
   1.24580      9.490291      9.455918
   1.21021      9.515249      9.455675
   1.17462      9.442474      9.456406
   1.13903      9.293826      9.424882
   1.10343      9.154728      9.273350
   1.06784      9.025923      9.125443
   1.03225      8.907809      9.024930
   0.99666      8.800603      9.025350
   0.96107      8.700726      9.150254
   0.92548      8.619309      9.184112
   0.88988      8.545404      9.081694
   0.85429      8.482718      8.997932
   0.81870      8.431317      8.939735
   0.78311      8.391286      8.908095
   0.74752      8.516674      8.893342
   0.71193      8.646759      8.882160
   0.67633      8.701746      8.876025
   0.67633      8.701746      8.876025
   0.64074      8.706301      8.817295
   0.60514      8.719540      8.695551
   0.56954      8.659613      8.579641
   0.53395      8.573016      8.515911
   0.49835      8.525346      8.510336
   0.46275      8.532344      8.532801
   0.42716      8.565670      8.561095
   0.39156      8.611987      8.551770
   0.35597      8.666654      8.529419
   0.32037      8.726326      8.589740
   0.28477      8.785221      8.660802
   0.24918      8.731104      8.749671
   0.21358      8.660257      8.755983
   0.17798      8.604553      8.654166
   0.14239      8.613950      8.609419
   0.10679      8.679220      8.690131
   0.07119      8.594111      8.645131
   0.03560      8.615448      8.574162
   0.00000      8.545667      8.544736
 
# Band-Index   35
   0.00000      8.898459      8.894914
   0.03560      8.748116      8.813124
   0.07119      8.695946      8.768048
   0.10679      8.696940      8.734631
   0.14239      8.785949      8.824222
   0.17798      8.811523      8.893701
   0.21358      8.827989      8.913584
   0.24918      8.828529      8.894369
   0.28477      8.795286      8.847149
   0.32037      8.840626      8.778355
   0.35597      8.861877      8.718097
   0.39156      8.861710      8.682583
   0.42716      8.846707      8.720920
   0.46275      8.822913      8.804633
   0.49835      8.794862      8.892525
   0.53395      8.766224      8.974948
   0.56954      8.740204      9.046294
   0.60514      8.727560      9.096732
   0.64074      8.758795      9.109586
   0.67633      8.766714      9.101943
   0.67633      8.766714      9.101943
   0.71193      8.764815      9.106618
   0.74752      8.765942      9.120390
   0.78311      8.793759      9.142624
   0.81870      8.860739      9.172588
   0.85429      8.960434      9.209723
   0.88988      8.998197      9.253763
   0.92548      8.818822      9.301476
   0.96107      8.704867      9.297985
   0.99666      8.830406      9.420248
   1.03225      8.979967      9.501467
   1.06784      9.075811      9.581619
   1.10343      9.221018      9.544155
   1.13903      9.428278      9.525183
   1.17462      9.546731      9.657655
   1.21021      9.599199      9.826920
   1.24580      9.760767      9.980520
   1.28139      9.918762     10.056587
   1.31698     10.046634     10.084321
   1.35258     10.093041     10.093290
   1.35258     10.093041     10.093290
   1.38817     10.084048     10.046473
   1.42377     10.056235      9.918175
   1.45937      9.981853      9.760031
   1.49496      9.828332      9.598388
   1.53056      9.659105      9.546104
   1.56616      9.526141      9.428715
   1.60175      9.544514      9.221181
   1.63735      9.580581      9.074732
   1.67295      9.500385      8.978540
   1.70854      9.423713      8.828832
   1.74414      9.301085      8.703808
   1.77973      9.301341      8.818683
   1.81533      9.252591      8.997943
   1.85093      9.208543      8.959305
   1.88652      9.171406      8.859824
   1.92212      9.141443      8.793011
   1.95772      9.119212      8.765282
   1.99331      9.105442      8.764140
   2.02891      9.100768      8.765923
   2.02891      9.100768      8.765923
   2.06450      9.108553      8.757948
   2.10009      9.095621      8.726568
   2.13569      9.045257      8.741616
   2.17128      8.974078      8.767666
   2.20687      8.891844      8.796317
   2.24246      8.804223      8.824346
   2.27805      8.721193      8.848052
   2.31364      8.684929      8.862866
   2.34924      8.721200      8.862713
   2.38483      8.781373      8.841026
   2.42042      8.849763      8.795219
   2.45601      8.895917      8.827145
   2.49160      8.914890      8.827698
   2.52719      8.894630      8.811501
   2.56279      8.824973      8.785377
   2.59838      8.735367      8.694230
   2.63397      8.769901      8.694719
   2.66956      8.816282      8.744632
   2.70515      8.898466      8.894913
   2.70515      8.898466      8.894913
   2.75549      8.716066      8.713752
   2.80583      8.877521      8.876549
   2.85617      8.963263      8.962313
   2.90650      8.957393      8.955729
   2.95684      8.938331      8.936405
   3.00718      8.955751      8.953847
   3.05752      9.006326      9.004533
   3.10786      9.020249      9.018323
   3.15819      9.031380      9.030531
   3.20853      9.154613      9.154153
   3.25887      9.322553      9.321982
   3.30921      9.374914      9.374111
   3.35954      9.410447      9.410174
   3.40988      9.504015      9.503583
   3.46022      9.554058      9.553394
   3.51056      9.621574      9.620946
   3.56089      9.820538      9.820036
   3.61123     10.026984     10.026767
   3.66157     10.093041     10.093290
 
# Band-Index   36
   3.66157     10.222806     10.221598
   3.61123     10.175343     10.174774
   3.56089     10.128472     10.128426
   3.51056     10.075691     10.075698
   3.46022      9.991773      9.991693
   3.40988      9.871179      9.870897
   3.35954      9.706198      9.705712
   3.30921      9.511128      9.510635
   3.25887      9.383392      9.382364
   3.20853      9.341818      9.339998
   3.15819      9.221783      9.219886
   3.10786      9.109336      9.107294
   3.05752      9.051374      9.048742
   3.00718      9.071789      9.068919
   2.95684      9.100880      9.097697
   2.90650      9.068735      9.065520
   2.85617      9.023061      9.020043
   2.80583      9.018479      9.015601
   2.75549      9.020523      9.017303
   2.70515      8.964053      8.960573
   2.70515      8.964053      8.960573
   2.66956      8.901791      8.973410
   2.63397      8.795372      8.848040
   2.59838      8.871825      8.824198
   2.56279      9.007742      8.921773
   2.52719      9.102784      9.027678
   2.49160      9.014690      9.123750
   2.45601      8.922220      9.197197
   2.42042      8.933077      9.245217
   2.38483      9.068552      9.278598
   2.34924      9.228580      9.258132
   2.31364      9.327455      9.198163
   2.27805      9.331542      9.144633
   2.24246      9.310358      9.100758
   2.20687      9.288000      9.070357
   2.17128      9.266754      9.061166
   2.13569      9.249056      9.089599
   2.10009      9.242242      9.174935
   2.06450      9.239723      9.263944
   2.02891      9.236729      9.261070
   2.02891      9.236729      9.261070
   1.99331      9.252233      9.271853
   1.95772      9.296607      9.300526
   1.92212      9.334754      9.325272
   1.88652      9.376114      9.295641
   1.85093      9.428010      9.179373
   1.81533      9.426828      9.088077
   1.77973      9.309826      9.206111
   1.74414      9.361955      9.317011
   1.70854      9.427463      9.410320
   1.67295      9.559090      9.499528
   1.63735      9.618086      9.600809
   1.60175      9.667451      9.627616
   1.56616      9.759024      9.589928
   1.53056      9.851466      9.655374
   1.49496      9.937469      9.885296
   1.45937     10.007619     10.118540
   1.42377     10.107068     10.168846
   1.38817     10.191994     10.195669
   1.35258     10.222806     10.221598
   1.35258     10.222806     10.221598
   1.31698     10.196366     10.190772
   1.28139     10.169068     10.105803
   1.24580     10.117704     10.008103
   1.21021      9.884618      9.938127
   1.17462      9.654929      9.852274
   1.13903      9.590499      9.759936
   1.10343      9.628024      9.668437
   1.06784      9.602001      9.617805
   1.03225      9.501411      9.555273
   0.99666      9.412275      9.428562
   0.96107      9.318804      9.363095
   0.92548      9.207662      9.309125
   0.88988      9.089260      9.424604
   0.85429      9.179688      9.428882
   0.81870      9.296631      9.377052
   0.78311      9.327141      9.335747
   0.74752      9.302845      9.293080
   0.71193      9.274301      9.248707
   0.67633      9.263532      9.233211
   0.67633      9.263532      9.233211
   0.64074      9.266404      9.236211
   0.60514      9.175169      9.241365
   0.56954      9.089438      9.247649
   0.53395      9.060891      9.265124
   0.49835      9.070085      9.286244
   0.46275      9.100510      9.308523
   0.42716      9.144411      9.329659
   0.39156      9.197966      9.325015
   0.35597      9.257963      9.227092
   0.32037      9.279607      9.067428
   0.28477      9.245932      8.931807
   0.24918      9.197774      8.920472
   0.21358      9.124313      9.013446
   0.17798      9.028288      9.100423
   0.14239      8.922456      9.006478
   0.10679      8.825076      8.870568
   0.07119      8.850591      8.792044
   0.03560      8.976253      8.898384
   0.00000      8.964038      8.960570
 
# Band-Index   37
   0.00000      9.072563      9.069693
   0.03560      9.119125      9.167529
   0.07119      9.291506      9.321294
   0.10679      9.290356      9.374925
   0.14239      9.199546      9.264055
   0.17798      9.174448      9.144243
   0.21358      9.186800      9.120662
   0.24918      9.259938      9.161041
   0.28477      9.339265      9.250160
   0.32037      9.317154      9.319915
   0.35597      9.308585      9.347380
   0.39156      9.330865      9.345501
   0.42716      9.340033      9.339105
   0.46275      9.335326      9.323246
   0.49835      9.321577      9.300659
   0.53395      9.304409      9.278424
   0.56954      9.287955      9.259417
   0.60514      9.274794      9.245083
   0.64074      9.301749      9.260787
   0.67633      9.379083      9.281894
   0.67633      9.379083      9.281894
   0.71193      9.387309      9.287898
   0.74752      9.411572      9.305893
   0.78311      9.450653      9.358013
   0.81870      9.502575      9.425318
   0.85429      9.564671      9.462121
   0.88988      9.633743      9.489879
   0.92548      9.706263      9.558142
   0.96107      9.778687      9.631664
   0.99666      9.847835      9.708330
   1.03225      9.848160      9.723976
   1.06784      9.803936      9.719993
   1.10343      9.901362      9.908346
   1.13903     10.058571     10.014178
   1.17462     10.093780     10.089817
   1.21021     10.123101     10.172070
   1.24580     10.147436     10.268356
   1.28139     10.343260     10.381606
   1.31698     10.538381     10.507791
   1.35258     10.631778     10.633254
   1.35258     10.631778     10.633254
   1.38817     10.507111     10.539627
   1.42377     10.380981     10.344266
   1.45937     10.267806     10.147307
   1.49496     10.171608     10.122928
   1.53056     10.089410     10.093508
   1.56616     10.013777     10.058174
   1.60175      9.912231      9.899669
   1.63735      9.723738      9.802879
   1.67295      9.723909      9.847713
   1.70854      9.707731      9.846914
   1.74414      9.630998      9.777659
   1.77973      9.557407      9.705141
   1.81533      9.489075      9.632541
   1.85093      9.464996      9.563399
   1.88652      9.428629      9.501245
   1.92212      9.361494      9.449277
   1.95772      9.304857      9.410161
   1.99331      9.286832      9.385877
   2.02891      9.280818      9.377645
   2.02891      9.280818      9.377645
   2.06450      9.260525      9.300862
   2.10009      9.248578      9.272340
   2.13569      9.262881      9.285513
   2.17128      9.281840      9.301990
   2.20687      9.304004      9.319204
   2.24246      9.326476      9.333046
   2.27805      9.342111      9.337933
   2.31364      9.347399      9.329067
   2.34924      9.349246      9.307180
   2.38483      9.321670      9.317260
   2.42042      9.251787      9.338912
   2.45601      9.162863      9.258500
   2.49160      9.122856      9.184479
   2.52719      9.145102      9.172179
   2.56279      9.266400      9.197831
   2.59838      9.377780      9.288234
   2.63397      9.324325      9.288131
   2.66956      9.170604      9.115624
   2.70515      9.072574      9.069749
   2.70515      9.072574      9.069749
   2.75549      9.059612      9.056427
   2.80583      9.056033      9.052738
   2.85617      9.069589      9.067958
   2.90650      9.138886      9.137448
   2.95684      9.143972      9.140834
   3.00718      9.202352      9.199109
   3.05752      9.292994      9.289843
   3.10786      9.391675      9.389150
   3.15819      9.419281      9.418643
   3.20853      9.424266      9.423908
   3.25887      9.515429      9.514570
   3.30921      9.643209      9.642457
   3.35954      9.766932      9.766443
   3.40988      9.927973      9.927648
   3.46022     10.116720     10.116616
   3.51056     10.279629     10.279852
   3.56089     10.404312     10.404882
   3.61123     10.508870     10.509751
   3.66157     10.631778     10.633254
 
# Band-Index   38
   3.66157     10.647751     10.647577
   3.61123     10.736204     10.736147
   3.56089     10.720765     10.720225
   3.51056     10.615745     10.614806
   3.46022     10.472510     10.471510
   3.40988     10.327046     10.326081
   3.35954     10.180318     10.179310
   3.30921     10.032941     10.031510
   3.25887      9.869981      9.867617
   3.20853      9.708512      9.705759
   3.15819      9.565946      9.563188
   3.10786      9.500454      9.499402
   3.05752      9.555222      9.554626
   3.00718      9.583210      9.581750
   2.95684      9.427070      9.425636
   2.90650      9.222207      9.219035
   2.85617      9.204029      9.203444
   2.80583      9.387303      9.385953
   2.75549      9.389148      9.385914
   2.70515      9.192343      9.189313
   2.70515      9.192343      9.189313
   2.66956      9.262796      9.291979
   2.63397      9.395023      9.441006
   2.59838      9.498968      9.513956
   2.56279      9.491882      9.436609
   2.52719      9.422438      9.425073
   2.49160      9.385473      9.536295
   2.45601      9.412357      9.562199
   2.42042      9.459523      9.550887
   2.38483      9.493338      9.668074
   2.34924      9.525710      9.800343
   2.31364      9.620949      9.807204
   2.27805      9.794506      9.831582
   2.24246      9.979339      9.866208
   2.20687     10.129482      9.898002
   2.17128     10.220205      9.917080
   2.13569     10.135302      9.922268
   2.10009      9.920116      9.919226
   2.06450      9.741615      9.854811
   2.02891      9.662912      9.774255
   2.02891      9.662912      9.774255
   1.99331      9.660236      9.752275
   1.95772      9.680925      9.736245
   1.92212      9.742953      9.722068
   1.88652      9.824530      9.727934
   1.85093      9.897644      9.789188
   1.81533      9.965313      9.891722
   1.77973     10.020126     10.004911
   1.74414      9.949390     10.007126
   1.70854      9.836292      9.926771
   1.67295      9.785719      9.910593
   1.63735      9.863141      9.967149
   1.60175      9.939118     10.016262
   1.56616     10.127059     10.112287
   1.53056     10.355402     10.356999
   1.49496     10.580522     10.606693
   1.45937     10.778803     10.834572
   1.42377     10.893982     10.857299
   1.38817     10.771229     10.717143
   1.35258     10.647751     10.647577
   1.35258     10.647751     10.647577
   1.31698     10.717488     10.771857
   1.28139     10.857933     10.894677
   1.24580     10.834986     10.776831
   1.21021     10.607451     10.577757
   1.17462     10.358109     10.352055
   1.13903     10.113728     10.123362
   1.10343     10.016795      9.939548
   1.06784      9.967820      9.863619
   1.03225      9.911395      9.786254
   0.99666      9.927032      9.836353
   0.96107     10.007358      9.949334
   0.92548     10.006496     10.019167
   0.88988      9.893655      9.963516
   0.85429      9.790994      9.896280
   0.81870      9.729152      9.823424
   0.78311      9.722500      9.741743
   0.74752      9.736184      9.679409
   0.71193      9.751844      9.658361
   0.67633      9.773608      9.660858
   0.67633      9.773608      9.660858
   0.64074      9.854652      9.740175
   0.60514      9.917721      9.919406
   0.56954      9.920724     10.135021
   0.53395      9.915528     10.218198
   0.49835      9.896523     10.127685
   0.46275      9.864913      9.977831
   0.42716      9.830587      9.793190
   0.39156      9.806594      9.619443
   0.35597      9.800102      9.523649
   0.32037      9.669150      9.491374
   0.28477      9.551748      9.458045
   0.24918      9.562382      9.411251
   0.21358      9.536508      9.384368
   0.17798      9.425939      9.420975
   0.14239      9.438161      9.490958
   0.10679      9.517678      9.495852
   0.07119      9.444184      9.391794
   0.03560      9.295137      9.259570
   0.00000      9.192338      9.189167
 
# Band-Index   39
   0.00000      9.643515      9.640141
   0.03560      9.585573      9.596470
   0.07119      9.478548      9.503055
   0.10679      9.562608      9.539487
   0.14239      9.699915      9.528725
   0.17798      9.718705      9.424505
   0.21358      9.645008      9.501160
   0.24918      9.728661      9.630389
   0.28477      9.813514      9.728018
   0.32037      9.807191      9.826052
   0.35597      9.826990      9.957315
   0.39156      9.971029     10.108982
   0.42716     10.078816     10.259310
   0.46275     10.141056     10.383393
   0.49835     10.160918     10.368496
   0.53395     10.144938     10.339973
   0.56954     10.091649     10.247215
   0.60514      9.990508     10.234243
   0.64074      9.913128     10.217988
   0.67633      9.911133     10.211777
   0.67633      9.911133     10.211777
   0.71193     10.007845     10.265076
   0.74752     10.153307     10.285376
   0.78311     10.201324     10.267960
   0.81870     10.207282     10.258510
   0.85429     10.191398     10.271071
   0.88988     10.166988     10.218799
   0.92548     10.123459     10.137547
   0.96107     10.173031     10.189278
   0.99666     10.284562     10.276824
   1.03225     10.411851     10.349253
   1.06784     10.546620     10.406397
   1.10343     10.668330     10.461094
   1.13903     10.790461     10.527215
   1.17462     10.917248     10.616634
   1.21021     11.047565     10.740546
   1.24580     10.996074     10.906279
   1.28139     10.994351     10.936272
   1.31698     11.055312     11.031942
   1.35258     11.048349     11.048177
   1.35258     11.048349     11.048177
   1.38817     11.032410     11.055095
   1.42377     10.937576     10.994093
   1.45937     10.908163     10.995068
   1.49496     10.742193     11.046903
   1.53056     10.618089     10.916591
   1.56616     10.528651     10.789695
   1.60175     10.462637     10.667387
   1.63735     10.408170     10.545453
   1.67295     10.351386     10.410757
   1.70854     10.279369     10.283441
   1.74414     10.192111     10.171284
   1.77973     10.139688     10.123010
   1.81533     10.220323     10.166010
   1.85093     10.272653     10.190369
   1.88652     10.260190     10.207095
   1.92212     10.269738     10.201767
   1.95772     10.287269     10.154348
   1.99331     10.267414     10.009352
   2.02891     10.214158      9.912596
   2.02891     10.214158      9.912596
   2.06450     10.220359      9.914602
   2.10009     10.236583      9.990224
   2.13569     10.249449     10.091225
   2.17128     10.341877     10.144477
   2.20687     10.370330     10.160391
   2.24246     10.384935     10.140430
   2.27805     10.260162     10.078074
   2.31364     10.109672      9.970170
   2.34924      9.957926      9.826016
   2.38483      9.826708      9.807241
   2.42042      9.728802      9.813668
   2.45601      9.631233      9.727965
   2.49160      9.502222      9.644354
   2.52719      9.425811      9.718075
   2.56279      9.530132      9.697735
   2.59838      9.542651      9.562033
   2.63397      9.506452      9.475603
   2.66956      9.599865      9.582275
   2.70515      9.643595      9.643917
   2.70515      9.643595      9.643917
   2.75549      9.556337      9.552974
   2.80583      9.438935      9.436890
   2.85617      9.297634      9.294072
   2.90650      9.427550      9.426894
   2.95684      9.579475      9.578762
   3.00718      9.671541      9.670555
   3.05752      9.752854      9.750423
   3.10786      9.825106      9.822514
   3.15819      9.875058      9.872910
   3.20853      9.917820      9.915871
   3.25887      9.982898      9.980807
   3.30921     10.093271     10.090505
   3.35954     10.261788     10.258968
   3.40988     10.451302     10.448829
   3.46022     10.640210     10.638162
   3.51056     10.809586     10.808132
   3.56089     10.935911     10.934967
   3.61123     11.032254     11.031696
   3.66157     11.048349     11.048177
 
# Band-Index   40
   3.66157     11.134109     11.132666
   3.61123     11.189975     11.188918
   3.56089     11.117961     11.116905
   3.51056     11.005270     11.005059
   3.46022     10.787584     10.785556
   3.40988     10.591111     10.588829
   3.35954     10.434069     10.431633
   3.30921     10.301128     10.298622
   3.25887     10.181343     10.178850
   3.20853     10.072332     10.069918
   3.15819      9.977463      9.975338
   3.10786      9.912037      9.910527
   3.05752      9.871044      9.869808
   3.00718      9.837043      9.835798
   2.95684      9.846847      9.845680
   2.90650      9.819208      9.817761
   2.85617      9.847646      9.846103
   2.80583      9.729765      9.726578
   2.75549      9.764432      9.764109
   2.70515      9.907706      9.908258
   2.70515      9.907706      9.908258
   2.66956      9.880377      9.845424
   2.63397      9.794265      9.689539
   2.59838      9.664645      9.592362
   2.56279      9.650968      9.728479
   2.52719      9.751871      9.800165
   2.49160      9.807950      9.800197
   2.45601      9.871058      9.805169
   2.42042      9.983804      9.937259
   2.38483     10.066716     10.074096
   2.34924     10.189263     10.196636
   2.31364     10.312951     10.317791
   2.27805     10.371074     10.398123
   2.24246     10.390971     10.402170
   2.20687     10.475753     10.380632
   2.17128     10.352974     10.367509
   2.13569     10.327089     10.367304
   2.10009     10.335079     10.374189
   2.06450     10.343625     10.381220
   2.02891     10.346583     10.369956
   2.02891     10.346583     10.369956
   1.99331     10.363570     10.372304
   1.95772     10.507373     10.348573
   1.92212     10.560392     10.305313
   1.88652     10.480500     10.259709
   1.85093     10.382070     10.224517
   1.81533     10.353822     10.184249
   1.77973     10.354349     10.170528
   1.74414     10.365038     10.206198
   1.70854     10.410480     10.303524
   1.67295     10.495727     10.433488
   1.63735     10.618259     10.588040
   1.60175     10.770121     10.775631
   1.56616     10.940358     10.972611
   1.53056     11.113354     11.157572
   1.49496     11.097024     11.100782
   1.45937     11.003211     11.167791
   1.42377     11.089010     11.224302
   1.38817     11.136087     11.169178
   1.35258     11.134109     11.132666
   1.35258     11.134109     11.132666
   1.31698     11.170409     11.134731
   1.28139     11.225435     11.087337
   1.24580     11.168667     11.003981
   1.21021     11.102152     11.097874
   1.17462     11.158719     11.110752
   1.13903     10.973619     10.937719
   1.10343     10.776549     10.767606
   1.06784     10.588916     10.615895
   1.03225     10.434680     10.493505
   0.99666     10.304987     10.408387
   0.96107     10.207261     10.363094
   0.92548     10.171656     10.356804
   0.88988     10.184423     10.352413
   0.85429     10.224408     10.380301
   0.81870     10.260128     10.478489
   0.78311     10.306019     10.558368
   0.74752     10.349293     10.505030
   0.71193     10.371275     10.361797
   0.67633     10.369038     10.344950
   0.67633     10.369038     10.344950
   0.64074     10.382071     10.341986
   0.60514     10.375100     10.333419
   0.56954     10.368307     10.325338
   0.53395     10.368613     10.352911
   0.49835     10.381815     10.474912
   0.46275     10.403401     10.389930
   0.42716     10.399254     10.369912
   0.39156     10.318739     10.312166
   0.35597     10.197713     10.188305
   0.32037     10.075492     10.065211
   0.28477      9.937786      9.981610
   0.24918      9.805008      9.869551
   0.21358      9.800463      9.806030
   0.17798      9.801467      9.749419
   0.14239      9.731233      9.647973
   0.10679      9.595483      9.663658
   0.07119      9.690082      9.792463
   0.03560      9.845267      9.877917
   0.00000      9.907189      9.904500
 
# Band-Index   41
   0.00000     10.028369     10.025784
   0.03560     10.023805      9.988809
   0.07119     10.007475      9.846345
   0.10679      9.974131      9.667114
   0.14239      9.928701      9.695823
   0.17798      9.921931      9.844202
   0.21358      9.938072      9.933093
   0.24918      9.944984      9.945540
   0.28477      9.983095     10.003708
   0.32037     10.160060     10.190024
   0.35597     10.370604     10.351205
   0.39156     10.444364     10.415191
   0.42716     10.520645     10.530023
   0.46275     10.627553     10.624581
   0.49835     10.766210     10.594186
   0.53395     10.775016     10.585485
   0.56954     10.596565     10.623667
   0.60514     10.462022     10.646747
   0.64074     10.390113     10.658204
   0.67633     10.384859     10.661614
   0.67633     10.384859     10.661614
   0.71193     10.376807     10.652294
   0.74752     10.437419     10.625026
   0.78311     10.658468     10.705237
   0.81870     10.916057     10.706634
   0.85429     10.951660     10.596479
   0.88988     10.963679     10.557708
   0.92548     11.007428     10.653992
   0.96107     11.065446     10.779451
   0.99666     11.140084     10.927085
   1.03225     11.242340     11.069493
   1.06784     11.347142     11.225901
   1.10343     11.296740     11.317537
   1.13903     11.241041     11.250711
   1.17462     11.179024     11.178756
   1.21021     11.300411     11.247034
   1.24580     11.391617     11.247573
   1.28139     11.387132     11.185423
   1.31698     11.339792     11.250687
   1.35258     11.325655     11.323909
   1.35258     11.325655     11.323909
   1.38817     11.252432     11.338103
   1.42377     11.186590     11.385637
   1.45937     11.248505     11.390257
   1.49496     11.248835     11.299089
   1.53056     11.177838     11.177431
   1.56616     11.249741     11.239357
   1.60175     11.316534     11.295054
   1.63735     11.227755     11.345556
   1.67295     11.071115     11.240668
   1.70854     10.928133     11.138513
   1.74414     10.780307     11.064010
   1.77973     10.640124     11.006204
   1.81533     10.558736     10.962728
   1.85093     10.597340     10.950663
   1.88652     10.707761     10.918031
   1.92212     10.707506     10.660677
   1.95772     10.627083     10.439050
   1.99331     10.654395     10.376004
   2.02891     10.663742     10.384029
   2.02891     10.663742     10.384029
   2.06450     10.660314     10.391011
   2.10009     10.648800     10.462815
   2.13569     10.625615     10.597130
   2.17128     10.587270     10.775413
   2.20687     10.594992     10.765555
   2.24246     10.625044     10.626776
   2.27805     10.530855     10.519578
   2.31364     10.416381     10.443040
   2.34924     10.352532     10.369422
   2.38483     10.190915     10.159611
   2.42042     10.004816      9.981158
   2.45601      9.948258      9.942632
   2.49160      9.935810      9.935669
   2.52719      9.846890      9.919817
   2.56279      9.698785      9.927140
   2.59838      9.667973      9.972264
   2.63397      9.846550     10.005157
   2.66956      9.990196     10.021730
   2.70515     10.028914     10.082771
   2.70515     10.028914     10.082771
   2.75549     10.072014     10.070786
   2.80583      9.985343      9.983815
   2.85617     10.113150     10.110159
   2.90650     10.213189     10.210279
   2.95684     10.297743     10.295128
   3.00718     10.399255     10.396792
   3.05752     10.511566     10.512437
   3.10786     10.622023     10.630548
   3.15819     10.739761     10.732796
   3.20853     10.879260     10.831761
   3.25887     10.977774     10.933908
   3.30921     11.047457     11.030374
   3.35954     11.025505     11.025737
   3.40988     10.987136     10.987515
   3.46022     10.973044     10.973302
   3.51056     11.022666     11.020798
   3.56089     11.244769     11.243294
   3.61123     11.261978     11.260307
   3.66157     11.325655     11.323909
 
# Band-Index   42
   3.66157     11.755070     11.756225
   3.61123     11.589504     11.588377
   3.56089     11.364449     11.363249
   3.51056     11.311282     11.310123
   3.46022     11.278099     11.276809
   3.40988     11.245017     11.243728
   3.35954     11.169840     11.168184
   3.30921     11.078770     11.076380
   3.25887     10.978704     11.046717
   3.20853     10.902151     10.988132
   3.15819     10.839654     10.862272
   3.10786     10.726088     10.723672
   3.05752     10.592171     10.591883
   3.00718     10.445961     10.444219
   2.95684     10.352041     10.350497
   2.90650     10.325255     10.323004
   2.85617     10.147528     10.144356
   2.80583     10.101941     10.098901
   2.75549     10.086598     10.083812
   2.70515     10.080511     10.168256
   2.70515     10.080511     10.168256
   2.66956     10.114219     10.086062
   2.63397     10.097726     10.084777
   2.59838     10.057940      9.997724
   2.56279     10.027150      9.930546
   2.52719     10.004176     10.012996
   2.49160     10.038668     10.169533
   2.45601     10.146343     10.228238
   2.42042     10.236278     10.269369
   2.38483     10.301179     10.311782
   2.34924     10.389275     10.385214
   2.31364     10.571826     10.603842
   2.27805     10.697042     10.776869
   2.24246     10.705499     10.906447
   2.20687     10.718641     10.943508
   2.17128     10.867876     10.925121
   2.13569     11.059172     11.098659
   2.10009     11.160970     11.212872
   2.06450     11.171681     11.219781
   2.02891     11.175289     11.221620
   2.02891     11.175289     11.221620
   1.99331     11.166947     11.226579
   1.95772     11.124626     11.204700
   1.92212     11.017723     11.082377
   1.88652     10.984846     10.999888
   1.85093     10.983592     11.085745
   1.81533     10.964981     11.138565
   1.77973     10.955683     11.187016
   1.74414     10.977448     11.265169
   1.70854     11.054079     11.368936
   1.67295     11.189565     11.382311
   1.63735     11.345521     11.374706
   1.60175     11.383568     11.532444
   1.56616     11.464594     11.625557
   1.53056     11.453854     11.631984
   1.49496     11.423964     11.610385
   1.45937     11.483812     11.479328
   1.42377     11.584325     11.494404
   1.38817     11.706008     11.642487
   1.35258     11.755070     11.756225
   1.35258     11.755070     11.756225
   1.31698     11.642279     11.703498
   1.28139     11.495448     11.581638
   1.24580     11.480472     11.480876
   1.21021     11.611074     11.421788
   1.17462     11.633163     11.452706
   1.13903     11.626957     11.463733
   1.10343     11.534227     11.382255
   1.06784     11.376467     11.343656
   1.03225     11.383612     11.187752
   0.99666     11.369123     11.052062
   0.96107     11.265238     10.975508
   0.92548     11.187046     10.965591
   0.88988     11.138490     10.963259
   0.85429     11.085615     10.981827
   0.81870     11.000471     10.983105
   0.78311     11.082817     11.016640
   0.74752     11.205032     11.123171
   0.71193     11.228097     11.165024
   0.67633     11.223209     11.173259
   0.67633     11.223209     11.173258
   0.64074     11.221356     11.169664
   0.60514     11.214404     11.158994
   0.56954     11.099043     11.059203
   0.53395     10.925653     10.868048
   0.49835     10.942867     10.718667
   0.46275     10.907249     10.704765
   0.42716     10.777523     10.696068
   0.39156     10.604072     10.570948
   0.35597     10.385573     10.388455
   0.32037     10.312825     10.299746
   0.28477     10.270405     10.234567
   0.24918     10.229538     10.144123
   0.21358     10.171326     10.035641
   0.17798     10.016180     10.000652
   0.14239      9.932026     10.023755
   0.10679      9.998672     10.054848
   0.07119     10.086123     10.095276
   0.03560     10.085219     10.111875
   0.00000     10.076446     10.077089
 
# Band-Index   43
   0.00000     10.201810     10.201386
   0.03560     10.187146     10.156605
   0.07119     10.151926     10.145471
   0.10679     10.116369     10.120258
   0.14239     10.098263     10.118658
   0.17798     10.113129     10.173240
   0.21358     10.214048     10.301201
   0.24918     10.429711     10.477126
   0.28477     10.643272     10.673702
   0.32037     10.823133     10.861377
   0.35597     10.777738     10.853309
   0.39156     10.738578     10.811618
   0.42716     10.798205     10.803390
   0.46275     10.940124     10.894258
   0.49835     11.075814     11.070134
   0.53395     11.166337     11.123197
   0.56954     11.198199     11.142218
   0.60514     11.276478     11.256702
   0.64074     11.439806     11.418489
   0.67633     11.539386     11.485421
   0.67633     11.539386     11.485421
   0.71193     11.378150     11.427863
   0.74752     11.256539     11.313385
   0.78311     11.272325     11.273509
   0.81870     11.325310     11.381907
   0.85429     11.456913     11.626394
   0.88988     11.426495     11.675566
   0.92548     11.405978     11.623873
   0.96107     11.396808     11.565551
   0.99666     11.395080     11.506395
   1.03225     11.481036     11.444806
   1.06784     11.537661     11.381838
   1.10343     11.578617     11.494817
   1.13903     11.637125     11.660674
   1.17462     11.665237     11.765181
   1.21021     11.616570     11.779303
   1.24580     11.567240     11.787469
   1.28139     11.561069     11.786395
   1.31698     11.684491     11.768852
   1.35258     11.809444     11.806812
   1.35258     11.809443     11.806811
   1.38817     11.767823     11.684530
   1.42377     11.785747     11.561655
   1.45937     11.786920     11.567283
   1.49496     11.778684     11.615684
   1.53056     11.764444     11.663770
   1.56616     11.663616     11.635704
   1.60175     11.497402     11.577334
   1.63735     11.380815     11.536392
   1.67295     11.443774     11.480678
   1.70854     11.505358     11.394103
   1.74414     11.564500     11.395956
   1.77973     11.620427     11.405174
   1.81533     11.674444     11.425714
   1.85093     11.628164     11.456133
   1.88652     11.384294     11.324127
   1.92212     11.275487     11.270833
   1.95772     11.314868     11.255056
   1.99331     11.428929     11.377948
   2.02891     11.486382     11.539931
   2.02891     11.486382     11.539931
   2.06450     11.419183     11.439840
   2.10009     11.256973     11.276273
   2.13569     11.144121     11.196728
   2.17128     11.124979     11.164893
   2.20687     11.069839     11.074916
   2.24246     10.894128     10.940367
   2.27805     10.803692     10.798141
   2.31364     10.812397     10.737924
   2.34924     10.854441     10.776870
   2.38483     10.863327     10.821185
   2.42042     10.676239     10.640180
   2.45601     10.479797     10.426374
   2.49160     10.303766     10.210665
   2.52719     10.175430     10.111274
   2.56279     10.120435     10.096814
   2.59838     10.121896     10.116152
   2.63397     10.147357     10.152835
   2.66956     10.158018     10.189423
   2.70515     10.201878     10.205139
   2.70515     10.201878     10.205139
   2.75549     10.155484     10.152644
   2.80583     10.212155     10.207762
   2.85617     10.287184     10.280865
   2.90650     10.367811     10.365552
   2.95684     10.433925     10.431948
   3.00718     10.529873     10.528151
   3.05752     10.656229     10.656499
   3.10786     10.803572     10.824653
   3.15819     10.908165     10.922201
   3.20853     11.079531     11.076014
   3.25887     11.222098     11.203210
   3.30921     11.153065     11.126547
   3.35954     11.191423     11.189570
   3.40988     11.294218     11.291591
   3.46022     11.436874     11.434042
   3.51056     11.605728     11.602705
   3.56089     11.732482     11.731756
   3.61123     11.703171     11.703760
   3.66157     11.809443     11.806811
 
# Band-Index   44
   3.66157     11.822352     11.822663
   3.61123     11.820738     11.818901
   3.56089     11.792131     11.790174
   3.51056     11.802320     11.800747
   3.46022     11.611326     11.609950
   3.40988     11.455531     11.454314
   3.35954     11.374249     11.373180
   3.30921     11.467316     11.365162
   3.25887     11.291130     11.283172
   3.20853     11.367791     11.353831
   3.15819     11.490000     11.491088
   3.10786     11.010394     11.426885
   3.05752     10.924580     11.026501
   3.00718     10.687416     10.686257
   2.95684     10.479654     10.479135
   2.90650     10.423541     10.422646
   2.85617     10.335044     10.333177
   2.80583     10.251378     10.248841
   2.75549     10.198749     10.200584
   2.70515     10.320603     10.342550
   2.70515     10.320603     10.342550
   2.66956     10.230639     10.224383
   2.63397     10.250250     10.242492
   2.59838     10.387137     10.376180
   2.56279     10.409388     10.527566
   2.52719     10.448075     10.527329
   2.49160     10.512476     10.548498
   2.45601     10.612154     10.635643
   2.42042     10.747610     10.764081
   2.38483     10.873592     10.821913
   2.34924     11.036195     10.925510
   2.31364     11.127601     11.000541
   2.27805     11.182536     11.099503
   2.24246     11.141389     11.166602
   2.20687     11.115067     11.124288
   2.17128     11.273487     11.251162
   2.13569     11.481352     11.416125
   2.10009     11.678460     11.546677
   2.06450     11.841254     11.570359
   2.02891     11.912543     11.559993
   2.02891     11.912543     11.559993
   1.99331     11.902918     11.584895
   1.95772     11.875363     11.562614
   1.92212     11.833595     11.530024
   1.88652     11.782924     11.492616
   1.85093     11.728705     11.493351
   1.81533     11.818850     11.742505
   1.77973     11.764632     11.669876
   1.74414     11.726351     11.602487
   1.70854     11.706128     11.547070
   1.67295     11.702152     11.520735
   1.63735     11.710555     11.579601
   1.60175     11.726775     11.646520
   1.56616     11.746131     11.731078
   1.53056     11.797262     11.793622
   1.49496     11.838755     11.766381
   1.45937     11.893156     11.776593
   1.42377     11.869690     11.793410
   1.38817     11.829040     11.803577
   1.35258     11.822352     11.822663
   1.35258     11.822351     11.822663
   1.31698     11.806168     11.829478
   1.28139     11.795861     11.870475
   1.24580     11.778823     11.892003
   1.21021     11.768185     11.837649
   1.17462     11.794906     11.795908
   1.13903     11.732463     11.747001
   1.10343     11.647420     11.727774
   1.06784     11.580209     11.711684
   1.03225     11.522193     11.703364
   0.99666     11.548770     11.707413
   0.96107     11.604258     11.727677
   0.92548     11.671641     11.766065
   0.88988     11.743826     11.820150
   0.85429     11.633375     11.729873
   0.81870     11.493368     11.784081
   0.78311     11.530761     11.834744
   0.74752     11.563338     11.876497
   0.71193     11.585609     11.904039
   0.67633     11.560901     11.913659
   0.67633     11.560901     11.913659
   0.64074     11.571269     11.842218
   0.60514     11.547427     11.679185
   0.56954     11.417037     11.481905
   0.53395     11.252102     11.273906
   0.49835     11.126005     11.113543
   0.46275     11.167997     11.140377
   0.42716     11.100944     11.181551
   0.39156     11.002005     11.126438
   0.35597     10.927134     11.034673
   0.32037     10.823801     10.871410
   0.28477     10.766790     10.745142
   0.24918     10.638172     10.609960
   0.21358     10.550197     10.510632
   0.17798     10.528271     10.446452
   0.14239     10.530415     10.407852
   0.10679     10.378769     10.384364
   0.07119     10.244012     10.247796
   0.03560     10.223372     10.228159
   0.00000     10.280075     10.278887
 
# Band-Index   45
   0.00000     10.341835     10.339570
   0.03560     10.496154     10.358335
   0.07119     10.643625     10.375445
   0.10679     10.594307     10.387317
   0.14239     10.550806     10.538099
   0.17798     10.677670     10.693971
   0.21358     10.805821     10.841589
   0.24918     10.902593     10.968516
   0.28477     10.972134     11.034968
   0.32037     11.055297     11.048874
   0.35597     11.211402     11.211825
   0.39156     11.396963     11.360140
   0.42716     11.426658     11.338415
   0.46275     11.372683     11.419681
   0.49835     11.533669     11.604477
   0.53395     11.710720     11.815901
   0.56954     11.652712     12.013673
   0.60514     11.602210     12.003461
   0.64074     11.609496     11.965681
   0.67633     11.593535     11.952313
   0.67633     11.593535     11.952314
   0.71193     11.709057     11.939502
   0.74752     11.825450     11.914993
   0.78311     11.896430     11.909441
   0.81870     11.891840     11.940521
   0.85429     11.818678     11.885375
   0.88988     11.744241     11.864743
   0.92548     11.931197     12.102963
   0.96107     11.992060     11.998011
   0.99666     11.982402     11.971671
   1.03225     11.952432     11.930081
   1.06784     11.916705     11.884616
   1.10343     11.882037     11.848069
   1.13903     11.857432     11.841385
   1.17462     11.881042     11.895470
   1.21021     11.811413     11.978459
   1.24580     11.904700     11.966072
   1.28139     11.932635     11.905224
   1.31698     11.892817     11.874238
   1.35258     11.833319     11.832244
   1.35258     11.833318     11.832244
   1.38817     11.874989     11.891496
   1.42377     11.905571     11.930775
   1.45937     11.965225     11.902872
   1.49496     11.979602     11.810006
   1.53056     11.897691     11.880288
   1.56616     11.842853     11.856045
   1.60175     11.849416     11.880628
   1.63735     11.885675     11.915237
   1.67295     11.931213     11.950943
   1.70854     11.972717     11.980932
   1.74414     11.999123     11.990688
   1.77973     11.983472     11.930194
   1.81533     11.867301     11.743621
   1.85093     11.884054     11.816982
   1.88652     11.942066     11.890199
   1.92212     11.910872     11.895449
   1.95772     11.916258     11.824747
   1.99331     11.940633     11.708665
   2.02891     11.953388     11.592825
   2.02891     11.953388     11.592825
   2.06450     11.966721     11.609014
   2.10009     12.004334     11.601292
   2.13569     12.012906     11.651773
   2.17128     11.815273     11.709623
   2.20687     11.604006     11.532228
   2.24246     11.419322     11.371298
   2.27805     11.337904     11.425477
   2.31364     11.361907     11.393757
   2.34924     11.214106     11.207887
   2.38483     11.050440     11.052318
   2.42042     11.035934     10.969778
   2.45601     10.970770     10.900206
   2.49160     10.844002     10.803285
   2.52719     10.696493     10.674910
   2.56279     10.540776     10.550519
   2.59838     10.389420     10.597612
   2.63397     10.378664     10.648976
   2.66956     10.361801     10.530673
   2.70515     10.351108     10.589922
   2.70515     10.351108     10.589922
   2.75549     10.487931     10.537574
   2.80583     10.599821     10.610649
   2.85617     10.563182     10.563080
   2.90650     10.582443     10.579511
   2.95684     10.875059     10.874789
   3.00718     10.926743     10.927860
   3.05752     11.052358     11.144508
   3.10786     11.431845     11.580211
   3.15819     11.716238     11.723399
   3.20853     11.859623     11.848151
   3.25887     11.911116     11.907791
   3.30921     11.919475     11.491917
   3.35954     11.723203     11.720952
   3.40988     11.912560     11.911766
   3.46022     11.992841     11.992568
   3.51056     12.053156     12.053002
   3.56089     12.056266     12.054956
   3.61123     11.937364     11.936356
   3.66157     11.833318     11.832244
 
# Band-Index   46
   3.66157     11.968114     11.967107
   3.61123     12.092535     12.091491
   3.56089     12.111731     12.110349
   3.51056     12.109069     12.107736
   3.46022     12.181106     12.179447
   3.40988     11.962781     11.960454
   3.35954     11.922455     11.926844
   3.30921     12.082857     11.977376
   3.25887     12.229141     12.218205
   3.20853     12.267528     12.279212
   3.15819     11.841148     11.901229
   3.10786     11.660535     11.739368
   3.05752     11.573163     11.780508
   3.00718     11.506896     11.466315
   2.95684     11.100843     11.105765
   2.90650     11.035814     11.040606
   2.85617     10.974263     10.982474
   2.80583     10.825771     10.828505
   2.75549     10.792815     10.753432
   2.70515     10.787958     10.909141
   2.70515     10.787958     10.909141
   2.66956     10.810146     10.711724
   2.63397     10.885172     10.767339
   2.59838     10.963291     11.002304
   2.56279     11.033620     11.098333
   2.52719     11.079086     11.175962
   2.49160     11.088089     11.162120
   2.45601     11.068061     11.099312
   2.42042     11.066914     11.043304
   2.38483     11.138965     11.092352
   2.34924     11.227278     11.274428
   2.31364     11.440034     11.498220
   2.27805     11.591287     11.588429
   2.24246     11.762916     11.708956
   2.20687     11.933678     11.781313
   2.17128     12.111276     11.769669
   2.13569     12.097711     11.992895
   2.10009     12.187571     12.094654
   2.06450     12.168504     12.075525
   2.02891     12.164387     12.068640
   2.02891     12.164387     12.068640
   1.99331     12.145295     12.054544
   1.95772     12.095128     12.015370
   1.92212     12.027996     11.958185
   1.88652     11.955359     11.956620
   1.85093     12.015933     12.044437
   1.81533     12.159246     12.134418
   1.77973     12.187776     12.152568
   1.74414     12.245239     12.223336
   1.70854     12.312474     12.320146
   1.67295     12.327699     12.408990
   1.63735     12.275745     12.347243
   1.60175     12.230353     12.294524
   1.56616     12.225528     12.100742
   1.53056     12.186211     11.931567
   1.49496     12.103769     12.019065
   1.45937     11.983226     12.008672
   1.42377     12.077514     12.097094
   1.38817     12.034988     12.068097
   1.35258     11.968114     11.967107
   1.35258     11.968115     11.967107
   1.31698     12.069261     12.033779
   1.28139     12.099076     12.074833
   1.24580     12.010161     11.982267
   1.21021     12.020568     12.104503
   1.17462     11.933086     12.185783
   1.13903     12.101304     12.224615
   1.10343     12.295697     12.229732
   1.06784     12.348978     12.275294
   1.03225     12.410673     12.327016
   0.99666     12.321798     12.310970
   0.96107     12.224932     12.243520
   0.92548     12.154018     12.389893
   0.88988     12.135592     12.157436
   0.85429     12.105096     12.024478
   0.81870     11.957634     11.956600
   0.78311     11.959769     12.029224
   0.74752     12.016898     12.096345
   0.71193     12.056027     12.146505
   0.67633     12.070106     12.165593
   0.67633     12.070106     12.165593
   0.64074     12.076511     12.168984
   0.60514     12.094765     12.187204
   0.56954     11.994324     12.096383
   0.53395     11.770980     12.110212
   0.49835     11.782627     11.932388
   0.46275     11.711345     11.761254
   0.42716     11.591440     11.589250
   0.39156     11.501644     11.437686
   0.35597     11.277715     11.224624
   0.32037     11.094980     11.136631
   0.28477     11.044414     11.064754
   0.24918     11.099318     11.067015
   0.21358     11.161424     11.086931
   0.17798     11.176990     11.078113
   0.14239     11.100534     11.032334
   0.10679     10.982933     10.961539
   0.07119     10.733039     10.882399
   0.03560     10.685766     10.795222
   0.00000     10.703662     10.703559
 
# Band-Index   47
   0.00000     10.767414     10.767179
   0.03560     10.810800     10.803415
   0.07119     10.916229     10.961154
   0.10679     11.016784     11.051300
   0.14239     11.193767     11.145398
   0.17798     11.292016     11.246715
   0.21358     11.379291     11.369267
   0.24918     11.521040     11.512282
   0.28477     11.628963     11.670557
   0.32037     11.672082     11.674220
   0.35597     11.650433     11.595904
   0.39156     11.574491     11.491886
   0.42716     11.740733     11.683648
   0.46275     11.952031     11.932354
   0.49835     11.906100     12.132675
   0.53395     12.025324     12.158872
   0.56954     12.117227     12.203413
   0.60514     12.210769     12.244630
   0.64074     12.364945     12.396650
   0.67633     12.418382     12.447252
   0.67633     12.418384     12.447252
   0.71193     12.343903     12.412151
   0.74752     12.243307     12.346405
   0.78311     12.183948     12.281235
   0.81870     12.157163     12.229762
   0.85429     12.944455     12.198760
   0.88988     12.186836     12.176282
   0.92548     12.385683     12.737213
   0.96107     12.575322     12.582444
   0.99666     12.529304     12.515370
   1.03225     12.433268     12.485287
   1.06784     12.487116     12.489304
   1.10343     12.335040     12.374903
   1.13903     12.270554     12.267732
   1.17462     12.241155     12.269703
   1.21021     12.233054     12.183270
   1.24580     12.240521     12.218816
   1.28139     12.194875     12.156127
   1.31698     12.155427     12.140678
   1.35258     12.064857     12.063092
   1.35258     12.064857     12.063092
   1.38817     12.142729     12.154962
   1.42377     12.157788     12.194814
   1.45937     12.220274     12.240289
   1.49496     12.185111     12.232692
   1.53056     12.269510     12.240597
   1.56616     12.268445     12.269823
   1.60175     12.375697     12.334063
   1.63735     12.490138     12.485140
   1.67295     12.487506     12.431132
   1.70854     12.516817     12.526730
   1.74414     12.583927     12.574208
   1.77973     12.403947     12.386335
   1.81533     12.176785     12.186620
   1.85093     12.194127     12.143936
   1.88652     12.229874     12.156050
   1.92212     12.281290     12.183024
   1.95772     12.346471     12.242545
   1.99331     12.412318     12.343193
   2.02891     12.448318     12.417413
   2.02891     12.448318     12.417413
   2.06450     12.396156     12.363847
   2.10009     12.244306     12.209427
   2.13569     12.204300     12.117707
   2.17128     12.160042     12.023718
   2.20687     12.134148     11.904338
   2.24246     11.934341     11.950703
   2.27805     11.685878     11.737378
   2.31364     11.492067     11.573021
   2.34924     11.595523     11.649149
   2.38483     11.674339     11.670510
   2.42042     11.673356     11.626965
   2.45601     11.515223     11.519068
   2.49160     11.372331     11.377344
   2.52719     11.250038     11.292994
   2.56279     11.149005     11.214922
   2.59838     11.056185     11.015861
   2.63397     10.966881     10.948226
   2.66956     10.898343     10.912458
   2.70515     11.290913     11.113074
   2.70515     11.290913     11.113074
   2.75549     10.909119     10.925683
   2.80583     11.010839     11.046270
   2.85617     11.092988     11.076364
   2.90650     11.243204     11.372812
   2.95684     11.467017     11.512946
   3.00718     11.593293     11.545848
   3.05752     11.844451     11.846219
   3.10786     11.752032     12.249110
   3.15819     12.321554     12.350039
   3.20853     12.406170     12.383368
   3.25887     12.494918     12.416971
   3.30921     12.480556     12.175654
   3.35954     12.125334     12.148402
   3.40988     12.199410     12.199116
   3.46022     12.239879     12.238510
   3.51056     12.270512     12.268784
   3.56089     12.187613     12.185916
   3.61123     12.200293     12.199182
   3.66157     12.064857     12.063092
 
# Band-Index   48
   3.66157     12.442929     12.440313
   3.61123     12.278427     12.275739
   3.56089     12.230029     12.229388
   3.51056     12.359776     12.359460
   3.46022     12.468282     12.466206
   3.40988     12.732862     12.712805
   3.35954     12.794182     12.801177
   3.30921     12.755945     12.784886
   3.25887     12.619010     12.703833
   3.20853     12.509063     12.534120
   3.15819     12.422585     12.476129
   3.10786     12.335315     12.436083
   3.05752     12.057448     12.209467
   3.00718     11.744004     12.010644
   2.95684     11.732387     11.787757
   2.90650     11.656125     11.530683
   2.85617     11.624994     11.233221
   2.80583     11.524823     11.199895
   2.75549     11.344787     11.377001
   2.70515     11.301473     11.415900
   2.70515     11.301473     11.415900
   2.66956     11.318288     11.361045
   2.63397     11.411921     11.341535
   2.59838     11.536847     11.327396
   2.56279     11.608847     11.307783
   2.52719     11.564654     11.369822
   2.49160     11.591327     11.461037
   2.45601     11.636389     11.545001
   2.42042     11.680332     11.680328
   2.38483     11.840372     11.843545
   2.34924     11.951845     11.882952
   2.31364     12.053382     11.929856
   2.27805     12.179070     12.009589
   2.24246     12.316507     11.973041
   2.20687     12.247397     12.121571
   2.17128     12.202404     12.135600
   2.13569     12.300720     12.190434
   2.10009     12.493026     12.363152
   2.06450     12.541846     12.525953
   2.02891     12.456143     12.595822
   2.02891     12.456143     12.595822
   1.99331     12.488492     12.558704
   1.95772     12.570171     12.603022
   1.92212     12.678354     12.696801
   1.88652     12.775924     12.804789
   1.85093     12.832874     12.872547
   1.81533     12.813161     12.857832
   1.77973     12.727027     12.772816
   1.74414     12.666623     12.702706
   1.70854     12.681527     12.721154
   1.67295     12.600519     12.631369
   1.63735     12.535456     12.521636
   1.60175     12.559393     12.514111
   1.56616     12.443683     12.447239
   1.53056     12.272093     12.407870
   1.49496     12.326784     12.418704
   1.45937     12.349617     12.436438
   1.42377     12.280802     12.329843
   1.38817     12.282533     12.305785
   1.35258     12.442929     12.440313
   1.35258     12.442929     12.440312
   1.31698     12.307525     12.278794
   1.28139     12.329976     12.278410
   1.24580     12.437288     12.346724
   1.21021     12.419855     12.324560
   1.17462     12.408984     12.272601
   1.13903     12.448319     12.443767
   1.10343     12.515092     12.558631
   1.06784     12.524527     12.579372
   1.03225     12.635592     12.599389
   0.99666     12.725678     12.680229
   0.96107     12.703335     12.665096
   0.92548     12.774992     12.951595
   0.88988     12.859502     12.811431
   0.85429     13.137247     12.908583
   0.81870     12.806075     12.774265
   0.78311     12.697786     12.677463
   0.74752     12.603972     12.569676
   0.71193     12.559624     12.488150
   0.67633     12.595411     12.456668
   0.67633     12.595411     12.456670
   0.64074     12.527060     12.541291
   0.60514     12.364217     12.492207
   0.56954     12.191692     12.299893
   0.53395     12.134960     12.201236
   0.49835     12.121811     12.246205
   0.46275     11.975792     12.314464
   0.42716     12.012244     12.176217
   0.39156     11.932620     12.050790
   0.35597     11.885137     11.949388
   0.32037     11.842228     11.837715
   0.28477     11.682120     11.679038
   0.24918     11.545608     11.632170
   0.21358     11.448630     11.564201
   0.17798     11.331306     11.454510
   0.14239     11.227998     11.312509
   0.10679     11.050600     11.149115
   0.07119     10.949899     10.970038
   0.03560     10.903613     10.901809
   0.00000     10.885527     10.882631
 
# Band-Index   49
   0.00000     11.388272     11.397737
   0.03560     11.362503     11.409203
   0.07119     11.340492     11.458888
   0.10679     11.322873     11.509663
   0.14239     11.300968     11.588048
   0.17798     11.457441     11.669818
   0.21358     11.654762     11.693326
   0.24918     11.727369     11.744741
   0.28477     11.787927     11.795598
   0.32037     11.852290     11.859982
   0.35597     12.018827     12.003643
   0.39156     12.156618     12.150195
   0.42716     12.095084     12.253205
   0.46275     12.222962     12.315531
   0.49835     12.366979     12.403130
   0.53395     12.600012     12.617844
   0.56954     12.805127     12.855020
   0.60514     12.745883     12.734756
   0.64074     12.638129     12.667586
   0.67633     12.610416     12.757600
   0.67633     12.610416     12.757602
   0.71193     12.751484     12.802968
   0.74752     12.816620     12.863611
   0.78311     12.858344     12.918999
   0.81870     12.906031     12.968024
   0.85429     13.205906     13.117649
   0.88988     12.997260     12.987217
   0.92548     12.919023     13.052091
   0.96107     12.818775     12.851643
   0.99666     12.759321     12.765863
   1.03225     12.731269     12.691124
   1.06784     12.653507     12.629654
   1.10343     12.596988     12.595137
   1.13903     12.557364     12.658151
   1.17462     12.532793     12.615454
   1.21021     12.527661     12.525845
   1.24580     12.520772     12.472087
   1.28139     12.502097     12.452531
   1.31698     12.490735     12.446624
   1.35258     12.487303     12.482475
   1.35258     12.487310     12.482475
   1.38817     12.449345     12.485919
   1.42377     12.455621     12.497309
   1.45937     12.474429     12.515652
   1.49496     12.528187     12.523410
   1.53056     12.616582     12.528446
   1.56616     12.660352     12.553047
   1.60175     12.597540     12.594957
   1.63735     12.627007     12.651733
   1.67295     12.692414     12.729940
   1.70854     12.767163     12.758933
   1.74414     12.853029     12.814188
   1.77973     12.949602     12.914432
   1.81533     12.988977     12.995100
   1.85093     12.986199     12.957791
   1.88652     12.969110     12.906081
   1.92212     12.920878     12.858307
   1.95772     12.865938     12.816559
   1.99331     12.805246     12.751656
   2.02891     12.758953     12.609275
   2.02891     12.758953     12.609275
   2.06450     12.668620     12.638366
   2.10009     12.734885     12.745672
   2.13569     12.857332     12.802948
   2.17128     12.619951     12.596639
   2.20687     12.405322     12.364394
   2.24246     12.317694     12.219219
   2.27805     12.255309     12.093167
   2.31364     12.152577     12.155737
   2.34924     12.006186     12.017334
   2.38483     11.862422     11.850530
   2.42042     11.800116     11.875247
   2.45601     11.897105     11.807745
   2.49160     11.875242     11.685763
   2.52719     11.802900     11.537285
   2.56279     11.683979     11.407547
   2.59838     11.679638     11.528591
   2.63397     11.718269     11.581615
   2.66956     11.745589     11.554380
   2.70515     12.172101     12.490570
   2.70515     12.172101     12.490570
   2.75549     11.729917     11.662422
   2.80583     11.681735     11.589597
   2.85617     11.771412     11.731794
   2.90650     11.991543     11.911226
   2.95684     12.163534     12.137775
   3.00718     12.247535     12.114865
   3.05752     12.297117     12.239135
   3.10786     12.468256     12.434644
   3.15819     12.597089     12.536127
   3.20853     12.638188     12.576027
   3.25887     12.856901     12.851978
   3.30921     13.103333     13.102790
   3.35954     12.999099     13.001302
   3.40988     12.821336     12.814516
   3.46022     12.599686     12.614270
   3.51056     12.414734     12.413269
   3.56089     12.395014     12.393828
   3.61123     12.333030     12.330308
   3.66157     12.487310     12.482475
 
# Band-Index   50
   3.66157     12.564522     12.560475
   3.61123     12.741884     12.738586
   3.56089     12.979923     12.978098
   3.51056     12.910420     12.908999
   3.46022     12.932790     12.995059
   3.40988     12.945556     13.038022
   3.35954     13.239148     13.247062
   3.30921     13.251186     13.245579
   3.25887     13.121944     13.111987
   3.20853     13.155691     13.105722
   3.15819     12.884378     12.908517
   3.10786     12.584380     12.521429
   3.05752     12.371357     12.402478
   3.00718     12.354317     12.353976
   2.95684     12.480464     12.536781
   2.90650     12.573199     12.587608
   2.85617     12.798085     12.644921
   2.80583     12.941106     12.736832
   2.75549     13.081258     12.860625
   2.70515     13.136701     13.104585
   2.70515     13.136701     13.104585
   2.66956     13.046621     12.890474
   2.63397     12.967276     12.770911
   2.59838     12.884995     12.680492
   2.56279     12.763096     12.592164
   2.52719     12.702055     12.514807
   2.49160     12.637836     12.446575
   2.45601     12.502681     12.370015
   2.42042     12.052272     12.277294
   2.38483     12.137812     12.125264
   2.34924     12.242315     12.194722
   2.31364     12.341735     12.172282
   2.27805     12.379238     12.231695
   2.24246     12.363653     12.262456
   2.20687     12.560966     12.446706
   2.17128     12.801085     12.701555
   2.13569     12.877142     12.845077
   2.10009     12.834363     12.825828
   2.06450     12.805278     12.800846
   2.02891     12.792177     12.789185
   2.02891     12.792177     12.789185
   1.99331     12.845647     12.822064
   1.95772     13.010290     13.006720
   1.92212     13.206420     13.231422
   1.88652     13.275342     13.246874
   1.85093     13.168258     13.134619
   1.81533     13.055579     13.021875
   1.77973     13.011969     13.044260
   1.74414     13.041837     13.082168
   1.70854     13.181258     13.150821
   1.67295     13.179877     12.964545
   1.63735     13.015134     12.738410
   1.60175     12.799498     12.608811
   1.56616     12.662071     12.622629
   1.53056     12.620469     12.593208
   1.49496     12.608208     12.544774
   1.45937     12.613760     12.531351
   1.42377     12.626774     12.544502
   1.38817     12.632301     12.556007
   1.35258     12.564522     12.560475
   1.35258     12.564522     12.560478
   1.31698     12.560033     12.631123
   1.28139     12.548590     12.622699
   1.24580     12.535575     12.612594
   1.21021     12.549678     12.606931
   1.17462     12.597672     12.624275
   1.13903     12.625492     12.661107
   1.10343     12.612634     12.799165
   1.06784     12.740292     13.024572
   1.03225     12.965003     13.178269
   0.99666     13.152058     13.190825
   0.96107     13.084032     13.039194
   0.92548     13.046279     13.493531
   0.88988     13.026417     13.054132
   0.85429     13.497683     13.184645
   0.81870     13.251123     13.273497
   0.78311     13.231698     13.204938
   0.74752     13.006959     13.008902
   0.71193     12.822710     12.844112
   0.67633     12.789636     12.789713
   0.67633     12.789634     12.789713
   0.64074     12.801360     12.802853
   0.60514     12.826478     12.832023
   0.56954     12.845754     12.876052
   0.53395     12.705817     12.797992
   0.49835     12.450817     12.557884
   0.46275     12.262677     12.361561
   0.42716     12.231727     12.377805
   0.39156     12.173846     12.339898
   0.35597     12.196525     12.239968
   0.32037     12.121146     12.134947
   0.28477     12.005785     12.044962
   0.24918     11.854941     11.960460
   0.21358     11.689296     11.819209
   0.17798     11.655749     11.693253
   0.14239     11.669318     11.639187
   0.10679     11.661952     11.555994
   0.07119     11.558886     11.469160
   0.03560     11.566490     11.431184
   0.00000     11.423583     11.581876
 
# Band-Index   51
   0.00000     11.784553     12.704345
   0.03560     12.733929     11.776244
   0.07119     11.742659     11.761017
   0.10679     11.703662     11.743503
   0.14239     11.776874     11.745233
   0.17798     11.900785     11.807116
   0.21358     12.032359     11.889164
   0.24918     12.171600     11.966068
   0.28477     12.310567     12.113262
   0.32037     12.439403     12.272149
   0.35597     12.518376     12.423227
   0.39156     12.555381     12.544109
   0.42716     12.625881     12.645867
   0.46275     12.728376     12.748993
   0.49835     12.809775     12.827146
   0.53395     12.846307     12.859974
   0.56954     12.967181     12.995946
   0.60514     13.203965     13.223007
   0.64074     13.284285     13.258812
   0.67633     13.238723     13.189335
   0.67633     13.238725     13.189291
   0.71193     13.259036     13.218917
   0.74752     13.309777     13.293956
   0.78311     13.332681     13.348699
   0.81870     13.287617     13.278756
   0.85429     13.647228     13.358151
   0.88988     13.214734     13.233083
   0.92548     13.232530     13.732928
   0.96107     13.277571     13.258780
   0.99666     13.217988     13.337211
   1.03225     13.091349     13.255897
   1.06784     12.947193     13.041284
   1.10343     12.825562     12.873854
   1.13903     12.756522     12.742501
   1.17462     12.805350     13.290393
   1.21021     12.921399     12.855242
   1.24580     12.916980     12.996972
   1.28139     12.997585     13.030467
   1.31698     12.798628     12.789449
   1.35258     12.635530     12.634364
   1.35258     12.635492     12.634366
   1.38817     12.794063     12.796256
   1.42377     13.037088     12.996293
   1.45937     12.989198     12.915551
   1.49496     12.857543     12.920567
   1.53056     12.748434     12.804066
   1.56616     12.744723     12.753729
   1.60175     12.875820     12.822090
   1.63735     13.026679     12.943679
   1.67295     13.255369     13.088689
   1.70854     13.330949     13.219020
   1.74414     13.260901     13.276082
   1.77973     13.218380     13.230936
   1.81533     13.234931     13.212922
   1.85093     13.243270     13.213477
   1.88652     13.280074     13.283904
   1.92212     13.349224     13.329335
   1.95772     13.293388     13.307647
   1.99331     13.218121     13.257058
   2.02891     13.188472     13.236804
   2.02891     13.188472     13.236804
   2.06450     13.258742     13.282039
   2.10009     13.224989     13.200202
   2.13569     12.997066     12.962931
   2.17128     12.862253     12.845431
   2.20687     12.829314     12.808726
   2.24246     12.751287     12.727356
   2.27805     12.650085     12.625836
   2.31364     12.563744     12.563479
   2.34924     12.501579     12.569157
   2.38483     12.499201     12.625179
   2.42042     12.533776     12.725384
   2.45601     12.582196     12.795389
   2.49160     12.662500     12.830997
   2.52719     12.964420     12.871324
   2.56279     13.049852     12.833900
   2.59838     13.165407     13.020655
   2.63397     13.210297     13.201699
   2.66956     13.234695     13.254813
   2.70515     13.261894     13.263095
   2.70515     13.261894     13.263095
   2.75549     13.243802     13.234505
   2.80583     13.279429     13.152381
   2.85617     13.075154     13.065444
   2.90650     12.729267     12.808647
   2.95684     12.596330     12.563399
   3.00718     12.530904     12.523751
   3.05752     12.551442     12.604517
   3.10786     12.595071     12.613726
   3.15819     13.038896     13.067531
   3.20853     13.292913     13.257879
   3.25887     13.545146     13.545569
   3.30921     13.510368     13.495602
   3.35954     13.543157     13.536782
   3.40988     13.279558     13.264863
   3.46022     13.047265     13.045271
   3.51056     13.046902     13.062764
   3.56089     13.005471     13.002622
   3.61123     12.847966     12.844447
   3.66157     12.635492     12.634366
 
# Band-Index   52
   3.66157     13.326037     13.321590
   3.61123     13.171268     13.168498
   3.56089     13.104438     13.099791
   3.51056     13.195929     13.197774
   3.46022     13.467653     13.463202
   3.40988     13.756675     13.784437
   3.35954     13.550487     13.565521
   3.30921     13.752019     13.723187
   3.25887     13.896935     13.887320
   3.20853     13.603358     13.821444
   3.15819     13.382975     13.497653
   3.10786     13.350590     13.368740
   3.05752     13.126566     13.130477
   3.00718     12.998430     12.945988
   2.95684     13.047933     13.017096
   2.90650     13.092395     13.125749
   2.85617     13.417581     13.271653
   2.80583     13.447951     13.321041
   2.75549     13.437154     13.382351
   2.70515     13.456486     13.602208
   2.70515     13.456486     13.602208
   2.66956     13.401279     13.474381
   2.63397     13.392790     13.236661
   2.59838     13.426727     13.106689
   2.56279     13.033584     13.061284
   2.52719     13.118689     12.963668
   2.49160     13.113458     12.948138
   2.45601     13.095060     12.857242
   2.42042     13.048836     12.757843
   2.38483     12.997385     12.661328
   2.34924     12.935988     12.601127
   2.31364     12.903968     12.670484
   2.27805     12.951825     12.852488
   2.24246     13.095911     13.078360
   2.20687     13.259074     13.223786
   2.17128     13.164808     13.132638
   2.13569     13.052915     13.052712
   2.10009     13.262740     13.246187
   2.06450     13.484140     13.496587
   2.02891     13.483776     13.500296
   2.02891     13.483776     13.500296
   1.99331     13.494989     13.508203
   1.95772     13.501252     13.512785
   1.92212     13.422234     13.421465
   1.88652     13.409340     13.458008
   1.85093     13.422042     13.522604
   1.81533     13.438106     13.536455
   1.77973     13.509721     13.580953
   1.74414     13.569414     13.460133
   1.70854     13.485322     13.310240
   1.67295     13.431756     13.379574
   1.63735     13.560269     13.525306
   1.60175     13.509336     13.502737
   1.56616     13.464064     13.455861
   1.53056     13.344182     13.268342
   1.49496     13.142636     13.055755
   1.45937     13.027301     13.067938
   1.42377     13.184841     13.043207
   1.38817     13.203931     13.189889
   1.35258     13.326037     13.321590
   1.35258     13.326033     13.321614
   1.31698     13.191768     13.201439
   1.28139     13.044886     13.085157
   1.24580     13.359790     13.336561
   1.21021     13.055388     13.139683
   1.17462     13.267857     13.423152
   1.13903     13.460036     13.462849
   1.10343     13.506884     13.508061
   1.06784     13.535863     13.561164
   1.03225     13.379668     13.429545
   0.99666     13.310701     13.484596
   0.96107     13.458651     13.566276
   0.92548     13.582063     13.817199
   0.88988     13.538102     13.437353
   0.85429     13.692828     13.618804
   0.81870     13.458636     13.407712
   0.78311     13.425064     13.420496
   0.74752     13.514812     13.500564
   0.71193     13.509605     13.494571
   0.67633     13.501676     13.483349
   0.67633     13.501662     13.483348
   0.64074     13.498506     13.483527
   0.60514     13.249710     13.260634
   0.56954     13.054641     13.049988
   0.53395     13.130834     13.163501
   0.49835     13.215524     13.253446
   0.46275     13.077544     13.093337
   0.42716     12.853647     12.950060
   0.39156     12.672344     12.873817
   0.35597     12.598162     12.783913
   0.32037     12.561544     12.765060
   0.28477     12.470740     12.774084
   0.24918     12.454610     12.747362
   0.21358     12.478848     12.743172
   0.17798     12.539204     12.752997
   0.14239     12.616196     12.765826
   0.10679     12.695627     12.757478
   0.07119     12.746432     12.743326
   0.03560     12.753702     12.735629
   0.00000     12.735597     12.740669
 
# Band-Index   53
   0.00000     12.750283     12.947405
   0.03560     12.934487     12.754210
   0.07119     12.772900     12.766418
   0.10679     12.800423     12.772453
   0.14239     12.835564     12.776743
   0.17798     12.870199     12.795434
   0.21358     12.885320     12.804269
   0.24918     12.875227     12.798851
   0.28477     12.784149     12.778236
   0.32037     12.676817     12.839101
   0.35597     12.734603     12.907050
   0.39156     12.923701     12.901430
   0.42716     13.096870     13.037954
   0.46275     13.203203     13.206513
   0.49835     13.315628     13.285299
   0.53395     13.492212     13.481272
   0.56954     13.539319     13.526041
   0.60514     13.536747     13.522311
   0.64074     13.556459     13.553005
   0.67633     13.721903     13.743316
   0.67633     13.721907     13.743293
   0.71193     13.657224     13.695797
   0.74752     13.557661     13.600978
   0.78311     13.504587     13.545338
   0.81870     13.566097     13.625328
   0.85429     13.923634     13.728932
   0.88988     13.689185     13.770828
   0.92548     13.637678     13.941005
   0.96107     13.497915     13.672381
   0.99666     13.399691     13.500893
   1.03225     13.499745     13.534905
   1.06784     13.561928     13.569206
   1.10343     13.567676     13.605151
   1.13903     13.462958     13.517706
   1.17462     13.419616     13.691534
   1.21021     13.386125     13.391580
   1.24580     13.389148     13.366326
   1.28139     13.266968     13.191106
   1.31698     13.329826     13.337217
   1.35258     13.334570     13.333607
   1.35258     13.334565     13.333622
   1.38817     13.338188     13.325446
   1.42377     13.341973     13.266863
   1.45937     13.367311     13.355576
   1.49496     13.392808     13.381902
   1.53056     13.425014     13.415290
   1.56616     13.520521     13.463012
   1.60175     13.607766     13.567153
   1.63735     13.567902     13.555389
   1.67295     13.537117     13.499646
   1.70854     13.498548     13.399717
   1.74414     13.677681     13.507710
   1.77973     13.752516     13.638483
   1.81533     13.771147     13.687780
   1.85093     13.728507     13.646546
   1.88652     13.624818     13.564312
   1.92212     13.545320     13.501976
   1.95772     13.601780     13.553968
   1.99331     13.696392     13.653635
   2.02891     13.743301     13.718776
   2.02891     13.743301     13.718776
   2.06450     13.554567     13.553303
   2.10009     13.522741     13.535205
   2.13569     13.526514     13.537377
   2.17128     13.484823     13.489804
   2.20687     13.288600     13.318410
   2.24246     13.235971     13.224480
   2.27805     13.206983     13.198111
   2.31364     13.187944     13.174915
   2.34924     13.166858     13.156358
   2.38483     13.150724     13.138620
   2.42042     13.141424     13.123482
   2.45601     13.155992     13.121823
   2.49160     13.196231     13.157614
   2.52719     13.489755     13.248511
   2.56279     13.465929     13.357215
   2.59838     13.633537     13.459817
   2.63397     13.715345     13.520593
   2.66956     13.797813     13.713457
   2.70515     13.824719     13.822058
   2.70515     13.824719     13.822058
   2.75549     13.748548     13.636884
   2.80583     13.531747     13.483120
   2.85617     13.569947     13.383377
   2.90650     13.321971     13.385144
   2.95684     13.508755     13.573102
   3.00718     13.323279     13.393390
   3.05752     13.607407     13.686257
   3.10786     13.512108     13.715128
   3.15819     13.792702     13.820740
   3.20853     13.879036     13.835467
   3.25887     14.012263     14.034489
   3.30921     14.094408     14.119143
   3.35954     14.041382     14.052280
   3.40988     13.768902     13.796312
   3.46022     13.725579     13.793470
   3.51056     13.321457     13.282574
   3.56089     13.166624     13.209344
   3.61123     13.243481     13.240138
   3.66157     13.334565     13.333622
 
# Band-Index   54
   3.66157     13.444184     13.423094
   3.61123     13.436518     13.448260
   3.56089     13.230660     13.318064
   3.51056     13.531473     13.575037
   3.46022     13.885399     14.019671
   3.40988     14.187592     14.263738
   3.35954     14.383557     14.418130
   3.30921     14.143060     14.107723
   3.25887     14.079845     14.127062
   3.20853     14.147128     14.242314
   3.15819     13.944723     13.944441
   3.10786     13.871574     13.769363
   3.05752     13.793536     13.762779
   3.00718     13.757026     13.676886
   2.95684     13.855355     13.594192
   2.90650     13.674384     13.540761
   2.85617     13.839446     13.765158
   2.80583     13.988303     13.727133
   2.75549     14.098135     13.800421
   2.70515     14.243232     14.068582
   2.70515     14.243232     14.068582
   2.66956     14.153251     13.802191
   2.63397     14.107901     13.661185
   2.59838     14.022965     13.578854
   2.56279     13.599158     13.474074
   2.52719     13.652494     13.512112
   2.49160     13.510786     13.573539
   2.45601     13.544256     13.617389
   2.42042     13.580088     13.638254
   2.38483     13.607635     13.639449
   2.34924     13.616289     13.622695
   2.31364     13.605763     13.585955
   2.27805     13.575287     13.534689
   2.24246     13.516722     13.466044
   2.20687     13.464023     13.430969
   2.17128     13.487729     13.551392
   2.13569     13.619686     13.684069
   2.10009     13.604517     13.617851
   2.06450     13.682286     13.619834
   2.02891     13.822692     13.807220
   2.02891     13.822692     13.807220
   1.99331     13.733777     13.717970
   1.95772     13.614356     13.597134
   1.92212     13.588861     13.581586
   1.88652     13.627838     13.613519
   1.85093     13.767555     13.748650
   1.81533     13.861284     13.811022
   1.77973     13.815808     13.739240
   1.74414     13.710224     13.708944
   1.70854     13.675971     13.671939
   1.67295     13.615976     13.612445
   1.63735     13.652315     13.608595
   1.60175     13.731321     13.719542
   1.56616     13.754777     13.775426
   1.53056     13.732202     13.746084
   1.49496     13.697722     13.677375
   1.45937     13.368237     13.659490
   1.42377     13.765258     13.336509
   1.38817     13.366218     13.378319
   1.35258     13.444184     13.423094
   1.35258     13.444224     13.423623
   1.31698     13.537942     13.412072
   1.28139     13.341070     13.348063
   1.24580     13.686593     13.523531
   1.21021     13.671038     13.591857
   1.17462     13.696349     13.756317
   1.13903     13.727775     13.742564
   1.10343     13.718103     13.717738
   1.06784     13.897618     13.829301
   1.03225     13.617674     13.614352
   0.99666     13.676396     13.692575
   0.96107     13.689503     13.690118
   0.92548     13.690078     14.059292
   0.88988     13.801306     13.856703
   0.85429     13.995562     13.770101
   0.81870     13.615046     13.627305
   0.78311     13.583605     13.588020
   0.74752     13.600722     13.612412
   0.71193     13.721840     13.731403
   0.67633     13.810274     13.820159
   0.67633     13.810271     13.820150
   0.64074     13.623607     13.681121
   0.60514     13.620518     13.603935
   0.56954     13.685587     13.618235
   0.53395     13.544999     13.486390
   0.49835     13.426861     13.450953
   0.46275     13.333178     13.292599
   0.42716     13.130385     13.222814
   0.39156     12.933486     13.145256
   0.35597     12.802108     13.026904
   0.32037     12.762221     13.045129
   0.28477     12.800132     13.091539
   0.24918     13.101304     13.123399
   0.21358     12.973002     13.102168
   0.17798     13.001542     13.066092
   0.14239     12.979476     13.021583
   0.10679     12.935028     12.986605
   0.07119     12.916784     12.972702
   0.03560     13.277666     12.974197
   0.00000     12.979536     13.270814
 
# Band-Index   55
   0.00000     13.271101     13.416111
   0.03560     13.421206     13.273297
   0.07119     13.318271     13.261091
   0.10679     13.365773     13.239356
   0.14239     13.353905     13.219732
   0.17798     13.243519     13.198320
   0.21358     13.157161     13.177810
   0.24918     13.597469     13.174044
   0.28477     13.137290     13.173981
   0.32037     13.158808     13.184306
   0.35597     13.178610     13.194301
   0.39156     13.197624     13.204531
   0.42716     13.229731     13.316178
   0.46275     13.340177     13.499332
   0.49835     13.539848     13.547148
   0.53395     13.704629     13.770677
   0.56954     13.819499     13.811167
   0.60514     13.925506     13.841083
   0.64074     13.927028     13.875353
   0.67633     13.815790     13.827023
   0.67633     13.815809     13.826966
   0.71193     13.864974     13.841250
   0.74752     13.929906     13.871138
   0.78311     13.942380     13.907604
   0.81870     13.930108     13.943997
   0.85429     14.278427     13.982914
   0.88988     13.930812     14.012703
   0.92548     13.817484     14.598149
   0.96107     13.737786     13.777704
   0.99666     13.856647     14.144991
   1.03225     13.906381     13.806036
   1.06784     14.830347     14.573978
   1.10343     13.772713     13.811535
   1.13903     13.806047     13.777687
   1.17462     13.828849     13.957352
   1.21021     13.681279     13.766932
   1.24580     13.828695     13.812507
   1.28139     13.693308     13.743242
   1.31698     13.742501     13.750219
   1.35258     13.696225     13.697181
   1.35258     13.695692     13.696373
   1.38817     13.691795     13.735456
   1.42377     14.123090     13.753994
   1.45937     13.788706     14.034086
   1.49496     13.969596     13.927977
   1.53056     13.927669     13.925280
   1.56616     13.911484     13.895619
   1.60175     13.889547     13.899296
   1.63735     13.869410     13.918278
   1.67295     13.805138     13.906360
   1.70854     13.720627     13.819901
   1.74414     13.783249     13.737650
   1.77973     13.953551     13.814499
   1.81533     14.012875     13.928403
   1.85093     13.982084     13.934188
   1.88652     13.944785     13.931334
   1.92212     13.907958     13.941417
   1.95772     13.871125     13.927314
   1.99331     13.841695     13.861935
   2.02891     13.828020     13.812327
   2.02891     13.828020     13.812327
   2.06450     13.876217     13.925094
   2.10009     13.843338     13.927591
   2.13569     13.828941     13.836463
   2.17128     13.889357     13.923206
   2.20687     13.974259     14.003276
   2.24246     14.128807     14.135832
   2.27805     14.264858     14.236266
   2.31364     14.307665     14.254975
   2.34924     14.265936     14.209438
   2.38483     14.185926     14.131899
   2.42042     14.098668     14.055219
   2.45601     14.030123     13.981004
   2.49160     13.983712     13.911171
   2.52719     14.167342     13.834644
   2.56279     14.283572     13.731439
   2.59838     14.406804     13.824837
   2.63397     14.488219     14.194435
   2.66956     14.471555     14.429079
   2.70515     14.506051     14.703429
   2.70515     14.506051     14.703429
   2.75549     14.461068     14.336325
   2.80583     14.384971     14.316385
   2.85617     14.341573     14.117422
   2.90650     14.260275     14.081125
   2.95684     14.508678     14.484409
   3.00718     14.778030     14.846396
   3.05752     14.771133     14.791474
   3.10786     14.567676     14.561355
   3.15819     14.501579     14.405748
   3.20853     14.387562     14.347002
   3.25887     14.108296     14.180862
   3.30921     14.580252     14.282859
   3.35954     14.406694     14.437912
   3.40988     14.563439     14.543956
   3.46022     14.020574     14.604778
   3.51056     14.106562     14.111747
   3.56089     13.955500     14.031438
   3.61123     13.764891     13.772764
   3.66157     13.695692     13.696373
 
# Band-Index   56
   3.66157     13.953095     14.022669
   3.61123     14.120062     14.195770
   3.56089     14.225521     14.346065
   3.51056     14.471470     14.490134
   3.46022     14.633827     14.735061
   3.40988     14.587927     14.716146
   3.35954     14.683096     14.612386
   3.30921     15.030623     14.923594
   3.25887     14.802648     14.819990
   3.20853     14.589408     14.525156
   3.15819     14.748043     14.857646
   3.10786     14.966819     15.015334
   3.05752     15.188372     15.117738
   3.00718     15.349898     15.204720
   2.95684     15.491362     15.358762
   2.90650     15.338037     14.213582
   2.85617     15.115898     14.321247
   2.80583     14.911772     14.415162
   2.75549     14.733721     14.632599
   2.70515     14.711528     14.710886
   2.70515     14.711528     14.710886
   2.66956     14.724818     14.605784
   2.63397     14.868890     14.426683
   2.59838     15.126791     14.351777
   2.56279     15.205901     14.296383
   2.52719     15.179881     14.283514
   2.49160     15.182338     14.621375
   2.45601     15.211697     14.782434
   2.42042     15.242786     15.124598
   2.38483     15.278586     15.198325
   2.34924     15.123189     15.236241
   2.31364     14.913374     15.078686
   2.27805     14.767875     14.899376
   2.24246     14.672388     14.711650
   2.20687     14.504137     14.512799
   2.17128     14.271504     14.297595
   2.13569     13.886806     13.907433
   2.10009     13.896738     13.930498
   2.06450     13.892192     13.954940
   2.02891     13.945461     13.922264
   2.02891     13.945461     13.922264
   1.99331     13.936331     13.949237
   1.95772     13.936052     13.952191
   1.92212     13.941904     13.981049
   1.88652     13.957339     14.010274
   1.85093     13.996675     13.998711
   1.81533     14.036364     14.016156
   1.77973     14.095501     14.098731
   1.74414     14.155121     14.140203
   1.70854     14.200461     14.155815
   1.67295     14.194205     14.180540
   1.63735     14.161653     14.185427
   1.60175     14.158075     14.198749
   1.56616     14.189423     14.312181
   1.53056     14.170152     14.472462
   1.49496     14.675028     14.648636
   1.45937     13.847068     14.909751
   1.42377     15.006937     13.831462
   1.38817     13.773842     13.869237
   1.35258     13.953095     14.022669
   1.35258     13.956509     14.023843
   1.31698     13.995928     14.193835
   1.28139     13.834798     13.798563
   1.24580     14.262285     14.054941
   1.21021     13.923140     13.895158
   1.17462     13.959096     14.113534
   1.13903     14.015128     13.975984
   1.10343     14.014706     13.944634
   1.06784     15.102008     15.159429
   1.03225     14.157140     14.162621
   0.99666     14.096817     14.447583
   0.96107     14.054354     14.153061
   0.92548     14.098847     14.701670
   0.88988     14.014098     14.025240
   0.85429     14.333250     14.301246
   0.81870     14.011227     13.951506
   0.78311     13.982977     13.938910
   0.74752     13.954164     13.936924
   0.71193     13.952344     13.934520
   0.67633     13.926890     13.943136
   0.67633     13.926838     13.944051
   0.64074     13.956559     13.889951
   0.60514     13.928655     13.894149
   0.56954     13.909261     13.884128
   0.53395     13.834719     13.788246
   0.49835     13.618006     13.671106
   0.46275     13.528477     13.555139
   0.42716     13.562076     13.603856
   0.39156     13.601901     13.628361
   0.35597     13.629917     13.631132
   0.32037     13.642080     13.640718
   0.28477     13.635098     13.583914
   0.24918     13.864622     13.560827
   0.21358     13.560024     13.508921
   0.17798     13.501145     13.493262
   0.14239     13.444213     13.503035
   0.10679     13.476875     13.474701
   0.07119     13.471497     13.416130
   0.03560     13.479507     13.403200
   0.00000     13.436570     13.456438
 
# Band-Index   57
   0.00000     13.483693     13.832340
   0.03560     13.762137     13.549641
   0.07119     13.638993     13.640458
   0.10679     13.593104     13.624515
   0.14239     13.648593     13.635670
   0.17798     13.743828     13.736808
   0.21358     13.845345     13.855915
   0.24918     14.033078     14.008289
   0.28477     14.036915     14.085817
   0.32037     14.124939     14.210288
   0.35597     14.200998     14.266972
   0.39156     14.246846     14.308595
   0.42716     14.231556     14.268232
   0.46275     14.141217     14.141161
   0.49835     14.019822     14.003961
   0.53395     13.930724     13.924222
   0.56954     14.168566     14.152108
   0.60514     14.343632     14.324322
   0.64074     14.255882     14.240227
   0.67633     14.111385     14.029767
   0.67633     14.111450     14.029392
   0.71193     14.180628     14.143503
   0.74752     14.331304     14.337028
   0.78311     14.421315     14.432949
   0.81870     14.396271     14.402404
   0.85429     14.721069     14.351207
   0.88988     14.181450     14.207233
   0.92548     14.116602     14.868068
   0.96107     14.146860     14.488789
   0.99666     14.215012     14.975227
   1.03225     14.829504     14.517628
   1.06784     15.143871     15.280225
   1.10343     14.222953     14.158470
   1.13903     14.266250     14.169358
   1.17462     14.193700     14.414140
   1.21021     14.128375     13.972189
   1.24580     14.557509     14.648818
   1.28139     14.268982     14.312093
   1.31698     14.230943     14.276755
   1.35258     14.263081     14.290044
   1.35258     14.262130     14.290260
   1.38817     14.288082     14.320858
   1.42377     15.150050     14.362213
   1.45937     14.308144     15.131995
   1.49496     15.231285     15.312070
   1.53056     14.884897     15.235424
   1.56616     14.895355     15.098884
   1.60175     14.733404     14.940557
   1.63735     14.592412     14.823828
   1.67295     14.452681     14.772875
   1.70854     14.560145     14.677498
   1.74414     14.524367     14.476389
   1.77973     14.423546     14.273401
   1.81533     14.304157     14.195501
   1.85093     14.343272     14.283305
   1.88652     14.442243     14.411871
   1.92212     14.466248     14.442483
   1.95772     14.322119     14.327942
   1.99331     14.142767     14.176628
   2.02891     14.031049     14.108716
   2.02891     14.031049     14.108716
   2.06450     14.242713     14.257551
   2.10009     14.448767     14.466671
   2.13569     14.390628     14.524716
   2.17128     14.436047     14.558248
   2.20687     14.556512     14.710554
   2.24246     14.731551     14.831172
   2.27805     14.960063     14.940862
   2.31364     15.111666     15.129524
   2.34924     15.233804     15.339540
   2.38483     15.296108     15.490298
   2.42042     15.446577     15.643763
   2.45601     15.627376     15.819378
   2.49160     15.728982     15.912011
   2.52719     15.759281     15.829584
   2.56279     15.408057     15.419043
   2.59838     15.262829     15.270799
   2.63397     15.274586     15.445407
   2.66956     15.272294     15.289125
   2.70515     15.285459     15.260999
   2.70515     15.285459     15.260999
   2.75549     15.340833     15.290233
   2.80583     15.489797     15.373720
   2.85617     15.675541     15.419367
   2.90650     15.529176     15.397894
   2.95684     15.511915     15.507988
   3.00718     15.499274     15.493657
   3.05752     15.593154     15.535050
   3.10786     15.614746     15.348642
   3.15819     15.337245     15.149320
   3.20853     15.270162     15.182543
   3.25887     15.207334     15.413762
   3.30921     15.114097     15.040865
   3.35954     14.795158     14.759340
   3.40988     14.662325     14.748108
   3.46022     14.779882     14.883812
   3.51056     14.698046     14.803979
   3.56089     14.327658     14.528553
   3.61123     14.295857     14.325947
   3.66157     14.262130     14.290260
 
# Band-Index   58
   3.66157     14.884670     14.880495
   3.61123     14.952084     14.943859
   3.56089     14.450944     14.604693
   3.51056     14.720695     14.866680
   3.46022     14.930861     15.023801
   3.40988     14.727996     15.094334
   3.35954     15.193201     15.205495
   3.30921     15.183514     15.171084
   3.25887     15.413594     15.643290
   3.20853     15.854671     15.970590
   3.15819     15.982889     15.923130
   3.10786     15.818099     15.751146
   3.05752     16.000777     15.870342
   3.00718     16.121964     15.969050
   2.95684     16.050173     16.062988
   2.90650     15.895656     15.510718
   2.85617     15.721003     15.670911
   2.80583     15.892931     15.451032
   2.75549     16.004143     15.735286
   2.70515     16.131452     15.900638
   2.70515     16.131452     15.900638
   2.66956     16.055374     15.746151
   2.63397     15.966284     15.529672
   2.59838     15.892394     15.691201
   2.56279     15.752738     15.973358
   2.52719     15.800413     16.104688
   2.49160     15.929953     15.999098
   2.45601     15.729648     15.884107
   2.42042     15.536263     15.778341
   2.38483     15.387014     15.599930
   2.34924     15.346356     15.383542
   2.31364     15.296628     15.317449
   2.27805     15.261272     15.285690
   2.24246     15.230402     15.244008
   2.20687     15.201428     15.210614
   2.17128     15.170616     15.165105
   2.13569     14.828185     14.969707
   2.10009     14.645364     14.620809
   2.06450     14.413303     14.474330
   2.02891     14.251392     14.442479
   2.02891     14.251392     14.442479
   1.99331     14.294928     14.351214
   1.95772     14.389755     14.399991
   1.92212     14.511189     14.498838
   1.88652     14.588571     14.516677
   1.85093     14.623791     14.551526
   1.81533     14.616994     14.647233
   1.77973     14.692987     14.748102
   1.74414     14.795267     14.827948
   1.70854     14.950584     14.888572
   1.67295     14.947138     14.997125
   1.63735     14.919367     15.213490
   1.60175     15.452655     15.399604
   1.56616     15.354341     15.588450
   1.53056     15.311506     15.496152
   1.49496     15.387746     15.355917
   1.45937     14.539948     15.505830
   1.42377     15.686461     15.001107
   1.38817     14.923647     14.911286
   1.35258     14.884670     14.880495
   1.35258     14.884666     14.880402
   1.31698     14.912198     14.917492
   1.28139     14.999101     15.021074
   1.24580     14.775176     14.800083
   1.21021     14.634432     14.592965
   1.17462     14.440091     14.968020
   1.13903     14.465689     14.528801
   1.10343     14.577570     14.622925
   1.06784     15.325388     15.483201
   1.03225     15.059890     15.034362
   0.99666     14.956943     14.983065
   0.96107     14.491972     14.795386
   0.92548     14.293245     15.085672
   0.88988     14.199466     14.318398
   0.85429     14.771506     14.649797
   0.81870     14.426156     14.481639
   0.78311     14.501272     14.507955
   0.74752     14.395253     14.567246
   0.71193     14.438636     14.431934
   0.67633     14.331826     14.255863
   0.67633     14.325517     14.706348
   0.64074     14.414269     14.398275
   0.60514     14.429938     14.430818
   0.56954     14.478835     14.417499
   0.53395     14.365953     14.397114
   0.49835     14.516004     14.522241
   0.46275     14.676043     14.616511
   0.42716     14.785109     14.709754
   0.39156     14.646868     14.605597
   0.35597     14.469989     14.474334
   0.32037     14.302613     14.489088
   0.28477     14.137634     14.275429
   0.24918     14.269325     14.238928
   0.21358     13.926334     14.215358
   0.17798     13.911451     14.171746
   0.14239     13.946844     13.960006
   0.10679     13.783706     13.817804
   0.07119     13.665997     13.745614
   0.03560     13.903287     13.801237
   0.00000     13.833488     13.859800
 
# Band-Index   59
   0.00000     13.873289     14.334362
   0.03560     14.288892     13.892206
   0.07119     13.983201     13.952376
   0.10679     14.061032     14.044157
   0.14239     13.964062     14.156883
   0.17798     14.120933     14.223009
   0.21358     14.300960     14.293699
   0.24918     14.556679     14.563018
   0.28477     14.587187     14.574946
   0.32037     14.834697     14.903236
   0.35597     14.778210     14.751478
   0.39156     14.870285     14.796580
   0.42716     14.843962     14.729784
   0.46275     14.736948     14.684107
   0.49835     14.644702     14.532135
   0.53395     14.562896     14.454873
   0.56954     14.722638     14.716837
   0.60514     14.451225     14.466627
   0.64074     14.630812     14.616297
   0.67633     14.765620     14.726550
   0.67633     14.775328     14.742261
   0.71193     14.719929     14.688497
   0.74752     14.623740     14.645769
   0.78311     14.533652     14.555390
   0.81870     14.517071     14.592634
   0.85429     15.006567     14.734124
   0.88988     14.679777     14.672426
   0.92548     14.747163     15.853805
   0.96107     14.846167     14.992200
   0.99666     14.993092     15.048354
   1.03225     15.131328     15.295590
   1.06784     15.342904     15.636357
   1.10343     14.960241     14.788825
   1.13903     15.137045     14.942623
   1.17462     14.561237     15.237713
   1.21021     14.988682     15.076331
   1.24580     15.136823     15.153967
   1.28139     15.130371     15.185849
   1.31698     15.322808     15.455497
   1.35258     15.450245     15.464683
   1.35258     15.431304     15.464593
   1.38817     15.310853     15.321329
   1.42377     15.821090     15.133695
   1.45937     15.074604     15.851127
   1.49496     15.752887     15.790712
   1.53056     15.524094     15.753748
   1.56616     15.560590     15.625053
   1.60175     15.605869     15.438378
   1.63735     15.328657     15.224174
   1.67295     15.271706     15.148681
   1.70854     15.158575     15.068063
   1.74414     14.981952     15.024829
   1.77973     14.863395     14.906978
   1.81533     14.677011     14.793351
   1.85093     14.741628     14.705674
   1.88652     14.651986     14.630747
   1.92212     14.593184     14.552846
   1.95772     14.607252     14.633808
   1.99331     14.663376     14.718344
   2.02891     14.718606     14.764826
   2.02891     14.718606     14.764826
   2.06450     14.646371     14.700794
   2.10009     15.090003     15.104513
   2.13569     15.118937     15.136479
   2.17128     15.242035     15.334158
   2.20687     15.556974     15.536710
   2.24246     15.829684     15.731251
   2.27805     16.083817     15.872752
   2.31364     16.218275     15.919234
   2.34924     16.180917     15.901577
   2.38483     15.881204     15.901030
   2.42042     15.905429     15.953279
   2.45601     15.977353     16.004038
   2.49160     16.059726     16.130127
   2.52719     16.120509     16.206660
   2.56279     16.261370     16.066126
   2.59838     16.429192     16.184924
   2.63397     16.554783     16.299177
   2.66956     16.644508     16.450578
   2.70515     16.679403     16.639766
   2.70515     16.679403     16.639766
   2.75549     16.701333     16.373082
   2.80583     16.624099     16.117790
   2.85617     16.478534     15.790523
   2.90650     16.311601     15.887692
   2.95684     16.217969     16.143970
   3.00718     16.175782     16.273524
   3.05752     16.070916     16.039793
   3.10786     16.078755     15.997915
   3.15819     16.081703     16.060907
   3.20853     16.047313     16.002665
   3.25887     15.548563     15.701744
   3.30921     15.741366     15.534560
   3.35954     15.709866     15.660158
   3.40988     15.027990     15.402368
   3.46022     15.139551     15.465585
   3.51056     15.207647     15.173975
   3.56089     15.117331     15.128644
   3.61123     15.437768     15.368001
   3.66157     15.431304     15.464593
 
# Band-Index   60
   3.66157     15.779169     15.786313
   3.61123     15.807981     15.811653
   3.56089     15.141391     15.738813
   3.51056     15.559233     15.495684
   3.46022     15.355277     15.617565
   3.40988     15.470371     15.637806
   3.35954     16.008974     16.064366
   3.30921     16.114249     16.133535
   3.25887     15.707731     16.209899
   3.20853     16.084189     16.098886
   3.15819     16.271942     16.344369
   3.10786     16.348292     16.372080
   3.05752     16.309926     16.408488
   3.00718     16.428313     16.432051
   2.95684     16.453959     16.387439
   2.90650     16.485852     16.418501
   2.85617     16.553061     16.504522
   2.80583     16.614842     16.631906
   2.75549     16.700200     16.783198
   2.70515     16.844084     16.919682
   2.70515     16.844084     16.919682
   2.66956     16.709780     16.807519
   2.63397     16.595410     16.681291
   2.59838     16.483840     16.427767
   2.56279     16.339781     16.300873
   2.52719     16.196918     16.331099
   2.49160     16.083964     16.500762
   2.45601     16.415372     16.656762
   2.42042     16.394268     16.788771
   2.38483     16.400640     16.888554
   2.34924     16.523625     16.862166
   2.31364     16.437375     16.687432
   2.27805     16.517706     16.463926
   2.24246     16.190850     16.152307
   2.20687     15.805704     15.779408
   2.17128     15.437839     15.455913
   2.13569     15.137613     15.302336
   2.10009     15.246555     15.381446
   2.06450     14.746680     14.978186
   2.02891     14.764575     14.781854
   2.02891     14.764575     14.781854
   1.99331     14.766042     14.759671
   1.95772     14.745132     14.764802
   1.92212     14.667766     14.690575
   1.88652     14.762810     14.853311
   1.85093     14.986080     14.987286
   1.81533     14.876468     15.119485
   1.77973     15.252330     15.230147
   1.74414     15.158104     15.200445
   1.70854     15.249091     15.342681
   1.67295     15.315611     15.451102
   1.63735     15.575148     15.628448
   1.60175     15.810431     15.576349
   1.56616     15.719321     15.727697
   1.53056     15.569228     15.904021
   1.49496     16.071970     16.117788
   1.45937     15.193422     16.150741
   1.42377     16.024208     15.712898
   1.38817     15.739848     15.792826
   1.35258     15.779169     15.786313
   1.35258     15.781249     15.786513
   1.31698     15.739839     15.747756
   1.28139     15.704582     15.761121
   1.24580     15.588265     15.497368
   1.21021     15.293623     15.291743
   1.17462     15.212147     15.534099
   1.13903     15.338011     15.361773
   1.10343     15.258527     15.356233
   1.06784     15.504395     15.668862
   1.03225     15.287907     15.486783
   0.99666     15.328842     15.585543
   0.96107     14.885523     15.131746
   0.92548     14.821857     16.231424
   0.88988     14.780709     14.773834
   0.85429     15.658441     14.981183
   0.81870     14.634321     14.649899
   0.78311     14.569582     14.626509
   0.74752     14.737167     14.798591
   0.71193     14.799821     14.759499
   0.67633     14.827321     14.789379
   0.67633     14.784398     14.782626
   0.64074     14.681769     14.657111
   0.60514     14.610978     14.646057
   0.56954     15.032595     15.007653
   0.53395     14.924131     14.864531
   0.49835     14.982365     14.900811
   0.46275     14.944686     14.861801
   0.42716     14.846955     14.866397
   0.39156     14.903917     14.976212
   0.35597     14.901769     14.981014
   0.32037     15.242684     15.188886
   0.28477     14.655558     14.715078
   0.24918     15.264451     15.376873
   0.21358     14.402068     14.453603
   0.17798     14.271663     14.455546
   0.14239     14.157317     14.266378
   0.10679     14.062254     14.287260
   0.07119     14.176252     14.306746
   0.03560     14.571839     14.319176
   0.00000     14.324753     14.553334
 
# Band-Index   61
   0.00000     14.551003     14.776343
   0.03560     14.905333     14.540632
   0.07119     14.531818     14.523720
   0.10679     14.514927     14.505791
   0.14239     14.501447     14.491912
   0.17798     14.499549     15.383490
   0.21358     14.522784     14.505523
   0.24918     15.863970     15.807208
   0.28477     14.791180     14.760391
   0.32037     15.319750     15.379353
   0.35597     15.202655     15.110548
   0.39156     15.159535     15.025685
   0.42716     15.117634     15.063897
   0.46275     15.226449     15.182769
   0.49835     15.238996     15.257875
   0.53395     15.168862     15.184907
   0.56954     15.106604     15.089530
   0.60514     14.783456     14.724648
   0.64074     14.913427     14.805662
   0.67633     14.908936     14.892773
   0.67633     15.090338     15.051095
   0.71193     15.048830     14.983578
   0.74752     14.932883     15.396183
   0.78311     14.733391     14.710167
   0.81870     14.756833     14.756824
   0.85429     15.681682     15.332746
   0.88988     14.887462     14.898216
   0.92548     14.968743     16.816230
   0.96107     15.135524     15.650623
   0.99666     15.537573     16.186218
   1.03225     15.571435     15.779138
   1.06784     15.671913     15.744490
   1.10343     15.411493     15.533663
   1.13903     15.533100     15.637272
   1.17462     15.384446     15.595365
   1.21021     15.397275     15.366977
   1.24580     15.748356     15.684805
   1.28139     15.750202     15.765165
   1.31698     15.961797     16.118808
   1.35258     16.120122     16.115660
   1.35258     16.120140     16.115504
   1.38817     15.903905     15.931172
   1.42377     16.147304     15.808608
   1.45937     15.555115     16.323896
   1.49496     16.130629     16.192572
   1.53056     15.895960     16.065584
   1.56616     15.834973     16.001220
   1.60175     15.912643     15.915977
   1.63735     15.644470     15.830695
   1.67295     15.499457     15.857037
   1.70854     15.788537     15.861379
   1.74414     15.648993     15.714952
   1.77973     15.506895     15.508710
   1.81533     15.182031     15.318142
   1.85093     15.347969     15.139818
   1.88652     15.107143     15.111165
   1.92212     15.220977     15.204666
   1.95772     15.017408     15.133303
   1.99331     14.936468     14.979661
   2.02891     14.888476     14.909642
   2.02891     14.888476     14.909642
   2.06450     15.102437     15.105436
   2.10009     15.545129     15.590832
   2.13569     15.701304     15.773069
   2.17128     15.956500     15.940299
   2.20687     16.207276     16.153245
   2.24246     16.411233     16.361818
   2.27805     16.578303     16.587357
   2.31364     16.689400     16.816082
   2.34924     16.759298     16.928511
   2.38483     16.671266     17.020860
   2.42042     16.635177     16.945801
   2.45601     16.433856     16.943365
   2.49160     16.480339     16.929957
   2.52719     16.576355     16.530186
   2.56279     16.722407     16.693149
   2.59838     16.913413     16.927007
   2.63397     17.137742     17.136849
   2.66956     17.351251     17.292536
   2.70515     17.450259     17.413857
   2.70515     17.450259     17.413857
   2.75549     17.355686     17.320401
   2.80583     17.108024     17.083367
   2.85617     16.964712     16.819668
   2.90650     16.875539     16.570157
   2.95684     16.714453     16.904628
   3.00718     16.602745     16.438243
   3.05752     16.607431     16.574752
   3.10786     16.751582     16.736408
   3.15819     16.763952     16.811850
   3.20853     16.409033     16.369350
   3.25887     16.255672     16.586500
   3.30921     16.313414     16.414622
   3.35954     16.105306     16.188209
   3.40988     15.579431     15.810439
   3.46022     15.463432     16.119848
   3.51056     15.765165     15.764683
   3.56089     15.773789     15.817922
   3.61123     15.997500     15.942553
   3.66157     16.120140     16.115504
 
# Band-Index   62
   3.66157     16.339193     16.367784
   3.61123     16.478064     16.353972
   3.56089     15.909146     16.102721
   3.51056     16.038747     16.101210
   3.46022     16.125753     16.421357
   3.40988     15.683027     16.398133
   3.35954     16.490082     16.438702
   3.30921     16.734741     16.629490
   3.25887     16.752408     17.013386
   3.20853     16.807380     16.957890
   3.15819     16.868097     16.990031
   3.10786     16.884048     16.792592
   3.05752     16.791896     16.666658
   3.00718     16.732642     16.751877
   2.95684     16.933669     16.940377
   2.90650     17.108809     17.128640
   2.85617     17.453591     17.296160
   2.80583     17.659712     17.321406
   2.75549     17.838654     17.433355
   2.70515     17.827773     17.820428
   2.70515     17.827773     17.820428
   2.66956     17.760679     17.589285
   2.63397     17.764555     17.392557
   2.59838     17.886314     17.351148
   2.56279     17.628540     17.421087
   2.52719     17.350514     17.407603
   2.49160     17.074255     17.165520
   2.45601     16.859468     17.093712
   2.42042     16.824172     17.242718
   2.38483     17.086437     17.201354
   2.34924     16.907133     17.205992
   2.31364     16.948379     16.919642
   2.27805     16.676806     16.783562
   2.24246     16.481759     16.464371
   2.20687     16.261936     16.158078
   2.17128     16.051987     15.978221
   2.13569     15.846418     15.873375
   2.10009     15.632442     15.674690
   2.06450     15.115213     15.165248
   2.02891     15.102801     15.096145
   2.02891     15.102801     15.096145
   1.99331     15.099381     15.102841
   1.95772     15.153867     15.200784
   1.92212     15.325999     15.306999
   1.88652     15.349150     15.475501
   1.85093     15.500336     15.552844
   1.81533     15.457343     15.557086
   1.77973     15.645496     15.666926
   1.74414     15.794313     15.885523
   1.70854     16.011042     16.102921
   1.67295     15.901925     16.231269
   1.63735     15.939321     16.271090
   1.60175     15.977222     16.072282
   1.56616     16.174813     16.109526
   1.53056     16.148991     16.163512
   1.49496     16.215342     16.351919
   1.45937     15.850030     16.606371
   1.42377     16.707369     16.244498
   1.38817     15.987718     16.262588
   1.35258     16.339193     16.367784
   1.35258     16.339580     16.363406
   1.31698     16.090539     16.375678
   1.28139     16.116184     16.198292
   1.24580     15.968931     16.150613
   1.21021     15.879453     15.861520
   1.17462     15.505544     15.766344
   1.13903     15.609716     15.669475
   1.10343     15.515546     15.723092
   1.06784     16.247946     16.436766
   1.03225     15.862093     16.142672
   0.99666     16.245489     16.354180
   0.96107     15.561573     15.644457
   0.92548     15.226651     16.897312
   0.88988     15.102966     15.149967
   0.85429     16.297073     15.789423
   0.81870     14.962325     14.956222
   0.78311     14.908697     14.868042
   0.74752     15.158683     15.984182
   0.71193     15.103038     15.116094
   0.67633     15.131067     15.167505
   0.67633     15.054876     15.106468
   0.64074     15.093931     15.095162
   0.60514     15.077496     15.028442
   0.56954     15.241930     15.201116
   0.53395     15.342148     15.337843
   0.49835     15.362470     15.324013
   0.46275     15.279381     15.295533
   0.42716     15.302744     15.318414
   0.39156     15.324279     15.344686
   0.35597     15.329898     15.236398
   0.32037     15.583720     15.415230
   0.28477     15.368766     15.418558
   0.24918     16.069215     15.946869
   0.21358     15.316099     15.412108
   0.17798     15.239880     15.758095
   0.14239     15.142131     15.358421
   0.10679     15.032353     15.230250
   0.07119     14.920001     15.005142
   0.03560     15.472808     14.841470
   0.00000     14.778860     15.439277
 
# Band-Index   63
   0.00000     15.318346     16.053693
   0.03560     16.026549     15.320843
   0.07119     15.525011     15.327168
   0.10679     15.735564     15.339396
   0.14239     15.930119     15.493552
   0.17798     16.151574     15.882709
   0.21358     16.036425     15.928655
   0.24918     16.111191     16.037000
   0.28477     15.732781     15.617155
   0.32037     15.981652     16.074842
   0.35597     15.402767     15.367287
   0.39156     15.475542     15.466306
   0.42716     15.542301     15.576503
   0.46275     15.592197     15.624518
   0.49835     15.635786     15.707964
   0.53395     15.529881     15.502505
   0.56954     15.589269     15.594472
   0.60514     15.119995     15.103917
   0.64074     15.210434     15.228300
   0.67633     15.098405     15.934388
   0.67633     16.351027     16.338719
   0.71193     15.494356     15.444329
   0.74752     16.036165     16.734847
   0.78311     15.203906     15.221866
   0.81870     15.290298     15.312165
   0.85429     17.121871     15.871955
   0.88988     15.489418     15.468657
   0.92548     15.462189     17.228738
   0.96107     15.754531     16.165450
   0.99666     16.453904     16.705026
   1.03225     16.291875     16.324349
   1.06784     16.473676     16.552156
   1.10343     15.741723     15.790862
   1.13903     15.786414     15.806033
   1.17462     15.734646     15.842334
   1.21021     16.108559     16.083644
   1.24580     16.173033     16.184832
   1.28139     16.519084     16.526317
   1.31698     16.317201     16.455029
   1.35258     16.647958     16.383759
   1.35258     16.624252     16.365846
   1.38817     16.226810     16.446187
   1.42377     17.199957     16.398983
   1.45937     16.191090     17.124886
   1.49496     16.881280     16.860914
   1.53056     16.559681     16.518614
   1.56616     16.264269     16.735141
   1.60175     16.594915     16.589660
   1.63735     16.394366     16.442823
   1.67295     16.218481     16.390401
   1.70854     16.485453     16.510251
   1.74414     16.223619     16.253139
   1.77973     16.151310     15.954757
   1.81533     15.545321     15.750785
   1.85093     15.673987     15.763790
   1.88652     15.494019     15.667329
   1.92212     15.395869     15.531619
   1.95772     15.256169     15.344757
   1.99331     15.120336     15.258869
   2.02891     15.194416     15.544700
   2.02891     15.194416     15.544700
   2.06450     15.384725     15.582464
   2.10009     15.656201     15.845235
   2.13569     15.911193     15.986742
   2.17128     16.187394     16.234355
   2.20687     16.433715     16.487337
   2.24246     16.697980     16.724357
   2.27805     16.978209     16.884916
   2.31364     17.032868     17.200113
   2.34924     17.298178     17.290570
   2.38483     17.125837     17.369552
   2.42042     17.381570     17.470089
   2.45601     17.645700     17.671864
   2.49160     17.922823     17.821216
   2.52719     18.207692     17.789833
   2.56279     18.345403     17.840398
   2.59838     18.440036     18.154392
   2.63397     18.317701     18.218057
   2.66956     18.343860     18.156948
   2.70515     17.837447     18.057333
   2.70515     17.837447     18.057333
   2.75549     18.295157     18.029229
   2.80583     18.121225     17.993880
   2.85617     17.986398     17.684744
   2.90650     17.615423     17.414441
   2.95684     17.247351     17.053819
   3.00718     17.669166     18.037261
   3.05752     17.671783     17.757733
   3.10786     17.382236     17.392463
   3.15819     17.195115     17.093373
   3.20853     17.341546     17.350012
   3.25887     17.067562     17.333986
   3.30921     16.870700     16.921201
   3.35954     16.510852     16.620768
   3.40988     16.161324     16.487653
   3.46022     16.172924     16.734259
   3.51056     16.336379     16.145467
   3.56089     16.537639     16.625216
   3.61123     16.609561     16.534898
   3.66157     16.624252     16.365846
 
# Band-Index   64
   3.66157     17.049302     16.947462
   3.61123     17.084113     16.991527
   3.56089     16.796633     16.743066
   3.51056     16.782272     16.576191
   3.46022     16.379558     17.687430
   3.40988     16.426441     17.587632
   3.35954     17.599408     17.576080
   3.30921     17.466579     17.506397
   3.25887     17.429846     17.408324
   3.20853     17.547583     17.427518
   3.15819     17.440681     17.311812
   3.10786     17.426826     17.449621
   3.05752     17.943176     17.946967
   3.00718     18.054473     18.288753
   2.95684     18.180056     17.899615
   2.90650     18.217625     17.837262
   2.85617     18.450713     18.246622
   2.80583     18.649260     18.454338
   2.75549     18.596019     18.514130
   2.70515     18.459866     18.653967
   2.70515     18.459866     18.653967
   2.66956     18.467734     18.586084
   2.63397     18.557136     18.401443
   2.59838     18.769515     19.054535
   2.56279     18.531704     18.776353
   2.52719     18.394303     18.330978
   2.49160     18.211139     18.003460
   2.45601     17.850038     17.931931
   2.42042     17.524672     17.893460
   2.38483     17.480843     17.974078
   2.34924     17.567771     17.587217
   2.31364     17.299312     17.578248
   2.27805     17.384704     17.277336
   2.24246     17.092331     16.978296
   2.20687     16.757845     16.679620
   2.17128     16.421672     16.372268
   2.13569     16.102602     16.077768
   2.10009     15.941351     16.022260
   2.06450     15.571740     15.856936
   2.02891     15.805336     16.105546
   2.02891     15.805336     16.105546
   1.99331     15.991274     16.077936
   1.95772     15.924811     15.994060
   1.92212     15.813586     15.860066
   1.88652     15.843198     15.832231
   1.85093     15.958096     15.936952
   1.81533     15.895184     16.077326
   1.77973     16.271293     16.271336
   1.74414     16.518958     16.499216
   1.70854     16.718480     16.714012
   1.67295     16.539337     16.742138
   1.63735     16.709207     16.864022
   1.60175     17.041927     17.091635
   1.56616     16.828257     17.294647
   1.53056     17.035368     17.028857
   1.49496     17.286130     17.296971
   1.45937     16.421597     17.570037
   1.42377     17.601975     16.860070
   1.38817     17.004515     17.118762
   1.35258     17.049302     16.947462
   1.35258     17.051767     16.949420
   1.31698     16.695123     16.685238
   1.28139     16.596754     16.623942
   1.24580     16.370795     16.452073
   1.21021     16.149685     16.174058
   1.17462     16.043846     16.126351
   1.13903     15.873722     15.821918
   1.10343     15.932854     15.841845
   1.06784     16.638908     16.629814
   1.03225     16.474899     16.548004
   0.99666     16.652968     16.732197
   0.96107     15.812992     16.292567
   0.92548     15.843771     17.728253
   0.88988     15.523924     15.538631
   0.85429     17.385835     16.511279
   0.81870     15.364299     15.386479
   0.78311     15.394272     15.356428
   0.74752     16.498505     17.194602
   0.71193     16.285845     16.347260
   0.67633     16.907249     17.098702
   0.67633     15.712270     16.052825
   0.64074     15.740347     15.896777
   0.60514     15.424453     15.392931
   0.56954     15.984604     16.002082
   0.53395     15.733366     15.740023
   0.49835     15.705326     15.723181
   0.46275     15.781229     15.866611
   0.42716     15.673374     15.626783
   0.39156     15.826594     16.219217
   0.35597     15.519855     15.568926
   0.32037     16.046427     16.660982
   0.28477     15.936154     15.787142
   0.24918     16.185821     16.417029
   0.21358     16.195014     16.099496
   0.17798     16.307074     16.292850
   0.14239     16.107113     15.895904
   0.10679     16.007046     15.921126
   0.07119     15.983398     15.947951
   0.03560     16.532696     15.971060
   0.00000     15.982994     16.525794
