#K-Path(1/A)         Spin-Up(eV)   Spin-down(eV)
# NKPTS & NBANDS: 100  64
# Band-Index    1
   0.00000    -10.227876    -10.227858
   0.03966    -10.231202    -10.231809
   0.07932    -10.241048    -10.243498
   0.11897    -10.257027    -10.262442
   0.15863    -10.278529    -10.287880
   0.19829    -10.304759    -10.318833
   0.23795    -10.334789    -10.354171
   0.27761    -10.367614    -10.392679
   0.31726    -10.402193    -10.433120
   0.35692    -10.437498    -10.474283
   0.39658    -10.472542    -10.515021
   0.43624    -10.506407    -10.554280
   0.47590    -10.538256    -10.591109
   0.51556    -10.567347    -10.624675
   0.55521    -10.593038    -10.654261
   0.59487    -10.614786    -10.679266
   0.63453    -10.632154    -10.699209
   0.67419    -10.644800    -10.713716
   0.71385    -10.652484    -10.722525
   0.75350    -10.655062    -10.725479
   0.75350    -10.655062    -10.725479
   0.79316    -10.659169    -10.728942
   0.83282    -10.671317    -10.739195
   0.87248    -10.691000    -10.755836
   0.91214    -10.717421    -10.778228
   0.95179    -10.749557    -10.805546
   0.99145    -10.786228    -10.836824
   1.03111    -10.826168    -10.871015
   1.07077    -10.868092    -10.907039
   1.11043    -10.910742    -10.943822
   1.15008    -10.952933    -10.980338
   1.18974    -10.993574    -11.015629
   1.22940    -11.031687    -11.048823
   1.26906    -11.066410    -11.079145
   1.30872    -11.097006    -11.105927
   1.34838    -11.122861    -11.128601
   1.38803    -11.143476    -11.146709
   1.42769    -11.158471    -11.159895
   1.46735    -11.167575    -11.167907
   1.50701    -11.170627    -11.170595
   1.50701    -11.170627    -11.170595
   1.54667    -11.167940    -11.167543
   1.58632    -11.159928    -11.158439
   1.62598    -11.146741    -11.143445
   1.66564    -11.128634    -11.122830
   1.70530    -11.105960    -11.096976
   1.74496    -11.079178    -11.066381
   1.78461    -11.048856    -11.031659
   1.82427    -11.015662    -10.993548
   1.86393    -10.980372    -10.952908
   1.90359    -10.943856    -10.910718
   1.94325    -10.907073    -10.868069
   1.98290    -10.871050    -10.826147
   2.02256    -10.836859    -10.786209
   2.06222    -10.805581    -10.749539
   2.10188    -10.778264    -10.717405
   2.14154    -10.755871    -10.690984
   2.18119    -10.739231    -10.671302
   2.22085    -10.728978    -10.659155
   2.26051    -10.725515    -10.655048
   2.26051    -10.725515    -10.655048
   2.30017    -10.722561    -10.652470
   2.33983    -10.713752    -10.644786
   2.37949    -10.699244    -10.632140
   2.41914    -10.679301    -10.614772
   2.45880    -10.654294    -10.593023
   2.49846    -10.624708    -10.567332
   2.53812    -10.591141    -10.538241
   2.57778    -10.554310    -10.506392
   2.61743    -10.515050    -10.472527
   2.65709    -10.474310    -10.437482
   2.69675    -10.433146    -10.402177
   2.73641    -10.392704    -10.367597
   2.77607    -10.354194    -10.334772
   2.81572    -10.318855    -10.304741
   2.85538    -10.287900    -10.278512
   2.89504    -10.262461    -10.257010
   2.93470    -10.243517    -10.241030
   2.97436    -10.231828    -10.231184
   3.01401    -10.227876    -10.227858
   3.01401    -10.227876    -10.227858
   3.07010    -10.235154    -10.235136
   3.12618    -10.256706    -10.256687
   3.18227    -10.291701    -10.291682
   3.23835    -10.338824    -10.338804
   3.29444    -10.396361    -10.396340
   3.35052    -10.462308    -10.462285
   3.40661    -10.534477    -10.534453
   3.46269    -10.610604    -10.610580
   3.51878    -10.688437    -10.688412
   3.57486    -10.765805    -10.765778
   3.63095    -10.840674    -10.840646
   3.68703    -10.911184    -10.911155
   3.74312    -10.975672    -10.975643
   3.79920    -11.032692    -11.032661
   3.85529    -11.081015    -11.080984
   3.91137    -11.119637    -11.119606
   3.96746    -11.147780    -11.147748
   4.02354    -11.164888    -11.164856
   4.07963    -11.170627    -11.170595
 
# Band-Index    2
   4.07963    -10.403411    -10.403394
   4.02354    -10.400530    -10.400514
   3.96746    -10.391967    -10.391951
   3.91137    -10.377952    -10.377936
   3.85529    -10.358866    -10.358850
   3.79920    -10.335230    -10.335214
   3.74312    -10.307695    -10.307680
   3.68703    -10.277027    -10.277012
   3.63095    -10.244082    -10.244068
   3.57486    -10.209787    -10.209773
   3.51878    -10.175104    -10.175091
   3.46269    -10.141007    -10.140994
   3.40661    -10.108440    -10.108428
   3.35052    -10.078294    -10.078282
   3.29444    -10.051373    -10.051362
   3.23835    -10.028379    -10.028368
   3.18227    -10.009892    -10.009881
   3.12618     -9.996365     -9.996355
   3.07010     -9.988121     -9.988110
   3.01401     -9.985352     -9.985342
   3.01401     -9.985352     -9.985342
   2.97436     -9.986662     -9.986798
   2.93470     -9.990551     -9.991121
   2.89504     -9.996895     -9.998169
   2.85538    -10.005492    -10.007714
   2.81572    -10.016074    -10.019453
   2.77607    -10.028318    -10.033021
   2.73641    -10.041855    -10.048005
   2.69675    -10.056289    -10.063961
   2.65709    -10.071207    -10.080431
   2.61743    -10.086192    -10.096956
   2.57778    -10.100840    -10.113089
   2.53812    -10.114765    -10.128407
   2.49846    -10.127609    -10.142520
   2.45880    -10.139049    -10.155079
   2.41914    -10.148804    -10.165780
   2.37949    -10.156641    -10.174370
   2.33983    -10.162373    -10.180650
   2.30017    -10.165866    -10.184476
   2.26051    -10.167039    -10.185761
   2.26051    -10.167039    -10.185761
   2.22085    -10.168783    -10.187354
   2.18119    -10.173954    -10.192080
   2.14154    -10.182378    -10.199782
   2.10188    -10.193771    -10.210206
   2.06222    -10.207759    -10.223016
   2.02256    -10.223895    -10.237808
   1.98290    -10.241676    -10.254127
   1.94325    -10.260569    -10.271487
   1.90359    -10.280023    -10.289385
   1.86393    -10.299497    -10.307323
   1.82427    -10.318466    -10.324816
   1.78461    -10.336438    -10.341409
   1.74496    -10.352964    -10.356682
   1.70530    -10.367645    -10.370262
   1.66564    -10.380135    -10.381825
   1.62598    -10.390149    -10.391101
   1.58632    -10.397463    -10.397880
   1.54667    -10.401916    -10.402008
   1.50701    -10.403411    -10.403394
   1.50701    -10.403411    -10.403394
   1.46735    -10.402024    -10.401899
   1.42769    -10.397896    -10.397446
   1.38803    -10.391117    -10.390132
   1.34838    -10.381841    -10.380118
   1.30872    -10.370278    -10.367629
   1.26906    -10.356698    -10.352948
   1.22940    -10.341424    -10.336423
   1.18974    -10.324831    -10.318451
   1.15008    -10.307338    -10.299482
   1.11043    -10.289399    -10.280008
   1.07077    -10.271501    -10.260554
   1.03111    -10.254141    -10.241662
   0.99145    -10.237822    -10.223880
   0.95179    -10.223030    -10.207745
   0.91214    -10.210219    -10.193757
   0.87248    -10.199795    -10.182364
   0.83282    -10.192093    -10.173941
   0.79316    -10.187367    -10.168769
   0.75350    -10.185774    -10.167025
   0.75350    -10.185774    -10.167025
   0.71385    -10.184489    -10.165852
   0.67419    -10.180663    -10.162359
   0.63453    -10.174383    -10.156627
   0.59487    -10.165792    -10.148791
   0.55521    -10.155091    -10.139035
   0.51556    -10.142532    -10.127596
   0.47590    -10.128419    -10.114753
   0.43624    -10.113101    -10.100828
   0.39658    -10.096968    -10.086180
   0.35692    -10.080443    -10.071194
   0.31726    -10.063972    -10.056277
   0.27761    -10.048016    -10.041844
   0.23795    -10.033032    -10.028307
   0.19829    -10.019464    -10.016063
   0.15863    -10.007725    -10.005481
   0.11897     -9.998179     -9.996884
   0.07932     -9.991131     -9.990540
   0.03966     -9.986809     -9.986652
   0.00000     -9.985352     -9.985342
 
# Band-Index    3
   0.00000     -3.814413     -3.814241
   0.03966     -3.817436     -3.801428
   0.07932     -3.826418     -3.763268
   0.11897     -3.841096     -3.705072
   0.15863     -3.861033     -3.711702
   0.19829     -3.885634     -3.721193
   0.23795     -3.914168     -3.732513
   0.27761     -3.945791     -3.745425
   0.31726     -3.979580     -3.759643
   0.35692     -4.014562     -3.774819
   0.39658     -4.049749     -3.790545
   0.43624     -4.084172     -3.806374
   0.47590     -4.116907     -3.821831
   0.51556     -4.147100     -3.836432
   0.55521     -4.173989     -3.849709
   0.59487     -4.196910     -3.861229
   0.63453     -4.215314     -3.870611
   0.67419     -4.228771     -3.877546
   0.71385     -4.236969     -3.881800
   0.75350     -4.239722     -3.883235
   0.75350     -4.239722     -3.883235
   0.79316     -4.226638     -3.872563
   0.83282     -4.187712     -3.841538
   0.87248     -4.123963     -3.794137
   0.91214     -4.037287     -3.742241
   0.95179     -3.931087     -3.713455
   0.99145     -3.812686     -3.723026
   1.03111     -3.703626     -3.754509
   1.07077     -3.659788     -3.795305
   1.11043     -3.695739     -3.840000
   1.15008     -3.760211     -3.885741
   1.18974     -3.829160     -3.930616
   1.22940     -3.895088     -3.973164
   1.26906     -3.954970     -4.012207
   1.30872     -4.007240     -4.046775
   1.34838     -4.050953     -4.076084
   1.38803     -4.085485     -4.099508
   1.42769     -4.110417     -4.116572
   1.46735     -4.125479     -4.126941
   1.50701     -4.130516     -4.130420
   1.50701     -4.130516     -4.130420
   1.54667     -4.127037     -4.125383
   1.58632     -4.116668     -4.110322
   1.62598     -4.099605     -4.085390
   1.66564     -4.076182     -4.050859
   1.70530     -4.046875     -4.007148
   1.74496     -4.012308     -3.954880
   1.78461     -3.973268     -3.895000
   1.82427     -3.930721     -3.829075
   1.86393     -3.885849     -3.760129
   1.90359     -3.840110     -3.695660
   1.94325     -3.795416     -3.659701
   1.98290     -3.754619     -3.703509
   2.02256     -3.723127     -3.812547
   2.06222     -3.713531     -3.930938
   2.10188     -3.742280     -4.037133
   2.14154     -3.794158     -4.123807
   2.18119     -3.841553     -4.187554
   2.22085     -3.872575     -4.226479
   2.26051     -3.883246     -4.239563
   2.26051     -3.883246     -4.239563
   2.30017     -3.881812     -4.236809
   2.33983     -3.877557     -4.228611
   2.37949     -3.870623     -4.215154
   2.41914     -3.861241     -4.196750
   2.45880     -3.849722     -4.173829
   2.49846     -3.836446     -4.146940
   2.53812     -3.821846     -4.116746
   2.57778     -3.806390     -4.084010
   2.61743     -3.790563     -4.049587
   2.65709     -3.774837     -4.014399
   2.69675     -3.759663     -3.979416
   2.73641     -3.745447     -3.945626
   2.77607     -3.732536     -3.914001
   2.81572     -3.721217     -3.885466
   2.85538     -3.711728     -3.860864
   2.89504     -3.705128     -3.840926
   2.93470     -3.763439     -3.826247
   2.97436     -3.801599     -3.817265
   3.01401     -3.814413     -3.814241
   3.01401     -3.814413     -3.814241
   3.07010     -3.804698     -3.804526
   3.12618     -3.775920     -3.775750
   3.18227     -3.729227     -3.729060
   3.23835     -3.666694     -3.666536
   3.29444     -3.591754     -3.591609
   3.35052     -3.510676     -3.510552
   3.40661     -3.437943     -3.437846
   3.46269     -3.407444     -3.407367
   3.51878     -3.449504     -3.449426
   3.57486     -3.538564     -3.538478
   3.63095     -3.641889     -3.641798
   3.68703     -3.744653     -3.744560
   3.74312     -3.840297     -3.840202
   3.79920     -3.925267     -3.925171
   3.85529     -3.997290     -3.997194
   3.91137     -4.054780     -4.054684
   3.96746     -4.096606     -4.096511
   4.02354     -4.122002     -4.121906
   4.07963     -4.130516     -4.130420
 
# Band-Index    4
   4.07963     -2.394215     -2.393868
   4.02354     -2.393876     -2.393532
   3.96746     -2.393894     -2.393558
   3.91137     -2.397669     -2.397350
   3.85529     -2.411770     -2.411481
   3.79920     -2.446343     -2.446101
   3.74312     -2.512055     -2.511867
   3.68703     -2.611431     -2.611281
   3.63095     -2.733871     -2.733728
   3.57486     -2.862731     -2.862570
   3.51878     -2.985474     -2.985288
   3.46269     -3.107999     -3.107840
   3.40661     -3.234998     -3.234888
   3.35052     -3.353637     -3.353561
   3.29444     -3.457070     -3.457017
   3.23835     -3.542564     -3.542524
   3.18227     -3.609097     -3.609066
   3.12618     -3.656477     -3.656449
   3.07010     -3.684815     -3.684787
   3.01401     -3.694243     -3.694216
   3.01401     -3.694243     -3.694216
   2.97436     -3.695342     -3.683774
   2.93470     -3.698615     -3.652736
   2.89504     -3.699632     -3.601988
   2.85538     -3.614627     -3.533018
   2.81572     -3.507522     -3.447973
   2.77607     -3.382279     -3.349765
   2.73641     -3.244866     -3.242348
   2.69675     -3.116386     -3.131366
   2.65709     -3.081266     -3.025577
   2.61743     -3.136624     -2.938925
   2.57778     -3.206180     -2.887374
   2.53812     -3.273174     -2.872765
   2.49846     -3.333711     -2.880613
   2.45880     -3.386272     -2.897484
   2.41914     -3.430042     -2.916081
   2.37949     -3.464515     -2.932770
   2.33983     -3.489353     -2.945659
   2.30017     -3.504338     -2.953732
   2.26051     -3.509346     -2.956475
   2.26051     -3.509346     -2.956475
   2.22085     -3.512573     -2.970798
   2.18119     -3.521336     -3.011413
   2.14154     -3.531887     -3.072460
   2.10188     -3.532769     -3.146736
   2.06222     -3.497082     -3.226578
   2.02256     -3.410725     -3.301880
   1.98290     -3.291854     -3.349681
   1.94325     -3.155628     -3.313844
   1.90359     -3.011261     -3.180590
   1.86393     -2.867081     -3.003027
   1.82427     -2.732320     -2.808781
   1.78461     -2.616692     -2.613712
   1.74496     -2.527658     -2.450463
   1.70530     -2.466905     -2.383032
   1.66564     -2.429990     -2.375907
   1.62598     -2.409762     -2.381243
   1.58632     -2.399735     -2.387703
   1.54667     -2.395395     -2.392259
   1.50701     -2.394215     -2.393868
   1.50701     -2.394215     -2.393868
   1.46735     -2.392606     -2.395050
   1.42769     -2.388048     -2.399396
   1.38803     -2.381585     -2.409435
   1.34838     -2.376238     -2.429684
   1.30872     -2.383329     -2.466631
   1.26906     -2.450674     -2.527426
   1.22940     -2.613886     -2.616508
   1.18974     -2.808949     -2.732180
   1.15008     -3.003194     -2.866976
   1.11043     -3.180755     -3.011180
   1.07077     -3.313997     -3.155563
   1.03111     -3.349797     -3.291797
   0.99145     -3.301968     -3.410664
   0.95179     -3.226648     -3.496998
   0.91214     -3.146791     -3.532650
   0.87248     -3.072501     -3.531751
   0.83282     -3.011440     -3.521193
   0.79316     -2.970815     -3.512427
   0.75350     -2.956487     -3.509200
   0.75350     -2.956487     -3.509200
   0.71385     -2.953744     -3.504191
   0.67419     -2.945673     -3.489207
   0.63453     -2.932785     -3.464369
   0.59487     -2.916098     -3.429898
   0.55521     -2.897503     -3.386129
   0.51556     -2.880637     -3.333570
   0.47590     -2.872796     -3.273035
   0.43624     -2.887417     -3.206047
   0.39658     -2.938978     -3.136497
   0.35692     -3.025633     -3.081150
   0.31726     -3.131420     -3.116250
   0.27761     -3.242397     -3.244709
   0.23795     -3.349808     -3.382115
   0.19829     -3.448011     -3.507355
   0.15863     -3.533052     -3.614458
   0.11897     -3.602019     -3.699492
   0.07932     -3.652766     -3.698588
   0.03966     -3.683802     -3.695315
   0.00000     -3.694243     -3.694216
 
# Band-Index    5
   0.00000     -2.312299     -2.312179
   0.03966     -2.318174     -2.311568
   0.07932     -2.335402     -2.347987
   0.11897     -2.362868     -2.428664
   0.15863     -2.398931     -2.521465
   0.19829     -2.441667     -2.619150
   0.23795     -2.489092     -2.716322
   0.27761     -2.539310     -2.806481
   0.31726     -2.590608     -2.869179
   0.35692     -2.641489     -2.821606
   0.39658     -2.690673     -2.669140
   0.43624     -2.737085     -2.685978
   0.47590     -2.779835     -2.734654
   0.51556     -2.818188     -2.778060
   0.55521     -2.851551     -2.815631
   0.59487     -2.879447     -2.846922
   0.63453     -2.901507     -2.871590
   0.67419     -2.917455     -2.889384
   0.71385     -2.927099     -2.900128
   0.75350     -2.930326     -2.903720
   0.75350     -2.930326     -2.903720
   0.79316     -2.925060     -2.895944
   0.83282     -2.909399     -2.872769
   0.87248     -2.883744     -2.834655
   0.91214     -2.848739     -2.782360
   0.95179     -2.805231     -2.716930
   0.99145     -2.754228     -2.639689
   1.03111     -2.696850     -2.552223
   1.07077     -2.634294     -2.456363
   1.11043     -2.567804     -2.354164
   1.15008     -2.498671     -2.247883
   1.18974     -2.428251     -2.139960
   1.22940     -2.358016     -2.033001
   1.26906     -2.289617     -1.985930
   1.30872     -2.224973     -2.002990
   1.34838     -2.166332     -2.017492
   1.38803     -2.116287     -2.029108
   1.42769     -2.077651     -2.037586
   1.46735     -2.053113     -2.042745
   1.50701     -2.044683     -2.044477
   1.50701     -2.044683     -2.044477
   1.54667     -2.042951     -2.052908
   1.58632     -2.037793     -2.077449
   1.62598     -2.029316     -2.116090
   1.66564     -2.017702     -2.166142
   1.70530     -2.003203     -2.224791
   1.74496     -1.986147     -2.289443
   1.78461     -2.032969     -2.357850
   1.82427     -2.139936     -2.428094
   1.86393     -2.247866     -2.498523
   1.90359     -2.354153     -2.567665
   1.94325     -2.456360     -2.634164
   1.98290     -2.552225     -2.696728
   2.02256     -2.639696     -2.754114
   2.06222     -2.716941     -2.805124
   2.10188     -2.782375     -2.848637
   2.14154     -2.834673     -2.883647
   2.18119     -2.872789     -2.909305
   2.22085     -2.895965     -2.924968
   2.26051     -2.903741     -2.930235
   2.26051     -2.903741     -2.930235
   2.30017     -2.900149     -2.927008
   2.33983     -2.889405     -2.917364
   2.37949     -2.871611     -2.901416
   2.41914     -2.846941     -2.879355
   2.45880     -2.815650     -2.851458
   2.49846     -2.778077     -2.818094
   2.53812     -2.734669     -2.779740
   2.57778     -2.685992     -2.736988
   2.61743     -2.669355     -2.690574
   2.65709     -2.821820     -2.641388
   2.69675     -2.869365     -2.590505
   2.73641     -2.806636     -2.539205
   2.77607     -2.716461     -2.488984
   2.81572     -2.619277     -2.441556
   2.85538     -2.521577     -2.398817
   2.89504     -2.428759     -2.362752
   2.93470     -2.348060     -2.335283
   2.97436     -2.311690     -2.318054
   3.01401     -2.312299     -2.312179
   3.01401     -2.312299     -2.312179
   3.07010     -2.318062     -2.317941
   3.12618     -2.366651     -2.366579
   3.18227     -2.467066     -2.466977
   3.23835     -2.583596     -2.583494
   3.29444     -2.706379     -2.706268
   3.35052     -2.825039     -2.824921
   3.40661     -2.921336     -2.921217
   3.46269     -2.955224     -2.955124
   3.51878     -2.886024     -2.885939
   3.57486     -2.748760     -2.748636
   3.63095     -2.589927     -2.589754
   3.68703     -2.423321     -2.423107
   3.74312     -2.258766     -2.258604
   3.79920     -2.201777     -2.201602
   3.85529     -2.149069     -2.148883
   3.91137     -2.104723     -2.104527
   3.96746     -2.071662     -2.071460
   4.02354     -2.051456     -2.051251
   4.07963     -2.044683     -2.044477
 
# Band-Index    6
   4.07963     -1.567073     -1.567133
   4.02354     -1.576447     -1.576506
   3.96746     -1.602247     -1.602305
   3.91137     -1.740883     -1.740600
   3.85529     -1.905428     -1.905161
   3.79920     -2.078253     -2.077997
   3.74312     -2.252195     -2.251953
   3.68703     -2.315447     -2.315297
   3.63095     -2.367415     -2.367275
   3.57486     -2.410888     -2.410758
   3.51878     -2.442935     -2.442811
   3.46269     -2.461569     -2.461450
   3.40661     -2.465834     -2.465718
   3.35052     -2.455939     -2.455826
   3.29444     -2.433491     -2.433378
   3.23835     -2.401907     -2.401792
   3.18227     -2.366949     -2.366831
   3.12618     -2.336655     -2.336533
   3.07010     -2.295312     -2.295260
   3.01401     -2.268757     -2.268714
   3.01401     -2.268757     -2.268714
   2.97436     -2.290310     -2.273825
   2.93470     -2.309547     -2.288804
   2.89504     -2.305057     -2.312643
   2.85538     -2.297373     -2.343775
   2.81572     -2.338056     -2.380204
   2.77607     -2.395638     -2.419517
   2.73641     -2.455773     -2.458715
   2.69675     -2.516409     -2.493634
   2.65709     -2.575862     -2.517512
   2.61743     -2.632760     -2.518882
   2.57778     -2.491650     -2.484631
   2.53812     -2.309973     -2.415968
   2.49846     -2.134021     -2.330373
   2.45880     -1.972467     -2.243980
   2.41914     -1.889202     -2.166271
   2.37949     -1.841989     -2.140336
   2.33983     -1.803059     -2.155084
   2.30017     -1.776967     -2.163987
   2.26051     -1.767717     -2.166963
   2.26051     -1.767717     -2.166963
   2.22085     -1.769789     -2.164078
   2.18119     -1.775929     -2.157086
   2.14154     -1.785920     -2.149739
   2.10188     -1.799417     -2.145598
   2.06222     -1.815961     -2.146746
   2.02256     -1.835009     -2.153721
   1.98290     -1.855956     -2.165975
   1.94325     -1.878164     -2.182331
   1.90359     -1.900984     -2.201246
   1.86393     -1.923778     -2.220797
   1.82427     -1.945936     -2.238084
   1.78461     -1.966885     -2.246262
   1.74496     -1.929683     -2.218153
   1.70530     -1.833059     -2.094858
   1.66564     -1.746190     -1.917714
   1.62598     -1.672495     -1.741906
   1.58632     -1.615688     -1.589360
   1.54667     -1.579529     -1.564194
   1.50701     -1.567073     -1.567133
   1.50701     -1.567073     -1.567133
   1.46735     -1.564133     -1.579589
   1.42769     -1.589671     -1.615745
   1.38803     -1.742184     -1.672549
   1.34838     -1.917976     -1.746240
   1.30872     -2.095138     -1.833104
   1.26906     -2.218508     -1.929722
   1.22940     -2.246650     -1.966665
   1.18974     -2.238476     -1.945712
   1.15008     -2.221190     -1.923549
   1.11043     -2.201641     -1.900751
   1.07077     -2.182728     -1.877926
   1.03111     -2.166373     -1.855713
   0.99145     -2.154122     -1.834761
   0.95179     -2.147148     -1.815709
   0.91214     -2.146003     -1.799161
   0.87248     -2.150149     -1.785661
   0.83282     -2.157501     -1.775667
   0.79316     -2.164497     -1.769526
   0.75350     -2.167385     -1.767454
   0.75350     -2.167385     -1.767454
   0.71385     -2.164409     -1.776707
   0.67419     -2.155505     -1.802807
   0.63453     -2.140756     -1.841749
   0.59487     -2.166419     -1.888973
   0.55521     -2.244113     -1.972174
   0.51556     -2.330490     -2.133761
   0.47590     -2.416064     -2.309737
   0.43624     -2.484704     -2.491428
   0.39658     -2.518935     -2.632748
   0.35692     -2.517552     -2.575852
   0.31726     -2.493670     -2.516402
   0.27761     -2.458750     -2.455769
   0.23795     -2.419552     -2.395637
   0.19829     -2.380241     -2.338058
   0.15863     -2.343814     -2.297236
   0.11897     -2.312683     -2.304926
   0.07932     -2.288846     -2.309422
   0.03966     -2.273867     -2.290257
   0.00000     -2.268757     -2.268714
 
# Band-Index    7
   0.00000     -2.175498     -2.175511
   0.03966     -2.170384     -2.183093
   0.07932     -2.155243     -2.205195
   0.11897     -2.130673     -2.240048
   0.15863     -2.097631     -2.284962
   0.19829     -2.057389     -2.284492
   0.23795     -2.011446     -2.266959
   0.27761     -1.961417     -2.243708
   0.31726     -1.908918     -2.214579
   0.35692     -1.901125     -2.179670
   0.39658     -1.945260     -2.139333
   0.43624     -1.987842     -2.094177
   0.47590     -2.027506     -2.045096
   0.51556     -2.063243     -1.993318
   0.55521     -2.094335     -1.940519
   0.59487     -2.120278     -1.833645
   0.63453     -2.102589     -1.725304
   0.67419     -2.055546     -1.650278
   0.71385     -2.026823     -1.607288
   0.75350     -2.017174     -1.593415
   0.75350     -2.017174     -1.593415
   0.79316     -2.015277     -1.594631
   0.83282     -2.009586     -1.598271
   0.87248     -2.000109     -1.604305
   0.91214     -1.986859     -1.612646
   0.95179     -1.969858     -1.623072
   0.99145     -1.949141     -1.635099
   1.03111     -1.924756     -1.647765
   1.07077     -1.896777     -1.659334
   1.11043     -1.865310     -1.666946
   1.15008     -1.830522     -1.666387
   1.18974     -1.792660     -1.652401
   1.22940     -1.752100     -1.620580
   1.26906     -1.709424     -1.571929
   1.30872     -1.665537     -1.518226
   1.34838     -1.621868     -1.501240
   1.38803     -1.580651     -1.506089
   1.42769     -1.555350     -1.509829
   1.46735     -1.522330     -1.512118
   1.50701     -1.513104     -1.512888
   1.50701     -1.513104     -1.512888
   1.54667     -1.512336     -1.522114
   1.58632     -1.510047     -1.555411
   1.62598     -1.506310     -1.580454
   1.66564     -1.501467     -1.621678
   1.70530     -1.518537     -1.665352
   1.74496     -1.572227     -1.709243
   1.78461     -1.620894     -1.751922
   1.82427     -1.652744     -1.792483
   1.86393     -1.666759     -1.830346
   1.90359     -1.667342     -1.865136
   1.94325     -1.659748     -1.896602
   1.98290     -1.648192     -1.924582
   2.02256     -1.635534     -1.948967
   2.06222     -1.623513     -1.969684
   2.10188     -1.613091     -1.986684
   2.14154     -1.604752     -1.999934
   2.18119     -1.598719     -2.009411
   2.22085     -1.595080     -2.015102
   2.26051     -1.593865     -2.017000
   2.26051     -1.593865     -2.017000
   2.30017     -1.607729     -2.026650
   2.33983     -1.650695     -2.055379
   2.37949     -1.725683     -2.102429
   2.41914     -1.833980     -2.119857
   2.45880     -1.940737     -2.093916
   2.49846     -1.993527     -2.062826
   2.53812     -2.045296     -2.027091
   2.57778     -2.094369     -1.987429
   2.61743     -2.139516     -1.944851
   2.65709     -2.179846     -1.900720
   2.69675     -2.214747     -1.908935
   2.73641     -2.243868     -1.961438
   2.77607     -2.267111     -2.011468
   2.81572     -2.284635     -2.057410
   2.85538     -2.284957     -2.097650
   2.89504     -2.240039     -2.130690
   2.93470     -2.205184     -2.155258
   2.97436     -2.183081     -2.170398
   3.01401     -2.175498     -2.175511
   3.01401     -2.175498     -2.175511
   3.07010     -2.177137     -2.177151
   3.12618     -2.176897     -2.176910
   3.18227     -2.167357     -2.167365
   3.23835     -2.147149     -2.147151
   3.29444     -2.118246     -2.118243
   3.35052     -2.082827     -2.082821
   3.40661     -2.042717     -2.042710
   3.46269     -1.999466     -1.999459
   3.51878     -1.954385     -1.954381
   3.57486     -1.908520     -1.908521
   3.63095     -1.862586     -1.862593
   3.68703     -1.816924     -1.816940
   3.74312     -1.771545     -1.771571
   3.79920     -1.726352     -1.726389
   3.85529     -1.681681     -1.681728
   3.91137     -1.639120     -1.639174
   3.96746     -1.597271     -1.596970
   4.02354     -1.523634     -1.523410
   4.07963     -1.513104     -1.512888
 
# Band-Index    8
   4.07963     -1.434106     -1.433726
   4.02354     -1.475070     -1.474725
   3.96746     -1.535981     -1.535761
   3.91137     -1.582138     -1.581939
   3.85529     -1.642764     -1.642567
   3.79920     -1.708326     -1.708111
   3.74312     -1.760746     -1.760489
   3.68703     -1.786715     -1.786410
   3.63095     -1.785337     -1.784992
   3.57486     -1.763468     -1.763098
   3.51878     -1.728932     -1.728548
   3.46269     -1.688364     -1.687975
   3.40661     -1.647722     -1.647336
   3.35052     -1.613247     -1.612870
   3.29444     -1.591718     -1.591354
   3.23835     -1.588832     -1.588479
   3.18227     -1.605647     -1.605297
   3.12618     -1.635888     -1.635530
   3.07010     -1.666059     -1.665687
   3.01401     -1.679087     -1.678707
   3.01401     -1.679087     -1.678707
   2.97436     -1.663429     -1.681092
   2.93470     -1.623201     -1.688427
   2.89504     -1.571082     -1.701199
   2.85538     -1.516685     -1.720042
   2.81572     -1.465140     -1.745439
   2.77607     -1.418451     -1.777359
   2.73641     -1.376811     -1.814987
   2.69675     -1.339492     -1.856767
   2.65709     -1.305359     -1.855464
   2.61743     -1.273110     -1.802353
   2.57778     -1.274120     -1.750753
   2.53812     -1.301345     -1.701677
   2.49846     -1.323728     -1.656069
   2.45880     -1.341637     -1.614882
   2.41914     -1.355498     -1.579110
   2.37949     -1.365740     -1.549788
   2.33983     -1.372748     -1.527927
   2.30017     -1.376823     -1.514403
   2.26051     -1.378159     -1.509823
   2.26051     -1.378159     -1.509823
   2.22085     -1.379261     -1.504221
   2.18119     -1.382517     -1.487536
   2.14154     -1.387783     -1.460152
   2.10188     -1.394832     -1.422757
   2.06222     -1.403377     -1.376419
   2.02256     -1.413091     -1.322671
   1.98290     -1.423629     -1.263609
   1.94325     -1.434645     -1.258014
   1.90359     -1.445803     -1.304305
   1.86393     -1.456791     -1.349051
   1.82427     -1.467324     -1.391271
   1.78461     -1.477142     -1.430160
   1.74496     -1.485983     -1.465055
   1.70530     -1.493221     -1.495415
   1.66564     -1.474326     -1.520806
   1.62598     -1.450701     -1.540890
   1.58632     -1.439717     -1.544679
   1.54667     -1.435275     -1.476225
   1.50701     -1.434106     -1.433726
   1.50701     -1.434106     -1.433726
   1.46735     -1.476576     -1.434896
   1.42769     -1.544885     -1.439343
   1.38803     -1.540827     -1.450340
   1.34838     -1.520742     -1.473994
   1.30872     -1.495348     -1.493001
   1.26906     -1.464985     -1.485759
   1.22940     -1.430087     -1.476913
   1.18974     -1.391193     -1.467091
   1.15008     -1.348968     -1.456553
   1.11043     -1.304217     -1.445560
   1.07077     -1.257919     -1.434397
   1.03111     -1.263708     -1.423375
   0.99145     -1.322784     -1.412832
   0.95179     -1.376544     -1.403112
   0.91214     -1.422894     -1.394562
   0.87248     -1.460297     -1.387508
   0.83282     -1.487687     -1.382239
   0.79316     -1.504376     -1.378981
   0.75350     -1.509980     -1.377878
   0.75350     -1.509980     -1.377878
   0.71385     -1.514556     -1.376543
   0.67419     -1.528067     -1.372469
   0.63453     -1.549911     -1.365464
   0.59487     -1.579212     -1.355225
   0.55521     -1.614961     -1.341369
   0.51556     -1.656125     -1.323466
   0.47590     -1.701712     -1.301089
   0.43624     -1.750770     -1.273872
   0.39658     -1.802355     -1.272781
   0.35692     -1.855454     -1.305027
   0.31726     -1.857168     -1.339159
   0.27761     -1.815383     -1.376480
   0.23795     -1.777750     -1.418121
   0.19829     -1.745827     -1.464811
   0.15863     -1.720426     -1.516353
   0.11897     -1.701581     -1.570741
   0.07932     -1.688808     -1.622846
   0.03966     -1.681473     -1.663058
   0.00000     -1.679087     -1.678707
 
# Band-Index    9
   0.00000     -1.562861     -1.562766
   0.03966     -1.559450     -1.553552
   0.07932     -1.549234     -1.526540
   0.11897     -1.532268     -1.483516
   0.15863     -1.508673     -1.427161
   0.19829     -1.478683     -1.360819
   0.23795     -1.442713     -1.288353
   0.27761     -1.401436     -1.214063
   0.31726     -1.355863     -1.161781
   0.35692     -1.307371     -1.204125
   0.39658     -1.257668     -1.241566
   0.43624     -1.208673     -1.240975
   0.47590     -1.210427     -1.207922
   0.51556     -1.210838     -1.171554
   0.55521     -1.209710     -1.129479
   0.59487     -1.207819     -1.079760
   0.63453     -1.205762     -1.023082
   0.67419     -1.203985     -1.044414
   0.71385     -1.202797     -1.062692
   0.75350     -1.202381     -1.069444
   0.75350     -1.202381     -1.069444
   0.79316     -1.195894     -1.068075
   0.83282     -1.176992     -1.064015
   0.87248     -1.147322     -1.057403
   0.91214     -1.109471     -1.048476
   0.95179     -1.122051     -1.037563
   0.99145     -1.165353     -1.025097
   1.03111     -1.211124     -1.011609
   1.07077     -1.201892     -1.044656
   1.11043     -1.140728     -1.103386
   1.15008     -1.083693     -1.150565
   1.18974     -1.034328     -1.185473
   1.22940     -0.995526     -1.206593
   1.26906     -0.968927     -1.210149
   1.30872     -0.954487     -1.188919
   1.34838     -0.950420     -1.137265
   1.38803     -0.953535     -1.064154
   1.42769     -0.959887     -0.991912
   1.46735     -0.965834     -0.981953
   1.50701     -0.982660     -0.982573
   1.50701     -0.982660     -0.982573
   1.54667     -0.982040     -0.965717
   1.58632     -0.991952     -0.959869
   1.62598     -1.064211     -0.953516
   1.66564     -1.137370     -0.950400
   1.70530     -1.189089     -0.954465
   1.74496     -1.210378     -0.968900
   1.78461     -1.206859     -0.995492
   1.82427     -1.185759     -1.034286
   1.86393     -1.150864     -1.083638
   1.90359     -1.103694     -1.140659
   1.94325     -1.044974     -1.201808
   1.98290     -1.011583     -1.211227
   2.02256     -1.025062     -1.165463
   2.06222     -1.037521     -1.122169
   2.10188     -1.048427     -1.109008
   2.14154     -1.057350     -1.146846
   2.18119     -1.063957     -1.176505
   2.22085     -1.068015     -1.195400
   2.26051     -1.069384     -1.201884
   2.26051     -1.069384     -1.201884
   2.30017     -1.062634     -1.202301
   2.33983     -1.044362     -1.203489
   2.37949     -1.023228     -1.205267
   2.41914     -1.079958     -1.207326
   2.45880     -1.129724     -1.209219
   2.49846     -1.171834     -1.210348
   2.53812     -1.208227     -1.209939
   2.57778     -1.241295     -1.208620
   2.61743     -1.241807     -1.257593
   2.65709     -1.204357     -1.307281
   2.69675     -1.162004     -1.355763
   2.73641     -1.214090     -1.401331
   2.77607     -1.288394     -1.442606
   2.81572     -1.360874     -1.478577
   2.85538     -1.427228     -1.508570
   2.89504     -1.483595     -1.532168
   2.93470     -1.526627     -1.549137
   2.97436     -1.553644     -1.559355
   3.01401     -1.562861     -1.562766
   3.01401     -1.562861     -1.562766
   3.07010     -1.550560     -1.550466
   3.12618     -1.516887     -1.516796
   3.18227     -1.468694     -1.468607
   3.23835     -1.412135     -1.412053
   3.29444     -1.351194     -1.351117
   3.35052     -1.288241     -1.288171
   3.40661     -1.224965     -1.224903
   3.46269     -1.163023     -1.162969
   3.51878     -1.104345     -1.104298
   3.57486     -1.051165     -1.051126
   3.63095     -1.043938     -1.043760
   3.68703     -1.055995     -1.055832
   3.74312     -1.062131     -1.061987
   3.79920     -1.058430     -1.058309
   3.85529     -1.041446     -1.041351
   3.91137     -1.011328     -1.011258
   3.96746     -0.976776     -0.976716
   4.02354     -0.967411     -0.967310
   4.07963     -0.982660     -0.982573
 
# Band-Index   10
   4.07963     -0.967879     -0.967862
   4.02354     -0.963663     -0.963645
   3.96746     -0.953164     -0.953145
   3.91137     -0.941432     -0.941411
   3.85529     -0.933891     -0.933868
   3.79920     -0.934777     -0.934753
   3.74312     -0.946666     -0.946640
   3.68703     -0.970504     -0.970475
   3.63095     -1.005839     -1.005805
   3.57486     -1.029342     -1.029150
   3.51878     -1.014915     -1.014707
   3.46269     -1.002610     -1.002383
   3.40661     -0.993184     -0.992931
   3.35052     -0.985213     -0.984926
   3.29444     -0.974286     -0.973959
   3.23835     -0.954627     -0.954260
   3.18227     -0.923934     -0.923532
   3.12618     -0.887446     -0.887003
   3.07010     -0.860243     -0.859737
   3.01401     -0.857424     -0.857044
   3.01401     -0.857424     -0.857044
   2.97436     -0.860174     -0.867005
   2.93470     -0.881728     -0.902166
   2.89504     -0.918514     -0.952649
   2.85538     -0.964161     -1.008028
   2.81572     -1.014308     -1.060834
   2.77607     -1.065549     -1.106473
   2.73641     -1.115364     -1.142869
   2.69675     -1.142590     -1.169868
   2.65709     -1.078580     -1.188511
   2.61743     -1.026342     -1.200352
   2.57778     -0.989118     -1.207011
   2.53812     -0.968531     -1.162299
   2.49846     -0.964249     -1.120367
   2.45880     -0.974050     -1.084171
   2.41914     -0.994136     -1.054553
   2.37949     -1.019515     -1.031847
   2.33983     -0.965879     -1.015981
   2.30017     -0.920840     -1.006662
   2.26051     -0.903362     -1.003596
   2.26051     -0.903362     -1.003596
   2.22085     -0.903686     -1.009002
   2.18119     -0.904672     -1.024839
   2.14154     -0.906362     -1.050049
   2.10188     -0.908807     -1.083089
   2.06222     -0.912053     -1.066175
   2.02256     -0.916133     -1.021656
   1.98290     -0.975524     -0.978461
   1.94325     -0.997709     -0.939032
   1.90359     -0.984149     -0.905164
   1.86393     -0.971677     -0.878071
   1.82427     -0.961087     -0.858548
   1.78461     -0.953492     -0.847159
   1.74496     -0.960198     -0.844434
   1.70530     -0.966394     -0.851004
   1.66564     -0.971832     -0.867576
   1.62598     -0.976265     -0.894455
   1.58632     -0.978853     -0.929875
   1.54667     -0.965882     -0.965599
   1.50701     -0.967879     -0.967862
   1.50701     -0.967879     -0.967862
   1.46735     -0.965617     -0.965864
   1.42769     -0.930045     -0.978777
   1.38803     -0.894674     -0.976181
   1.34838     -0.867834     -0.971748
   1.30872     -0.851293     -0.966312
   1.26906     -0.844749     -0.960117
   1.22940     -0.847495     -0.953413
   1.18974     -0.858903     -0.961082
   1.15008     -0.878444     -0.971678
   1.11043     -0.905552     -0.984158
   1.07077     -0.939436     -0.997727
   1.03111     -0.978880     -0.975196
   0.99145     -1.022089     -0.916075
   0.95179     -1.066623     -0.912000
   0.91214     -1.082962     -0.908757
   0.87248     -1.049916     -0.906315
   0.83282     -1.024700     -0.904629
   0.79316     -1.008858     -0.903644
   0.75350     -1.003451     -0.903321
   0.75350     -1.003451     -0.903321
   0.71385     -1.006523     -0.920784
   0.67419     -1.015857     -0.965784
   0.63453     -1.031748     -1.019561
   0.59487     -1.054484     -0.994176
   0.55521     -1.084135     -0.974085
   0.51556     -1.120364     -0.964280
   0.47590     -1.162326     -0.968557
   0.43624     -1.207498     -0.989138
   0.39658     -1.200838     -1.026352
   0.35692     -1.188997     -1.078580
   0.31726     -1.170355     -1.142577
   0.27761     -1.143357     -1.115150
   0.23795     -1.106964     -1.065346
   0.19829     -1.061329     -1.014115
   0.15863     -1.008527     -0.963979
   0.11897     -0.953153     -0.918341
   0.07932     -0.902674     -0.881558
   0.03966     -0.867489     -0.859935
   0.00000     -0.857424     -0.857044
 
# Band-Index   11
   0.00000     -0.841254     -0.840956
   0.03966     -0.839350     -0.841682
   0.07932     -0.824850     -0.829763
   0.11897     -0.798863     -0.805963
   0.15863     -0.762736     -0.773489
   0.19829     -0.717022     -0.734441
   0.23795     -0.661990     -0.691214
   0.27761     -0.597651     -0.646396
   0.31726     -0.523774     -0.602466
   0.35692     -0.439932     -0.561549
   0.39658     -0.345644     -0.525323
   0.43624     -0.240595     -0.495036
   0.47590     -0.124994     -0.471599
   0.51556     -0.000067     -0.455676
   0.55521      0.131297     -0.447731
   0.59487      0.263815     -0.447927
   0.63453      0.389065     -0.455720
   0.67419      0.495135     -0.468929
   0.71385      0.567645     -0.482386
   0.75350      0.593624     -0.488326
   0.75350      0.593624     -0.488326
   0.79316      0.578074     -0.507658
   0.83282      0.533536     -0.560564
   0.87248      0.465258     -0.635739
   0.91214      0.379461     -0.721953
   0.95179      0.281762     -0.810760
   0.99145      0.176612     -0.896421
   1.03111      0.067348     -0.920940
   1.07077     -0.043558     -0.926563
   1.11043     -0.154240     -0.932809
   1.15008     -0.263239     -0.939510
   1.18974     -0.369332     -0.946458
   1.22940     -0.471403     -0.953120
   1.26906     -0.568301     -0.948407
   1.30872     -0.658675     -0.947274
   1.34838     -0.740743     -0.949601
   1.38803     -0.811974     -0.954613
   1.42769     -0.868732     -0.960757
   1.46735     -0.906195     -0.938317
   1.50701     -0.919429     -0.919415
   1.50701     -0.919429     -0.919415
   1.54667     -0.938334     -0.906179
   1.58632     -0.960776     -0.868708
   1.62598     -0.954632     -0.811942
   1.66564     -0.949621     -0.740705
   1.70530     -0.947292     -0.658630
   1.74496     -0.948422     -0.568252
   1.78461     -0.953132     -0.471351
   1.82427     -0.946534     -0.369276
   1.86393     -0.939584     -0.263180
   1.90359     -0.932879     -0.154179
   1.94325     -0.926630     -0.043494
   1.98290     -0.921003      0.067416
   2.02256     -0.896760      0.176685
   2.06222     -0.811114      0.281842
   2.10188     -0.722325      0.379549
   2.14154     -0.636132      0.465356
   2.18119     -0.560980      0.533644
   2.22085     -0.508094      0.578189
   2.26051     -0.488770      0.593742
   2.26051     -0.488770      0.593742
   2.30017     -0.482823      0.567762
   2.33983     -0.469355      0.495249
   2.37949     -0.456138      0.389177
   2.41914     -0.448343      0.263928
   2.45880     -0.448148      0.131414
   2.49846     -0.456098      0.000055
   2.53812     -0.472027     -0.124865
   2.57778     -0.495471     -0.240459
   2.61743     -0.525766     -0.345503
   2.65709     -0.562002     -0.439786
   2.69675     -0.602928     -0.523623
   2.73641     -0.646869     -0.597498
   2.77607     -0.691697     -0.661834
   2.81572     -0.734935     -0.716866
   2.85538     -0.773993     -0.762579
   2.89504     -0.806474     -0.798705
   2.93470     -0.830275     -0.824688
   2.97436     -0.842123     -0.839158
   3.01401     -0.841254     -0.840956
   3.01401     -0.841254     -0.840956
   3.07010     -0.850161     -0.849990
   3.12618     -0.851969     -0.851742
   3.18227     -0.848290     -0.848032
   3.23835     -0.841858     -0.841579
   3.29444     -0.831872     -0.831573
   3.35052     -0.817444     -0.817126
   3.40661     -0.798809     -0.798476
   3.46269     -0.778053     -0.777712
   3.51878     -0.758479     -0.758137
   3.57486     -0.743382     -0.743044
   3.63095     -0.735351     -0.735021
   3.68703     -0.736176     -0.735861
   3.74312     -0.747047     -0.746750
   3.79920     -0.768758     -0.768486
   3.85529     -0.801727     -0.801486
   3.91137     -0.845336     -0.845136
   3.96746     -0.894913     -0.894772
   4.02354     -0.923507     -0.923474
   4.07963     -0.919429     -0.919415
 
# Band-Index   12
   4.07963      1.388390      1.388609
   4.02354      1.382928      1.383148
   3.96746      1.366359      1.366582
   3.91137      1.338162      1.338388
   3.85529      1.297578      1.297808
   3.79920      1.243782      1.244013
   3.74312      1.176072      1.176302
   3.68703      1.094008      1.094232
   3.63095      0.997476      0.997690
   3.57486      0.886843      0.887043
   3.51878      0.763298      0.763480
   3.46269      0.629207      0.629372
   3.40661      0.488289      0.488436
   3.35052      0.345553      0.345684
   3.29444      0.207095      0.207213
   3.23835      0.079784      0.079890
   3.18227     -0.029192     -0.029094
   3.12618     -0.112963     -0.112870
   3.07010     -0.165786     -0.165697
   3.01401     -0.183840     -0.183752
   3.01401     -0.183840     -0.183752
   2.97436     -0.173325     -0.176195
   2.93470     -0.142485     -0.153962
   2.89504     -0.093264     -0.118295
   2.85538     -0.028441     -0.071032
   2.81572      0.048830     -0.014360
   2.77607      0.135368      0.049412
   2.73641      0.228172      0.118016
   2.69675      0.324497      0.189318
   2.65709      0.421861      0.261365
   2.61743      0.518014      0.332384
   2.57778      0.610899      0.400770
   2.53812      0.698602      0.465067
   2.49846      0.753209      0.523941
   2.45880      0.754576      0.576172
   2.41914      0.753632      0.620652
   2.37949      0.751574      0.656396
   2.33983      0.749379      0.682573
   2.30017      0.747769      0.698549
   2.26051      0.747183      0.703920
   2.26051      0.747183      0.703920
   2.22085      0.772924      0.710214
   2.18119      0.844655      0.728689
   2.14154      0.949848      0.758199
   2.10188      1.068400      0.797066
   2.06222      1.089256      0.843315
   2.02256      1.113855      0.894894
   1.98290      1.141585      0.949821
   1.94325      1.171662      1.006268
   1.90359      1.203127      1.062598
   1.86393      1.234868      1.117375
   1.82427      1.265680      1.169356
   1.78461      1.294377      1.217479
   1.74496      1.319936      1.260846
   1.70530      1.341624      1.298712
   1.66564      1.359071      1.330471
   1.62598      1.372246      1.355646
   1.58632      1.381345      1.373877
   1.54667      1.386651      1.384914
   1.50701      1.388390      1.388609
   1.50701      1.388390      1.388609
   1.46735      1.384695      1.386870
   1.42769      1.373658      1.381568
   1.38803      1.355426      1.372472
   1.34838      1.330251      1.359303
   1.30872      1.298490      1.341861
   1.26906      1.260622      1.320178
   1.22940      1.217254      1.294623
   1.18974      1.169129      1.265928
   1.15008      1.117144      1.235118
   1.11043      1.062363      1.203379
   1.07077      1.006028      1.171913
   1.03111      0.949576      1.141836
   0.99145      0.894642      1.114106
   0.95179      0.843056      1.089507
   0.91214      0.796800      1.068651
   0.87248      0.757928      0.949810
   0.83282      0.728412      0.844598
   0.79316      0.709934      0.772851
   0.75350      0.703639      0.747102
   0.75350      0.703639      0.747102
   0.71385      0.698269      0.747689
   0.67419      0.682299      0.749302
   0.63453      0.656130      0.751501
   0.59487      0.620397      0.753565
   0.55521      0.575931      0.754516
   0.51556      0.523714      0.753158
   0.47590      0.464855      0.698753
   0.43624      0.400574      0.611034
   0.39658      0.332203      0.518136
   0.35692      0.261199      0.421971
   0.31726      0.189167      0.324599
   0.27761      0.117877      0.228268
   0.23795      0.049286      0.135460
   0.19829     -0.014475      0.048919
   0.15863     -0.071138     -0.028353
   0.11897     -0.118394     -0.093177
   0.07932     -0.154055     -0.142397
   0.03966     -0.176284     -0.173237
   0.00000     -0.183840     -0.183752
 
# Band-Index   13
   0.00000      0.352973      0.353128
   0.03966      0.376983      0.362594
   0.07932      0.445013      0.389459
   0.11897      0.547723      0.429726
   0.15863      0.674967      0.478260
   0.19829      0.818113      0.529971
   0.23795      0.970247      0.580520
   0.27761      1.125693      0.626617
   0.31726      1.279560      0.666089
   0.35692      1.427500      0.697827
   0.39658      1.565680      0.721645
   0.43624      1.690917      0.738075
   0.47590      1.800878      0.748143
   0.51556      1.894251      0.779494
   0.55521      1.970758      0.851546
   0.59487      2.030971      0.913285
   0.63453      2.075978      0.963201
   0.67419      2.107014      0.999958
   0.71385      2.125153      1.022482
   0.75350      2.131114      1.030072
   0.75350      2.131114      1.030072
   0.79316      2.131891      1.032536
   0.83282      2.103618      1.039888
   0.87248      2.060452      1.052001
   0.91214      2.006983      1.075221
   0.95179      1.948123      1.209607
   0.99145      1.888815      1.343888
   1.03111      1.834001      1.470756
   1.07077      1.788639      1.584640
   1.11043      1.757655      1.681969
   1.15008      1.745736      1.761346
   1.18974      1.756892      1.823337
   1.22940      1.793798      1.869879
   1.26906      1.856998      1.903570
   1.30872      1.944104      1.927081
   1.34838      2.049059      1.942824
   1.38803      2.101799      1.952807
   1.42769      2.028317      1.958638
   1.46735      1.979566      1.961563
   1.50701      1.962452      1.962433
   1.50701      1.962452      1.962433
   1.54667      1.961581      1.979541
   1.58632      1.958653      2.028279
   1.62598      1.952819      2.101738
   1.66564      1.942833      2.049361
   1.70530      1.927089      1.944433
   1.74496      1.903577      1.857346
   1.78461      1.869888      1.794160
   1.82427      1.823345      1.757262
   1.86393      1.761355      1.746110
   1.90359      1.681978      1.758030
   1.94325      1.584648      1.789011
   1.98290      1.470764      1.834370
   2.02256      1.343898      1.889181
   2.06222      1.209621      1.948485
   2.10188      1.075245      2.007344
   2.14154      1.051750      2.060814
   2.18119      1.039638      2.103983
   2.22085      1.032285      2.132259
   2.26051      1.029821      2.130735
   2.26051      1.029821      2.130735
   2.30017      1.022234      2.124778
   2.33983      0.999720      2.106655
   2.37949      0.962978      2.075645
   2.41914      0.913078      2.030673
   2.45880      0.851358      1.970504
   2.49846      0.779325      1.894049
   2.53812      0.748183      1.800731
   2.57778      0.738100      1.690826
   2.61743      0.721654      1.565644
   2.65709      0.697818      1.427513
   2.69675      0.666059      1.279615
   2.73641      0.626566      1.125782
   2.77607      0.580449      0.970363
   2.81572      0.529878      0.818250
   2.85538      0.478148      0.675117
   2.89504      0.429597      0.547879
   2.93470      0.389316      0.445171
   2.97436      0.362442      0.377140
   3.01401      0.352973      0.353128
   3.01401      0.352973      0.353128
   3.07010      0.386555      0.386708
   3.12618      0.480913      0.481060
   3.18227      0.621672      0.621806
   3.23835      0.793860      0.793974
   3.29444      0.984955      0.985042
   3.35052      1.184926      1.184981
   3.40661      1.385639      1.385658
   3.46269      1.580229      1.580212
   3.51878      1.707578      1.707886
   3.57486      1.730851      1.731175
   3.63095      1.767994      1.768329
   3.68703      1.820473      1.820810
   3.74312      1.889037      1.889368
   3.79920      1.973174      1.973490
   3.85529      2.070062      2.070355
   3.91137      2.084307      2.084258
   3.96746      2.023229      2.023196
   4.02354      1.978704      1.978681
   4.07963      1.962452      1.962433
 
# Band-Index   14
   4.07963      2.368733      2.368919
   4.02354      2.341661      2.341859
   3.96746      2.269745      2.269973
   3.91137      2.173024      2.173286
   3.85529      2.145076      2.145009
   3.79920      2.186523      2.186438
   3.74312      2.191219      2.191121
   3.68703      2.148140      2.148037
   3.63095      2.056455      2.056359
   3.57486      1.924147      1.924068
   3.51878      1.762211      1.762160
   3.46269      1.696212      1.696501
   3.40661      1.694414      1.694683
   3.35052      1.699625      1.699875
   3.29444      1.709254      1.709487
   3.23835      1.720854      1.721072
   3.18227      1.732265      1.732471
   3.12618      1.741722      1.741920
   3.07010      1.747926      1.748118
   3.01401      1.750082      1.750273
   3.01401      1.750082      1.750273
   2.97436      1.746411      1.751799
   2.93470      1.735824      1.756420
   2.89504      1.719602      1.764263
   2.85538      1.699874      1.775524
   2.81572      1.679597      1.790449
   2.77607      1.662512      1.809291
   2.73641      1.653044      1.832247
   2.69675      1.656083      1.859366
   2.65709      1.676595      1.890431
   2.61743      1.719011      1.924827
   2.57778      1.786461      1.961437
   2.53812      1.880003      1.998631
   2.49846      1.998090      2.034423
   2.45880      2.136272      2.066801
   2.41914      2.286953      2.094129
   2.37949      2.438770      2.115436
   2.33983      2.563238      2.130423
   2.30017      2.555336      2.139236
   2.26051      2.552638      2.142134
   2.26051      2.552638      2.142134
   2.22085      2.548193      2.148255
   2.18119      2.536788      2.198688
   2.14154      2.521845      2.276739
   2.10188      2.505745      2.376088
   2.06222      2.489700      2.490871
   2.02256      2.474257      2.614129
   1.98290      2.459649      2.647374
   1.94325      2.445975      2.646670
   1.90359      2.433277      2.631692
   1.86393      2.421588      2.594293
   1.82427      2.410940      2.537053
   1.78461      2.401372      2.464193
   1.74496      2.392934      2.379037
   1.70530      2.385677      2.285841
   1.66564      2.379652      2.190718
   1.62598      2.374909      2.161615
   1.58632      2.371489      2.265517
   1.54667      2.369424      2.340999
   1.50701      2.368733      2.368919
   1.50701      2.368733      2.368919
   1.46735      2.340799      2.369608
   1.42769      2.265284      2.371669
   1.38803      2.161345      2.375081
   1.34838      2.190807      2.379814
   1.30872      2.285964      2.385825
   1.26906      2.379197      2.393064
   1.22940      2.464395      2.401480
   1.18974      2.537303      2.411019
   1.15008      2.594604      2.421635
   1.11043      2.632072      2.433284
   1.07077      2.647070      2.445933
   1.03111      2.647751      2.459550
   0.99145      2.614501      2.474088
   0.95179      2.491235      2.489449
   0.91214      2.376451      2.505395
   0.87248      2.277106      2.521376
   0.83282      2.199061      2.536183
   0.79316      2.148632      2.547459
   0.75350      2.141765      2.551844
   0.75350      2.141765      2.551844
   0.71385      2.138868      2.554546
   0.67419      2.130061      2.562463
   0.63453      2.115083      2.439066
   0.59487      2.093792      2.287246
   0.55521      2.066481      2.136566
   0.51556      2.034125      1.998386
   0.47590      1.998354      1.880300
   0.43624      1.961182      1.786755
   0.39658      1.924591      1.719300
   0.35692      1.890210      1.676875
   0.31726      1.859156      1.656353
   0.27761      1.832045      1.653301
   0.23795      1.809095      1.662755
   0.19829      1.790256      1.679825
   0.15863      1.775332      1.700090
   0.11897      1.764072      1.719808
   0.07932      1.756230      1.736021
   0.03966      1.751608      1.746603
   0.00000      1.750082      1.750273
 
# Band-Index   15
   0.00000      2.835234      2.834784
   0.03966      2.835614      2.833309
   0.07932      2.836665      2.828902
   0.11897      2.834030      2.821613
   0.15863      2.824361      2.811533
   0.19829      2.813009      2.798787
   0.23795      2.800655      2.783546
   0.27761      2.788012      2.766026
   0.31726      2.775758      2.746496
   0.35692      2.764486      2.725288
   0.39658      2.754644      2.702804
   0.43624      2.746494      2.679531
   0.47590      2.740084      2.656048
   0.51556      2.735267      2.633038
   0.55521      2.731755      2.611287
   0.59487      2.729220      2.591669
   0.63453      2.727387      2.575100
   0.67419      2.726085      2.575661
   0.71385      2.687292      2.674618
   0.75350      2.662884      2.711546
   0.75350      2.662884      2.711546
   0.79316      2.659721      2.718795
   0.83282      2.653131      2.738563
   0.87248      2.647241      2.767201
   0.91214      2.644141      2.801879
   0.95179      2.644397      2.840767
   0.99145      2.649554      2.882571
   1.03111      2.737090      2.926219
   1.07077      2.723587      2.970727
   1.11043      2.710519      3.015145
   1.15008      2.706814      3.058545
   1.18974      2.708742      3.100037
   1.22940      2.712101      3.138784
   1.26906      2.715259      3.166627
   1.30872      2.717727      3.070272
   1.34838      2.719456      2.970038
   1.38803      2.720563      2.874429
   1.42769      2.721205      2.794200
   1.46735      2.721526      2.740376
   1.50701      2.721622      2.721378
   1.50701      2.721622      2.721378
   1.54667      2.740626      2.721282
   1.58632      2.794466      2.720962
   1.62598      2.874718      2.720322
   1.66564      2.970355      2.719219
   1.70530      3.070621      2.717495
   1.74496      3.167009      2.715036
   1.78461      3.139389      2.711893
   1.82427      3.100612      2.708560
   1.86393      3.059083      2.706677
   1.90359      3.015639      2.710445
   1.94325      2.971171      2.723537
   1.98290      2.926602      2.736991
   2.02256      2.882883      2.649214
   2.06222      2.840995      2.644068
   2.10188      2.802005      2.643819
   2.14154      2.767207      2.646915
   2.18119      2.738432      2.652785
   2.22085      2.718534      2.659338
   2.26051      2.711226      2.662474
   2.26051      2.711226      2.662474
   2.30017      2.674303      2.686882
   2.33983      2.575359      2.726241
   2.37949      2.575857      2.727536
   2.41914      2.592400      2.729358
   2.45880      2.611990      2.731877
   2.49846      2.633710      2.735368
   2.53812      2.656689      2.740160
   2.57778      2.680143      2.746542
   2.61743      2.703389      2.754663
   2.65709      2.725847      2.764476
   2.69675      2.747032      2.775720
   2.73641      2.766541      2.787948
   2.77607      2.784044      2.800569
   2.81572      2.799270      2.812903
   2.85538      2.812004      2.824238
   2.89504      2.822075      2.833894
   2.93470      2.829356      2.836207
   2.97436      2.833760      2.835162
   3.01401      2.835234      2.834784
   3.01401      2.835234      2.834784
   3.07010      2.834174      2.833721
   3.12618      2.831188      2.830726
   3.18227      2.826855      2.826376
   3.23835      2.822120      2.821619
   3.29444      2.818264      2.817736
   3.35052      2.816838      2.816280
   3.40661      2.819578      2.818987
   3.46269      2.828287      2.827661
   3.51878      2.844675      2.844015
   3.57486      2.870144      2.869453
   3.63095      2.905512      2.904793
   3.68703      2.950659      2.949918
   3.74312      3.004110      3.003354
   3.79920      3.046903      3.046557
   3.85529      2.961396      2.961080
   3.91137      2.872035      2.871748
   3.96746      2.793966      2.793702
   4.02354      2.740600      2.740350
   4.07963      2.721622      2.721378
 
# Band-Index   16
   4.07963      3.280414      3.279718
   4.02354      3.265316      3.264610
   3.96746      3.227685      3.226952
   3.91137      3.178259      3.177504
   3.85529      3.122176      3.121409
   3.79920      3.062736      3.061970
   3.74312      3.110454      3.110088
   3.68703      3.130799      3.130435
   3.63095      3.108148      3.107811
   3.57486      3.068694      3.068393
   3.51878      3.028486      3.028219
   3.46269      2.991797      2.991561
   3.40661      2.959278      2.959069
   3.35052      2.930849      2.930661
   3.29444      2.906381      2.906209
   3.23835      2.885868      2.885707
   3.18227      2.869469      2.869312
   3.12618      2.857450      2.857296
   3.07010      2.850097      2.849943
   3.01401      2.847620      2.847467
   3.01401      2.847620      2.847467
   2.97436      2.851693      2.845891
   2.93470      2.863818      2.841268
   2.89504      2.883705      2.837662
   2.85538      2.910844      2.839125
   2.81572      2.944482      2.840098
   2.77607      2.983607      2.840035
   2.73641      3.026955      2.838419
   2.69675      3.073051      2.834827
   2.65709      3.120294      2.828995
   2.61743      3.167062      2.820874
   2.57778      3.211836      2.810650
   2.53812      3.253299      2.798750
   2.49846      3.290411      2.785815
   2.45880      3.322416      2.772647
   2.41914      3.348790      2.760148
   2.37949      3.368908      2.749231
   2.33983      3.375759      2.740738
   2.30017      3.367791      2.725504
   2.26051      3.364639      2.725233
   2.26051      3.364639      2.725233
   2.22085      3.366194      2.729416
   2.18119      3.371067      2.738819
   2.14154      3.379783      2.748516
   2.10188      3.392823      2.755157
   2.06222      3.409848      2.756664
   2.02256      3.428423      2.751892
   1.98290      3.397228      2.755842
   1.94325      3.348603      2.891205
   1.90359      3.311681      2.950371
   1.86393      3.289938      2.986221
   1.82427      3.286451      3.022786
   1.78461      3.253850      3.059683
   1.74496      3.174644      3.096536
   1.70530      3.205687      3.133053
   1.66564      3.231918      3.169124
   1.62598      3.252841      3.204742
   1.58632      3.268066      3.239104
   1.54667      3.277313      3.267689
   1.50701      3.280414      3.279718
   1.50701      3.280414      3.279718
   1.46735      3.268398      3.276619
   1.42769      3.239842      3.267377
   1.38803      3.205509      3.252161
   1.34838      3.169911      3.231251
   1.30872      3.133850      3.205036
   1.26906      3.097336      3.174013
   1.22940      3.060482      3.253435
   1.18974      3.023580      3.285955
   1.15008      2.987007      3.289434
   1.11043      2.951148      3.311172
   1.07077      2.891584      3.348092
   1.03111      2.756172      3.396715
   0.99145      2.751954      3.427931
   0.95179      2.756709      3.409353
   0.91214      2.755173      3.392316
   0.87248      2.748494      3.379260
   0.83282      2.738749      3.370527
   0.79316      2.729288      3.365643
   0.75350      2.725072      3.364084
   0.75350      2.725072      3.364084
   0.71385      2.725344      3.367235
   0.67419      2.741454      3.375203
   0.63453      2.749938      3.368410
   0.59487      2.760843      3.348315
   0.55521      2.773328      3.321962
   0.51556      2.786479      3.289981
   0.47590      2.799397      3.252897
   0.43624      2.811276      3.211463
   0.39658      2.821479      3.166720
   0.35692      2.829578      3.119982
   0.31726      2.835387      3.072769
   0.27761      2.838958      3.026701
   0.23795      2.840553      2.983379
   0.19829      2.840596      2.944276
   0.15863      2.839607      2.910656
   0.11897      2.838130      2.883532
   0.07932      2.841413      2.863656
   0.03966      2.846042      2.851538
   0.00000      2.847620      2.847467
 
# Band-Index   17
   0.00000      3.808269      3.807583
   0.03966      3.810459      3.806271
   0.07932      3.816389      3.801898
   0.11897      3.824176      3.793378
   0.15863      3.830695      3.779542
   0.19829      3.830888      3.759711
   0.23795      3.814631      3.733938
   0.27761      3.769093      3.702909
   0.31726      3.699673      3.667724
   0.35692      3.617031      3.629697
   0.39658      3.525364      3.590232
   0.43624      3.426023      3.550727
   0.47590      3.319477      3.512516
   0.51556      3.206249      3.476832
   0.55521      3.087840      3.444783
   0.59487      2.967869      3.417373
   0.63453      2.853292      3.395767
   0.67419      2.755115      3.387509
   0.71385      2.736067      3.394445
   0.75350      2.734220      3.397226
   0.75350      2.734220      3.397226
   0.79316      2.738661      3.399878
   0.83282      2.751267      3.407876
   0.87248      2.770367      3.421332
   0.91214      2.794196      3.440381
   0.95179      2.821414      3.465126
   0.99145      2.851163      3.453225
   1.03111      2.882926      3.442175
   1.07077      2.916352      3.443440
   1.11043      3.032558      3.424890
   1.15008      3.174405      3.385325
   1.18974      3.315120      3.327215
   1.22940      3.452658      3.303259
   1.26906      3.584666      3.343049
   1.30872      3.708262      3.405882
   1.34838      3.819841      3.490803
   1.38803      3.914970      3.594964
   1.42769      3.935296      3.713212
   1.46735      3.932836      3.837203
   1.50701      3.932012      3.931491
   1.50701      3.932012      3.931491
   1.54667      3.837553      3.932314
   1.58632      3.713574      3.934774
   1.62598      3.595356      3.914430
   1.66564      3.491225      3.819326
   1.70530      3.406329      3.707773
   1.74496      3.343518      3.584201
   1.78461      3.303744      3.452215
   1.82427      3.327661      3.314696
   1.86393      3.385799      3.173998
   1.90359      3.425384      3.032166
   1.94325      3.443941      2.915584
   1.98290      3.442672      2.882169
   2.02256      3.453738      2.850417
   2.06222      3.465629      2.820676
   2.10188      3.440883      2.793466
   2.14154      3.421834      2.769643
   2.18119      3.408378      2.750545
   2.22085      3.400380      2.737938
   2.26051      3.397728      2.733497
   2.26051      3.397728      2.733497
   2.30017      3.394944      2.735346
   2.33983      3.388003      2.754705
   2.37949      3.396308      2.852879
   2.41914      3.417923      2.967450
   2.45880      3.445337      3.087413
   2.49846      3.477391      3.205812
   2.53812      3.513080      3.319030
   2.57778      3.551297      3.425566
   2.61743      3.590810      3.524896
   2.65709      3.630285      3.616549
   2.69675      3.668323      3.699174
   2.73641      3.703521      3.768560
   2.77607      3.734563      3.814030
   2.81572      3.760351      3.830232
   2.85538      3.780196      3.830018
   2.89504      3.794044      3.823492
   2.93470      3.802574      3.815704
   2.97436      3.806954      3.809774
   3.01401      3.808269      3.807583
   3.01401      3.808269      3.807583
   3.07010      3.809191      3.808508
   3.12618      3.811501      3.810824
   3.18227      3.813441      3.812778
   3.23835      3.811155      3.810514
   3.29444      3.799244      3.798634
   3.35052      3.773961      3.773383
   3.40661      3.708187      3.707736
   3.46269      3.601671      3.601208
   3.51878      3.513259      3.512783
   3.57486      3.447458      3.446972
   3.63095      3.407424      3.406930
   3.68703      3.395093      3.394598
   3.74312      3.411446      3.410958
   3.79920      3.456705      3.456232
   3.85529      3.529712      3.529258
   3.91137      3.625923      3.625491
   3.96746      3.735567      3.735161
   4.02354      3.845994      3.845612
   4.07963      3.932012      3.931491
 
# Band-Index   18
   4.07963      4.005059      4.005203
   4.02354      4.027996      4.027422
   3.96746      3.960623      3.960070
   3.91137      3.858910      3.858387
   3.85529      3.738063      3.737576
   3.79920      3.618350      3.617899
   3.74312      3.526099      3.525676
   3.68703      3.490542      3.490125
   3.63095      3.514261      3.513826
   3.57486      3.567505      3.567044
   3.51878      3.627905      3.627417
   3.46269      3.685486      3.684969
   3.40661      3.735274      3.734728
   3.35052      3.826871      3.826429
   3.29444      3.950291      3.949856
   3.23835      4.069612      4.069181
   3.18227      4.083562      4.083034
   3.12618      4.086966      4.086437
   3.07010      4.092138      4.091607
   3.01401      4.094378      4.093846
   3.01401      4.094378      4.093846
   2.97436      4.098251      4.087678
   2.93470      4.110506      4.069388
   2.89504      4.132741      4.039691
   2.85538      4.166677      4.000094
   2.81572      4.213019      3.954016
   2.77607      4.175996      3.910340
   2.73641      4.137905      3.881398
   2.69675      4.100388      3.860837
   2.65709      4.063966      3.802501
   2.61743      4.028718      3.758621
   2.57778      3.994340      3.732639
   2.53812      3.960173      3.727497
   2.49846      3.925223      3.734884
   2.45880      3.888232      3.705853
   2.41914      3.847970      3.679150
   2.37949      3.804138      3.656395
   2.33983      3.759469      3.639015
   2.30017      3.722699      3.628119
   2.26051      3.707816      3.624407
   2.26051      3.707816      3.624407
   2.22085      3.698100      3.633249
   2.18119      3.670118      3.659903
   2.14154      3.627054      3.704686
   2.10188      3.573359      3.767909
   2.06222      3.513965      3.849608
   2.02256      3.496092      3.949147
   1.98290      3.532156      4.025754
   1.94325      3.573581      4.014272
   1.90359      3.620003      4.002566
   1.86393      3.670809      3.990973
   1.82427      3.725054      3.979806
   1.78461      3.781426      3.969345
   1.74496      3.838224      3.959834
   1.70530      3.893341      3.951475
   1.66564      3.944279      3.944433
   1.62598      3.988243      3.938835
   1.58632      4.022363      3.987975
   1.54667      4.044061      4.034810
   1.50701      4.005059      4.005203
   1.50701      4.005059      4.005203
   1.46735      4.035386      4.043481
   1.42769      3.988536      4.021788
   1.38803      3.939357      3.987676
   1.34838      3.944955      3.943721
   1.30872      3.951996      3.892792
   1.26906      3.960354      3.837684
   1.22940      3.969865      3.780894
   1.18974      3.980326      3.724529
   1.15008      3.991493      3.670290
   1.11043      4.003085      3.619488
   1.07077      4.014792      3.573070
   1.03111      4.026274      3.531649
   0.99145      3.949428      3.495587
   0.95179      3.849964      3.513451
   0.91214      3.768334      3.572844
   0.87248      3.705169      3.626536
   0.83282      3.660431      3.669598
   0.79316      3.633806      3.697578
   0.75350      3.624974      3.707294
   0.75350      3.624974      3.707294
   0.71385      3.628687      3.722180
   0.67419      3.639587      3.758956
   0.63453      3.656972      3.803629
   0.59487      3.679734      3.847461
   0.55521      3.706446      3.887722
   0.51556      3.735488      3.924713
   0.47590      3.727935      3.959665
   0.43624      3.733064      3.993836
   0.39658      3.759036      4.028219
   0.35692      3.802909      4.063473
   0.31726      3.861241      4.099904
   0.27761      3.882035      4.137429
   0.23795      3.910927      4.175530
   0.19829      3.954560      4.212500
   0.15863      4.000626      4.166154
   0.11897      4.040221      4.132214
   0.07932      4.069919      4.109976
   0.03966      4.088209      4.097719
   0.00000      4.094378      4.093846
 
# Band-Index   19
   0.00000      4.327484      4.327054
   0.03966      4.315402      4.321454
   0.07932      4.280583      4.305294
   0.11897      4.226861      4.280299
   0.15863      4.159477      4.248795
   0.19829      4.084071      4.213177
   0.23795      4.006042      4.269703
   0.27761      3.930294      4.332471
   0.31726      3.862713      4.390529
   0.35692      3.843116      4.431222
   0.39658      3.820190      4.448616
   0.43624      3.793881      4.447575
   0.47590      3.765173      4.436477
   0.51556      3.745600      4.421500
   0.55521      3.786186      4.406163
   0.59487      3.846847      4.392330
   0.63453      3.920442      4.380975
   0.67419      3.994401      4.372613
   0.71385      4.051086      4.367511
   0.75350      4.072646      4.365798
   0.75350      4.072646      4.365798
   0.79316      4.071545      4.323333
   0.83282      4.068286      4.253028
   0.87248      4.062991      4.184725
   0.91214      4.055860      4.124269
   0.95179      4.047154      4.075313
   0.99145      4.037179      4.042967
   1.03111      4.064640      4.034962
   1.07077      4.189933      4.059944
   1.11043      4.309779      4.121313
   1.15008      4.389289      4.211247
   1.18974      4.405745      4.309570
   1.22940      4.386464      4.385811
   1.26906      4.357346      4.414376
   1.30872      4.328584      4.398831
   1.34838      4.303783      4.361641
   1.38803      4.284205      4.285964
   1.42769      4.149817      4.193114
   1.46735      4.045397      4.090939
   1.50701      4.051514      4.050933
   1.50701      4.051514      4.050933
   1.54667      4.090958      4.045544
   1.58632      4.193100      4.149972
   1.62598      4.285896      4.284476
   1.66564      4.361316      4.304056
   1.70530      4.398498      4.328858
   1.74496      4.414061      4.357621
   1.78461      4.385546      4.386737
   1.82427      4.309366      4.406000
   1.86393      4.211093      4.389465
   1.90359      4.121206      4.309805
   1.94325      4.059889      4.189830
   1.98290      4.034966      4.064440
   2.02256      4.043029      4.036658
   2.06222      4.075421      4.046633
   2.10188      4.124411      4.055339
   2.14154      4.184896      4.062469
   2.18119      4.253234      4.067763
   2.22085      4.323611      4.071023
   2.26051      4.366190      4.072124
   2.26051      4.366190      4.072124
   2.30017      4.367903      4.050568
   2.33983      4.373005      3.993895
   2.37949      4.381368      3.919950
   2.41914      4.392724      3.846368
   2.45880      4.406561      3.785721
   2.49846      4.421903      3.745149
   2.53812      4.436891      3.764557
   2.57778      4.448006      3.793253
   2.61743      4.449071      3.819551
   2.65709      4.431704      3.842467
   2.69675      4.391030      3.862061
   2.73641      4.332981      3.929892
   2.77607      4.270218      4.005638
   2.81572      4.213634      4.083664
   2.85538      4.249243      4.159064
   2.89504      4.280740      4.226442
   2.93470      4.305729      4.280159
   2.97436      4.321885      4.314974
   3.01401      4.327484      4.327054
   3.01401      4.327484      4.327054
   3.07010      4.309696      4.309266
   3.12618      4.257553      4.257124
   3.18227      4.175130      4.174701
   3.23835      4.089668      4.089140
   3.29444      4.114388      4.113864
   3.35052      4.164100      4.163590
   3.40661      4.240081      4.239602
   3.46269      4.340223      4.339791
   3.51878      4.461022      4.460655
   3.57486      4.597114      4.596838
   3.63095      4.732578      4.732483
   3.68703      4.782547      4.782893
   3.74312      4.677335      4.677790
   3.79920      4.547786      4.548193
   3.85529      4.438186      4.438542
   3.91137      4.356034      4.356350
   3.96746      4.300683      4.300973
   4.02354      4.124535      4.124552
   4.07963      4.051514      4.050933
 
# Band-Index   20
   4.07963      4.259096      4.259368
   4.02354      4.269234      4.269510
   3.96746      4.331342      4.331417
   3.91137      4.592708      4.592879
   3.85529      4.879646      4.880042
   3.79920      5.139078      5.139974
   3.74312      5.211656      5.211415
   3.68703      5.083578      5.083456
   3.63095      5.140378      5.140689
   3.57486      5.301352      5.301799
   3.51878      5.451747      5.452152
   3.46269      5.503071      5.503276
   3.40661      5.444767      5.444835
   3.35052      5.373514      5.373529
   3.29444      5.334650      5.334637
   3.23835      5.335862      5.335831
   3.18227      5.370717      5.370672
   3.12618      5.423819      5.423761
   3.07010      5.472019      5.471949
   3.01401      5.491537      5.491461
   3.01401      5.491537      5.491461
   2.97436      5.465728      5.498106
   2.93470      5.399200      5.518712
   2.89504      5.312804      5.555124
   2.85538      5.223338      5.609863
   2.81572      5.141865      5.685437
   2.77607      5.076766      5.706153
   2.73641      5.036998      5.663731
   2.69675      5.034400      5.643603
   2.65709      5.081696      5.647552
   2.61743      5.183735      5.677069
   2.57778      5.333663      5.732962
   2.53812      5.520353      5.814803
   2.49846      5.346978      5.886676
   2.45880      5.127718      5.733404
   2.41914      4.924749      5.588980
   2.37949      4.750597      5.469846
   2.33983      4.616601      5.381616
   2.30017      4.532042      5.327618
   2.26051      4.503123      5.309464
   2.26051      4.503123      5.309464
   2.22085      4.552519      5.293026
   2.18119      4.643032      5.247301
   2.14154      4.743928      5.180614
   2.10188      4.848075      5.101864
   2.06222      4.950339      5.018408
   2.02256      5.044170      4.936101
   1.98290      5.119966      4.860457
   1.94325      5.028891      4.799175
   1.90359      4.924276      4.768638
   1.86393      4.822826      4.803515
   1.82427      4.725263      4.925213
   1.78461      4.631964      4.818386
   1.74496      4.542808      4.698911
   1.70530      4.456933      4.570266
   1.66564      4.372395      4.431516
   1.62598      4.320977      4.286933
   1.58632      4.287700      4.270493
   1.54667      4.266385      4.262141
   1.50701      4.259096      4.259368
   1.50701      4.259096      4.259368
   1.46735      4.261869      4.266661
   1.42769      4.270221      4.287988
   1.38803      4.286763      4.321283
   1.34838      4.431323      4.372512
   1.30872      4.570042      4.457089
   1.26906      4.698648      4.542996
   1.22940      4.818082      4.632175
   1.18974      4.925371      4.725494
   1.15008      4.803633      4.823071
   1.11043      4.768657      4.924531
   1.07077      4.799128      5.029151
   1.03111      4.860389      5.119738
   0.99145      4.936034      5.043961
   0.95179      5.018356      4.950170
   0.91214      5.101833      4.847949
   0.87248      5.180609      4.743845
   0.83282      5.247322      4.642998
   0.79316      5.293068      4.552566
   0.75350      5.309513      4.503288
   0.75350      5.309513      4.503288
   0.71385      5.327663      4.532205
   0.67419      5.381652      4.616760
   0.63453      5.469867      4.750748
   0.59487      5.588982      4.924890
   0.55521      5.733380      5.127847
   0.51556      5.886588      5.347093
   0.47590      5.814968      5.520272
   0.43624      5.733168      5.333585
   0.39658      5.677306      5.183667
   0.35692      5.647811      5.081642
   0.31726      5.643876      5.034353
   0.27761      5.664012      5.036949
   0.23795      5.706436      5.076712
   0.19829      5.685473      5.141807
   0.15863      5.609909      5.223278
   0.11897      5.555180      5.312741
   0.07932      5.518779      5.399132
   0.03966      5.498179      5.465654
   0.00000      5.491537      5.491461
 
# Band-Index   21
   0.00000      5.845192      5.845045
   0.03966      5.846455      5.849962
   0.07932      5.850186      5.864453
   0.11897      5.856195      5.887680
   0.15863      5.850613      5.918070
   0.19829      5.769301      5.953052
   0.23795      5.783666      5.988804
   0.27761      5.891357      6.020298
   0.31726      5.897966      6.042225
   0.35692      5.901626      6.050941
   0.39658      5.901926      5.978001
   0.43624      5.899043      5.783578
   0.47590      5.893629      5.569744
   0.51556      5.894930      5.734054
   0.55521      5.878880      5.958422
   0.59487      5.871378      5.935818
   0.63453      5.864810      5.917002
   0.67419      5.859733      5.902958
   0.71385      5.856535      5.886186
   0.75350      5.855443      5.843540
   0.75350      5.855443      5.843540
   0.79316      5.836913      5.764126
   0.83282      5.788716      5.664421
   0.87248      5.721495      5.562356
   0.91214      5.641347      5.457982
   0.95179      5.551871      5.351544
   0.99145      5.455777      5.243833
   1.03111      5.355253      5.135965
   1.07077      5.251935      5.164722
   1.11043      5.146804      5.170398
   1.15008      5.040067      5.147703
   1.18974      4.931046      5.126882
   1.22940      5.103743      5.144843
   1.26906      5.307450      5.228183
   1.30872      5.235207      5.213590
   1.34838      5.169638      5.154855
   1.38803      5.117227      5.108861
   1.42769      5.078915      5.075854
   1.46735      5.055527      5.055993
   1.50701      5.047658      5.049364
   1.50701      5.047658      5.049364
   1.54667      5.054289      5.057229
   1.58632      5.074152      5.080604
   1.62598      5.107163      5.118892
   1.66564      5.153165      5.171261
   1.70530      5.211910      5.236774
   1.74496      5.227852      5.307312
   1.78461      5.144531      5.103592
   1.82427      5.126602      4.931385
   1.86393      5.147534      5.040433
   1.90359      5.170414      5.147184
   1.94325      5.164897      5.252317
   1.98290      5.135703      5.355623
   2.02256      5.243574      5.456124
   2.06222      5.351295      5.552183
   2.10188      5.457747      5.641615
   2.14154      5.562141      5.721710
   2.18119      5.664231      5.788873
   2.22085      5.763963      5.837015
   2.26051      5.843406      5.855519
   2.26051      5.843406      5.855519
   2.30017      5.886048      5.856611
   2.33983      5.902819      5.859810
   2.37949      5.916869      5.864890
   2.41914      5.935694      5.871460
   2.45880      5.958309      5.878965
   2.49846      5.734129      5.894974
   2.53812      5.569644      5.893717
   2.57778      5.783497      5.899129
   2.61743      5.977947      5.902005
   2.65709      6.050947      5.901692
   2.69675      6.042264      5.898011
   2.73641      6.020367      5.891374
   2.77607      5.988897      5.783636
   2.81572      5.953164      5.769018
   2.85538      5.918196      5.850332
   2.89504      5.887816      5.856087
   2.93470      5.864595      5.850057
   2.97436      5.850108      5.846312
   3.01401      5.845192      5.845045
   3.01401      5.845192      5.845045
   3.07010      5.851756      5.851614
   3.12618      5.875154      5.875028
   3.18227      5.923013      5.922909
   3.23835      6.000224      6.000148
   3.29444      6.046033      6.045742
   3.35052      6.050896      6.050632
   3.40661      6.049244      6.049119
   3.46269      5.986141      5.986322
   3.51878      5.962890      5.962943
   3.57486      5.866582      5.867944
   3.63095      5.686978      5.688415
   3.68703      5.512511      5.513946
   3.74312      5.338372      5.339676
   3.79920      5.395327      5.395149
   3.85529      5.310093      5.311485
   3.91137      5.184017      5.185626
   3.96746      5.106340      5.108018
   4.02354      5.062191      5.063892
   4.07963      5.047658      5.049364
 
# Band-Index   22
   4.07963      5.327596      5.330275
   4.02354      5.340061      5.342738
   3.96746      5.377487      5.380151
   3.91137      5.439247      5.441850
   3.85529      5.510768      5.512614
   3.79920      5.524079      5.524964
   3.74312      5.806459      5.809200
   3.68703      5.966439      5.968678
   3.63095      6.011528      6.011571
   3.57486      5.991523      5.991491
   3.51878      6.044699      6.045896
   3.46269      6.182521      6.182476
   3.40661      6.216433      6.216757
   3.35052      6.212048      6.212119
   3.29444      6.103386      6.103353
   3.23835      6.049943      6.049637
   3.18227      6.068289      6.067974
   3.12618      6.108230      6.107907
   3.07010      6.173215      6.172870
   3.01401      6.221094      6.220708
   3.01401      6.221094      6.220708
   2.97436      6.224259      6.164004
   2.93470      6.233728      6.056548
   2.89504      6.249334      5.947657
   2.85538      6.270468      5.864017
   2.81572      6.295201      5.873203
   2.77607      6.317632      5.882709
   2.73641      6.319650      5.904816
   2.69675      6.264781      6.047226
   2.65709      6.143288      6.203997
   2.61743      6.046121      6.320883
   2.57778      6.030559      6.224039
   2.53812      6.008320      6.063249
   2.49846      5.983236      5.920201
   2.45880      5.966937      6.043842
   2.41914      6.210536      6.176357
   2.37949      6.203913      6.303386
   2.33983      6.009914      6.316947
   2.30017      5.894164      6.177167
   2.26051      5.891242      6.127571
   2.26051      5.891242      6.127571
   2.22085      5.969549      6.142989
   2.18119      6.061028      6.178310
   2.14154      6.131362      6.210284
   2.10188      6.114021      6.210416
   2.06222      5.980944      6.160353
   2.02256      5.860943      6.069808
   1.98290      5.760537      5.958710
   1.94325      5.688753      5.840542
   1.90359      5.650392      5.722564
   1.86393      5.563860      5.608799
   1.82427      5.459959      5.501741
   1.78461      5.365968      5.403152
   1.74496      5.283025      5.314430
   1.70530      5.367471      5.460678
   1.66564      5.420824      5.421888
   1.62598      5.383530      5.382995
   1.58632      5.353040      5.354045
   1.54667      5.334026      5.336270
   1.50701      5.327596      5.330275
   1.50701      5.327596      5.330275
   1.46735      5.333587      5.336701
   1.42769      5.351357      5.355701
   1.38803      5.380304      5.386172
   1.34838      5.419226      5.423447
   1.30872      5.458679      5.368106
   1.26906      5.312929      5.284691
   1.22940      5.401721      5.367615
   1.18974      5.500380      5.461578
   1.15008      5.607508      5.565443
   1.11043      5.721347      5.652167
   1.07077      5.839412      5.690564
   1.03111      5.957700      5.762315
   0.99145      6.068977      5.862632
   0.95179      6.159789      5.982523
   0.91214      6.210159      6.115478
   0.87248      6.210223      6.131613
   0.83282      6.178294      6.061170
   0.79316      6.142952      5.969674
   0.75350      6.127515      5.891386
   0.75350      6.127515      5.891386
   0.71385      6.177108      5.894306
   0.67419      6.316876      6.010066
   0.63453      6.303231      6.204090
   0.59487      6.176317      6.210506
   0.55521      6.043888      5.966876
   0.51556      5.920315      5.983333
   0.47590      6.063189      6.008398
   0.43624      6.223987      6.030613
   0.39658      6.320952      6.046147
   0.35692      6.204045      6.143292
   0.31726      6.047257      6.264685
   0.27761      5.904844      6.319423
   0.23795      5.882724      6.317333
   0.19829      5.873251      6.294870
   0.15863      5.864097      6.270115
   0.11897      5.947941      6.248967
   0.07932      6.056845      6.233350
   0.03966      6.164341      6.223876
   0.00000      6.221094      6.220708
 
# Band-Index   23
   0.00000      6.575697      6.575766
   0.03966      6.648922      6.618535
   0.07932      6.805857      6.735924
   0.11897      6.939843      6.906998
   0.15863      6.931806      6.856425
   0.19829      6.918334      6.776771
   0.23795      6.858397      6.690714
   0.27761      6.778991      6.615406
   0.31726      6.679969      6.584278
   0.35692      6.565676      6.601912
   0.39658      6.487292      6.638769
   0.43624      6.614989      6.673805
   0.47590      6.792696      6.695251
   0.51556      6.952411      6.698757
   0.55521      6.983649      6.687255
   0.59487      6.766791      6.452076
   0.63453      6.524462      6.453578
   0.67419      6.406892      6.628781
   0.71385      6.472699      6.617199
   0.75350      6.494818      6.613192
   0.75350      6.494817      6.613192
   0.79316      6.503545      6.538477
   0.83282      6.515100      6.401817
   0.87248      6.491836      6.256911
   0.91214      6.415542      6.154031
   0.95179      6.308578      6.113166
   0.99145      6.192454      6.024918
   1.03111      6.077101      5.913675
   1.07077      5.966781      5.795100
   1.11043      5.863465      5.677512
   1.15008      5.768154      5.634907
   1.18974      5.681430      5.616020
   1.22940      5.603829      5.582509
   1.26906      5.536922      5.536418
   1.30872      5.542595      5.489954
   1.34838      5.746891      5.566487
   1.38803      5.782945      5.755779
   1.42769      5.659814      5.722050
   1.46735      5.587480      5.604457
   1.50701      5.563725      5.563815
   1.50701      5.563725      5.563815
   1.54667      5.604376      5.587571
   1.58632      5.721993      5.659908
   1.62598      5.755720      5.783044
   1.66564      5.566464      5.746942
   1.70530      5.488019      5.543309
   1.74496      5.534278      5.539768
   1.78461      5.580483      5.606673
   1.82427      5.614151      5.684269
   1.86393      5.633139      5.770984
   1.90359      5.675981      5.866278
   1.94325      5.793646      5.969562
   1.98290      5.912338      6.079825
   2.02256      6.023765      6.195078
   2.06222      6.112296      6.311022
   2.10188      6.153514      6.417645
   2.14154      6.255587      6.493334
   2.18119      6.400647      6.515954
   2.22085      6.537494      6.504090
   2.26051      6.612374      6.495325
   2.26051      6.612374      6.495325
   2.30017      6.616388      6.473151
   2.33983      6.627987      6.407216
   2.37949      6.453534      6.524590
   2.41914      6.451854      6.767115
   2.45880      6.686636      6.984489
   2.49846      6.698254      6.953321
   2.53812      6.694885      6.792941
   2.57778      6.673577      6.615154
   2.61743      6.638648      6.487551
   2.65709      6.601846      6.565903
   2.69675      6.584191      6.680170
   2.73641      6.615251      6.779171
   2.77607      6.690539      6.858556
   2.81572      6.776607      6.918474
   2.85538      6.856277      6.931822
   2.89504      6.906948      6.939877
   2.93470      6.735866      6.805838
   2.97436      6.618469      6.648943
   3.01401      6.575697      6.575766
   3.01401      6.575697      6.575766
   3.07010      6.686217      6.686244
   3.12618      6.928246      6.928249
   3.18227      6.874278      6.874445
   3.23835      6.745158      6.745396
   3.29444      6.575689      6.576022
   3.35052      6.385256      6.385663
   3.40661      6.266522      6.266914
   3.46269      6.197668      6.198549
   3.51878      6.284123      6.284047
   3.57486      6.397492      6.400171
   3.63095      6.184331      6.186918
   3.68703      6.045937      6.046363
   3.74312      5.844997      5.845454
   3.79920      5.666964      5.669720
   3.85529      5.635576      5.636363
   3.91137      5.814113      5.814187
   3.96746      5.803177      5.803240
   4.02354      5.627072      5.627154
   4.07963      5.563725      5.563815
 
# Band-Index   24
   4.07963      6.159194      6.159218
   4.02354      6.127128      6.127210
   3.96746      5.988291      5.988344
   3.91137      6.063458      6.063506
   3.85529      6.057483      6.057477
   3.79920      6.044965      6.044939
   3.74312      6.040722      6.040694
   3.68703      6.220137      6.220425
   3.63095      6.592433      6.592666
   3.57486      6.497702      6.497643
   3.51878      6.630569      6.633240
   3.46269      6.877690      6.880399
   3.40661      6.858271      6.859107
   3.35052      6.916169      6.916979
   3.29444      7.010397      7.010914
   3.23835      7.064081      7.064312
   3.18227      7.055837      7.055926
   3.12618      6.957795      6.957925
   3.07010      6.973260      6.973320
   3.01401      6.958616      6.958677
   3.01401      6.958616      6.958677
   2.97436      6.976189      6.956083
   2.93470      6.973187      6.949078
   2.89504      6.923026      6.987975
   2.85538      7.010687      6.960735
   2.81572      6.974984      6.928998
   2.77607      6.948860      6.935861
   2.73641      6.940603      6.956865
   2.69675      6.958103      6.996066
   2.65709      7.006932      7.056723
   2.61743      7.088717      7.140975
   2.57778      7.201464      7.249740
   2.53812      7.180616      7.222805
   2.49846      6.996237      7.124491
   2.45880      6.730825      7.065986
   2.41914      6.666909      7.117672
   2.37949      6.645783      7.122535
   2.33983      6.675140      7.079017
   2.30017      6.834277      7.055500
   2.26051      6.888681      7.047964
   2.26051      6.888681      7.047964
   2.22085      6.962061      7.019614
   2.18119      6.978155      6.952750
   2.14154      6.917223      6.885588
   2.10188      6.903381      6.857795
   2.06222      6.797101      6.891156
   2.02256      6.658036      6.931988
   1.98290      6.529250      6.859556
   1.94325      6.413531      6.780305
   1.90359      6.314895      6.703342
   1.86393      6.238817      6.632149
   1.82427      6.189961      6.568036
   1.78461      6.167167      6.511337
   1.74496      6.162060      6.441728
   1.70530      6.164587      6.180346
   1.66564      6.140238      5.957720
   1.62598      5.905344      5.943530
   1.58632      5.943880      6.095271
   1.54667      6.109410      6.155168
   1.50701      6.159194      6.159218
   1.50701      6.159194      6.159218
   1.46735      6.155161      6.109497
   1.42769      6.095279      5.943958
   1.38803      5.943522      5.905375
   1.34838      5.957611      6.140248
   1.30872      6.180227      6.164712
   1.26906      6.441594      6.162300
   1.22940      6.511280      6.167592
   1.18974      6.567970      6.190639
   1.15008      6.632069      6.239765
   1.11043      6.703235      6.316068
   1.07077      6.780155      6.414873
   1.03111      6.859334      6.530723
   0.99145      6.931643      6.659626
   0.95179      6.889503      6.798811
   0.91214      6.856010      6.905044
   0.87248      6.883741      6.918966
   0.83282      6.950984      6.979822
   0.79316      7.017989      6.963000
   0.75350      7.046413      6.889806
   0.75350      7.046413      6.889806
   0.71385      7.053956      6.834989
   0.67419      7.077502      6.675384
   0.63453      7.121093      6.646541
   0.59487      7.115836      6.667612
   0.55521      7.063837      6.731159
   0.51556      7.123218      6.996889
   0.47590      7.221409      7.181677
   0.43624      7.249738      7.201498
   0.39658      7.140997      7.088751
   0.35692      7.056759      7.006969
   0.31726      6.996106      6.958146
   0.27761      6.956899      6.940650
   0.23795      6.935883      6.948907
   0.19829      6.929003      6.975027
   0.15863      6.960610      7.010723
   0.11897      6.987861      6.923160
   0.07932      6.949029      6.973310
   0.03966      6.956024      6.976252
   0.00000      6.958616      6.958677
 
# Band-Index   25
   0.00000      7.014990      7.015104
   0.03966      7.012547      7.004511
   0.07932      7.004381      7.027544
   0.11897      6.997532      7.048291
   0.15863      7.210071      7.114983
   0.19829      7.439310      7.322953
   0.23795      7.551042      7.424938
   0.27761      7.571690      7.489278
   0.31726      7.539353      7.496755
   0.35692      7.474286      7.455406
   0.39658      7.394467      7.385208
   0.43624      7.309396      7.296893
   0.47590      7.382756      7.341349
   0.51556      7.336882      7.323126
   0.55521      7.299269      7.257696
   0.59487      7.198994      7.181752
   0.63453      7.127416      7.131639
   0.67419      7.122837      7.098324
   0.71385      7.116130      7.078973
   0.75350      7.113348      7.072606
   0.75350      7.113348      7.072606
   0.79316      7.068371      7.044668
   0.83282      6.992387      7.085776
   0.87248      6.957031      7.085489
   0.91214      6.970938      6.945185
   0.95179      6.975448      6.958570
   0.99145      6.969628      7.058378
   1.03111      7.061731      7.161187
   1.07077      7.127510      7.197681
   1.11043      7.140527      7.126927
   1.15008      7.100844      7.038684
   1.18974      6.983303      6.938809
   1.22940      6.725409      6.833342
   1.26906      6.461750      6.707941
   1.30872      6.418485      6.412575
   1.34838      6.379249      6.168026
   1.38803      6.339676      6.169493
   1.42769      6.291422      6.169386
   1.46735      6.240968      6.172309
   1.50701      6.223577      6.223671
   1.50701      6.223577      6.223671
   1.54667      6.172300      6.241056
   1.58632      6.169374      6.291497
   1.62598      6.169466      6.339771
   1.66564      6.167966      6.379322
   1.70530      6.412576      6.418546
   1.74496      6.707909      6.461806
   1.78461      6.833306      6.725621
   1.82427      6.938777      6.984542
   1.86393      7.038653      7.103829
   1.90359      7.126894      7.143518
   1.94325      7.197644      7.130006
   1.98290      7.159095      7.063686
   2.02256      7.056741      6.971295
   2.06222      6.957023      6.976016
   2.10188      6.943342      6.971871
   2.14154      7.083570      6.958524
   2.18119      7.084743      6.994421
   2.22085      7.043157      7.070614
   2.26051      7.071179      7.116636
   2.26051      7.071179      7.116636
   2.30017      7.077550      7.119246
   2.33983      7.096913      7.125797
   2.37949      7.130255      7.129554
   2.41914      7.180421      7.200220
   2.45880      7.256498      7.302001
   2.49846      7.321024      7.339013
   2.53812      7.341309      7.382794
   2.57778      7.295707      7.310795
   2.61743      7.384062      7.395812
   2.65709      7.454392      7.475519
   2.69675      7.495969      7.540395
   2.73641      7.488777      7.572447
   2.77607      7.424665      7.551481
   2.81572      7.322800      7.439288
   2.85538      7.114938      7.210040
   2.89504      7.048262      6.997504
   2.93470      7.027476      7.004495
   2.97436      7.004395      7.012661
   3.01401      7.014990      7.015104
   3.01401      7.014990      7.015104
   3.07010      7.001617      7.001734
   3.12618      7.012177      7.012236
   3.18227      7.204614      7.204673
   3.23835      7.287462      7.287534
   3.29444      7.406827      7.406905
   3.35052      7.398517      7.401376
   3.40661      7.135144      7.137918
   3.46269      6.908858      6.909472
   3.51878      6.979470      6.979916
   3.57486      6.885249      6.885526
   3.63095      6.787977      6.787967
   3.68703      6.941293      6.941430
   3.74312      6.781730      6.781882
   3.79920      6.620471      6.620601
   3.85529      6.382537      6.382576
   3.91137      6.084509      6.084517
   3.96746      6.124806      6.124813
   4.02354      6.161477      6.161476
   4.07963      6.223577      6.223671
 
# Band-Index   26
   4.07963      6.355226      6.355308
   4.02354      6.345168      6.345257
   3.96746      6.350087      6.350183
   3.91137      6.400489      6.400589
   3.85529      6.492117      6.492229
   3.79920      6.742392      6.742427
   3.74312      7.128244      7.128381
   3.68703      7.262144      7.262214
   3.63095      7.297341      7.297601
   3.57486      7.499391      7.502515
   3.51878      7.601628      7.603901
   3.46269      7.706443      7.708144
   3.40661      7.693722      7.694153
   3.35052      7.551227      7.551338
   3.29444      7.662381      7.665284
   3.23835      7.580301      7.580319
   3.18227      7.234549      7.234552
   3.12618      7.153764      7.153796
   3.07010      7.122271      7.122288
   3.01401      7.110924      7.110939
   3.01401      7.110924      7.110939
   2.97436      7.103087      7.130287
   2.93470      7.080944      7.186078
   2.89504      7.108190      7.271546
   2.85538      7.210701      7.374903
   2.81572      7.348207      7.477324
   2.77607      7.594612      7.677859
   2.73641      7.797754      7.848092
   2.69675      7.773566      7.770448
   2.65709      7.671219      7.661099
   2.61743      7.569045      7.559830
   2.57778      7.475497      7.470949
   2.53812      7.392542      7.396518
   2.49846      7.389750      7.538890
   2.45880      7.261493      7.357025
   2.41914      7.215207      7.289094
   2.37949      7.184573      7.309751
   2.33983      7.175640      7.377625
   2.30017      7.198906      7.461520
   2.26051      7.225035      7.513801
   2.26051      7.225035      7.513801
   2.22085      7.229030      7.526778
   2.18119      7.240095      7.522410
   2.14154      7.255431      7.459667
   2.10188      7.270319      7.397791
   2.06222      7.278387      7.392264
   2.02256      7.272493      7.459367
   1.98290      7.246557      7.556810
   1.94325      7.217676      7.439080
   1.90359      7.212935      7.306185
   1.86393      7.165025      7.164171
   1.82427      7.096402      7.017898
   1.78461      6.984268      6.871669
   1.74496      6.727875      6.729537
   1.70530      6.627625      6.595647
   1.66564      6.537294      6.474554
   1.62598      6.461279      6.371447
   1.58632      6.403558      6.308945
   1.54667      6.367433      6.328473
   1.50701      6.355226      6.355308
   1.50701      6.355226      6.355308
   1.46735      6.328377      6.367514
   1.42769      6.308832      6.403633
   1.38803      6.371395      6.461346
   1.34838      6.474524      6.537353
   1.30872      6.595641      6.627675
   1.26906      6.729552      6.727917
   1.22940      6.871706      6.985711
   1.18974      7.017954      7.100037
   1.15008      7.164245      7.168716
   1.11043      7.306277      7.216363
   1.07077      7.439190      7.220510
   1.03111      7.556626      7.246600
   0.99145      7.459149      7.272542
   0.95179      7.392029      7.278442
   0.91214      7.397485      7.270378
   0.87248      7.459123      7.255493
   0.83282      7.521185      7.240157
   0.79316      7.520555      7.229093
   0.75350      7.492015      7.225097
   0.75350      7.492016      7.225097
   0.71385      7.445292      7.198682
   0.67419      7.364351      7.176707
   0.63453      7.307219      7.186237
   0.59487      7.287030      7.217205
   0.55521      7.356335      7.263614
   0.51556      7.538780      7.390587
   0.47590      7.394609      7.394697
   0.43624      7.469057      7.477655
   0.39658      7.557952      7.571176
   0.35692      7.659247      7.673297
   0.31726      7.768692      7.775410
   0.27761      7.846926      7.798420
   0.23795      7.677828      7.594704
   0.19829      7.477115      7.348254
   0.15863      7.374811      7.210802
   0.11897      7.271503      7.108267
   0.07932      7.186055      7.080965
   0.03966      7.130271      7.103103
   0.00000      7.110925      7.110939
 
# Band-Index   27
   0.00000      8.935772      8.936973
   0.03966      8.881080      8.892518
   0.07932      8.719281      8.764098
   0.11897      8.546008      8.586205
   0.15863      8.377101      8.415385
   0.19829      8.218220      8.256390
   0.23795      8.076568      8.116517
   0.27761      8.030440      8.047795
   0.31726      8.177195      8.172390
   0.35692      8.066391      8.066314
   0.39658      7.959987      7.971285
   0.43624      7.863779      7.891686
   0.47590      7.788101      7.633699
   0.51556      7.633318      7.504004
   0.55521      7.715066      7.685055
   0.59487      7.804480      7.692421
   0.63453      7.848920      7.658727
   0.67419      7.871317      7.633765
   0.71385      7.848488      7.618502
   0.75350      7.820316      7.613374
   0.75350      7.820316      7.613374
   0.79316      7.819418      7.469586
   0.83282      7.815171      7.312452
   0.87248      7.803054      7.291296
   0.91214      7.776478      7.410812
   0.95179      7.728585      7.531431
   0.99145      7.655360      7.637482
   1.03111      7.557479      7.726509
   1.07077      7.631267      7.799104
   1.11043      7.627217      7.695821
   1.15008      7.389683      7.529860
   1.18974      7.152160      7.358740
   1.22940      7.042924      7.091012
   1.26906      6.898691      6.990842
   1.30872      6.710699      6.898158
   1.34838      6.557903      6.775318
   1.38803      6.451622      6.663549
   1.42769      6.396093      6.555290
   1.46735      6.372561      6.444431
   1.50701      6.364188      6.364213
   1.50701      6.364188      6.364213
   1.54667      6.444378      6.372587
   1.58632      6.555211      6.396115
   1.62598      6.663433      6.451648
   1.66564      6.775147      6.557942
   1.70530      6.897911      6.710751
   1.74496      6.986758      6.898761
   1.78461      7.088360      7.046961
   1.82427      7.358142      7.155129
   1.86393      7.529109      7.390831
   1.90359      7.694933      7.627418
   1.94325      7.799035      7.631461
   1.98290      7.726434      7.557368
   2.02256      7.637374      7.655215
   2.06222      7.531275      7.728424
   2.10188      7.410528      7.776304
   2.14154      7.290813      7.802872
   2.18119      7.310763      7.814989
   2.22085      7.467519      7.819326
   2.26051      7.638904      7.820198
   2.26051      7.638904      7.820198
   2.30017      7.651638      7.853869
   2.33983      7.660414      7.886143
   2.37949      7.682199      7.890775
   2.41914      7.716670      7.851321
   2.45880      7.684988      7.715298
   2.49846      7.503953      7.633603
   2.53812      7.633325      7.794703
   2.57778      7.892410      7.869911
   2.61743      7.972409      7.966382
   2.65709      8.065661      8.073471
   2.69675      8.172397      8.184760
   2.73641      8.046406      8.031368
   2.77607      8.114437      8.078337
   2.81572      8.254299      8.219993
   2.85538      8.413331      8.378843
   2.89504      8.584231      8.547676
   2.93470      8.762190      8.720808
   2.97436      8.891243      8.882403
   3.01401      8.935772      8.936973
   3.01401      8.935772      8.936973
   3.07010      8.793338      8.795169
   3.12618      8.491552      8.493881
   3.18227      8.201470      8.204135
   3.23835      7.930257      7.933120
   3.29444      7.949446      7.949484
   3.35052      7.923480      7.925400
   3.40661      7.877648      7.879297
   3.46269      7.949591      7.950206
   3.51878      7.838112      7.838554
   3.57486      7.552327      7.552673
   3.63095      7.401012      7.404793
   3.68703      7.283007      7.287022
   3.74312      7.164447      7.168445
   3.79920      7.053722      7.057852
   3.85529      6.930680      6.930776
   3.91137      6.759637      6.759716
   3.96746      6.600239      6.600305
   4.02354      6.454796      6.454849
   4.07963      6.364188      6.364213
 
# Band-Index   28
   4.07963      6.786518      6.790681
   4.02354      6.797565      6.801727
   3.96746      6.830552      6.834711
   3.91137      6.884979      6.889133
   3.85529      6.959906      6.964052
   3.79920      7.116917      7.117038
   3.74312      7.323490      7.323641
   3.68703      7.527210      7.527262
   3.63095      7.805738      7.805971
   3.57486      8.059407      8.060114
   3.51878      8.062247      8.063064
   3.46269      8.113574      8.114084
   3.40661      8.328072      8.328503
   3.35052      8.289638      8.289680
   3.29444      8.012584      8.014613
   3.23835      8.162087      8.164173
   3.18227      8.373953      8.375951
   3.12618      8.620535      8.622296
   3.07010      8.844352      8.845755
   3.01401      8.965515      8.966573
   3.01401      8.965515      8.966573
   2.97436      8.934394      8.897429
   2.93470      8.784250      8.800858
   2.89504      8.654400      8.683714
   2.85538      8.526036      8.572951
   2.81572      8.415763      8.491538
   2.77607      8.341469      8.408461
   2.73641      8.284452      8.294226
   2.69675      8.229655      8.256867
   2.65709      8.390957      8.382813
   2.61743      8.253935      8.294673
   2.57778      7.953790      8.214707
   2.53812      7.832798      7.983667
   2.49846      7.792756      7.767819
   2.45880      7.751723      7.795259
   2.41914      7.879221      7.899128
   2.37949      7.979394      7.939736
   2.33983      7.953637      7.919772
   2.30017      7.937957      7.906196
   2.26051      7.932734      7.901576
   2.26051      7.932734      7.901576
   2.22085      7.957881      7.928957
   2.18119      8.011362      7.950888
   2.14154      8.048544      8.034749
   2.10188      8.038694      8.030808
   2.06222      7.988596      7.981167
   2.02256      7.928833      7.914211
   1.98290      7.894091      7.854703
   1.94325      7.848683      7.796458
   1.90359      7.857064      7.644385
   1.86393      7.650870      7.514815
   1.82427      7.358840      7.326047
   1.78461      7.191272      7.109984
   1.74496      7.036465      6.979038
   1.70530      6.925411      6.922720
   1.66564      6.875884      6.875934
   1.62598      6.837039      6.838963
   1.58632      6.809055      6.812241
   1.54667      6.792164      6.796086
   1.50701      6.786518      6.790681
   1.50701      6.786518      6.790681
   1.46735      6.791923      6.796327
   1.42769      6.808079      6.813215
   1.38803      6.834803      6.841195
   1.34838      6.871777      6.880034
   1.30872      6.918569      6.929550
   1.26906      6.974906      7.036807
   1.22940      7.109886      7.191734
   1.18974      7.325908      7.359274
   1.15008      7.514631      7.651199
   1.11043      7.643276      7.857116
   1.07077      7.794568      7.849645
   1.03111      7.852049      7.896478
   0.99145      7.911112      7.931823
   0.95179      7.977861      7.991895
   0.91214      8.027473      8.042104
   0.87248      8.031469      8.051975
   0.83282      7.936006      8.014884
   0.79316      7.876836      7.840343
   0.75350      7.880315      7.689366
   0.75350      7.880315      7.689366
   0.71385      7.878935      7.736905
   0.67419      7.896189      7.826057
   0.63453      7.936210      7.910451
   0.59487      7.897954      7.879284
   0.55521      7.757726      7.733048
   0.51556      7.748216      7.778403
   0.47590      7.983612      7.829148
   0.43624      8.211476      7.953957
   0.39658      8.291486      8.254090
   0.35692      8.379689      8.391480
   0.31726      8.255645      8.227976
   0.27761      8.290007      8.286115
   0.23795      8.404566      8.342959
   0.19829      8.489921      8.417328
   0.15863      8.571313      8.527593
   0.11897      8.682137      8.655902
   0.07932      8.799408      8.785653
   0.03966      8.896140      8.936154
   0.00000      8.965530      8.966587
 
# Band-Index   29
   0.00000      9.032536      9.034071
   0.03966      8.987286      8.939269
   0.07932      8.885180      8.865994
   0.11897      8.764884      8.764489
   0.15863      8.642060      8.648582
   0.19829      8.521680      8.527034
   0.23795      8.464051      8.405115
   0.27761      8.513755      8.324680
   0.31726      8.475235      8.363062
   0.35692      8.464531      8.441809
   0.39658      8.379136      8.349504
   0.43624      8.282101      8.265203
   0.47590      8.140303      8.189668
   0.51556      8.078585      8.123441
   0.55521      8.027532      8.059887
   0.59487      7.992784      7.986283
   0.63453      7.942759      7.983079
   0.67419      7.916234      7.957413
   0.71385      7.902666      7.941774
   0.75350      7.898041      7.936547
   0.75350      7.898041      7.936547
   0.79316      7.925535      7.961597
   0.83282      7.985677      8.027111
   0.87248      8.088541      8.214161
   0.91214      8.283170      8.310499
   0.95179      8.467637      8.221025
   0.99145      8.449014      8.111371
   1.03111      8.310280      7.987988
   1.07077      8.162293      7.909890
   1.11043      8.138710      7.875508
   1.15008      8.236948      7.901689
   1.18974      8.204806      7.933864
   1.22940      8.164597      7.954284
   1.26906      8.120540      7.963962
   1.30872      8.078196      7.964780
   1.34838      8.040246      7.959506
   1.38803      8.006958      7.951271
   1.42769      7.976484      7.942938
   1.46735      7.948051      7.936793
   1.50701      7.934211      7.934510
   1.50701      7.934211      7.934510
   1.54667      7.936482      7.948540
   1.58632      7.942615      7.977416
   1.62598      7.950963      8.008225
   1.66564      7.959246      8.041660
   1.70530      7.964583      8.079642
   1.74496      7.963821      8.121938
   1.78461      7.954185      8.165880
   1.82427      7.933789      8.205925
   1.86393      7.901629      8.237929
   1.90359      7.874846      8.139168
   1.94325      7.908356      8.162533
   1.98290      7.986980      8.310417
   2.02256      8.110390      8.449215
   2.06222      8.220171      8.470157
   2.10188      8.309917      8.286547
   2.14154      8.371125      8.096155
   2.18119      8.504725      7.988983
   2.22085      8.505689      8.232734
   2.26051      8.503432      8.269855
   2.26051      8.503432      8.269855
   2.30017      8.431783      8.360042
   2.33983      8.274261      8.352666
   2.37949      8.080734      8.137897
   2.41914      8.016749      8.000567
   2.45880      8.063123      8.030750
   2.49846      8.119660      8.081863
   2.53812      8.185920      8.143558
   2.57778      8.261497      8.361401
   2.61743      8.345851      8.702672
   2.65709      8.438241      8.552890
   2.69675      8.362080      8.478274
   2.73641      8.323397      8.515034
   2.77607      8.403672      8.465535
   2.81572      8.525745      8.525421
   2.85538      8.647434      8.645967
   2.89504      8.763081      8.767968
   2.93470      8.864295      8.887693
   2.97436      8.937941      8.989220
   3.01401      9.032464      9.034057
   3.01401      9.032464      9.034057
   3.07010      9.007065      9.008448
   3.12618      9.020718      9.021986
   3.18227      8.952380      8.952996
   3.23835      8.741644      8.741935
   3.29444      8.588096      8.588280
   3.35052      8.474232      8.474499
   3.40661      8.502902      8.502995
   3.46269      8.480130      8.480295
   3.51878      8.311609      8.311881
   3.57486      8.067878      8.068150
   3.63095      7.891781      7.891904
   3.68703      7.553912      7.554105
   3.74312      7.586160      7.586173
   3.79920      7.886302      7.886296
   3.85529      8.018934      8.019232
   3.91137      8.016005      8.016704
   3.96746      7.982522      7.983257
   4.02354      7.949879      7.950357
   4.07963      7.934211      7.934510
 
# Band-Index   30
   4.07963      8.068934      8.071258
   4.02354      8.101919      8.104069
   3.96746      8.189947      8.191849
   3.91137      8.283404      8.285317
   3.85529      8.317310      8.319453
   3.79920      8.321582      8.323658
   3.74312      8.376204      8.377839
   3.68703      8.461048      8.462251
   3.63095      8.396493      8.396955
   3.57486      8.363680      8.364177
   3.51878      8.365244      8.366409
   3.46269      8.514814      8.516884
   3.40661      8.735273      8.737838
   3.35052      8.953992      8.956863
   3.29444      9.088748      9.089507
   3.23835      9.077866      9.078861
   3.18227      9.055382      9.056528
   3.12618      9.180028      9.181358
   3.07010      9.150836      9.151970
   3.01401      9.162967      9.163909
   3.01401      9.162967      9.163909
   2.97436      9.150731      9.142348
   2.93470      9.112098      9.083495
   2.89504      9.046239      8.999163
   2.85538      8.958436      8.900012
   2.81572      8.857177      8.793798
   2.77607      8.749994      8.685868
   2.73641      8.642264      8.579866
   2.69675      8.537559      8.629169
   2.65709      8.527458      8.754976
   2.61743      8.479615      8.858702
   2.57778      8.330474      8.706435
   2.53812      8.245183      8.552051
   2.49846      8.231233      8.443949
   2.45880      8.281660      8.401306
   2.41914      8.371051      8.454665
   2.37949      8.462637      8.556584
   2.33983      8.535916      8.548630
   2.30017      8.585763      8.555911
   2.26051      8.594383      8.657566
   2.26051      8.594383      8.657566
   2.22085      8.585493      8.655876
   2.18119      8.528108      8.645014
   2.14154      8.542198      8.615002
   2.10188      8.434402      8.582865
   2.06222      8.546649      8.537126
   2.02256      8.512438      8.502875
   1.98290      8.422876      8.428810
   1.94325      8.282678      8.342213
   1.90359      8.211702      8.275401
   1.86393      8.348354      8.264933
   1.82427      8.563993      8.461433
   1.78461      8.494955      8.677689
   1.74496      8.394130      8.585861
   1.70530      8.308323      8.482677
   1.66564      8.233837      8.370490
   1.62598      8.169258      8.257022
   1.58632      8.116732      8.157335
   1.54667      8.081462      8.092186
   1.50701      8.068934      8.071258
   1.50701      8.068934      8.071258
   1.46735      8.090049      8.083777
   1.42769      8.155628      8.119036
   1.38803      8.255633      8.171574
   1.34838      8.369232      8.236181
   1.30872      8.481436      8.310683
   1.26906      8.584570      8.396467
   1.22940      8.676304      8.497212
   1.18974      8.461150      8.564164
   1.15008      8.264550      8.348604
   1.11043      8.274421      8.211942
   1.07077      8.341135      8.282738
   1.03111      8.427672      8.422980
   0.99145      8.501691      8.512625
   0.95179      8.536637      8.546912
   0.91214      8.582062      8.432278
   0.87248      8.613722      8.428118
   0.83282      8.539435      8.510120
   0.79316      8.416219      8.506679
   0.75350      8.362297      8.496362
   0.75350      8.362297      8.496362
   0.71385      8.427750      8.430820
   0.67419      8.351906      8.273869
   0.63453      8.137927      8.081018
   0.59487      7.998278      8.020624
   0.55521      8.050304      8.066947
   0.51556      8.117260      8.136520
   0.47590      8.194475      8.219130
   0.43624      8.361418      8.308767
   0.39658      8.702424      8.402650
   0.35692      8.580287      8.448145
   0.31726      8.624155      8.541049
   0.27761      8.576942      8.645629
   0.23795      8.683096      8.753185
   0.19829      8.791229      8.860121
   0.15863      8.897710      8.961032
   0.11897      8.997210      9.048366
   0.07932      9.081965      9.113682
   0.03966      9.141223      9.151853
   0.00000      9.162967      9.163909
 
# Band-Index   31
   0.00000      9.365451      9.367961
   0.03966      9.435287      9.442937
   0.07932      9.474683      9.422323
   0.11897      9.359629      9.384692
   0.15863      9.203278      9.247403
   0.19829      9.045324      9.087911
   0.23795      8.894158      8.936529
   0.27761      8.752745      8.796171
   0.31726      8.628011      8.671669
   0.35692      8.753828      8.622847
   0.39658      8.859878      8.480403
   0.43624      8.747641      8.330924
   0.47590      8.601001      8.245498
   0.51556      8.500910      8.231247
   0.55521      8.453798      8.283610
   0.59487      8.472936      8.382691
   0.63453      8.565954      8.496988
   0.67419      8.600516      8.588339
   0.71385      8.552727      8.636173
   0.75350      8.654931      8.649509
   0.75350      8.654931      8.649509
   0.79316      8.655468      8.590664
   0.83282      8.644074      8.528676
   0.87248      8.664246      8.542875
   0.91214      8.712872      8.549116
   0.95179      8.708558      8.614656
   0.99145      8.834825      8.801980
   1.03111      8.942842      8.956468
   1.07077      9.034987      8.991691
   1.11043      9.003001      8.894286
   1.15008      8.860670      8.753513
   1.18974      8.761741      8.616481
   1.22940      8.688334      8.801156
   1.26906      8.920378      9.029639
   1.30872      9.125640      9.210926
   1.34838      9.263703      9.311059
   1.38803      9.326422      9.346655
   1.42769      9.346867      9.354165
   1.46735      9.351753      9.353586
   1.50701      9.352408      9.352722
   1.50701      9.352408      9.352722
   1.54667      9.353275      9.352065
   1.58632      9.353864      9.347171
   1.62598      9.346375      9.326710
   1.66564      9.310824      9.263958
   1.70530      9.210756      9.125858
   1.74496      9.029511      8.920584
   1.78461      8.801025      8.688562
   1.82427      8.614362      8.763236
   1.86393      8.751573      8.862233
   1.90359      8.892560      9.004541
   1.94325      8.990211      9.034976
   1.98290      8.955012      8.942833
   2.02256      8.801535      8.845678
   2.06222      8.619113      8.716010
   2.10188      8.548571      8.754704
   2.14154      8.865734      8.861518
   2.18119      8.817004      8.835977
   2.22085      8.726611      8.841722
   2.26051      8.694905      8.910891
   2.26051      8.694905      8.910891
   2.30017      8.739085      8.847999
   2.33983      8.866024      8.707875
   2.37949      8.918375      8.818580
   2.41914      8.902743      8.928746
   2.45880      8.910472      9.094774
   2.49846      8.941052      9.095139
   2.53812      8.956773      9.052594
   2.57778      8.966358      9.071712
   2.61743      8.866014      8.902247
   2.65709      8.678970      9.117973
   2.69675      8.887018      9.110888
   2.73641      9.014063      9.115976
   2.77607      9.089609      9.072489
   2.81572      9.182218      9.151845
   2.85538      9.293513      9.274164
   2.89504      9.390156      9.398044
   2.93470      9.429558      9.480456
   2.97436      9.441925      9.438214
   3.01401      9.365185      9.367699
   3.01401      9.365185      9.367699
   3.07010      9.404834      9.407485
   3.12618      9.218785      9.219973
   3.18227      9.234230      9.235877
   3.23835      9.249741      9.252022
   3.29444      9.146411      9.149273
   3.35052      9.059326      9.059804
   3.40661      8.983632      8.983845
   3.46269      8.863664      8.863712
   3.51878      8.745473      8.745535
   3.57486      8.649411      8.649765
   3.63095      8.555455      8.556225
   3.68703      8.607324      8.607622
   3.74312      8.861131      8.861360
   3.79920      9.084608      9.084817
   3.85529      9.241478      9.241704
   3.91137      9.321566      9.321829
   3.96746      9.348170      9.348463
   4.02354      9.352598      9.352907
   4.07963      9.352408      9.352722
 
# Band-Index   32
   4.07963     10.547370     10.547572
   4.02354     10.464188     10.464381
   3.96746     10.291197     10.291388
   3.91137      9.917991      9.918317
   3.85529      9.624674      9.625248
   3.79920      9.506434      9.507494
   3.74312      9.416063      9.416092
   3.68703      9.131103      9.131128
   3.63095      8.889657      8.889683
   3.57486      8.808347      8.808391
   3.51878      9.068340      9.068444
   3.46269      9.352988      9.353238
   3.40661      9.444657      9.445170
   3.35052      9.443195      9.444190
   3.29444      9.539863      9.541671
   3.23835      9.560477      9.562934
   3.18227      9.529638      9.532282
   3.12618      9.497832      9.500460
   3.07010      9.484478      9.486305
   3.01401      9.445886      9.449055
   3.01401      9.445886      9.449055
   2.97436      9.457234      9.470715
   2.93470      9.567392      9.505478
   2.89504      9.888189      9.875695
   2.85538      9.947580      9.986775
   2.81572      9.833292      9.978561
   2.77607      9.613867      9.877935
   2.73641      9.368189      9.656513
   2.69675      9.209965      9.400100
   2.65709      9.092864      9.149610
   2.61743      8.989210      9.075348
   2.57778      9.008350      9.102677
   2.53812      9.019133      9.106275
   2.49846      8.998122      9.543565
   2.45880      8.963548      9.316279
   2.41914      8.931669      9.080327
   2.37949      9.076433      8.922659
   2.33983      9.015148      9.114784
   2.30017      9.125494      9.095113
   2.26051      9.184460      9.090872
   2.26051      9.184460      9.090872
   2.22085      8.843881      8.903913
   2.18119      8.837618      8.884705
   2.14154      8.888885      8.890142
   2.10188      9.015490      8.845774
   2.06222      9.022581      8.849227
   2.02256      9.009743      8.880491
   1.98290      9.028480      9.069368
   1.94325      9.084663      9.190572
   1.90359      9.179330      9.153605
   1.86393      9.309776      9.294919
   1.82427      9.471386      9.455373
   1.78461      9.659040      9.631532
   1.74496      9.816087      9.796737
   1.70530      9.873513      9.826432
   1.66564     10.018023      9.936256
   1.62598     10.215620     10.122651
   1.58632     10.397976     10.329375
   1.54667     10.511823     10.488793
   1.50701     10.547370     10.547572
   1.50701     10.547370     10.547572
   1.46735     10.488595     10.512017
   1.42769     10.329187     10.398145
   1.38803     10.122459     10.215777
   1.34838      9.936038     10.018206
   1.30872      9.826174      9.873759
   1.26906      9.796454      9.816390
   1.22940      9.631529      9.659035
   1.18974      9.455378      9.471375
   1.15008      9.294928      9.309757
   1.11043      9.153616      9.179302
   1.07077      9.189110      9.084623
   1.03111      9.065631      9.028427
   0.99145      8.880496      9.009670
   0.95179      8.849202      9.022498
   0.91214      8.845761      9.018708
   0.87248      8.861578      8.892359
   0.83282      8.831621      8.841486
   0.79316      8.831370      8.774493
   0.75350      8.841695      8.710509
   0.75350      8.841695      8.710509
   0.71385      8.846878      8.759705
   0.67419      8.708998      8.877834
   0.63453      8.833593      8.901124
   0.59487      8.921664      8.931954
   0.55521      8.962934      8.946388
   0.51556      9.007657      8.970452
   0.47590      9.047657      9.006716
   0.43624      9.066171      9.011165
   0.39658      8.937648      8.874577
   0.35692      9.147864      8.679080
   0.31726      9.187110      8.895166
   0.27761      9.219506      9.072362
   0.23795      9.264553      9.187376
   0.19829      9.322416      9.268239
   0.15863      9.388582      9.332711
   0.11897      9.450467      9.407464
   0.07932      9.482709      9.524971
   0.03966      9.466735      9.458169
   0.00000      9.446249      9.449372
 
# Band-Index   33
   0.00000      9.715800      9.718343
   0.03966      9.736349      9.766200
   0.07932      9.793941      9.827838
   0.11897      9.880292      9.891836
   0.15863      9.985399      9.987288
   0.19829      9.972487      9.916717
   0.23795      9.872297      9.705640
   0.27761      9.695507      9.470106
   0.31726      9.430490      9.293161
   0.35692      9.191011      9.115317
   0.39658      9.072354      8.992118
   0.43624      9.151555      9.053314
   0.47590      9.147718      9.022648
   0.51556      9.145083      9.001985
   0.55521      9.142605      8.967552
   0.59487      9.088748      8.939927
   0.63453      8.887527      8.963022
   0.67419      8.862299      8.897067
   0.71385      8.848187      8.863443
   0.75350      8.911369      8.858584
   0.75350      8.911369      8.858584
   0.79316      8.904025      8.847941
   0.83282      8.884793      8.871458
   0.87248      8.886788      8.984891
   0.91214      9.001101      9.057015
   0.95179      9.166134      9.198553
   0.99145      9.366688      9.338959
   1.03111      9.379957      9.378387
   1.07077      9.306370      9.459675
   1.11043      9.430175      9.620140
   1.15008      9.468010      9.769788
   1.18974      9.545664      9.853233
   1.22940      9.684325      9.820793
   1.26906      9.819755      9.867663
   1.30872     10.015680     10.092069
   1.34838     10.213295     10.308561
   1.38803     10.403393     10.430509
   1.42769     10.570930     10.526766
   1.46735     10.577189     10.566427
   1.50701     10.569896     10.572493
   1.50701     10.569896     10.572493
   1.54667     10.564023     10.579780
   1.58632     10.525319     10.570989
   1.62598     10.429880     10.403439
   1.66564     10.308196     10.213327
   1.70530     10.092064     10.015701
   1.74496      9.867662      9.819765
   1.78461      9.820459      9.684525
   1.82427      9.852863      9.545953
   1.86393      9.769071      9.468531
   1.90359      9.618624      9.431204
   1.94325      9.458117      9.310757
   1.98290      9.379788      9.382955
   2.02256      9.404804      9.369546
   2.06222      9.195640      9.169194
   2.10188      9.057107      9.004260
   2.14154      9.101399      8.949118
   2.18119      9.143621      9.032089
   2.22085      9.173623      9.081790
   2.26051      9.460402      9.192033
   2.26051      9.460402      9.192033
   2.30017      9.483328      9.239232
   2.33983      9.557371      9.341004
   2.37949      9.308472      9.122342
   2.41914      9.303371      9.127457
   2.45880      9.515001      9.552214
   2.49846      9.691600      9.626004
   2.53812      9.529575      9.502040
   2.57778      9.197227      9.176057
   2.61743      9.037402      9.108800
   2.65709      9.114774      9.306650
   2.69675      9.413966      9.636662
   2.73641      9.696950      9.774790
   2.77607      9.861332      9.888034
   2.81572      9.974608     10.038310
   2.85538      9.985405     10.038035
   2.89504      9.889700      9.933540
   2.93470      9.825144      9.795985
   2.97436      9.763712      9.738731
   3.01401      9.715799      9.718344
   3.01401      9.715799      9.718344
   3.07010      9.753797      9.756522
   3.12618      9.794683      9.797591
   3.18227      9.842804      9.845814
   3.23835      9.784125      9.786617
   3.29444      9.761797      9.763563
   3.35052      9.766315      9.767453
   3.40661      9.595991      9.596389
   3.46269      9.521612      9.521704
   3.51878      9.283504      9.283651
   3.57486      9.270060      9.270196
   3.63095      9.361923      9.362019
   3.68703      9.533088      9.533157
   3.74312      9.520373      9.521963
   3.79920      9.721729      9.721777
   3.85529      9.978498      9.978703
   3.91137     10.118588     10.118801
   3.96746     10.298652     10.299018
   4.02354     10.557825     10.559839
   4.07963     10.569896     10.572493
 
# Band-Index   34
   4.07963     10.737497     10.737575
   4.02354     10.667242     10.667883
   3.96746     10.661002     10.663175
   3.91137     10.439676     10.439711
   3.85529     10.106501     10.106579
   3.79920      9.958295      9.958511
   3.74312      9.767674      9.767756
   3.68703      9.583612      9.585666
   3.63095      9.659388      9.661823
   3.57486      9.744323      9.747001
   3.51878      9.830528      9.833081
   3.46269      9.692908      9.693526
   3.40661      9.877578      9.878054
   3.35052      9.922568      9.925620
   3.29444      9.938535      9.943052
   3.23835      9.931564      9.934240
   3.18227      9.914149      9.916848
   3.12618      9.951597      9.954189
   3.07010      9.847900      9.850710
   3.01401      9.784171      9.787456
   3.01401      9.784171      9.787456
   2.97436      9.792912      9.829667
   2.93470      9.857574      9.844233
   2.89504      9.988123      9.996973
   2.85538     10.030682     10.068516
   2.81572     10.099673     10.094133
   2.77607     10.203729     10.183782
   2.73641      9.951100     10.169469
   2.69675      9.761238      9.809565
   2.65709      9.660303      9.678986
   2.61743      9.622612      9.674464
   2.57778      9.671206      9.779416
   2.53812      9.828693      9.762449
   2.49846      9.935498      9.862344
   2.45880     10.260329     10.212052
   2.41914     10.351465     10.249064
   2.37949     10.136541     10.032380
   2.33983      9.945433      9.852212
   2.30017      9.828542      9.713778
   2.26051      9.809022      9.666770
   2.26051      9.809022      9.666770
   2.22085      9.468096      9.202473
   2.18119      9.490894      9.229806
   2.14154      9.528781      9.274841
   2.10188      9.581771      9.338169
   2.06222      9.647414      9.419027
   2.02256      9.413553      9.516988
   1.98290      9.620043      9.583455
   1.94325      9.801811      9.686219
   1.90359      9.889993      9.757007
   1.86393      9.887907      9.882902
   1.82427      9.870710      9.849541
   1.78461      9.962267      9.813430
   1.74496     10.065777      9.870966
   1.70530     10.183046     10.085362
   1.66564     10.326156     10.309599
   1.62598     10.561146     10.527566
   1.58632     10.656257     10.600213
   1.54667     10.705228     10.692142
   1.50701     10.737497     10.737575
   1.50701     10.737497     10.737575
   1.46735     10.692069     10.705489
   1.42769     10.597648     10.657430
   1.38803     10.527491     10.561159
   1.34838     10.309512     10.326166
   1.30872     10.085249     10.183315
   1.26906      9.870819     10.066008
   1.22940      9.813133      9.962510
   1.18974      9.849219      9.871074
   1.15008      9.882479      9.888384
   1.11043      9.753060      9.890864
   1.07077      9.682169      9.803576
   1.03111      9.580958      9.622566
   0.99145      9.503119      9.407703
   0.95179      9.334822      9.244564
   0.91214      9.149972      9.113634
   0.87248      9.062934      9.101312
   0.83282      9.069930      9.143533
   0.79316      9.098019      9.173535
   0.75350      9.110478      9.184369
   0.75350      9.110478      9.184369
   0.71385      9.118889      9.130645
   0.67419      9.129214      9.031418
   0.63453      9.135547      9.094387
   0.59487      9.139659      9.316309
   0.55521      9.339177      9.531337
   0.51556      9.562669      9.703399
   0.47590      9.502428      9.531888
   0.43624      9.176149      9.198477
   0.39658      9.159177      9.110998
   0.35692      9.301638      9.185049
   0.31726      9.618884      9.412497
   0.27761      9.760542      9.698646
   0.23795      9.931466      9.865307
   0.19829     10.079770      9.978511
   0.15863     10.034058     10.020916
   0.11897      9.995074      9.990774
   0.07932      9.829947      9.832679
   0.03966      9.826438      9.796031
   0.00000      9.784169      9.787455
 
# Band-Index   35
   0.00000      9.927530      9.929539
   0.03966      9.843413      9.869353
   0.07932      9.924268      9.877741
   0.11897     10.015274     10.004609
   0.15863     10.098722     10.033915
   0.19829     10.092219     10.101265
   0.23795     10.167004     10.205259
   0.27761     10.169429      9.948229
   0.31726      9.801036      9.754191
   0.35692      9.652052      9.653765
   0.39658      9.645303      9.613111
   0.43624      9.756101      9.658382
   0.47590      9.775323      9.811432
   0.51556      9.783713      9.899217
   0.55521      9.719594      9.837676
   0.59487      9.653095      9.778063
   0.63453      9.570535      9.712123
   0.67419      9.446883      9.622977
   0.71385      9.286199      9.514879
   0.75350      9.192682      9.460346
   0.75350      9.192682      9.460346
   0.79316      9.201826      9.467945
   0.83282      9.229211      9.490728
   0.87248      9.274694      9.528652
   0.91214      9.338038      9.581637
   0.95179      9.418909      9.649548
   0.99145      9.516876      9.732175
   1.03111      9.631397      9.829197
   1.07077      9.761793      9.940139
   1.11043      9.875455     10.032026
   1.15008     10.003144     10.104701
   1.18974     10.238629     10.273895
   1.22940     10.421256     10.450448
   1.26906     10.611827     10.565640
   1.30872     10.699193     10.617423
   1.34838     10.664206     10.635413
   1.38803     10.628547     10.641559
   1.42769     10.725569     10.781352
   1.46735     10.891809     10.954760
   1.50701     11.025184     11.025209
   1.50701     11.025184     11.025209
   1.54667     10.954738     10.891837
   1.58632     10.781334     10.725612
   1.62598     10.639639     10.631053
   1.66564     10.633325     10.666650
   1.70530     10.615358     10.701517
   1.74496     10.563703     10.611905
   1.78461     10.448656     10.421341
   1.82427     10.272372     10.238719
   1.86393     10.103794     10.005663
   1.90359     10.036335      9.876296
   1.94325      9.940193      9.761898
   1.98290      9.829265      9.631505
   2.02256      9.732279      9.523775
   2.06222      9.649943      9.633325
   2.10188      9.736451      9.731504
   2.14154      9.794055      9.828551
   2.18119      9.854864      9.924822
   2.22085      9.908713     10.025408
   2.26051      9.934451     10.134514
   2.26051      9.934451     10.134514
   2.30017     10.010082     10.166245
   2.33983     10.182980     10.224366
   2.37949     10.386400     10.219343
   2.41914     10.465370     10.313769
   2.45880     10.318555     10.475898
   2.49846     10.025112     10.231271
   2.53812      9.910198      9.948256
   2.57778     10.054951      9.929742
   2.61743     10.190027     10.077415
   2.65709     10.319503     10.219211
   2.69675     10.448941     10.348849
   2.73641     10.348450     10.466550
   2.77607     10.248396     10.541670
   2.81572     10.479472     10.440976
   2.85538     10.234464     10.210919
   2.89504     10.002595     10.018681
   2.93470      9.875292      9.927462
   2.97436      9.897868      9.878004
   3.01401      9.926932      9.927677
   3.01401      9.926932      9.927677
   3.07010      9.878426      9.880253
   3.12618      9.970175      9.994667
   3.18227      9.997955     10.001377
   3.23835     10.014146     10.024042
   3.29444     10.003408     10.005847
   3.35052     10.030701     10.032353
   3.40661      9.950078      9.952644
   3.46269      9.976561      9.978533
   3.51878     10.119567     10.121109
   3.57486     10.239834     10.241213
   3.63095     10.259129     10.259476
   3.68703     10.168406     10.168708
   3.74312     10.110326     10.110587
   3.79920     10.212666     10.212761
   3.85529     10.539928     10.539979
   3.91137     10.672665     10.673044
   3.96746     10.736357     10.736478
   4.02354     10.861250     10.861279
   4.07963     11.025184     11.025209
 
# Band-Index   36
   4.07963     11.026019     11.026028
   4.02354     11.162037     11.162052
   3.96746     10.807235     10.807269
   3.91137     10.759708     10.761681
   3.85529     10.656503     10.656706
   3.79920     10.636972     10.637237
   3.74312     10.587217     10.587667
   3.68703     10.494489     10.495230
   3.63095     10.370627     10.371690
   3.57486     10.337034     10.337546
   3.51878     10.211421     10.212080
   3.46269     10.114185     10.116247
   3.40661     10.085933     10.088227
   3.35052     10.077248     10.078412
   3.29444     10.083614     10.085548
   3.23835     10.129601     10.114252
   3.18227     10.267354     10.256854
   3.12618     10.126447     10.128245
   3.07010      9.971830      9.968086
   3.01401     10.016108      9.984600
   3.01401     10.016108      9.984600
   2.97436     10.365123     10.347749
   2.93470     10.507913     10.523119
   2.89504     10.595739     10.679924
   2.85538     10.544510     10.689001
   2.81572     10.482202     10.697403
   2.77607     10.624967     10.546698
   2.73641     10.559901     10.715093
   2.69675     10.931075     10.912471
   2.65709     11.132427     11.129001
   2.61743     11.256670     11.199155
   2.57778     11.246195     11.124275
   2.53812     11.006496     10.858868
   2.49846     10.889692     10.740378
   2.45880     10.650272     10.514637
   2.41914     10.576231     10.577157
   2.37949     10.405897     10.539033
   2.33983     10.335090     10.402705
   2.30017     10.294162     10.219379
   2.26051     10.281804     10.142086
   2.26051     10.281804     10.142086
   2.22085     10.314343     10.278434
   2.18119     10.386519     10.395019
   2.14154     10.474915     10.514203
   2.10188     10.530998     10.602216
   2.06222     10.449079     10.459370
   2.02256     10.338273     10.128288
   1.98290     10.159333      9.836450
   1.94325     10.068826      9.773270
   1.90359     10.064348      9.907342
   1.86393     10.200723     10.066748
   1.82427     10.347861     10.295409
   1.78461     10.503659     10.576017
   1.74496     10.665039     10.713246
   1.70530     10.827472     10.806429
   1.66564     10.984248     10.998854
   1.62598     11.124444     11.179774
   1.58632     11.169928     11.214346
   1.54667     11.068712     11.138082
   1.50701     11.026019     11.026028
   1.50701     11.026019     11.026028
   1.46735     11.138068     11.068729
   1.42769     11.214262     11.169980
   1.38803     11.179721     11.124560
   1.34838     10.998791     10.984301
   1.30872     10.806357     10.827510
   1.26906     10.711241     10.665062
   1.22940     10.574285     10.503665
   1.18974     10.293523     10.347852
   1.15008     10.066653     10.200697
   1.11043      9.907241     10.064308
   1.07077      9.771506     10.068725
   1.03111      9.822054      9.917728
   0.99145      9.587941      9.776394
   0.95179      9.631679      9.731187
   0.91214      9.730246      9.751812
   0.87248      9.827004      9.800026
   0.83282      9.923880      9.858283
   0.79316      9.851891      9.911993
   0.75350      9.810932      9.886101
   0.75350      9.810932      9.886101
   0.71385      9.836849      9.913184
   0.67419      9.928436     10.009789
   0.63453     10.105215     10.191707
   0.59487     10.310878     10.431397
   0.55521     10.212549     10.260738
   0.51556      9.862268      9.936645
   0.47590      9.850430      9.925859
   0.43624      9.920949     10.035800
   0.39658      9.994376     10.108800
   0.35692     10.067630     10.179377
   0.31726     10.133666     10.236319
   0.27761     10.176526     10.254982
   0.23795     10.532723     10.248611
   0.19829     10.439846     10.476046
   0.15863     10.218704     10.238906
   0.11897     10.033398     10.016520
   0.07932      9.967345      9.969627
   0.03966      9.950612      9.928835
   0.00000     10.094652     10.097090
 
# Band-Index   37
   0.00000     10.372479     10.373469
   0.03966     10.396622     10.402322
   0.07932     10.558122     10.543018
   0.11897     10.677006     10.597952
   0.15863     10.680010     10.545214
   0.19829     10.656766     10.479609
   0.23795     10.547141     10.635226
   0.27761     10.478631     10.581640
   0.31726     10.358553     10.462903
   0.35692     10.226520     10.334139
   0.39658     10.087669     10.202295
   0.43624      9.938778     10.066259
   0.47590      9.969747      9.965274
   0.51556     10.242590     10.047666
   0.55521     10.445377     10.332855
   0.59487     10.345227     10.465957
   0.63453     10.217367     10.386208
   0.67419     10.156181     10.185536
   0.71385     10.121559     10.012394
   0.75350     10.110346      9.936310
   0.75350     10.110346      9.936310
   0.79316     10.023800      9.923879
   0.83282      9.959444     10.023210
   0.87248     10.101896     10.153333
   0.91214     10.244346     10.278414
   0.95179     10.347154     10.361494
   0.99145     10.146481     10.385843
   1.03111      9.854881     10.222938
   1.07077     10.108451     10.136103
   1.11043     10.391100     10.361046
   1.15008     10.663077     10.588804
   1.18974     10.832657     10.784150
   1.22940     10.867531     10.956161
   1.26906     11.006152     11.134670
   1.30872     11.229007     11.112678
   1.34838     11.202672     11.102014
   1.38803     11.192810     11.125777
   1.42769     11.245075     11.208235
   1.46735     11.278403     11.308518
   1.50701     11.331427     11.331483
   1.50701     11.331427     11.331483
   1.54667     11.308457     11.278468
   1.58632     11.208169     11.245100
   1.62598     11.125709     11.192916
   1.66564     11.101849     11.202807
   1.70530     11.112457     11.229204
   1.74496     11.134299     11.008087
   1.78461     10.953489     10.870582
   1.82427     10.788213     10.847020
   1.86393     10.611685     10.700542
   1.90359     10.503887     10.485074
   1.94325     10.389781     10.381842
   1.98290     10.369701     10.375688
   2.02256     10.406111     10.391513
   2.06222     11.127147     10.975102
   2.10188     11.161812     11.095011
   2.14154     11.267037     11.213382
   2.18119     11.355990     11.314597
   2.22085     11.417219     11.390512
   2.26051     11.451019     11.428487
   2.26051     11.451019     11.428487
   2.30017     11.430090     11.416425
   2.33983     11.276282     11.353848
   2.37949     10.967691     10.950767
   2.41914     10.634431     10.688809
   2.45880     10.748260     10.581035
   2.49846     10.907252     10.825209
   2.53812     11.150675     11.046780
   2.57778     11.324853     11.126663
   2.61743     11.307410     11.279197
   2.65709     11.243350     11.268455
   2.69675     11.169303     11.297763
   2.73641     11.030602     11.161135
   2.77607     10.780721     10.945059
   2.81572     10.790444     10.868630
   2.85538     10.737629     10.824298
   2.89504     10.646703     10.697124
   2.93470     10.695823     10.720043
   2.97436     10.723916     10.716382
   3.01401     10.708348     10.712794
   3.01401     10.708348     10.712794
   3.07010     10.710060     10.713984
   3.12618     10.611930     10.615049
   3.18227     10.624659     10.626678
   3.23835     10.708903     10.709786
   3.29444     10.579309     10.579679
   3.35052     10.306273     10.307037
   3.40661     10.205995     10.207333
   3.46269     10.281774     10.283131
   3.51878     10.349924     10.350862
   3.57486     10.479552     10.481721
   3.63095     10.664866     10.667013
   3.68703     10.870929     10.872771
   3.74312     11.108232     11.109850
   3.79920     11.068622     11.070593
   3.85529     10.888646     10.890730
   3.91137     10.900362     10.900417
   3.96746     11.210784     11.210846
   4.02354     11.167529     11.167567
   4.07963     11.331427     11.331483
 
# Band-Index   38
   4.07963     11.493753     11.493719
   4.02354     11.407293     11.407343
   3.96746     11.362905     11.362933
   3.91137     11.597916     11.597994
   3.85529     11.671985     11.673246
   3.79920     11.377585     11.379006
   3.74312     11.294234     11.296065
   3.68703     11.463972     11.469164
   3.63095     11.227697     11.227889
   3.57486     10.727680     10.727887
   3.51878     10.387108     10.389448
   3.46269     10.288795     10.291931
   3.40661     10.405649     10.420799
   3.35052     10.598407     10.690492
   3.29444     10.732018     10.879742
   3.23835     10.903895     11.022935
   3.18227     10.690423     10.767834
   3.12618     10.811180     10.869163
   3.07010     10.797920     10.802489
   3.01401     10.859977     10.865720
   3.01401     10.859977     10.865720
   2.97436     10.805828     10.824645
   2.93470     10.758526     10.741444
   2.89504     10.785054     10.708675
   2.85538     10.785887     11.047904
   2.81572     10.957501     10.917140
   2.77607     10.881398     11.044773
   2.73641     11.194837     11.223747
   2.69675     11.507216     11.465754
   2.65709     11.641275     11.697326
   2.61743     11.841992     11.413047
   2.57778     11.816791     11.242905
   2.53812     11.224400     11.050537
   2.49846     10.962035     11.730517
   2.45880     10.761248     11.024020
   2.41914     10.758580     10.860870
   2.37949     11.106875     11.177039
   2.33983     11.464863     11.377509
   2.30017     11.805897     11.715797
   2.26051     12.056436     12.011162
   2.26051     12.056436     12.011162
   2.22085     11.847663     12.030148
   2.18119     11.737566     12.011685
   2.14154     11.718941     11.612138
   2.10188     11.450361     11.140458
   2.06222     11.149212     10.974907
   2.02256     10.973914     11.043030
   1.98290     10.914333     11.078812
   1.94325     11.020199     11.075422
   1.90359     11.039765     11.036965
   1.86393     10.717860     10.844440
   1.82427     10.962669     10.967482
   1.78461     11.122087     11.198656
   1.74496     11.153778     11.252973
   1.70530     11.358489     11.259166
   1.66564     11.407718     11.396861
   1.62598     11.298685     11.348704
   1.58632     11.238154     11.335385
   1.54667     11.366676     11.447237
   1.50701     11.493753     11.493719
   1.50701     11.493753     11.493719
   1.46735     11.447227     11.366685
   1.42769     11.335347     11.238221
   1.38803     11.348622     11.298823
   1.34838     11.396466     11.408124
   1.30872     11.257954     11.359876
   1.26906     11.252520     11.155988
   1.22940     11.196776     11.123204
   1.18974     10.964346     10.965297
   1.15008     10.697184     10.720965
   1.11043     10.481962     10.506862
   1.07077     10.379470     10.392408
   1.03111     10.373146     10.376686
   0.99145     10.383017     10.423666
   0.95179     10.498789     10.565942
   0.91214     10.652038     10.561267
   0.87248     10.544412     10.484572
   0.83282     10.401142     10.392981
   0.79316     10.264768     10.315539
   0.75350     10.164732     10.282783
   0.75350     10.164732     10.282783
   0.71385     10.223107     10.295932
   0.67419     10.365568     10.336151
   0.63453     10.536514     10.403705
   0.59487     10.577130     10.579001
   0.55521     10.547212     10.693907
   0.51556     10.627613     10.887199
   0.47590     10.857906     11.001216
   0.43624     11.120804     11.094139
   0.39658     11.196275     11.166726
   0.35692     11.131202     11.138227
   0.31726     10.937542     10.953237
   0.27761     10.773341     10.812517
   0.23795     10.675483     10.753349
   0.19829     10.716059     10.755346
   0.15863     10.690975     10.681257
   0.11897     10.699144     10.622027
   0.07932     10.715852     10.699961
   0.03966     10.712260     10.728236
   0.00000     10.708591     10.712747
 
# Band-Index   39
   0.00000     10.859859     10.864552
   0.03966     10.819473     10.810727
   0.07932     10.736451     10.762686
   0.11897     10.705812     10.788015
   0.15863     10.774737     10.784311
   0.19829     10.862145     10.760746
   0.23795     10.929577     10.871821
   0.27761     11.154943     11.022315
   0.31726     11.291429     11.160284
   0.35692     11.265959     11.205480
   0.39658     11.298552     11.310483
   0.43624     11.124808     11.347695
   0.47590     11.039816     11.192531
   0.51556     10.874230     10.955768
   0.55521     10.610155     10.747448
   0.59487     10.698624     10.646486
   0.63453     10.950534     10.973778
   0.67419     11.330399     11.279834
   0.71385     11.445240     11.430625
   0.75350     11.451478     11.451108
   0.75350     11.451478     11.451108
   0.79316     11.422824     11.427364
   0.83282     11.351652     11.368710
   0.87248     11.268517     11.303979
   0.91214     11.141061     11.268239
   0.95179     11.006078     11.162121
   0.99145     11.081422     11.049718
   1.03111     11.124928     11.052041
   1.07077     11.114078     11.079788
   1.11043     11.080091     11.118296
   1.15008     11.060200     11.186079
   1.18974     11.154385     11.318059
   1.22940     11.409842     11.476992
   1.26906     11.681883     11.607658
   1.30872     11.645082     11.579331
   1.34838     11.613708     11.557116
   1.38803     11.588445     11.542289
   1.42769     11.568840     11.536366
   1.46735     11.553017     11.538742
   1.50701     11.541713     11.541784
   1.50701     11.541713     11.541784
   1.54667     11.538681     11.553046
   1.58632     11.536322     11.568846
   1.62598     11.542259     11.588441
   1.66564     11.557092     11.613697
   1.70530     11.579309     11.645068
   1.74496     11.607636     11.682472
   1.78461     11.474733     11.505002
   1.82427     11.383442     11.462331
   1.86393     11.356995     11.444570
   1.90359     11.258256     11.372563
   1.94325     11.203263     11.304512
   1.98290     11.240274     11.300064
   2.02256     11.382648     11.387806
   2.06222     11.631192     11.552638
   2.10188     11.726308     11.774707
   2.14154     11.856409     11.942076
   2.18119     12.035626     12.048007
   2.22085     12.051220     12.090012
   2.26051     12.084997     12.137884
   2.26051     12.084997     12.137884
   2.30017     11.824906     12.037389
   2.33983     11.607970     11.740765
   2.37949     11.588973     11.623125
   2.41914     11.612598     11.625126
   2.45880     11.650681     11.670098
   2.49846     11.699360     11.998278
   2.53812     11.760676     11.773217
   2.57778     11.919445     11.836824
   2.61743     11.867203     11.785634
   2.65709     11.808742     11.720003
   2.69675     11.509391     11.554184
   2.73641     11.381304     11.508761
   2.77607     10.997731     11.219131
   2.81572     10.962805     11.170884
   2.85538     11.095163     11.473072
   2.89504     11.046774     11.201965
   2.93470     11.395222     11.343082
   2.97436     11.432687     11.406067
   3.01401     11.389533     11.523032
   3.01401     11.389533     11.523032
   3.07010     11.416779     11.431555
   3.12618     10.865108     11.046422
   3.18227     10.982918     10.986586
   3.23835     11.019446     11.072438
   3.29444     11.007749     11.009205
   3.35052     10.709523     10.711493
   3.40661     10.600849     10.604014
   3.46269     10.700051     10.703478
   3.51878     10.877381     10.880839
   3.57486     11.086390     11.089616
   3.63095     11.269568     11.272352
   3.68703     11.491492     11.494242
   3.74312     11.669950     11.675238
   3.79920     11.810738     11.813505
   3.85529     11.805998     11.806522
   3.91137     11.989947     11.990959
   3.96746     11.810484     11.810572
   4.02354     11.586949     11.586993
   4.07963     11.541713     11.541784
 
# Band-Index   40
   4.07963     11.923757     11.923835
   4.02354     12.181619     12.181679
   3.96746     12.261857     12.262393
   3.91137     12.084305     12.084587
   3.85529     12.199964     12.201435
   3.79920     12.007238     12.009636
   3.74312     11.744768     11.747420
   3.68703     11.582801     11.595647
   3.63095     11.293941     11.329205
   3.57486     11.123249     11.126098
   3.51878     10.960144     11.008728
   3.46269     10.830045     10.907083
   3.40661     10.763000     10.848827
   3.35052     10.836111     10.843242
   3.29444     11.099157     11.083712
   3.23835     11.237388     11.196523
   3.18227     11.165114     11.336098
   3.12618     11.266581     11.437880
   3.07010     11.467813     11.428306
   3.01401     11.512961     11.685657
   3.01401     11.512961     11.685657
   2.97436     11.502013     11.480390
   2.93470     11.473462     11.576570
   2.89504     11.362801     11.500908
   2.85538     11.351594     11.591707
   2.81572     11.451066     11.558062
   2.77607     11.534170     11.661873
   2.73641     11.514204     11.588338
   2.69675     11.679544     11.733612
   2.65709     11.862128     11.777250
   2.61743     11.944336     11.889149
   2.57778     11.940224     11.843227
   2.53812     12.117774     12.054840
   2.49846     12.355677     12.340250
   2.45880     12.400916     12.608380
   2.41914     12.255244     12.354666
   2.37949     12.221053     12.184855
   2.33983     12.030420     12.388396
   2.30017     12.080554     12.304816
   2.26051     12.104473     12.283901
   2.26051     12.104473     12.283901
   2.22085     12.118599     12.275842
   2.18119     12.177919     12.094834
   2.14154     12.012100     12.007669
   2.10188     11.919237     11.782653
   2.06222     11.810530     11.699015
   2.02256     11.833184     11.692105
   1.98290     11.723070     11.731032
   1.94325     11.652281     11.852601
   1.90359     11.554326     11.801248
   1.86393     11.510533     11.794469
   1.82427     11.635237     11.773948
   1.78461     11.522313     11.725597
   1.74496     11.734958     11.712683
   1.70530     11.841441     11.850073
   1.66564     11.969911     11.941367
   1.62598     12.246202     12.192025
   1.58632     12.404558     12.331029
   1.54667     12.099747     12.053853
   1.50701     11.923757     11.923835
   1.50701     11.923757     11.923835
   1.46735     12.053772     12.099799
   1.42769     12.330938     12.404604
   1.38803     12.189080     12.246903
   1.34838     11.937752     11.970228
   1.30872     11.837415     11.843088
   1.26906     11.682491     11.737653
   1.22940     11.503342     11.523252
   1.18974     11.461731     11.384052
   1.15008     11.443208     11.355216
   1.11043     11.372543     11.254859
   1.07077     11.301901     11.202079
   1.03111     11.270766     11.240217
   0.99145     11.245373     11.349607
   0.95179     11.198439     11.296470
   0.91214     11.206269     11.455679
   0.87248     11.553379     11.702669
   0.83282     11.829545     11.701457
   0.79316     11.877623     11.701380
   0.75350     11.894368     11.701718
   0.75350     11.894368     11.701718
   0.71385     11.710670     11.718402
   0.67419     11.394099     11.458686
   0.63453     11.181053     11.083623
   0.59487     10.867842     10.758388
   0.55521     10.835881     10.759462
   0.51556     10.947445     10.961513
   0.47590     11.116110     11.223243
   0.43624     11.295797     11.516557
   0.39658     11.410574     11.816906
   0.35692     11.694685     11.627838
   0.31726     11.442374     11.454733
   0.27761     11.163197     11.164751
   0.23795     10.992918     10.952564
   0.19829     10.878992     10.949655
   0.15863     10.883384     10.957164
   0.11897     10.853616     10.890645
   0.07932     11.373074     11.291018
   0.03966     11.382269     11.363566
   0.00000     11.377936     11.380362
 
# Band-Index   41
   0.00000     11.509987     11.511994
   0.03966     11.461483     11.432776
   0.07932     11.423239     11.516504
   0.11897     11.470924     11.409970
   0.15863     11.309063     11.339352
   0.19829     11.381072     11.281876
   0.23795     11.362044     11.326679
   0.27761     11.533676     11.504728
   0.31726     11.532760     11.514306
   0.35692     11.707918     11.766679
   0.39658     11.795038     11.835662
   0.43624     11.838637     11.833735
   0.47590     11.774427     11.770964
   0.51556     11.713788     11.710390
   0.55521     11.662560     11.657462
   0.59487     11.626644     11.615693
   0.63453     11.624280     11.591197
   0.67419     11.743927     11.613227
   0.71385     11.915136     11.807558
   0.75350     12.012621     12.056679
   0.75350     12.012621     12.056679
   0.79316     12.033344     12.051528
   0.83282     12.028867     12.036400
   0.87248     11.781756     11.855834
   0.91214     11.716638     11.728061
   0.95179     11.636214     11.650243
   0.99145     11.521335     11.474259
   1.03111     11.596493     11.602680
   1.07077     11.763304     11.619818
   1.11043     11.785783     11.548034
   1.15008     11.792062     11.510565
   1.18974     11.773967     11.635359
   1.22940     11.725620     11.641153
   1.26906     11.734141     11.739250
   1.30872     12.065389     12.056998
   1.34838     12.422928     12.388392
   1.38803     12.455912     12.574262
   1.42769     12.332056     12.411073
   1.46735     12.234418     12.260951
   1.50701     12.196204     12.196199
   1.50701     12.196204     12.196199
   1.54667     12.260949     12.234423
   1.58632     12.411044     12.332091
   1.62598     12.574186     12.456038
   1.66564     12.386407     12.425880
   1.70530     12.054496     12.068462
   1.74496     11.737799     11.737058
   1.78461     11.641130     12.102441
   1.82427     11.678965     11.906198
   1.86393     11.720406     11.826851
   1.90359     11.764406     11.883507
   1.94325     11.809818     11.866366
   1.98290     11.848539     11.973240
   2.02256     11.846905     12.054392
   2.06222     11.936904     12.114674
   2.10188     11.980217     12.167603
   2.14154     12.146096     12.193052
   2.18119     12.225659     12.256412
   2.22085     12.278973     12.307691
   2.26051     12.299661     12.445798
   2.26051     12.299661     12.445798
   2.30017     12.548407     12.511055
   2.33983     12.566751     12.497250
   2.37949     12.595373     12.438703
   2.41914     12.616214     12.486048
   2.45880     12.558500     12.649322
   2.49846     12.470489     12.723352
   2.53812     12.351355     12.501918
   2.57778     12.485438     12.228226
   2.61743     12.139965     11.974451
   2.65709     12.067709     11.883627
   2.69675     12.225452     11.982829
   2.73641     11.998404     12.008915
   2.77607     11.754079     11.805838
   2.81572     11.693636     11.806262
   2.85538     11.430082     11.863671
   2.89504     11.552029     11.537751
   2.93470     11.524792     11.664659
   2.97436     11.623687     11.664848
   3.01401     11.664731     12.296501
   3.01401     11.664731     12.296501
   3.07010     11.586856     11.570335
   3.12618     11.436152     11.518025
   3.18227     11.404805     11.408230
   3.23835     11.278787     11.280472
   3.29444     11.107851     11.111406
   3.35052     11.288391     11.291971
   3.40661     11.249336     11.251774
   3.46269     11.122821     11.124578
   3.51878     11.059104     11.061275
   3.57486     11.122355     11.150979
   3.63095     11.348458     11.351891
   3.68703     11.620608     11.624070
   3.74312     11.917626     11.921074
   3.79920     12.216375     12.240508
   3.85529     12.254145     12.262586
   3.91137     12.438065     12.440184
   3.96746     12.599483     12.599568
   4.02354     12.277140     12.277168
   4.07963     12.196204     12.196199
 
# Band-Index   42
   4.07963     12.950535     12.951086
   4.02354     12.804343     12.805309
   3.96746     12.649477     12.651993
   3.91137     12.683413     12.682130
   3.85529     12.535349     12.577904
   3.79920     12.237085     12.249899
   3.74312     11.980530     12.020544
   3.68703     11.711878     11.712786
   3.63095     11.505263     11.884873
   3.57486     12.142215     12.178381
   3.51878     12.209833     12.226130
   3.46269     11.929162     11.931774
   3.40661     11.645000     11.658180
   3.35052     11.485662     11.485996
   3.29444     11.587871     11.588691
   3.23835     11.547270     11.553591
   3.18227     11.819251     11.819894
   3.12618     11.528961     11.713623
   3.07010     11.575953     11.635744
   3.01401     12.236018     12.558217
   3.01401     12.236018     12.558217
   2.97436     12.279520     12.356608
   2.93470     12.442477     12.464875
   2.89504     12.109448     11.735938
   2.85538     11.876092     12.087973
   2.81572     11.739785     11.873651
   2.77607     11.783533     11.961593
   2.73641     12.230040     12.157101
   2.69675     12.276327     12.014614
   2.65709     12.335041     11.905383
   2.61743     12.490623     12.132356
   2.57778     12.652383     12.436605
   2.53812     12.652357     12.735722
   2.49846     12.638919     12.810892
   2.45880     12.873621     12.995712
   2.41914     13.059930     12.939732
   2.37949     13.179641     13.091039
   2.33983     12.984064     12.967652
   2.30017     12.587265     12.648448
   2.26051     12.538107     12.479953
   2.26051     12.538107     12.479953
   2.22085     12.548522     12.364171
   2.18119     12.298903     12.266679
   2.14154     12.266862     12.217204
   2.10188     12.067511     12.318238
   2.06222     11.962934     12.213666
   2.02256     11.898217     12.094588
   1.98290     11.852633     12.004142
   1.94325     12.013141     11.943459
   1.90359     12.159420     12.032130
   1.86393     12.210581     12.155493
   1.82427     12.292256     12.241818
   1.78461     11.862080     12.151595
   1.74496     12.126123     12.337474
   1.70530     12.403420     12.579683
   1.66564     12.674337     12.581034
   1.62598     12.621619     12.629892
   1.58632     12.568793     12.503335
   1.54667     12.880459     12.797421
   1.50701     12.950535     12.951086
   1.50701     12.950548     12.951085
   1.46735     12.796354     12.881109
   1.42769     12.501411     12.569390
   1.38803     12.629734     12.622055
   1.34838     12.580847     12.663805
   1.30872     12.348361     12.397891
   1.26906     12.304448     12.126804
   1.22940     12.102367     11.862526
   1.18974     11.905478     11.678987
   1.15008     11.826874     11.720326
   1.11043     11.883482     11.764261
   1.07077     11.925352     11.809742
   1.03111     11.762861     11.797610
   0.99145     11.675701     11.830924
   0.95179     11.671674     11.763513
   0.91214     11.859853     11.949198
   0.87248     12.114910     12.012223
   0.83282     12.094057     12.176726
   0.79316     12.210037     12.108344
   0.75350     12.189299     12.084963
   0.75350     12.189299     12.084963
   0.71385     12.037846     11.830511
   0.67419     11.979261     11.769896
   0.63453     12.090593     11.859773
   0.59487     12.249941     11.991262
   0.55521     12.447712     12.162646
   0.51556     12.305187     12.357899
   0.47590     12.054941     12.118650
   0.43624     11.843511     11.943073
   0.39658     11.892564     11.883747
   0.35692     11.757185     11.869124
   0.31726     11.746294     11.718052
   0.27761     11.547153     11.505004
   0.23795     11.650056     11.504127
   0.19829     11.443890     11.449278
   0.15863     11.596594     11.419847
   0.11897     11.501407     11.549359
   0.07932     11.575024     11.527133
   0.03966     11.557276     11.510224
   0.00000     11.631674     11.632308
 
# Band-Index   43
   0.00000     11.760150     11.761036
   0.03966     11.646942     11.641636
   0.07932     11.657259     11.528116
   0.11897     11.713595     11.557444
   0.15863     11.628375     11.657331
   0.19829     11.641411     11.454265
   0.23795     11.691596     11.701648
   0.27761     11.965222     11.973452
   0.31726     11.969347     12.201882
   0.35692     11.888042     12.090970
   0.39658     11.950656     11.951017
   0.43624     12.212115     12.081941
   0.47590     12.478388     12.343974
   0.51556     12.641407     12.363189
   0.55521     12.490864     12.560530
   0.59487     12.487967     12.616919
   0.63453     12.438015     12.594449
   0.67419     12.396746     12.565144
   0.71385     12.371235     12.545098
   0.75350     12.283777     12.299953
   0.75350     12.283777     12.299953
   0.79316     12.276170     12.279273
   0.83282     12.253995     12.225928
   0.87248     12.190759     12.148634
   0.91214     12.173759     11.980379
   0.95179     12.120960     11.942502
   0.99145     12.063313     11.868432
   1.03111     12.003216     11.855568
   1.07077     11.942710     11.926136
   1.11043     12.123245     12.188661
   1.15008     12.314527     12.381879
   1.18974     12.432620     12.466614
   1.22940     12.403628     12.423815
   1.26906     12.337311     12.328595
   1.30872     12.579366     12.407599
   1.34838     12.612409     12.675669
   1.38803     12.800334     12.859068
   1.42769     13.022585     13.028197
   1.46735     13.042350     12.969115
   1.50701     13.044202     13.047172
   1.50701     13.044204     13.047172
   1.54667     12.968589     13.045298
   1.58632     13.027108     13.025461
   1.62598     12.856690     12.803262
   1.66564     12.709182     12.762792
   1.70530     12.404505     12.691693
   1.74496     12.331134     12.780951
   1.78461     12.458848     12.903596
   1.82427     13.106068     13.011225
   1.86393     13.210273     13.096040
   1.90359     13.324479     13.102840
   1.94325     13.192600     12.979084
   1.98290     12.988151     12.810547
   2.02256     12.787977     12.635888
   2.06222     12.600116     12.468872
   2.10188     12.427586     12.327187
   2.14154     12.286542     12.434453
   2.18119     12.500294     12.529467
   2.22085     12.599930     12.582392
   2.26051     12.670096     12.611628
   2.26051     12.670096     12.611628
   2.30017     12.838959     12.871694
   2.33983     13.177070     13.253674
   2.37949     13.271620     13.131848
   2.41914     13.077903     13.086042
   2.45880     12.925549     13.029688
   2.49846     12.923548     13.254285
   2.53812     12.865685     12.865589
   2.57778     12.841145     12.879679
   2.61743     12.518699     12.583111
   2.65709     12.368604     12.360679
   2.69675     12.282960     12.282591
   2.73641     12.306191     12.249158
   2.77607     12.098855     12.243578
   2.81572     12.461810     12.360692
   2.85538     12.274841     12.457140
   2.89504     12.603921     12.355777
   2.93470     12.477216     12.577944
   2.97436     12.747930     12.672105
   3.01401     12.804349     12.715930
   3.01401     12.804349     12.715930
   3.07010     12.322104     12.345557
   3.12618     11.713271     12.298650
   3.18227     11.910248     11.948201
   3.23835     11.728082     11.730333
   3.29444     11.771371     11.802068
   3.35052     12.185122     12.186133
   3.40661     12.305374     12.320179
   3.46269     12.455590     12.407476
   3.51878     12.379345     12.398473
   3.57486     12.473428     12.362255
   3.63095     11.886114     12.329982
   3.68703     11.844394     11.834307
   3.74312     12.245953     12.229661
   3.79920     12.261185     12.274079
   3.85529     12.574859     12.570918
   3.91137     12.819933     12.822298
   3.96746     12.708598     12.707206
   4.02354     12.920914     12.921677
   4.07963     13.044204     13.047172
 
# Band-Index   44
   4.07963     13.059826     13.060519
   4.02354     13.041152     13.044040
   3.96746     13.019326     13.022075
   3.91137     12.917670     12.920443
   3.85529     12.750168     12.751669
   3.79920     12.591983     12.663445
   3.74312     12.298761     12.717989
   3.68703     12.932027     12.904438
   3.63095     12.445616     12.941681
   3.57486     12.509340     12.512263
   3.51878     12.515744     12.437916
   3.46269     12.483898     12.486428
   3.40661     12.406209     12.654581
   3.35052     12.307580     12.300722
   3.29444     12.108243     12.124169
   3.23835     12.166224     12.162857
   3.18227     12.193980     12.218710
   3.12618     12.360011     12.553891
   3.07010     12.678423     12.656309
   3.01401     12.820737     12.796208
   3.01401     12.820737     12.796208
   2.97436     12.826550     12.772706
   2.93470     12.673330     12.663341
   2.89504     12.671053     12.574658
   2.85538     12.709369     12.569260
   2.81572     12.587290     12.643678
   2.77607     12.487430     12.371131
   2.73641     12.388780     12.248260
   2.69675     12.486393     12.302196
   2.65709     12.742019     12.569510
   2.61743     12.861429     12.857907
   2.57778     12.896843     12.942396
   2.53812     12.977659     12.930312
   2.49846     13.241783     13.275840
   2.45880     13.582247     13.324100
   2.41914     13.713107     13.252596
   2.37949     13.402165     13.273042
   2.33983     13.275988     13.268148
   2.30017     13.270561     13.256705
   2.26051     13.276817     13.251204
   2.26051     13.276817     13.251204
   2.22085     12.911282     12.925783
   2.18119     12.565407     12.856449
   2.14154     12.582991     12.639964
   2.10188     12.663993     12.777793
   2.06222     13.291555     12.857132
   2.02256     13.272534     13.008426
   1.98290     13.171201     13.180719
   1.94325     13.309510     13.391473
   1.90359     13.409262     13.377303
   1.86393     13.323177     13.286832
   1.82427     13.210047     13.157164
   1.78461     13.004665     13.112969
   1.74496     12.913098     13.060556
   1.70530     12.816262     13.193944
   1.66564     13.121177     13.098615
   1.62598     13.003465     13.053589
   1.58632     13.027772     13.126392
   1.54667     13.042103     13.076893
   1.50701     13.059826     13.060519
   1.50701     13.059836     13.060500
   1.46735     13.076172     13.045028
   1.42769     13.125622     13.029879
   1.38803     12.949257     12.992487
   1.34838     12.762294     12.709403
   1.30872     12.696974     12.816520
   1.26906     12.804955     12.911305
   1.22940     12.908416     13.004823
   1.18974     12.713375     12.772337
   1.15008     12.415597     12.478882
   1.11043     12.135471     12.231898
   1.07077     11.962178     12.073684
   1.03111     12.010751     11.935377
   0.99145     12.111806     11.900339
   0.95179     12.222437     11.967183
   0.91214     12.317759     12.068315
   0.87248     12.219028     12.281435
   0.83282     12.284818     12.264888
   0.79316     12.361416     12.387734
   0.75350     12.362675     12.373743
   0.75350     12.362675     12.373743
   0.71385     12.438711     12.552352
   0.67419     12.577912     12.682808
   0.63453     12.634454     12.749408
   0.59487     12.687774     12.808019
   0.55521     12.746755     12.861706
   0.51556     12.769178     12.609986
   0.47590     12.708391     12.574841
   0.43624     12.408621     12.442179
   0.39658     12.078442     12.106728
   0.35692     11.908923     12.120555
   0.31726     12.051224     12.250148
   0.27761     12.034964     11.984545
   0.23795     11.842912     11.823642
   0.19829     11.798435     11.811916
   0.15863     12.085264     11.886274
   0.11897     12.358854     12.103874
   0.07932     12.419766     12.375130
   0.03966     12.268546     12.248334
   0.00000     12.424501     12.426325
 
# Band-Index   45
   0.00000     12.795229     12.794356
   0.03966     12.732719     12.677979
   0.07932     12.639967     12.401623
   0.11897     12.516863     12.374725
   0.15863     12.407074     12.343901
   0.19829     11.870180     11.814190
   0.23795     12.000447     12.012744
   0.27761     12.169825     12.234020
   0.31726     12.274872     12.259786
   0.35692     12.356016     12.334428
   0.39658     12.574935     12.542544
   0.43624     12.876200     12.770547
   0.47590     12.863820     12.774047
   0.51556     12.791574     12.923120
   0.55521     12.758472     12.871093
   0.59487     12.939604     13.073579
   0.63453     13.130588     13.215408
   0.67419     12.971516     12.984269
   0.71385     12.727516     12.586908
   0.75350     12.599294     12.538150
   0.75350     12.599294     12.538150
   0.79316     12.464819     12.552158
   0.83282     12.303384     12.463974
   0.87248     12.388028     12.285380
   0.91214     12.332932     12.427861
   0.95179     12.468456     12.597162
   0.99145     12.635580     12.786230
   1.03111     12.810408     12.987730
   1.07077     12.979000     13.192360
   1.11043     13.102110     13.310592
   1.15008     13.094439     13.206009
   1.18974     13.008422     13.102405
   1.22940     12.990071     13.028573
   1.26906     13.161471     13.165915
   1.30872     13.190418     13.184314
   1.34838     13.096569     13.123603
   1.38803     13.051292     13.005341
   1.42769     13.222534     13.152342
   1.46735     13.375866     13.367843
   1.50701     13.352786     13.353764
   1.50701     13.352800     13.353885
   1.54667     13.367723     13.377741
   1.58632     13.151208     13.225220
   1.62598     13.139947     13.207702
   1.66564     13.304950     13.293456
   1.70530     13.181380     13.271745
   1.74496     13.164783     13.179407
   1.78461     13.046367     13.449638
   1.82427     13.508474     13.507994
   1.86393     13.573032     13.423854
   1.90359     13.401720     13.425888
   1.94325     13.455250     13.473025
   1.98290     13.574424     13.589353
   2.02256     13.708027     13.710198
   2.06222     13.665676     13.644563
   2.10188     13.263016     13.501292
   2.14154     13.115334     13.297264
   2.18119     13.105435     13.320903
   2.22085     13.298561     13.248793
   2.26051     13.452481     13.308923
   2.26051     13.452481     13.308923
   2.30017     13.438613     13.359608
   2.33983     13.389442     13.304931
   2.37949     13.592958     13.424743
   2.41914     13.763097     13.680724
   2.45880     13.748938     13.634943
   2.49846     13.514353     13.506575
   2.53812     13.170016     13.215432
   2.57778     13.012624     13.036279
   2.61743     12.949589     12.909834
   2.65709     12.908637     12.724130
   2.69675     13.138771     12.478706
   2.73641     12.818172     12.329841
   2.77607     12.925361     12.484292
   2.81572     12.888356     12.691150
   2.85538     12.830071     12.784427
   2.89504     12.898222     12.648164
   2.93470     12.875302     12.818593
   2.97436     12.843117     12.970738
   3.01401     12.994998     13.054326
   3.01401     12.994998     13.054326
   3.07010     12.682460     12.908818
   3.12618     12.447297     12.592048
   3.18227     12.328247     12.398375
   3.23835     12.188938     12.193311
   3.29444     12.278437     12.217945
   3.35052     12.385475     12.350477
   3.40661     12.636581     12.652653
   3.46269     12.575852     12.597666
   3.51878     12.681698     12.684844
   3.57486     12.909299     12.908181
   3.63095     12.779134     13.160756
   3.68703     13.036536     13.049499
   3.74312     13.151134     13.140959
   3.79920     12.901271     12.967679
   3.85529     12.811487     12.906187
   3.91137     13.030623     13.061693
   3.96746     13.163685     13.165534
   4.02354     13.377064     13.378261
   4.07963     13.352800     13.353885
 
# Band-Index   46
   4.07963     13.473013     13.474236
   4.02354     13.470806     13.463053
   3.96746     13.305504     13.324257
   3.91137     13.060312     13.085663
   3.85529     13.117681     13.119718
   3.79920     12.966328     13.203432
   3.74312     13.280662     13.282042
   3.68703     13.302316     13.292976
   3.63095     13.152595     13.301380
   3.57486     13.038174     13.090480
   3.51878     13.041281     13.080859
   3.46269     13.029879     13.025486
   3.40661     12.748573     12.908163
   3.35052     12.525138     12.526660
   3.29444     12.338037     12.339846
   3.23835     12.298582     12.290481
   3.18227     12.411685     12.429076
   3.12618     12.651544     12.640386
   3.07010     12.924736     12.906987
   3.01401     13.202432     13.164233
   3.01401     13.202432     13.164233
   2.97436     12.992410     13.125698
   2.93470     13.028077     12.999550
   2.89504     13.075287     12.987175
   2.85538     13.070235     12.975588
   2.81572     13.212851     13.120178
   2.77607     13.244794     13.171721
   2.73641     13.139502     13.196450
   2.69675     13.206519     13.202925
   2.65709     13.171296     13.190366
   2.61743     13.207238     13.153856
   2.57778     13.293596     13.141560
   2.53812     13.441398     13.402214
   2.49846     13.616032     13.610158
   2.45880     13.759792     13.686405
   2.41914     13.824639     13.708053
   2.37949     13.858245     13.683702
   2.33983     13.909846     13.407630
   2.30017     13.924206     13.413777
   2.26051     13.945012     13.412299
   2.26051     13.945012     13.412299
   2.22085     14.134836     13.803112
   2.18119     14.154470     14.216532
   2.14154     13.874608     14.084491
   2.10188     13.739142     13.978937
   2.06222     13.847258     13.842161
   2.02256     13.708783     13.691642
   1.98290     13.590936     13.735354
   1.94325     13.598477     13.513929
   1.90359     13.677836     13.586829
   1.86393     13.602415     13.588404
   1.82427     13.697227     13.520606
   1.78461     13.616670     13.544610
   1.74496     13.405246     13.498885
   1.70530     13.436746     13.423364
   1.66564     13.332295     13.379299
   1.62598     13.366305     13.403240
   1.58632     13.360232     13.385276
   1.54667     13.471768     13.521739
   1.50701     13.473013     13.474236
   1.50701     13.473018     13.474243
   1.46735     13.517076     13.471580
   1.42769     13.284606     13.306058
   1.38803     13.207142     13.140433
   1.34838     13.312654     13.306401
   1.30872     13.420035     13.368899
   1.26906     13.356386     13.315146
   1.22940     13.241113     13.248150
   1.18974     13.192665     13.246929
   1.15008     13.268958     13.331907
   1.11043     13.367874     13.382220
   1.07077     13.294876     13.291047
   1.03111     13.090988     13.126139
   0.99145     12.886411     12.953138
   0.95179     12.696025     12.792266
   0.91214     12.527726     12.652218
   0.87248     12.437728     12.538901
   0.83282     12.529489     12.512244
   0.79316     12.583314     12.689805
   0.75350     12.669348     12.910278
   0.75350     12.669348     12.910278
   0.71385     12.868059     12.995574
   0.67419     13.241478     13.262474
   0.63453     13.215543     13.270983
   0.59487     13.223470     13.077761
   0.55521     13.019716     12.925347
   0.51556     12.796863     12.924134
   0.47590     12.889212     12.976704
   0.43624     12.939051     12.839255
   0.39658     12.827249     12.769789
   0.35692     12.559055     12.478570
   0.31726     12.287685     12.287807
   0.27761     12.250549     12.331209
   0.23795     12.318201     12.379260
   0.19829     12.413993     12.382292
   0.15863     12.517276     12.761763
   0.11897     12.521713     12.579878
   0.07932     12.664787     12.575443
   0.03966     12.766331     12.746337
   0.00000     12.977064     12.966007
 
# Band-Index   47
   0.00000     13.153164     13.153250
   0.03966     12.963630     12.928605
   0.07932     12.781300     12.891213
   0.11897     12.595590     12.810188
   0.15863     12.613608     12.780374
   0.19829     12.424516     12.670385
   0.23795     12.396667     12.553785
   0.27761     12.253477     12.421499
   0.31726     12.299311     12.441510
   0.35692     12.711150     12.727342
   0.39658     12.894782     12.921249
   0.43624     13.035570     13.002414
   0.47590     13.032568     13.106745
   0.51556     13.214696     13.231860
   0.55521     13.381733     13.571593
   0.59487     13.325476     13.756193
   0.63453     13.347688     13.400036
   0.67419     13.263000     13.288110
   0.71385     13.287213     13.318871
   0.75350     13.299060     13.327232
   0.75350     13.299060     13.327231
   0.79316     13.189505     13.295970
   0.83282     13.065721     13.106014
   0.87248     13.089212     13.118367
   0.91214     13.227876     13.261792
   0.95179     13.406677     13.439352
   0.99145     13.492096     13.585719
   1.03111     13.507629     13.566183
   1.07077     13.441230     13.442476
   1.11043     13.373242     13.404924
   1.15008     13.409553     13.573090
   1.18974     13.493547     13.583039
   1.22940     13.532657     13.599711
   1.26906     13.505037     13.651197
   1.30872     13.421986     13.494016
   1.34838     13.415009     13.392247
   1.38803     13.424101     13.399576
   1.42769     13.425313     13.426321
   1.46735     13.581842     13.555009
   1.50701     13.666373     13.666372
   1.50701     13.666706     13.666408
   1.54667     13.555515     13.584604
   1.58632     13.597212     13.606055
   1.62598     13.404917     13.501314
   1.66564     13.428243     13.416737
   1.70530     13.494431     13.603966
   1.74496     13.651956     13.635198
   1.78461     13.727007     13.689007
   1.82427     13.727536     13.713785
   1.86393     13.697979     13.682311
   1.90359     13.682835     13.674629
   1.94325     13.731339     13.737079
   1.98290     13.730893     13.747758
   2.02256     13.926431     14.272911
   2.06222     14.398042     14.359287
   2.10188     13.975104     14.434219
   2.14154     14.117006     14.357266
   2.18119     14.203106     14.268179
   2.22085     14.272532     14.297290
   2.26051     14.301515     14.344817
   2.26051     14.301515     14.344817
   2.30017     14.202798     14.262274
   2.33983     14.063234     14.065377
   2.37949     13.867615     13.801942
   2.41914     13.837646     13.800488
   2.45880     13.886594     13.739220
   2.49846     13.789351     13.676043
   2.53812     13.697908     13.524535
   2.57778     13.732549     13.510985
   2.61743     13.652442     13.572224
   2.65709     13.629211     13.560633
   2.69675     13.588449     13.572556
   2.73641     13.490609     13.483723
   2.77607     13.356047     13.358971
   2.81572     13.296918     13.211576
   2.85538     13.115015     13.115030
   2.89504     13.090510     13.010096
   2.93470     13.139981     13.148850
   2.97436     13.203907     13.140958
   3.01401     13.233114     13.238176
   3.01401     13.233114     13.238176
   3.07010     13.112409     13.036233
   3.12618     12.837240     12.701357
   3.18227     12.521380     12.622103
   3.23835     12.604345     12.653114
   3.29444     12.645161     12.667721
   3.35052     12.629323     12.682238
   3.40661     12.937942     13.392081
   3.46269     13.092408     13.113923
   3.51878     13.353869     13.351801
   3.57486     13.354211     13.331554
   3.63095     13.293776     13.545246
   3.68703     13.380392     13.393629
   3.74312     13.279072     13.316901
   3.79920     13.200708     13.330922
   3.85529     13.335065     13.423629
   3.91137     13.122270     13.123754
   3.96746     13.331651     13.334775
   4.02354     13.576329     13.592177
   4.07963     13.666706     13.666408
 
# Band-Index   48
   4.07963     13.755951     13.760009
   4.02354     13.665872     13.646761
   3.96746     13.413864     13.459647
   3.91137     13.315650     13.402140
   3.85529     13.470426     13.471834
   3.79920     13.526998     13.532680
   3.74312     13.657103     13.650475
   3.68703     13.747030     13.789024
   3.63095     13.544352     13.791535
   3.57486     13.671550     13.672349
   3.51878     13.498061     13.481606
   3.46269     13.502520     13.477499
   3.40661     13.371435     13.672645
   3.35052     13.408111     13.388755
   3.29444     13.117352     13.077578
   3.23835     13.636895     13.535452
   3.18227     13.268879     13.482522
   3.12618     12.842731     13.227200
   3.07010     13.351296     13.329126
   3.01401     13.550680     13.545332
   3.01401     13.550680     13.545332
   2.97436     13.507629     13.434086
   2.93470     13.501678     13.319489
   2.89504     13.492370     13.221067
   2.85538     13.472695     13.145390
   2.81572     13.449346     13.312127
   2.77607     13.540266     13.476718
   2.73641     13.511598     13.612506
   2.69675     13.659587     13.687024
   2.65709     13.645414     13.574846
   2.61743     13.710157     13.585956
   2.57778     13.744529     13.590735
   2.53812     13.830658     13.654136
   2.49846     13.931079     13.822741
   2.45880     14.002923     14.051882
   2.41914     14.134604     13.982705
   2.37949     14.034960     13.906419
   2.33983     14.069955     14.101448
   2.30017     14.351843     14.308582
   2.26051     14.416688     14.558888
   2.26051     14.416688     14.558888
   2.22085     14.470066     14.534786
   2.18119     14.515085     14.601869
   2.14154     14.636937     14.645233
   2.10188     14.595357     14.678606
   2.06222     14.711802     14.709998
   2.02256     14.558015     14.737020
   1.98290     14.434365     14.666171
   1.94325     14.328230     14.496170
   1.90359     14.152863     14.332982
   1.86393     14.096581     14.263985
   1.82427     14.077750     14.191117
   1.78461     13.968358     14.060391
   1.74496     13.849811     13.911672
   1.70530     13.704703     13.691501
   1.66564     13.754862     13.744749
   1.62598     13.683389     13.660420
   1.58632     13.635914     13.729795
   1.54667     13.723691     13.710953
   1.50701     13.755951     13.760009
   1.50701     13.756203     13.759339
   1.46735     13.637490     13.656931
   1.42769     13.604002     13.596192
   1.38803     13.499612     13.406155
   1.34838     13.430660     13.429116
   1.30872     13.601177     13.701625
   1.26906     13.684137     13.752566
   1.22940     13.562034     13.726600
   1.18974     13.565276     13.694650
   1.15008     13.612068     13.622328
   1.11043     13.510223     13.613436
   1.07077     13.479642     13.594512
   1.03111     13.558498     13.594353
   0.99145     13.576634     13.600815
   0.95179     13.436889     13.567536
   0.91214     13.355838     13.541980
   0.87248     13.268143     13.510617
   0.83282     13.197608     13.470540
   0.79316     13.198033     13.404213
   0.75350     13.338944     13.433701
   0.75350     13.338944     13.433701
   0.71385     13.352197     13.424149
   0.67419     13.404918     13.383306
   0.63453     13.577606     13.596863
   0.59487     13.680740     13.760136
   0.55521     13.611822     13.676461
   0.51556     13.502345     13.524686
   0.47590     13.211209     13.171975
   0.43624     13.037881     13.063740
   0.39658     12.891129     12.952999
   0.35692     13.174891     12.716794
   0.31726     12.476411     12.492680
   0.27761     12.342602     12.659942
   0.23795     12.472176     12.863372
   0.19829     12.658007     12.993578
   0.15863     12.958630     13.043070
   0.11897     12.979871     12.950197
   0.07932     13.001224     12.914552
   0.03966     13.108170     12.974016
   0.00000     13.195603     13.191001
 
# Band-Index   49
   0.00000     13.352112     13.352570
   0.03966     13.131933     13.155829
   0.07932     13.048684     13.161619
   0.11897     13.087846     13.116688
   0.15863     13.053481     13.042035
   0.19829     13.059706     13.039126
   0.23795     13.179971     13.150003
   0.27761     13.203965     13.226034
   0.31726     13.203825     13.169318
   0.35692     13.418182     13.078196
   0.39658     13.142630     13.268802
   0.43624     13.121920     13.136498
   0.47590     13.397754     13.352348
   0.51556     13.565436     13.587128
   0.55521     13.640591     13.745205
   0.59487     13.750923     13.814059
   0.63453     13.678925     13.844338
   0.67419     13.405624     14.040205
   0.71385     13.428570     14.017305
   0.75350     13.435091     14.010360
   0.75350     13.435090     14.010359
   0.79316     13.812543     14.134315
   0.83282     14.205142     14.183313
   0.87248     14.093162     14.080280
   0.91214     13.963336     13.958629
   0.95179     13.826438     13.828336
   0.99145     13.689619     13.696047
   1.03111     13.685234     13.697797
   1.07077     13.704792     13.711691
   1.11043     13.667277     13.674395
   1.15008     13.633317     13.671451
   1.18974     13.684419     13.709700
   1.22940     13.702948     13.743231
   1.26906     13.751549     13.778775
   1.30872     13.775309     13.768254
   1.34838     13.722980     13.732173
   1.38803     13.665399     13.691724
   1.42769     13.724250     13.641806
   1.46735     13.708333     13.827196
   1.50701     13.862837     13.857687
   1.50701     13.870172     13.857628
   1.54667     13.831850     13.691854
   1.58632     14.045143     13.826925
   1.62598     14.097965     13.979300
   1.66564     14.063923     13.967269
   1.70530     13.778791     13.908743
   1.74496     14.015739     13.933957
   1.78461     14.227486     14.237762
   1.82427     14.355087     14.388546
   1.86393     14.443818     14.488316
   1.90359     14.527069     14.580763
   1.94325     14.601303     14.663329
   1.98290     14.673952     14.723283
   2.02256     14.710242     14.752368
   2.06222     14.731638     14.887587
   2.10188     14.667562     14.954095
   2.14154     14.651767     14.811647
   2.18119     14.591334     14.628254
   2.22085     14.507381     14.679547
   2.26051     14.571562     14.641222
   2.26051     14.571562     14.641222
   2.30017     14.400994     14.664914
   2.33983     14.404286     14.718420
   2.37949     14.414080     14.401206
   2.41914     14.229752     14.101940
   2.45880     14.266331     14.295887
   2.49846     14.146341     14.018690
   2.53812     14.046974     13.760612
   2.57778     14.013215     13.766998
   2.61743     14.119139     13.834503
   2.65709     14.199266     13.691632
   2.69675     14.147186     13.930711
   2.73641     13.861231     13.813915
   2.77607     13.942048     13.640906
   2.81572     13.994597     13.517454
   2.85538     13.962263     13.358633
   2.89504     14.006114     13.330079
   2.93470     14.201538     13.342427
   2.97436     13.857656     13.490795
   3.01401     13.646651     13.593727
   3.01401     13.646651     13.593727
   3.07010     13.816545     13.810891
   3.12618     13.968132     14.017361
   3.18227     13.970753     13.978597
   3.23835     13.959704     13.909501
   3.29444     13.593019     13.620515
   3.35052     13.483787     13.500246
   3.40661     13.946534     14.096341
   3.46269     13.746934     13.726053
   3.51878     13.765607     13.752636
   3.57486     13.791245     13.791194
   3.63095     13.772781     14.021680
   3.68703     13.856790     13.885698
   3.74312     13.720602     13.773073
   3.79920     13.505584     13.734279
   3.85529     13.631536     13.632355
   3.91137     13.605417     13.607248
   3.96746     13.706764     13.708503
   4.02354     13.676990     13.676361
   4.07963     13.870172     13.857628
 
# Band-Index   50
   4.07963     13.983726     13.968866
   4.02354     14.035596     13.877885
   3.96746     13.983842     13.951808
   3.91137     14.005704     14.006323
   3.85529     14.021158     14.046800
   3.79920     13.912172     13.958766
   3.74312     13.962641     13.892644
   3.68703     13.962049     13.872405
   3.63095     13.976575     14.105716
   3.57486     13.815673     13.815455
   3.51878     13.949641     13.950055
   3.46269     14.148563     14.147532
   3.40661     14.036384     14.290242
   3.35052     14.213179     14.191979
   3.29444     14.115099     14.063948
   3.23835     14.349489     14.350544
   3.18227     14.194107     14.304455
   3.12618     14.231647     14.244533
   3.07010     14.275814     14.145880
   3.01401     14.352956     14.228920
   3.01401     14.352956     14.228920
   2.97436     14.359883     14.303772
   2.93470     14.364892     14.336911
   2.89504     14.314345     14.224582
   2.85538     14.239870     14.216303
   2.81572     14.208337     14.183730
   2.77607     14.123043     14.115754
   2.73641     14.168601     14.128849
   2.69675     14.203338     13.977559
   2.65709     14.272397     13.926957
   2.61743     14.295961     13.969311
   2.57778     14.240620     13.949886
   2.53812     14.171149     14.038471
   2.49846     14.298582     14.522817
   2.45880     14.372393     14.360889
   2.41914     14.254562     14.287333
   2.37949     14.518174     14.402914
   2.33983     14.564473     14.784450
   2.30017     14.559479     14.768579
   2.26051     14.631565     14.709797
   2.26051     14.631565     14.709797
   2.22085     14.627602     14.769134
   2.18119     14.635547     14.958971
   2.14154     14.726331     14.896008
   2.10188     14.808693     14.993700
   2.06222     15.217786     14.956778
   2.02256     15.134843     15.003377
   1.98290     14.965428     15.065181
   1.94325     14.799813     14.839366
   1.90359     14.587989     14.678000
   1.86393     14.487117     14.591658
   1.82427     14.511981     14.622099
   1.78461     14.268891     14.515689
   1.74496     14.154899     14.297985
   1.70530     14.155790     14.203904
   1.66564     14.149482     14.107011
   1.62598     14.227934     14.207121
   1.58632     14.088105     14.040827
   1.54667     13.992646     13.993390
   1.50701     13.983726     13.968866
   1.50701     13.979947     13.969205
   1.46735     13.980625     13.984043
   1.42769     13.821224     14.030068
   1.38803     13.962191     14.077179
   1.34838     14.080697     14.121715
   1.30872     13.959880     14.039326
   1.26906     13.895757     13.965167
   1.22940     13.962497     13.977297
   1.18974     14.044934     14.035729
   1.15008     14.106284     14.061964
   1.11043     14.165733     14.090920
   1.07077     14.254781     14.179808
   1.03111     14.371401     14.305928
   0.99145     14.417639     14.442808
   0.95179     14.458094     14.510378
   0.91214     14.530739     14.576361
   0.87248     14.550205     14.520577
   0.83282     14.274169     14.364509
   0.79316     14.283911     14.254390
   0.75350     14.305896     14.280079
   0.75350     14.305897     14.280085
   0.71385     14.251133     14.216914
   0.67419     14.016530     14.055817
   0.63453     13.796245     13.892735
   0.59487     13.913522     13.825901
   0.55521     13.660411     13.886704
   0.51556     13.605007     13.770960
   0.47590     13.556425     13.710556
   0.43624     13.387472     13.414898
   0.39658     13.356901     13.577658
   0.35692     13.514507     13.566163
   0.31726     13.538231     13.579334
   0.27761     13.389476     13.353908
   0.23795     13.191007     13.239109
   0.19829     13.170835     13.235560
   0.15863     13.142015     13.270429
   0.11897     13.122700     13.162031
   0.07932     13.330074     13.495889
   0.03966     13.409658     13.510455
   0.00000     13.549867     13.549844
 
# Band-Index   51
   0.00000     13.804278     13.805066
   0.03966     13.488882     13.818337
   0.07932     13.369622     13.748576
   0.11897     13.207855     13.475932
   0.15863     13.225261     13.405054
   0.19829     13.341243     13.399320
   0.23795     13.470208     13.508746
   0.27761     13.529520     13.568968
   0.31726     13.581279     13.608729
   0.35692     13.884299     13.637702
   0.39658     13.501196     13.735266
   0.43624     13.569149     13.684950
   0.47590     13.633340     13.796285
   0.51556     13.635793     13.975928
   0.55521     13.929288     14.026674
   0.59487     13.978916     14.044181
   0.63453     13.905480     14.089004
   0.67419     14.094818     14.064961
   0.71385     14.306620     14.312336
   0.75350     14.312785     14.309572
   0.75350     14.312783     14.309566
   0.79316     14.401624     14.418414
   0.83282     14.543985     14.571214
   0.87248     14.582974     14.621553
   0.91214     14.580121     14.614334
   0.95179     14.574263     14.579225
   0.99145     14.494103     14.480826
   1.03111     14.462862     14.538520
   1.07077     14.585933     14.529986
   1.11043     14.520907     14.467247
   1.15008     14.449848     14.401624
   1.18974     14.377910     14.336982
   1.22940     14.211145     14.239821
   1.26906     13.930623     14.020143
   1.30872     13.965713     14.071679
   1.34838     14.158261     14.200764
   1.38803     14.185201     14.154536
   1.42769     14.146130     14.106600
   1.46735     14.057328     14.044853
   1.50701     14.125697     14.122068
   1.50701     14.122190     14.124402
   1.54667     14.165404     14.120320
   1.58632     14.238310     14.191921
   1.62598     14.391832     14.275107
   1.66564     14.359845     14.385415
   1.70530     14.239940     14.508713
   1.74496     14.336904     14.640270
   1.78461     14.539920     14.721851
   1.82427     14.985054     14.907218
   1.86393     15.119331     15.150766
   1.90359     15.324654     15.400857
   1.94325     15.336605     15.347916
   1.98290     15.245304     15.173213
   2.02256     15.202504     15.267130
   2.06222     15.312143     15.395939
   2.10188     15.049842     15.436246
   2.14154     14.944952     15.365814
   2.18119     14.902864     15.486700
   2.22085     14.872581     15.288411
   2.26051     14.877036     15.016728
   2.26051     14.877036     15.016728
   2.30017     15.195167     15.310440
   2.33983     14.907686     14.938113
   2.37949     14.609392     14.446876
   2.41914     14.503292     14.468700
   2.45880     14.497563     14.555970
   2.49846     14.480254     14.709094
   2.53812     14.524089     14.486186
   2.57778     14.546304     14.405747
   2.61743     14.535383     14.214626
   2.65709     14.351337     14.004038
   2.69675     14.580086     14.115801
   2.73641     14.627116     14.117615
   2.77607     14.696689     14.215498
   2.81572     14.711380     14.344296
   2.85538     14.614820     14.483971
   2.89504     14.558551     14.543699
   2.93470     14.429056     14.451700
   2.97436     14.406862     14.330494
   3.01401     14.436929     14.414126
   3.01401     14.436929     14.414126
   3.07010     14.297591     14.278990
   3.12618     14.386979     14.385252
   3.18227     14.527155     14.530762
   3.23835     14.606578     14.406585
   3.29444     14.372880     14.371690
   3.35052     14.387917     14.420975
   3.40661     14.341304     14.451836
   3.46269     14.330592     14.343789
   3.51878     14.294165     14.298396
   3.57486     14.170074     14.178863
   3.63095     14.018622     14.154961
   3.68703     14.056040     14.121663
   3.74312     13.964209     14.057700
   3.79920     14.048289     14.087441
   3.85529     14.036624     14.147780
   3.91137     14.130108     14.038110
   3.96746     13.999157     13.985611
   4.02354     14.061143     14.036996
   4.07963     14.122190     14.124402
 
# Band-Index   52
   4.07963     14.169297     14.163552
   4.02354     14.137675     14.056366
   3.96746     14.351097     14.244320
   3.91137     14.333293     14.367367
   3.85529     14.251202     14.344885
   3.79920     14.100270     14.130312
   3.74312     14.026906     14.163348
   3.68703     14.074712     14.145900
   3.63095     14.184349     14.256991
   3.57486     14.368684     14.344104
   3.51878     14.627354     14.502291
   3.46269     14.412413     14.342591
   3.40661     14.399607     14.674135
   3.35052     14.446200     14.454651
   3.29444     14.699625     14.710688
   3.23835     14.756823     14.825223
   3.18227     14.694032     14.703095
   3.12618     14.554958     14.443530
   3.07010     14.452460     14.376197
   3.01401     14.632313     14.443879
   3.01401     14.632313     14.443879
   2.97436     14.557766     14.445965
   2.93470     14.556333     14.486784
   2.89504     14.685723     14.571214
   2.85538     14.750011     14.709564
   2.81572     14.713282     14.757297
   2.77607     14.756097     14.654181
   2.73641     14.769509     14.468745
   2.69675     14.665727     14.415205
   2.65709     14.661197     14.145854
   2.61743     14.715653     14.508053
   2.57778     14.814668     14.520369
   2.53812     14.721232     14.485953
   2.49846     14.668098     14.834955
   2.45880     14.524593     14.656396
   2.41914     14.620246     14.505506
   2.37949     14.735337     14.764231
   2.33983     15.125549     15.221949
   2.30017     15.327212     15.382270
   2.26051     15.650282     15.735630
   2.26051     15.650282     15.735630
   2.22085     15.593644     15.607366
   2.18119     15.485286     15.520459
   2.14154     15.434082     15.735707
   2.10188     15.381769     15.627707
   2.06222     15.629884     15.576850
   2.02256     15.683539     15.605913
   1.98290     15.763343     15.734052
   1.94325     15.530833     15.575727
   1.90359     15.576056     15.501859
   1.86393     15.459823     15.254631
   1.82427     15.043332     15.064909
   1.78461     14.737251     14.960367
   1.74496     14.499796     14.952436
   1.70530     14.394807     14.681588
   1.66564     14.615582     14.444588
   1.62598     14.408790     14.424517
   1.58632     14.378409     14.364757
   1.54667     14.181144     14.247422
   1.50701     14.169297     14.163552
   1.50701     14.167360     14.171150
   1.46735     14.083489     14.079221
   1.42769     14.151380     14.126963
   1.38803     14.193807     14.159300
   1.34838     14.227869     14.212165
   1.30872     14.166628     14.168203
   1.26906     14.238339     14.219300
   1.22940     14.307450     14.275711
   1.18974     14.392748     14.379560
   1.15008     14.520907     14.422915
   1.11043     14.612833     14.554707
   1.07077     14.619762     14.685761
   1.03111     14.636787     14.584608
   0.99145     14.663576     14.625087
   0.95179     14.660882     14.647105
   0.91214     14.633886     14.651074
   0.87248     14.595494     14.642630
   0.83282     14.558731     14.629619
   0.79316     14.533039     14.618914
   0.75350     14.523879     14.614855
   0.75350     14.523880     14.614861
   0.71385     14.308930     14.357268
   0.67419     14.317586     14.319609
   0.63453     14.325410     14.323904
   0.59487     14.101647     14.231356
   0.55521     14.229479     14.221590
   0.51556     14.007570     14.105575
   0.47590     13.799327     13.934975
   0.43624     13.699037     13.886878
   0.39658     13.809919     14.118972
   0.35692     13.922329     13.892627
   0.31726     13.647558     13.750178
   0.27761     13.638581     13.623786
   0.23795     13.498973     13.513022
   0.19829     13.361414     13.450632
   0.15863     13.342639     13.456606
   0.11897     13.318123     13.574719
   0.07932     13.345710     14.093637
   0.03966     14.155345     13.932868
   0.00000     14.195510     14.176038
 
# Band-Index   53
   0.00000     14.435888     14.436503
   0.03966     14.195050     14.161707
   0.07932     14.419364     14.246617
   0.11897     14.326846     14.347809
   0.15863     14.262970     14.282399
   0.19829     14.111550     14.259421
   0.23795     13.616546     13.576316
   0.27761     13.757273     13.764587
   0.31726     13.882446     13.753921
   0.35692     13.929710     14.191420
   0.39658     13.964134     14.167895
   0.43624     13.891034     13.991025
   0.47590     14.004505     14.023808
   0.51556     14.276358     14.297709
   0.55521     14.302044     14.265830
   0.59487     14.266968     14.285821
   0.63453     14.377257     14.431275
   0.67419     14.675539     14.676666
   0.71385     14.673772     14.658741
   0.75350     14.672956     14.650303
   0.75350     14.672936     14.650299
   0.79316     14.670796     14.672101
   0.83282     14.675907     14.741475
   0.87248     14.776892     14.789897
   0.91214     14.798386     14.724435
   0.95179     14.704727     14.723372
   0.99145     14.689581     14.811857
   1.03111     14.742127     14.834825
   1.07077     14.734584     14.727187
   1.11043     14.645771     14.607179
   1.15008     14.525606     14.495556
   1.18974     14.560926     14.463199
   1.22940     14.422998     14.409440
   1.26906     14.347315     14.345323
   1.30872     14.279250     14.270243
   1.34838     14.234490     14.234231
   1.38803     14.274973     14.287387
   1.42769     14.178809     14.160076
   1.46735     14.146810     14.104950
   1.50701     14.230793     14.204451
   1.50701     14.231464     14.204266
   1.54667     14.511732     14.526881
   1.58632     14.913070     14.933938
   1.62598     15.229441     15.272533
   1.66564     15.309959     15.378313
   1.70530     14.882749     15.392109
   1.74496     14.894961     15.170258
   1.78461     14.745481     15.214493
   1.82427     15.468478     15.429015
   1.86393     15.566129     15.449913
   1.90359     15.855865     15.742923
   1.94325     15.934546     15.911414
   1.98290     15.796013     15.853724
   2.02256     16.079900     16.124460
   2.06222     16.256515     16.186814
   2.10188     15.653793     16.002190
   2.14154     15.720572     15.930126
   2.18119     15.720432     15.865820
   2.22085     15.597513     15.958038
   2.26051     15.744927     15.887344
   2.26051     15.744927     15.887344
   2.30017     15.542326     15.624060
   2.33983     15.495591     15.502869
   2.37949     15.099885     15.081852
   2.41914     14.750181     14.703351
   2.45880     14.627998     14.782704
   2.49846     14.728018     14.861419
   2.53812     15.177706     15.030604
   2.57778     15.089483     14.774799
   2.61743     14.859419     14.818928
   2.65709     14.779008     14.640673
   2.69675     14.778611     14.443325
   2.73641     14.894729     14.713723
   2.77607     15.033079     14.787623
   2.81572     15.182776     14.847174
   2.85538     15.305511     14.976578
   2.89504     15.051963     15.046513
   2.93470     14.853781     14.971944
   2.97436     14.722133     15.060318
   3.01401     14.886809     14.993853
   3.01401     14.886809     14.993853
   3.07010     14.668851     15.027991
   3.12618     14.806362     14.902255
   3.18227     14.836853     14.852304
   3.23835     14.912256     14.824667
   3.29444     14.962493     15.037998
   3.35052     14.803681     14.796488
   3.40661     14.690972     14.772393
   3.46269     14.511201     14.505490
   3.51878     14.696083     14.657557
   3.57486     14.608116     14.612666
   3.63095     14.260700     14.575615
   3.68703     14.432518     14.399563
   3.74312     14.290867     14.252309
   3.79920     14.153419     14.247917
   3.85529     14.457492     14.551724
   3.91137     14.753398     14.831226
   3.96746     14.925573     14.861067
   4.02354     14.624837     14.424049
   4.07963     14.231464     14.204266
 
# Band-Index   54
   4.07963     14.919322     14.237566
   4.02354     14.946254     14.616574
   3.96746     14.979900     14.923272
   3.91137     14.901809     14.900440
   3.85529     14.539036     14.558322
   3.79920     14.307433     14.432444
   3.74312     14.722526     14.731473
   3.68703     14.991700     14.993140
   3.63095     14.612180     14.929149
   3.57486     14.814369     14.822064
   3.51878     14.875074     14.907353
   3.46269     14.629185     14.639523
   3.40661     14.776096     15.291788
   3.35052     15.066286     15.006908
   3.29444     15.070006     15.088994
   3.23835     15.395295     15.404258
   3.18227     15.202994     15.607225
   3.12618     15.141666     15.363182
   3.07010     15.125193     15.125351
   3.01401     14.993593     15.049971
   3.01401     14.993593     15.049971
   2.97436     15.067217     15.082671
   2.93470     15.219731     15.176709
   2.89504     15.334420     15.258674
   2.85538     15.440716     15.376653
   2.81572     15.561221     15.484848
   2.77607     15.237543     15.107873
   2.73641     14.916134     14.799767
   2.69675     14.849472     14.766050
   2.65709     14.863376     14.753507
   2.61743     15.110452     14.818886
   2.57778     15.167707     14.993878
   2.53812     15.256048     15.257667
   2.49846     14.953043     15.557232
   2.45880     14.687338     15.161033
   2.41914     14.998372     14.967439
   2.37949     15.395611     15.351237
   2.33983     15.609804     15.647047
   2.30017     15.676889     15.732945
   2.26051     15.954173     16.015136
   2.26051     15.954173     16.015136
   2.22085     15.903794     16.040208
   2.18119     15.821010     16.171362
   2.14154     16.035310     16.048480
   2.10188     16.168017     16.418343
   2.06222     16.828450     16.653871
   2.02256     16.818832     16.757020
   1.98290     16.735036     16.684982
   1.94325     16.424833     16.422942
   1.90359     16.257547     16.250440
   1.86393     15.955958     15.980829
   1.82427     15.715614     15.765401
   1.78461     15.336626     15.627329
   1.74496     15.127022     15.583985
   1.70530     15.164643     15.614824
   1.66564     15.512591     15.656224
   1.62598     15.291200     15.337318
   1.58632     14.928661     14.948273
   1.54667     14.609115     14.598561
   1.50701     14.919322     14.237566
   1.50701     14.442955     14.238181
   1.46735     14.235686     14.222739
   1.42769     14.266307     14.306014
   1.38803     14.358254     14.457325
   1.34838     14.353916     14.431916
   1.30872     14.342788     14.330782
   1.26906     14.454849     14.467036
   1.22940     14.660379     14.721133
   1.18974     14.725563     14.642146
   1.15008     14.595954     14.568950
   1.11043     14.870401     14.925590
   1.07077     14.774256     14.744618
   1.03111     14.889840     14.862234
   0.99145     14.995590     14.928315
   0.95179     15.061492     14.982141
   0.91214     15.048831     14.970351
   0.87248     14.979434     14.919052
   0.83282     14.925129     14.888395
   0.79316     14.894396     14.866861
   0.75350     14.878453     14.852047
   0.75350     14.878454     14.852067
   0.71385     15.120250     15.134617
   0.67419     14.791806     15.121474
   0.63453     14.668991     14.694063
   0.59487     14.449961     14.443381
   0.55521     14.418297     14.426636
   0.51556     14.440878     14.435795
   0.47590     14.441499     14.296079
   0.43624     13.896505     14.282936
   0.39658     14.184075     14.285343
   0.35692     14.146103     14.310040
   0.31726     13.983976     14.205146
   0.27761     13.962875     14.176843
   0.23795     14.038873     14.293696
   0.19829     14.239038     14.568293
   0.15863     14.314556     14.638867
   0.11897     14.439480     14.549796
   0.07932     14.465899     14.435499
   0.03966     14.432344     14.438618
   0.00000     14.670892     14.672824
 
# Band-Index   55
   0.00000     14.993926     14.994127
   0.03966     14.601787     14.721788
   0.07932     14.565567     14.827033
   0.11897     14.674484     14.893011
   0.15863     14.714638     14.724468
   0.19829     14.456709     14.575059
   0.23795     14.287044     14.357398
   0.27761     14.388608     14.390861
   0.31726     14.389718     14.476926
   0.35692     14.577376     14.549392
   0.39658     14.182535     14.593533
   0.43624     14.412182     14.381375
   0.47590     14.414734     14.444296
   0.51556     14.706449     14.720825
   0.55521     14.444882     14.494051
   0.59487     14.535069     14.542932
   0.63453     14.760520     14.724501
   0.67419     15.441730     15.511708
   0.71385     15.216601     15.256850
   0.75350     15.426067     15.496045
   0.75350     15.426031     15.495876
   0.79316     15.458380     15.531829
   0.83282     15.331375     15.415936
   0.87248     15.264489     15.437109
   0.91214     15.345753     15.343251
   0.95179     15.267115     15.254040
   0.99145     15.044783     15.041436
   1.03111     14.965174     14.973448
   1.07077     14.776043     14.773012
   1.11043     14.916482     14.954255
   1.15008     15.156750     15.240146
   1.18974     14.987056     15.101494
   1.22940     14.825537     14.735576
   1.26906     15.019771     14.966230
   1.30872     14.760490     14.893104
   1.34838     14.526571     14.661456
   1.38803     14.709575     14.788669
   1.42769     14.925666     14.908463
   1.46735     14.945722     14.566823
   1.50701     14.925447     14.924825
   1.50701     14.924276     14.924376
   1.54667     15.015502     14.995489
   1.58632     15.212452     15.148177
   1.62598     15.312024     15.357971
   1.66564     15.702984     15.716641
   1.70530     15.477289     15.820351
   1.74496     15.548792     15.943281
   1.78461     15.570232     16.175960
   1.82427     16.281138     16.344433
   1.86393     16.474929     16.321434
   1.90359     16.616372     16.606971
   1.94325     16.574858     16.534753
   1.98290     16.877679     16.848631
   2.02256     16.896048     16.830548
   2.06222     16.934088     16.813804
   2.10188     16.407202     16.894608
   2.14154     16.127446     16.711757
   2.18119     16.145822     16.697060
   2.22085     16.200329     16.265421
   2.26051     16.157226     16.325253
   2.26051     16.157226     16.325253
   2.30017     15.877715     15.929196
   2.33983     15.646254     15.708289
   2.37949     15.706042     15.637529
   2.41914     15.758957     15.622318
   2.45880     15.703241     15.948604
   2.49846     15.469689     15.660400
   2.53812     15.320504     15.334369
   2.57778     15.563849     15.303632
   2.61743     15.235548     15.014909
   2.65709     15.360782     15.113134
   2.69675     15.469243     15.398544
   2.73641     15.644854     15.689385
   2.77607     15.694222     15.670294
   2.81572     15.598355     15.494415
   2.85538     15.437458     15.747713
   2.89504     15.358099     15.527672
   2.93470     15.440639     15.345690
   2.97436     15.500920     15.425461
   3.01401     15.547256     15.551381
   3.01401     15.547256     15.551381
   3.07010     15.349479     15.177979
   3.12618     15.430401     15.431667
   3.18227     15.643821     15.666189
   3.23835     15.408836     15.404389
   3.29444     15.333195     15.241223
   3.35052     15.303394     15.316372
   3.40661     15.386285     15.632619
   3.46269     15.287427     15.406393
   3.51878     15.041808     14.947678
   3.57486     15.187388     15.149876
   3.63095     15.033365     15.647192
   3.68703     15.216172     15.230282
   3.74312     15.410401     15.411538
   3.79920     15.536587     15.594021
   3.85529     15.182045     15.273547
   3.91137     15.063957     15.068730
   3.96746     15.099960     15.109261
   4.02354     15.051319     15.014317
   4.07963     14.924276     14.924376
 
# Band-Index   56
   4.07963     15.441429     15.191327
   4.02354     15.354971     15.233917
   3.96746     15.135054     15.226285
   3.91137     15.160217     15.322737
   3.85529     15.802154     15.863279
   3.79920     15.822878     15.857559
   3.74312     15.798064     15.861325
   3.68703     15.752832     15.828885
   3.63095     15.529042     15.748954
   3.57486     15.230420     15.224650
   3.51878     15.063214     15.056038
   3.46269     15.378041     15.419621
   3.40661     15.703919     15.853156
   3.35052     15.541524     15.421845
   3.29444     15.574451     15.688189
   3.23835     15.747502     15.843609
   3.18227     15.786710     15.707773
   3.12618     15.694643     15.670862
   3.07010     15.571896     15.530533
   3.01401     15.614524     15.652572
   3.01401     15.614524     15.652572
   2.97436     15.583416     15.549558
   2.93470     15.696141     15.586603
   2.89504     15.869921     15.719371
   2.85538     15.866618     15.799304
   2.81572     15.720855     15.902408
   2.77607     15.786780     15.883490
   2.73641     15.907851     15.831649
   2.69675     16.068506     15.933998
   2.65709     16.008080     15.951221
   2.61743     15.911466     15.821450
   2.57778     15.610484     15.522663
   2.53812     15.385217     15.476597
   2.49846     15.666039     15.760830
   2.45880     15.761771     15.986041
   2.41914     15.923475     15.965725
   2.37949     16.025673     16.015761
   2.33983     15.835601     16.123334
   2.30017     16.226952     16.647264
   2.26051     16.509683     16.803414
   2.26051     16.509683     16.803414
   2.22085     16.299685     17.257559
   2.18119     16.306396     16.963402
   2.14154     16.357075     17.116901
   2.10188     16.521928     17.114544
   2.06222     17.023311     17.070948
   2.02256     17.072205     17.039660
   1.98290     16.954098     16.984968
   1.94325     16.741565     16.909333
   1.90359     16.630210     16.890690
   1.86393     16.518228     16.592935
   1.82427     16.376271     16.424254
   1.78461     15.617422     16.287346
   1.74496     15.740275     16.167282
   1.70530     15.603515     16.023390
   1.66564     15.757678     15.745418
   1.62598     15.776629     15.763850
   1.58632     15.567311     15.522639
   1.54667     15.265481     15.244724
   1.50701     15.441429     15.191327
   1.50701     15.449278     15.225222
   1.46735     15.201330     14.933943
   1.42769     14.957992     14.927291
   1.38803     14.874850     14.887360
   1.34838     15.161595     15.168580
   1.30872     15.288050     15.224425
   1.26906     15.085564     15.125451
   1.22940     15.264022     15.327403
   1.18974     15.454138     15.488016
   1.15008     15.367629     15.490917
   1.11043     15.324083     15.462438
   1.07077     15.051842     15.124553
   1.03111     15.529486     15.566605
   0.99145     15.307836     15.242570
   0.95179     15.538378     15.583188
   0.91214     15.459848     15.539498
   0.87248     15.483997     15.483119
   0.83282     15.587538     15.596496
   0.79316     15.525470     15.558058
   0.75350     15.625961     15.679128
   0.75350     15.648819     15.693881
   0.71385     15.428501     15.500241
   0.67419     15.487446     15.521757
   0.63453     14.961802     14.944887
   0.59487     14.744534     14.750785
   0.55521     14.551904     14.591056
   0.51556     14.729745     14.825920
   0.47590     14.980882     14.935054
   0.43624     14.788505     14.785548
   0.39658     14.721749     14.730101
   0.35692     14.736481     14.731293
   0.31726     14.409237     14.681671
   0.27761     14.447441     14.710640
   0.23795     14.621005     14.721739
   0.19829     14.769425     14.788880
   0.15863     14.770526     14.760633
   0.11897     15.030472     14.820288
   0.07932     15.104507     15.084141
   0.03966     15.047678     15.059364
   0.00000     15.115805     15.118242
 
# Band-Index   57
   0.00000     15.422872     15.421488
   0.03966     15.163829     15.198592
   0.07932     15.284032     15.180210
   0.11897     15.136487     15.075868
   0.15863     14.920967     15.043044
   0.19829     14.817842     14.950123
   0.23795     14.760633     14.807956
   0.27761     14.757472     14.794620
   0.31726     14.622405     14.720631
   0.35692     14.749353     14.745363
   0.39658     14.819204     14.936928
   0.43624     14.796264     14.799559
   0.47590     15.054823     15.032093
   0.51556     14.999211     14.963192
   0.55521     14.602758     14.624703
   0.59487     14.832263     14.870317
   0.63453     15.320516     15.351567
   0.67419     15.899362     16.065752
   0.71385     15.571542     15.535658
   0.75350     15.728916     15.725854
   0.75350     15.684327     15.711683
   0.79316     15.836396     15.834333
   0.83282     15.612373     15.692765
   0.87248     15.690816     15.699316
   0.91214     15.600063     15.629647
   0.95179     15.694658     15.685151
   0.99145     15.515221     15.563411
   1.03111     15.612614     15.624116
   1.07077     15.483481     15.518512
   1.11043     15.597621     15.589679
   1.15008     15.428778     15.551605
   1.18974     15.471787     15.555180
   1.22940     15.623640     15.569541
   1.26906     15.571562     15.543483
   1.30872     15.423381     15.474296
   1.34838     15.525526     15.460454
   1.38803     15.343631     15.368452
   1.42769     14.987641     15.014565
   1.46735     15.341717     15.204740
   1.50701     15.801058     15.435884
   1.50701     15.800960     15.450222
   1.54667     15.638774     15.613791
   1.58632     15.690846     15.708454
   1.62598     15.813816     15.850966
   1.66564     15.916405     15.956899
   1.70530     15.998635     16.128362
   1.74496     16.114741     16.548036
   1.78461     15.843578     16.924537
   1.82427     17.072604     16.838709
   1.86393     17.117516     16.726557
   1.90359     17.195899     16.910409
   1.94325     16.935195     17.041710
   1.98290     17.183870     17.137522
   2.02256     17.260912     17.252866
   2.06222     17.095569     17.190758
   2.10188     16.525773     17.150547
   2.14154     16.464122     17.103140
   2.18119     16.363433     17.211443
   2.22085     16.462441     17.176570
   2.26051     16.612252     17.326054
   2.26051     16.612252     17.326054
   2.30017     16.371194     17.332490
   2.33983     16.279665     16.735797
   2.37949     16.125475     16.124562
   2.41914     16.440877     16.449387
   2.45880     15.978975     16.519299
   2.49846     15.810875     16.705242
   2.53812     15.866573     15.800989
   2.57778     15.767430     15.833239
   2.61743     16.068789     15.897923
   2.65709     16.337830     16.113028
   2.69675     16.165819     16.131134
   2.73641     16.141523     16.133511
   2.77607     16.162567     16.168218
   2.81572     16.137250     16.065726
   2.85538     16.088354     15.970138
   2.89504     16.047738     15.888661
   2.93470     15.903377     15.831889
   2.97436     15.810173     15.730791
   3.01401     15.791081     15.751892
   3.01401     15.791081     15.751892
   3.07010     15.728927     15.682182
   3.12618     15.756493     15.679021
   3.18227     15.792474     15.784472
   3.23835     16.063159     16.062736
   3.29444     15.889426     15.854237
   3.35052     15.736997     15.537253
   3.40661     15.754899     16.090680
   3.46269     15.555864     15.700217
   3.51878     15.553383     15.617737
   3.57486     15.520144     15.418579
   3.63095     15.727898     15.977053
   3.68703     16.137098     16.217292
   3.74312     16.257232     16.338214
   3.79920     16.129597     16.281560
   3.85529     15.879257     15.952064
   3.91137     15.327681     15.341966
   3.96746     15.338128     15.296791
   4.02354     15.554615     15.418905
   4.07963     15.800960     15.450222
 
# Band-Index   58
   4.07963     15.953034     15.783281
   4.02354     15.810060     15.666272
   3.96746     15.698893     15.729197
   3.91137     15.491419     15.795064
   3.85529     16.235624     16.359864
   3.79920     16.464506     16.570157
   3.74312     16.427914     16.501788
   3.68703     16.269100     16.448125
   3.63095     15.863429     15.977953
   3.57486     15.661950     15.739478
   3.51878     15.597275     15.691475
   3.46269     15.620903     15.713178
   3.40661     15.940517     16.597513
   3.35052     15.913242     15.964688
   3.29444     16.102846     16.124325
   3.23835     16.141303     16.079776
   3.18227     16.014814     15.987205
   3.12618     15.846311     15.828394
   3.07010     15.834689     15.728709
   3.01401     15.999860     15.777835
   3.01401     15.999860     15.777835
   2.97436     15.975621     15.788173
   2.93470     16.010804     15.875029
   2.89504     16.051717     16.009306
   2.85538     16.108017     16.022065
   2.81572     16.168154     16.109276
   2.77607     16.237668     16.168698
   2.73641     16.374322     16.368749
   2.69675     16.471483     16.359290
   2.65709     16.444007     16.347941
   2.61743     16.229599     16.400273
   2.57778     15.976705     15.961504
   2.53812     16.011285     15.974200
   2.49846     16.316845     17.602274
   2.45880     16.654870     17.566264
   2.41914     16.456455     16.508531
   2.37949     16.950313     16.505404
   2.33983     16.952745     17.496926
   2.30017     16.956078     17.468210
   2.26051     16.714087     17.359826
   2.26051     16.714087     17.359826
   2.22085     16.672871     17.853628
   2.18119     16.874659     17.951793
   2.14154     16.871194     17.734251
   2.10188     16.910371     17.450410
   2.06222     17.469212     17.619326
   2.02256     17.301988     17.587086
   1.98290     17.234874     17.463242
   1.94325     17.206464     17.309766
   1.90359     17.227411     17.203471
   1.86393     17.209753     16.911564
   1.82427     17.101464     17.246984
   1.78461     16.192065     16.986245
   1.74496     16.175305     16.730142
   1.70530     16.053939     16.399879
   1.66564     16.086611     16.130336
   1.62598     15.897874     15.864425
   1.58632     15.913530     15.958000
   1.54667     15.901183     15.933908
   1.50701     15.953034     15.783281
   1.50701     15.951250     15.795035
   1.46735     15.506419     15.376630
   1.42769     15.094538     15.158308
   1.38803     15.372687     15.354546
   1.34838     15.668620     15.574039
   1.30872     15.586592     15.583384
   1.26906     15.759006     15.748353
   1.22940     15.743735     15.844404
   1.18974     15.598896     15.711227
   1.15008     15.557581     15.590513
   1.11043     15.737742     15.843218
   1.07077     15.562133     15.578171
   1.03111     15.940500     15.912697
   0.99145     15.803052     15.777340
   0.95179     16.122339     16.203223
   0.91214     15.681855     15.681009
   0.87248     15.753127     15.756359
   0.83282     15.794518     15.779535
   0.79316     15.935088     15.904409
   0.75350     15.720703     15.717980
   0.75350     15.982018     15.937664
   0.71385     15.581242     15.571698
   0.67419     16.437504     16.441995
   0.63453     15.467587     15.534645
   0.59487     14.955835     14.981447
   0.55521     14.735021     14.776500
   0.51556     15.616040     15.660699
   0.47590     15.106818     15.170421
   0.43624     15.200578     15.168632
   0.39658     15.150531     15.194401
   0.35692     15.298756     15.313263
   0.31726     14.753491     14.753662
   0.27761     14.766528     14.839689
   0.23795     14.823297     14.946906
   0.19829     15.487562     15.589271
   0.15863     15.428280     15.468338
   0.11897     15.519505     15.200278
   0.07932     15.489458     15.387142
   0.03966     15.498062     15.551943
   0.00000     15.508675     15.508429
 
# Band-Index   59
   0.00000     15.734627     15.750423
   0.03966     15.664534     15.586848
   0.07932     15.591856     15.744207
   0.11897     15.653113     15.495097
   0.15863     15.850394     15.475413
   0.19829     15.768538     15.706639
   0.23795     15.112842     15.249519
   0.27761     14.800692     14.928519
   0.31726     14.763885     14.764283
   0.35692     15.829340     15.871796
   0.39658     15.708797     15.751845
   0.43624     15.356607     15.432429
   0.47590     15.456748     15.310360
   0.51556     16.601665     16.967299
   0.55521     15.533465     15.604055
   0.59487     15.497617     15.565372
   0.63453     15.917385     15.941638
   0.67419     16.438348     16.582223
   0.71385     15.961562     16.019960
   0.75350     16.000526     16.062136
   0.75350     15.927606     15.878425
   0.79316     16.056768     16.093660
   0.83282     15.914460     15.894156
   0.87248     15.964567     16.026750
   0.91214     16.090808     16.211171
   0.95179     16.490815     16.490889
   0.99145     15.986252     15.984839
   1.03111     16.425955     16.410602
   1.07077     15.971992     16.000079
   1.11043     16.248118     16.227281
   1.15008     15.929095     15.943774
   1.18974     15.761873     15.744652
   1.22940     15.801021     15.881238
   1.26906     15.816350     15.902150
   1.30872     15.770336     15.914952
   1.34838     15.743552     15.699617
   1.38803     15.463884     15.481881
   1.42769     15.449459     15.477264
   1.46735     15.554848     15.420018
   1.50701     16.078915     15.961904
   1.50701     16.078491     15.960638
   1.54667     15.973901     16.070949
   1.58632     16.002770     16.108112
   1.62598     16.070204     16.187199
   1.66564     16.160026     16.278517
   1.70530     16.076519     16.535435
   1.74496     16.227580     16.834923
   1.78461     16.246949     16.993846
   1.82427     17.254746     17.412671
   1.86393     17.454508     17.721780
   1.90359     17.509993     17.334182
   1.94325     17.615310     17.496188
   1.98290     17.672058     17.527114
   2.02256     17.800287     17.686924
   2.06222     17.631210     17.855456
   2.10188     17.241768     17.994766
   2.14154     17.095480     17.950426
   2.18119     16.912349     18.069932
   2.22085     16.953539     18.451644
   2.26051     16.987970     18.175654
   2.26051     16.987970     18.175654
   2.30017     17.531941     17.716132
   2.33983     17.309461     17.349918
   2.37949     16.995269     16.844406
   2.41914     16.957714     16.490676
   2.45880     16.909225     17.845817
   2.49846     17.166398     18.274479
   2.53812     17.159002     16.374047
   2.57778     17.147173     16.566773
   2.61743     16.807235     16.531339
   2.65709     16.615007     16.735623
   2.69675     16.717672     16.542931
   2.73641     16.616995     16.420767
   2.77607     16.472354     16.302299
   2.81572     16.368122     16.241483
   2.85538     16.231187     16.216152
   2.89504     16.419232     16.317262
   2.93470     16.768660     16.696652
   2.97436     17.103986     17.048237
   3.01401     17.309745     17.328614
   3.01401     17.309745     17.328614
   3.07010     16.912099     16.914518
   3.12618     16.550189     16.550837
   3.18227     16.348985     16.359877
   3.23835     16.166361     16.138112
   3.29444     16.374972     16.192725
   3.35052     16.430798     16.116971
   3.40661     16.127292     17.042109
   3.46269     15.913285     15.746219
   3.51878     15.886082     15.773278
   3.57486     16.006743     15.913791
   3.63095     15.878186     16.778514
   3.68703     16.556195     17.025808
   3.74312     16.886385     16.952534
   3.79920     16.580964     16.642954
   3.85529     16.413774     16.375480
   3.91137     15.775682     16.022454
   3.96746     15.786211     15.831033
   4.02354     16.505580     15.764648
   4.07963     16.078491     15.960638
 
# Band-Index   60
   4.07963     16.645586     16.080109
   4.02354     16.583198     16.392783
   3.96746     16.450931     16.078565
   3.91137     16.169576     16.129046
   3.85529     16.571612     16.742055
   3.79920     16.623537     16.823987
   3.74312     17.137890     17.101218
   3.68703     17.209266     17.318306
   3.63095     15.890793     17.477575
   3.57486     15.918010     15.967107
   3.51878     15.882529     15.897181
   3.46269     16.299546     16.307965
   3.40661     16.884089     17.605163
   3.35052     16.809551     16.455890
   3.29444     16.642721     16.412149
   3.23835     16.364593     16.359115
   3.18227     16.356213     16.361449
   3.12618     16.826244     16.805259
   3.07010     17.286503     17.206619
   3.01401     17.528238     17.397937
   3.01401     17.528238     17.397937
   2.97436     17.472976     17.302821
   2.93470     17.406548     17.107221
   2.89504     17.140480     16.975446
   2.85538     16.926042     16.978772
   2.81572     16.846728     16.986162
   2.77607     16.885953     16.803747
   2.73641     16.902964     16.603119
   2.69675     16.853750     16.588146
   2.65709     16.942679     16.791515
   2.61743     17.167491     16.873705
   2.57778     17.408804     16.827312
   2.53812     17.330028     16.814703
   2.49846     17.254426     18.260011
   2.45880     17.075629     18.394657
   2.41914     17.083908     16.462698
   2.37949     17.355104     17.356610
   2.33983     17.596421     18.829700
   2.30017     17.646339     18.784204
   2.26051     17.415697     18.817421
   2.26051     17.415697     18.817421
   2.22085     17.733991     18.887227
   2.18119     17.666890     18.992295
   2.14154     17.457931     18.714729
   2.10188     17.254727     18.440769
   2.06222     18.146026     18.015531
   2.02256     17.909444     18.098686
   1.98290     18.068404     17.988699
   1.94325     18.052358     17.881249
   1.90359     17.837497     18.191273
   1.86393     17.517285     17.814247
   1.82427     17.546684     17.676724
   1.78461     16.541120     17.246938
   1.74496     16.366555     17.037393
   1.70530     16.314442     16.731405
   1.66564     16.356583     16.386506
   1.62598     16.346921     16.425134
   1.58632     16.506296     16.390570
   1.54667     16.497225     16.417508
   1.50701     16.645586     16.080109
   1.50701     16.662620     16.080308
   1.46735     16.077046     15.657188
   1.42769     15.522417     15.587093
   1.38803     16.061740     15.952734
   1.34838     15.740831     15.784127
   1.30872     16.008468     15.977295
   1.26906     16.124789     16.110962
   1.22940     15.927615     15.911797
   1.18974     16.299113     16.162790
   1.15008     16.104248     15.975311
   1.11043     16.552391     16.504785
   1.07077     16.199364     16.190144
   1.03111     16.669895     16.685371
   0.99145     16.380643     16.387667
   0.95179     16.507271     16.803838
   0.91214     16.345061     16.395020
   0.87248     16.062315     16.141193
   0.83282     16.065015     16.122325
   0.79316     16.295296     16.280992
   0.75350     16.000294     16.061301
   0.75350     16.273685     16.377009
   0.71385     16.062134     16.112805
   0.67419     16.572850     16.790954
   0.63453     15.985908     16.116742
   0.59487     15.953841     15.913055
   0.55521     15.749790     15.679740
   0.51556     17.182886     17.214820
   0.47590     15.466565     15.498972
   0.43624     15.492297     15.567574
   0.39658     15.844344     16.060421
   0.35692     16.170502     16.331605
   0.31726     15.519726     15.475867
   0.27761     15.786125     15.653471
   0.23795     15.737746     15.766538
   0.19829     15.931733     15.749924
   0.15863     15.890992     15.981875
   0.11897     15.937395     15.910521
   0.07932     15.923567     16.014319
   0.03966     15.736908     15.971073
   0.00000     16.607457     16.613803
 
# Band-Index   61
   0.00000     17.347514     17.346995
   0.03966     16.131829     16.767882
   0.07932     15.976798     16.193096
   0.11897     16.017765     16.116066
   0.15863     15.946137     16.059505
   0.19829     15.991786     16.116025
   0.23795     15.961669     15.775787
   0.27761     15.975614     16.013831
   0.31726     15.910707     15.951546
   0.35692     16.284565     16.510666
   0.39658     16.301945     16.143419
   0.43624     15.703595     15.597383
   0.47590     15.648608     15.712955
   0.51556     18.449978     18.317325
   0.55521     15.752494     15.711001
   0.59487     16.062586     16.087698
   0.63453     16.078151     16.137505
   0.67419     16.883560     16.896672
   0.71385     16.123945     16.150963
   0.75350     16.516150     16.557220
   0.75350     16.116121     16.079990
   0.79316     16.654226     16.660337
   0.83282     16.122870     16.143482
   0.87248     16.403031     16.414963
   0.91214     16.589587     16.680285
   0.95179     16.853241     16.876766
   0.99145     16.722399     16.815782
   1.03111     16.737632     16.904390
   1.07077     16.447773     16.422372
   1.11043     16.585817     16.503997
   1.15008     16.495351     16.413665
   1.18974     16.421641     16.370206
   1.22940     16.284917     16.244495
   1.26906     16.176022     16.222002
   1.30872     16.042964     16.063202
   1.34838     15.947942     16.014933
   1.38803     16.103556     16.058488
   1.42769     16.085696     15.997420
   1.46735     16.508772     15.965051
   1.50701     16.852406     16.595239
   1.50701     16.887788     16.596731
   1.54667     16.610600     16.505806
   1.58632     16.937632     16.858088
   1.62598     17.140727     17.102630
   1.66564     16.968256     17.100548
   1.70530     16.555874     17.223351
   1.74496     16.780312     17.113901
   1.78461     17.033687     17.528118
   1.82427     17.981527     17.999756
   1.86393     18.214419     18.120408
   1.90359     18.682306     18.345749
   1.94325     18.227937     18.474459
   1.98290     18.156676     18.319776
   2.02256     18.000579     18.156329
   2.06222     18.228820     18.064164
   2.10188     17.631541     18.614781
   2.14154     17.748472     19.037298
   2.18119     17.762859     19.429303
   2.22085     17.963035     19.212059
   2.26051     18.305236     19.272494
   2.26051     18.305236     19.272494
   2.30017     18.444366     19.428511
   2.33983     18.200603     18.905560
   2.37949     18.335438     18.598689
   2.41914     18.464533     17.033330
   2.45880     18.334657     18.625423
   2.49846     17.979755     18.548889
   2.53812     17.638881     17.613930
   2.57778     17.424853     17.268442
   2.61743     17.201356     16.917674
   2.65709     17.039938     16.968515
   2.69675     17.225037     17.390891
   2.73641     17.409175     17.505266
   2.77607     17.216243     17.351774
   2.81572     17.138819     17.195594
   2.85538     17.197824     17.293301
   2.89504     17.305292     17.495087
   2.93470     17.476706     17.579341
   2.97436     17.558791     17.560474
   3.01401     17.530980     17.435079
   3.01401     17.530980     17.435079
   3.07010     17.433620     17.395753
   3.12618     17.352834     17.334124
   3.18227     17.253161     17.272310
   3.23835     17.190541     16.654289
   3.29444     17.012303     16.558194
   3.35052     16.892851     16.847247
   3.40661     17.230012     17.785256
   3.46269     17.413165     17.095045
   3.51878     16.873487     16.868129
   3.57486     16.326219     16.331753
   3.63095     16.702954     17.612540
   3.68703     17.476343     17.683705
   3.74312     17.244102     17.196917
   3.79920     16.706689     17.042126
   3.85529     16.788055     17.096685
   3.91137     16.523254     16.683449
   3.96746     16.951348     16.884060
   4.02354     16.707229     16.421600
   4.07963     16.887788     16.596731
 
# Band-Index   62
   4.07963     17.165249     16.871191
   4.02354     16.734833     16.818668
   3.96746     17.058253     16.954230
   3.91137     16.696399     16.823098
   3.85529     16.849095     17.160813
   3.79920     16.782680     17.178533
   3.74312     17.498726     17.587773
   3.68703     17.757408     17.828257
   3.63095     17.379917     17.899639
   3.57486     17.574717     17.537968
   3.51878     17.568630     17.510281
   3.46269     17.514191     17.407702
   3.40661     17.377619     17.956051
   3.35052     17.247193     17.258620
   3.29444     17.272178     17.283518
   3.23835     17.282662     17.177692
   3.18227     17.463449     17.235480
   3.12618     17.618414     17.466570
   3.07010     17.818210     17.720504
   3.01401     17.772492     17.840017
   3.01401     17.772492     17.840017
   2.97436     17.831582     17.818244
   2.93470     17.600403     17.720301
   2.89504     17.648219     17.625143
   2.85538     17.757029     17.738648
   2.81572     17.669303     17.740137
   2.77607     17.566665     17.716043
   2.73641     17.609222     17.687984
   2.69675     17.660878     17.424455
   2.65709     17.861943     17.270825
   2.61743     17.670316     17.265219
   2.57778     17.677922     17.470445
   2.53812     17.809018     17.771430
   2.49846     18.157384     19.285657
   2.45880     18.471081     18.643095
   2.41914     18.664494     18.538021
   2.37949     18.851183     18.969338
   2.33983     18.668056     19.590125
   2.30017     18.627375     19.926261
   2.26051     18.624471     20.075459
   2.26051     18.624471     20.075459
   2.22085     18.455801     19.931188
   2.18119     18.129901     19.507380
   2.14154     17.850568     19.155751
   2.10188     18.032776     19.026011
   2.06222     19.022918     18.762510
   2.02256     18.644517     18.417640
   1.98290     18.582650     18.581154
   1.94325     19.009499     18.926900
   1.90359     18.775258     18.620165
   1.86393     18.472701     18.412062
   1.82427     18.078659     18.350838
   1.78461     17.099590     17.982004
   1.74496     16.975255     17.636994
   1.70530     16.736555     17.332731
   1.66564     17.470285     17.380597
   1.62598     17.378825     17.309547
   1.58632     17.059367     16.896565
   1.54667     16.817520     16.811053
   1.50701     17.165249     16.871191
   1.50701     16.866904     16.871082
   1.46735     16.679209     16.437719
   1.42769     16.323324     16.205020
   1.38803     16.170951     16.224282
   1.34838     16.295987     16.172047
   1.30872     16.362734     16.277179
   1.26906     16.283753     16.223994
   1.22940     16.630772     16.398110
   1.18974     16.830029     16.943565
   1.15008     16.857718     17.015297
   1.11043     17.104382     17.197994
   1.07077     16.509420     16.586841
   1.03111     16.999084     17.061024
   0.99145     16.826196     16.967694
   0.95179     17.026617     16.968460
   0.91214     16.679235     16.811451
   0.87248     16.433267     16.519918
   0.83282     16.199741     16.208799
   0.79316     16.769145     16.731423
   0.75350     16.127340     16.126621
   0.75350     16.494799     16.610746
   0.71385     16.173723     16.166569
   0.67419     17.434982     17.409238
   0.63453     16.469094     16.756880
   0.59487     16.127059     16.129850
   0.55521     16.013444     16.068596
   0.51556     18.514619     18.575895
   0.47590     16.262613     16.357883
   0.43624     15.929094     16.035627
   0.39658     16.406140     16.429719
   0.35692     16.510209     16.593954
   0.31726     16.423237     16.474587
   0.27761     16.119325     16.078416
   0.23795     16.106537     16.094628
   0.19829     16.175765     16.144857
   0.15863     16.072535     16.135070
   0.11897     16.286505     16.375226
   0.07932     16.692616     16.748418
   0.03966     17.055673     17.626845
   0.00000     17.619577     17.627884
 
# Band-Index   63
   0.00000     17.737109     17.738846
   0.03966     17.525700     17.721372
   0.07932     17.266152     17.518110
   0.11897     17.032661     17.163304
   0.15863     16.564006     16.491961
   0.19829     16.428247     16.424958
   0.23795     16.213571     16.231965
   0.27761     16.333210     16.383600
   0.31726     16.443142     16.524749
   0.35692     16.842689     16.866954
   0.39658     16.462209     16.671939
   0.43624     16.790422     16.658287
   0.47590     16.799968     17.068266
   0.51556     18.750408     18.719113
   0.55521     16.290327     16.360082
   0.59487     16.331107     16.421256
   0.63453     17.035820     17.108696
   0.67419     17.455786     17.477123
   0.71385     16.231862     16.248684
   0.75350     16.591888     17.721930
   0.75350     16.425202     16.553810
   0.79316     17.694933     17.681817
   0.83282     16.224544     16.294099
   0.87248     16.560687     16.790705
   0.91214     16.698425     16.830462
   0.95179     17.065562     17.116440
   0.99145     16.854799     16.984399
   1.03111     17.275264     17.412927
   1.07077     16.723638     16.706607
   1.11043     17.145748     17.207986
   1.15008     17.168637     17.112609
   1.18974     17.255216     17.095516
   1.22940     16.889857     17.048587
   1.26906     16.900838     16.806925
   1.30872     16.758284     16.725139
   1.34838     16.946413     16.957681
   1.38803     16.977758     17.070363
   1.42769     16.382049     16.480751
   1.46735     17.538409     16.630669
   1.50701     17.436769     17.435074
   1.50701     17.438383     17.434987
   1.54667     17.525325     17.493642
   1.58632     17.668449     17.568686
   1.62598     17.606330     17.536152
   1.66564     17.811769     17.779318
   1.70530     17.209214     18.134046
   1.74496     17.145973     18.109997
   1.78461     17.201571     18.337846
   1.82427     18.438789     18.676192
   1.86393     18.845672     18.679338
   1.90359     19.050692     19.010524
   1.94325     19.134435     19.222860
   1.98290     19.155852     18.991992
   2.02256     19.073317     19.066111
   2.06222     19.407674     19.107569
   2.10188     18.657585     19.149376
   2.14154     19.019448     19.542742
   2.18119     19.143255     19.848707
   2.22085     19.062284     20.016643
   2.26051     18.817197     20.358870
   2.26051     18.817197     20.358870
   2.30017     19.123490     20.253084
   2.33983     19.073545     20.127481
   2.37949     19.109287     18.975763
   2.41914     18.766267     18.694763
   2.45880     18.524725     19.643311
   2.49846     18.542165     19.474483
   2.53812     17.839796     17.791406
   2.57778     18.474296     18.238238
   2.61743     18.328588     18.276835
   2.65709     18.103309     17.982764
   2.69675     17.810601     17.922281
   2.73641     17.664084     17.910922
   2.77607     17.751999     17.842201
   2.81572     17.793894     17.805177
   2.85538     17.849152     17.908919
   2.89504     17.900433     17.849850
   2.93470     17.909362     17.872349
   2.97436     17.851264     17.986489
   3.01401     18.223184     18.100463
   3.01401     18.223184     18.100463
   3.07010     17.931105     17.865124
   3.12618     17.727723     17.699205
   3.18227     17.640020     17.639113
   3.23835     17.579825     17.641246
   3.29444     17.300706     17.318356
   3.35052     17.578711     17.552971
   3.40661     17.564829     18.122278
   3.46269     17.619918     17.613751
   3.51878     17.859586     17.870186
   3.57486     17.829420     17.884308
   3.63095     17.698463     18.325862
   3.68703     17.940888     17.852834
   3.74312     17.566825     17.642078
   3.79920     16.944708     17.394577
   3.85529     17.074223     17.175262
   3.91137     17.251994     17.274681
   3.96746     17.419286     17.266940
   4.02354     17.525942     17.464207
   4.07963     17.438383     17.434987
 
# Band-Index   64
   4.07963     17.878981     17.849754
   4.02354     18.024210     17.718469
   3.96746     17.714161     17.725684
   3.91137     17.365292     17.371731
   3.85529     17.151596     17.890402
   3.79920     17.398565     17.992179
   3.74312     18.234919     18.035159
   3.68703     18.443274     18.254655
   3.63095     17.798495     18.518620
   3.57486     17.920865     17.928074
   3.51878     17.864603     17.878863
   3.46269     17.808843     17.818172
   3.40661     17.819036     18.531886
   3.35052     17.664896     17.658868
   3.29444     17.863231     17.788009
   3.23835     17.743317     17.724024
   3.18227     17.866582     17.904229
   3.12618     18.211379     18.065037
   3.07010     18.620300     18.209854
   3.01401     18.828771     18.261626
   3.01401     18.828771     18.261626
   2.97436     19.060023     18.100979
   2.93470     18.471852     18.200557
   2.89504     18.103395     18.059553
   2.85538     17.886692     17.916230
   2.81572     18.013059     18.083417
   2.77607     18.251084     18.357369
   2.73641     18.309364     18.393902
   2.69675     18.081897     18.038458
   2.65709     18.191914     18.208864
   2.61743     18.545979     18.315167
   2.57778     18.622665     18.368006
   2.53812     18.527210     18.422340
   2.49846     18.952842     20.097117
   2.45880     19.362858     20.188782
   2.41914     19.333709     18.697625
   2.37949     19.247577     19.419382
   2.33983     19.444096     20.523813
   2.30017     19.511024     20.626953
   2.26051     19.457760     20.779461
   2.26051     19.457760     20.779461
   2.22085     19.357412     20.574765
   2.18119     19.205608     20.498359
   2.14154     19.083129     20.295172
   2.10188     18.897379     20.080856
   2.06222     19.803161     19.882095
   2.02256     19.599989     19.711833
   1.98290     19.366647     19.544159
   1.94325     19.438258     19.421223
   1.90359     19.140920     19.105964
   1.86393     18.897935     18.865574
   1.82427     18.776935     19.013863
   1.78461     17.532464     18.747033
   1.74496     17.200607     18.469974
   1.70530     17.337909     18.228112
   1.66564     18.073933     18.031456
   1.62598     17.912150     17.876821
   1.58632     17.746759     17.660012
   1.54667     17.645387     17.543300
   1.50701     17.878981     17.849754
   1.50701     17.915274     17.850514
   1.46735     18.038102     16.838460
   1.42769     16.926583     16.984684
   1.38803     17.145732     17.332695
   1.34838     16.958229     17.017908
   1.30872     16.924325     17.188073
   1.26906     17.044796     17.195166
   1.22940     17.099148     17.074940
   1.18974     17.320949     17.303765
   1.15008     17.220838     17.167027
   1.11043     17.232625     17.326917
   1.07077     17.111993     17.131681
   1.03111     17.593097     17.607408
   0.99145     17.003059     17.015858
   0.95179     17.505169     17.590659
   0.91214     16.927862     16.893201
   0.87248     16.858011     16.837189
   0.83282     16.494620     16.751152
   0.79316     18.064203     18.094067
   0.75350     16.519888     16.591618
   0.75350     17.734205     18.356151
   0.71385     16.434072     16.722555
   0.67419     17.462543     17.480674
   0.63453     17.187534     17.361564
   0.59487     16.471796     16.720139
   0.55521     16.733959     16.793667
   0.51556     18.897405     19.043639
   0.47590     17.634485     17.667065
   0.43624     17.309873     17.130412
   0.39658     17.120485     17.545491
   0.35692     16.864183     16.881766
   0.31726     17.305548     17.055423
   0.27761     16.571716     17.181097
   0.23795     16.223094     16.255372
   0.19829     17.095005     17.105740
   0.15863     17.103125     17.119756
   0.11897     17.631316     17.392453
   0.07932     17.959066     17.575235
   0.03966     17.698023     17.987310
   0.00000     18.255396     18.252207
