#K-Path(1/A)         Spin-Up(eV)   Spin-down(eV)
# NKPTS & NBANDS: 100  64
# Band-Index    1
   0.00000    -12.021855    -12.021826
   0.04155    -12.024409    -12.024868
   0.08311    -12.031978    -12.033880
   0.12466    -12.044299    -12.048538
   0.16622    -12.060946    -12.068320
   0.20777    -12.081360    -12.092542
   0.24932    -12.104874    -12.120396
   0.29088    -12.130747    -12.150987
   0.33243    -12.158192    -12.183375
   0.37399    -12.186407    -12.216608
   0.41554    -12.214605    -12.249757
   0.45709    -12.242030    -12.281940
   0.49865    -12.267977    -12.312338
   0.54020    -12.291806    -12.340213
   0.58176    -12.312951    -12.364914
   0.62331    -12.330924    -12.385887
   0.66486    -12.345323    -12.402675
   0.70642    -12.355834    -12.414920
   0.74797    -12.362231    -12.422370
   0.78953    -12.364378    -12.424870
   0.78953    -12.364378    -12.424870
   0.83108    -12.367607    -12.427597
   0.87263    -12.377173    -12.435682
   0.91419    -12.392728    -12.448844
   0.95574    -12.413717    -12.466629
   0.99730    -12.439407    -12.488440
   1.03885    -12.468938    -12.513565
   1.08040    -12.501354    -12.541210
   1.12196    -12.535658    -12.570536
   1.16351    -12.570839    -12.600688
   1.20507    -12.605916    -12.630824
   1.24662    -12.639956    -12.660136
   1.28817    -12.672095    -12.687871
   1.32973    -12.701556    -12.713344
   1.37128    -12.727655    -12.735949
   1.41284    -12.749809    -12.755165
   1.45439    -12.767537    -12.770561
   1.49594    -12.780468    -12.781800
   1.53750    -12.788333    -12.788639
   1.57905    -12.790973    -12.790936
   1.57905    -12.790973    -12.790936
   1.62061    -12.788676    -12.788296
   1.66216    -12.781836    -12.780432
   1.70371    -12.770597    -12.767500
   1.74527    -12.755201    -12.749772
   1.78682    -12.735985    -12.727618
   1.82838    -12.713379    -12.701520
   1.86993    -12.687905    -12.672059
   1.91149    -12.660170    -12.639919
   1.95304    -12.630857    -12.605880
   1.99459    -12.600721    -12.570803
   2.03615    -12.570568    -12.535622
   2.07770    -12.541241    -12.501319
   2.11926    -12.513596    -12.468902
   2.16081    -12.488470    -12.439372
   2.20236    -12.466659    -12.413681
   2.24392    -12.448873    -12.392693
   2.28547    -12.435711    -12.377137
   2.32703    -12.427625    -12.367571
   2.36858    -12.424899    -12.364343
   2.36858    -12.424899    -12.364343
   2.41013    -12.422398    -12.362196
   2.45169    -12.414949    -12.355799
   2.49324    -12.402703    -12.345288
   2.53480    -12.385916    -12.330889
   2.57635    -12.364943    -12.312917
   2.61790    -12.340241    -12.291772
   2.65946    -12.312367    -12.267944
   2.70101    -12.281969    -12.241997
   2.74257    -12.249786    -12.214572
   2.78412    -12.216637    -12.186376
   2.82567    -12.183404    -12.158161
   2.86723    -12.151016    -12.130716
   2.90878    -12.120425    -12.104844
   2.95034    -12.092570    -12.081330
   2.99189    -12.068348    -12.060916
   3.03344    -12.048566    -12.044270
   3.07500    -12.033909    -12.031949
   3.11655    -12.024896    -12.024380
   3.15811    -12.021855    -12.021826
   3.15811    -12.021855    -12.021826
   3.21687    -12.027451    -12.027422
   3.27564    -12.044051    -12.044022
   3.33440    -12.071112    -12.071083
   3.39317    -12.107757    -12.107727
   3.45194    -12.152817    -12.152787
   3.51070    -12.204887    -12.204856
   3.56947    -12.262381    -12.262350
   3.62824    -12.323599    -12.323567
   3.68700    -12.386781    -12.386749
   3.74577    -12.450172    -12.450139
   3.80453    -12.512060    -12.512026
   3.86330    -12.570826    -12.570792
   3.92207    -12.624978    -12.624943
   3.98083    -12.673174    -12.673139
   4.03960    -12.714250    -12.714214
   4.09837    -12.747229    -12.747193
   4.15713    -12.771344    -12.771307
   4.21590    -12.786037    -12.786000
   4.27466    -12.790973    -12.790936
 
# Band-Index    2
   4.27466    -11.994066    -11.994035
   4.21590    -11.992569    -11.992537
   4.15713    -11.988126    -11.988094
   4.09837    -11.980889    -11.980858
   4.03960    -11.971101    -11.971070
   3.98083    -11.959090    -11.959059
   3.92207    -11.945251    -11.945221
   3.86330    -11.930034    -11.930004
   3.80453    -11.913918    -11.913889
   3.74577    -11.897396    -11.897367
   3.68700    -11.880956    -11.880928
   3.62824    -11.865056    -11.865029
   3.56947    -11.850116    -11.850089
   3.51070    -11.836499    -11.836473
   3.45194    -11.824515    -11.824489
   3.39317    -11.814411    -11.814386
   3.33440    -11.806376    -11.806351
   3.27564    -11.800547    -11.800522
   3.21687    -11.797015    -11.796990
   3.15811    -11.795833    -11.795808
   3.15811    -11.795833    -11.795808
   3.11655    -11.796363    -11.796458
   3.07500    -11.797939    -11.798391
   3.03344    -11.800517    -11.801551
   2.99189    -11.804022    -11.805845
   2.95034    -11.808356    -11.811150
   2.90878    -11.813397    -11.817313
   2.86723    -11.819003    -11.824158
   2.82567    -11.825018    -11.831494
   2.78412    -11.831276    -11.839115
   2.74257    -11.837604    -11.846811
   2.70101    -11.843830    -11.854373
   2.65946    -11.849787    -11.861598
   2.61790    -11.855312    -11.868291
   2.57635    -11.860260    -11.874278
   2.53480    -11.864499    -11.879402
   2.49324    -11.867917    -11.883530
   2.45169    -11.870423    -11.886557
   2.41013    -11.871954    -11.888404
   2.36858    -11.872469    -11.889025
   2.36858    -11.872469    -11.889025
   2.32703    -11.873328    -11.889761
   2.28547    -11.875876    -11.891946
   2.24392    -11.880039    -11.895516
   2.20236    -11.885691    -11.900368
   2.16081    -11.892665    -11.906357
   2.11926    -11.900756    -11.913314
   2.07770    -11.909729    -11.921037
   2.03615    -11.919329    -11.929309
   1.99459    -11.929285    -11.937898
   1.95304    -11.939321    -11.946567
   1.91149    -11.949166    -11.955080
   1.86993    -11.958555    -11.963209
   1.82838    -11.967242    -11.970738
   1.78682    -11.975000    -11.977469
   1.74527    -11.981632    -11.983226
   1.70371    -11.986970    -11.987865
   1.66216    -11.990879    -11.991263
   1.62061    -11.993265    -11.993337
   1.57905    -11.994066    -11.994035
   1.57905    -11.994066    -11.994035
   1.53750    -11.993369    -11.993233
   1.49594    -11.991295    -11.990848
   1.45439    -11.987896    -11.986938
   1.41284    -11.983258    -11.981601
   1.37128    -11.977500    -11.974969
   1.32973    -11.970769    -11.967211
   1.28817    -11.963240    -11.958525
   1.24662    -11.955111    -11.949136
   1.20507    -11.946597    -11.939292
   1.16351    -11.937928    -11.929256
   1.12196    -11.929338    -11.919300
   1.08040    -11.921066    -11.909700
   1.03885    -11.913343    -11.900728
   0.99730    -11.906386    -11.892637
   0.95574    -11.900397    -11.885664
   0.91419    -11.895545    -11.880012
   0.87263    -11.891975    -11.875849
   0.83108    -11.889790    -11.873300
   0.78953    -11.889054    -11.872442
   0.78953    -11.889054    -11.872442
   0.74797    -11.888433    -11.871927
   0.70642    -11.886585    -11.870396
   0.66486    -11.883559    -11.867890
   0.62331    -11.879431    -11.864472
   0.58176    -11.874306    -11.860233
   0.54020    -11.868319    -11.855285
   0.49865    -11.861625    -11.849760
   0.45709    -11.854400    -11.843804
   0.41554    -11.846838    -11.837578
   0.37399    -11.839142    -11.831250
   0.33243    -11.831520    -11.824992
   0.29088    -11.824185    -11.818977
   0.24932    -11.817339    -11.813372
   0.20777    -11.811176    -11.808331
   0.16622    -11.805871    -11.803997
   0.12466    -11.801576    -11.800491
   0.08311    -11.798417    -11.797914
   0.04155    -11.796483    -11.796338
   0.00000    -11.795833    -11.795808
 
# Band-Index    3
   0.00000     -3.969063     -3.968991
   0.04155     -3.971406     -3.957549
   0.08311     -3.978523     -3.942328
   0.12466     -3.990283     -3.943155
   0.16622     -4.006365     -3.944718
   0.20777     -4.026341     -3.946867
   0.24932     -4.049682     -3.949629
   0.29088     -4.075766     -3.953024
   0.33243     -4.103887     -3.957045
   0.37399     -4.133276     -3.961649
   0.41554     -4.163122     -3.966744
   0.45709     -4.192597     -3.972190
   0.49865     -4.220882     -3.977802
   0.54020     -4.247191     -3.983362
   0.58176     -4.270798     -3.988629
   0.62331     -4.291054     -3.993357
   0.66486     -4.307405     -3.997314
   0.70642     -4.319409     -4.000299
   0.74797     -4.326743     -4.002155
   0.78953     -4.329209     -4.002785
   0.78953     -4.329209     -4.002785
   0.83108     -4.317380     -3.994875
   0.87263     -4.282195     -3.973353
   0.91419     -4.224640     -3.947095
   0.95574     -4.146693     -3.934194
   0.99730     -4.052350     -3.945486
   1.03885     -3.951432     -3.974031
   1.08040     -3.872995     -4.011964
   1.12196     -3.866815     -4.054937
   1.16351     -3.920376     -4.100311
   1.20507     -3.992788     -4.146172
   1.24662     -4.067381     -4.190973
   1.28817     -4.138145     -4.233407
   1.32973     -4.202319     -4.272357
   1.37128     -4.258342     -4.306873
   1.41284     -4.305217     -4.336168
   1.45439     -4.342270     -4.359603
   1.49594     -4.369036     -4.376688
   1.53750     -4.385211     -4.387078
   1.57905     -4.390622     -4.390564
   1.57905     -4.390622     -4.390564
   1.62061     -4.387135     -4.385154
   1.66216     -4.376745     -4.368978
   1.70371     -4.359659     -4.342212
   1.74527     -4.336224     -4.305159
   1.78682     -4.306930     -4.258283
   1.82838     -4.272413     -4.202260
   1.86993     -4.233463     -4.138086
   1.91149     -4.191029     -4.067319
   1.95304     -4.146227     -3.992725
   1.99459     -4.100366     -3.920308
   2.03615     -4.054992     -3.866736
   2.07770     -4.012020     -3.872898
   2.11926     -3.974088     -3.951326
   2.16081     -3.945546     -4.052242
   2.20236     -3.934261     -4.146585
   2.24392     -3.947170     -4.224533
   2.28547     -3.973432     -4.282088
   2.32703     -3.994955     -4.317273
   2.36858     -4.002866     -4.329103
   2.36858     -4.002866     -4.329103
   2.41013     -4.002236     -4.326637
   2.45169     -4.000378     -4.319304
   2.49324     -3.997392     -4.307300
   2.53480     -3.993433     -4.290950
   2.57635     -3.988703     -4.270696
   2.61790     -3.983434     -4.247092
   2.65946     -3.977873     -4.220785
   2.70101     -3.972257     -4.192503
   2.74257     -3.966809     -4.163030
   2.78412     -3.961711     -4.133187
   2.82567     -3.957105     -4.103801
   2.86723     -3.953080     -4.075683
   2.90878     -3.949683     -4.049602
   2.95034     -3.946919     -4.026263
   2.99189     -3.944768     -4.006289
   3.03344     -3.943204     -3.990209
   3.07500     -3.942376     -3.978449
   3.11655     -3.957621     -3.971334
   3.15811     -3.969063     -3.968991
   3.15811     -3.969063     -3.968991
   3.21687     -3.960540     -3.960467
   3.27564     -3.936973     -3.936902
   3.33440     -3.901341     -3.901271
   3.39317     -3.854866     -3.854795
   3.45194     -3.799282     -3.799209
   3.51070     -3.739380     -3.739306
   3.56947     -3.687080     -3.687004
   3.62824     -3.667508     -3.667435
   3.68700     -3.705169     -3.705101
   3.74577     -3.788099     -3.788036
   3.80453     -3.889242     -3.889182
   3.86330     -3.992510     -3.992451
   3.92207     -4.090010     -4.089951
   3.98083     -4.177396     -4.177338
   4.03960     -4.251908     -4.251851
   4.09837     -4.311635     -4.311577
   4.15713     -4.355215     -4.355158
   4.21590     -4.381725     -4.381668
   4.27466     -4.390622     -4.390564
 
# Band-Index    4
   4.27466     -2.625237     -2.625154
   4.21590     -2.624405     -2.624321
   4.15713     -2.623522     -2.623436
   4.09837     -2.627754     -2.627664
   4.03960     -2.646261     -2.646168
   3.98083     -2.690298     -2.690203
   3.92207     -2.765943     -2.765848
   3.86330     -2.867184     -2.867091
   3.80453     -2.979213     -2.979126
   3.74577     -3.084674     -3.084592
   3.68700     -3.164198     -3.164121
   3.62824     -3.266436     -3.266376
   3.56947     -3.413663     -3.413608
   3.51070     -3.548701     -3.548647
   3.45194     -3.666973     -3.666919
   3.39317     -3.766127     -3.766074
   3.33440     -3.844185     -3.844133
   3.27564     -3.899358     -3.899309
   3.21687     -3.930931     -3.930884
   3.15811     -3.940889     -3.940842
   3.15811     -3.940889     -3.940842
   3.11655     -3.940909     -3.931458
   3.07500     -3.922126     -3.903389
   3.03344     -3.865393     -3.857284
   2.99189     -3.787336     -3.794352
   2.95034     -3.690180     -3.716322
   2.90878     -3.577519     -3.625540
   2.86723     -3.457502     -3.525154
   2.82567     -3.356460     -3.419533
   2.78412     -3.335385     -3.315090
   2.74257     -3.385296     -3.221663
   2.70101     -3.453417     -3.152543
   2.65946     -3.521516     -3.116812
   2.61790     -3.584111     -3.109129
   2.57635     -3.638959     -3.116718
   2.53480     -3.684885     -3.129960
   2.49324     -3.721178     -3.143531
   2.45169     -3.747385     -3.154628
   2.41013     -3.763217     -3.161770
   2.36858     -3.768512     -3.164225
   2.36858     -3.768512     -3.164225
   2.32703     -3.770150     -3.177844
   2.28547     -3.772900     -3.216817
   2.24392     -3.768033     -3.276169
   2.20236     -3.737754     -3.349117
   2.16081     -3.671745     -3.427339
   2.11926     -3.577816     -3.497783
   2.07770     -3.465209     -3.529378
   2.03615     -3.340377     -3.471519
   1.99459     -3.209062     -3.337105
   1.95304     -3.077592     -3.168895
   1.91149     -2.953388     -2.988211
   1.86993     -2.844588     -2.813122
   1.82838     -2.758245     -2.677990
   1.78682     -2.697460     -2.617923
   1.74527     -2.659897     -2.606738
   1.70371     -2.639563     -2.610987
   1.66216     -2.629984     -2.617965
   1.62061     -2.626186     -2.623244
   1.57905     -2.625237     -2.625154
   1.57905     -2.625237     -2.625154
   1.53750     -2.623328     -2.626102
   1.49594     -2.618051     -2.629900
   1.45439     -2.611076     -2.639479
   1.41284     -2.606835     -2.659813
   1.37128     -2.618035     -2.697376
   1.32973     -2.678117     -2.758162
   1.28817     -2.813247     -2.844507
   1.24662     -2.988327     -2.953309
   1.20507     -3.169003     -3.077515
   1.16351     -3.337206     -3.208986
   1.12196     -3.471607     -3.340303
   1.08040     -3.529446     -3.465136
   1.03885     -3.497842     -3.577744
   0.99730     -3.427395     -3.671676
   0.95574     -3.349174     -3.737692
   0.91419     -3.276226     -3.767979
   0.87263     -3.216875     -3.772849
   0.83108     -3.177902     -3.770101
   0.78953     -3.164282     -3.768463
   0.78953     -3.164282     -3.768463
   0.74797     -3.161828     -3.763169
   0.70642     -3.154686     -3.747337
   0.66486     -3.143588     -3.721130
   0.62331     -3.130017     -3.684836
   0.58176     -3.116773     -3.638910
   0.54020     -3.109183     -3.584062
   0.49865     -3.116863     -3.521466
   0.45709     -3.152589     -3.453366
   0.41554     -3.221706     -3.385244
   0.37399     -3.315132     -3.335329
   0.33243     -3.419574     -3.356395
   0.29088     -3.525196     -3.457433
   0.24932     -3.625583     -3.577449
   0.20777     -3.716366     -3.690109
   0.16622     -3.794397     -3.787265
   0.12466     -3.857330     -3.865321
   0.08311     -3.903436     -3.922054
   0.04155     -3.931505     -3.940862
   0.00000     -3.940889     -3.940842
 
# Band-Index    5
   0.00000     -2.475175     -2.475123
   0.04155     -2.479906     -2.494337
   0.08311     -2.493811     -2.547411
   0.12466     -2.516049     -2.624350
   0.16622     -2.545298     -2.715257
   0.20777     -2.579828     -2.812197
   0.24932     -2.617527     -2.908176
   0.29088     -2.655814     -2.993402
   0.33243     -2.691300     -3.041135
   0.37399     -2.719002     -2.990882
   0.41554     -2.730977     -2.852864
   0.45709     -2.775122     -2.738874
   0.49865     -2.817469     -2.787617
   0.54020     -2.855433     -2.831052
   0.58176     -2.888435     -2.868624
   0.62331     -2.916016     -2.899900
   0.66486     -2.937819     -2.924546
   0.70642     -2.953575     -2.942319
   0.74797     -2.963101     -2.953048
   0.78953     -2.966289     -2.956635
   0.78953     -2.966289     -2.956635
   0.83108     -2.964423     -2.951799
   0.87263     -2.958771     -2.937372
   0.91419     -2.949179     -2.913593
   0.95574     -2.935442     -2.880859
   0.99730     -2.917360     -2.839721
   1.03885     -2.894797     -2.790880
   1.08040     -2.867739     -2.735190
   1.12196     -2.836341     -2.673653
   1.16351     -2.800956     -2.607430
   1.20507     -2.762169     -2.537850
   1.24662     -2.720813     -2.466435
   1.28817     -2.677994     -2.400397
   1.32973     -2.635095     -2.419108
   1.37128     -2.593768     -2.436079
   1.41284     -2.555897     -2.450505
   1.45439     -2.523501     -2.462060
   1.49594     -2.498565     -2.470494
   1.53750     -2.482811     -2.475626
   1.57905     -2.477419     -2.477348
   1.57905     -2.477419     -2.477348
   1.62061     -2.475696     -2.482740
   1.66216     -2.470564     -2.498494
   1.70371     -2.462130     -2.523429
   1.74527     -2.450575     -2.555824
   1.78682     -2.436148     -2.593694
   1.82838     -2.419176     -2.635019
   1.86993     -2.400463     -2.677917
   1.91149     -2.466493     -2.720734
   1.95304     -2.537911     -2.762086
   1.99459     -2.607494     -2.800871
   2.03615     -2.673721     -2.836253
   2.07770     -2.735261     -2.867648
   2.11926     -2.790955     -2.894703
   2.16081     -2.839798     -2.917263
   2.20236     -2.880939     -2.935343
   2.24392     -2.913675     -2.949077
   2.28547     -2.937455     -2.958667
   2.32703     -2.951883     -2.964318
   2.36858     -2.956719     -2.966184
   2.36858     -2.956719     -2.966184
   2.41013     -2.953132     -2.962996
   2.45169     -2.942402     -2.953470
   2.49324     -2.924629     -2.937714
   2.53480     -2.899982     -2.915912
   2.57635     -2.868705     -2.888331
   2.61790     -2.831131     -2.855330
   2.65946     -2.787695     -2.817368
   2.70101     -2.738949     -2.775022
   2.74257     -2.852928     -2.730931
   2.78412     -2.990943     -2.718953
   2.82567     -3.041189     -2.691249
   2.86723     -2.993453     -2.655763
   2.90878     -2.908227     -2.617476
   2.95034     -2.812248     -2.579776
   2.99189     -2.715307     -2.545247
   3.03344     -2.624400     -2.515998
   3.07500     -2.547462     -2.493760
   3.11655     -2.494388     -2.479854
   3.15811     -2.475175     -2.475123
   3.15811     -2.475175     -2.475123
   3.21687     -2.499071     -2.499020
   3.27564     -2.565130     -2.565078
   3.33440     -2.661230     -2.661179
   3.39317     -2.775410     -2.775359
   3.45194     -2.897425     -2.897375
   3.51070     -3.016627     -3.016576
   3.56947     -3.116952     -3.116900
   3.62824     -3.168577     -3.168524
   3.68700     -3.091313     -3.091268
   3.74577     -2.922748     -2.922700
   3.80453     -2.744367     -2.744317
   3.86330     -2.640898     -2.640826
   3.92207     -2.607667     -2.607595
   3.98083     -2.572408     -2.572337
   4.03960     -2.539438     -2.539367
   4.09837     -2.512231     -2.512160
   4.15713     -2.492682     -2.492611
   4.21590     -2.481183     -2.481112
   4.27466     -2.477419     -2.477348
 
# Band-Index    6
   4.27466     -2.080091     -2.080051
   4.21590     -2.085481     -2.085441
   4.15713     -2.100062     -2.100021
   4.09837     -2.119849     -2.119807
   4.03960     -2.140336     -2.140293
   3.98083     -2.193933     -2.193877
   3.92207     -2.377918     -2.377865
   3.86330     -2.561857     -2.561806
   3.80453     -2.667878     -2.667806
   3.74577     -2.685071     -2.684998
   3.68700     -2.689876     -2.689803
   3.62824     -2.680692     -2.680619
   3.56947     -2.656954     -2.656881
   3.51070     -2.619217     -2.619143
   3.45194     -2.569363     -2.569289
   3.39317     -2.511036     -2.510962
   3.33440     -2.450459     -2.450384
   3.27564     -2.397379     -2.397302
   3.21687     -2.363014     -2.362935
   3.15811     -2.351900     -2.351821
   3.15811     -2.351900     -2.351821
   3.11655     -2.356318     -2.357713
   3.07500     -2.368215     -2.374986
   3.03344     -2.384337     -2.402497
   2.99189     -2.401084     -2.438576
   2.95034     -2.415555     -2.481273
   2.90878     -2.447410     -2.528585
   2.86723     -2.507836     -2.578611
   2.82567     -2.568801     -2.629643
   2.78412     -2.628512     -2.680196
   2.74257     -2.685595     -2.729007
   2.70101     -2.681789     -2.716220
   2.65946     -2.498222     -2.668425
   2.61790     -2.329808     -2.595813
   2.57635     -2.299621     -2.514154
   2.53480     -2.269797     -2.435931
   2.49324     -2.242698     -2.369020
   2.45169     -2.220841     -2.318306
   2.41013     -2.206572     -2.286786
   2.36858     -2.201605     -2.276105
   2.36858     -2.201605     -2.276105
   2.32703     -2.203669     -2.273910
   2.28547     -2.209788     -2.267323
   2.24392     -2.219744     -2.256342
   2.20236     -2.233193     -2.240961
   2.16081     -2.249678     -2.221172
   2.11926     -2.268654     -2.234199
   2.07770     -2.289521     -2.259752
   2.03615     -2.311640     -2.288617
   1.99459     -2.334366     -2.318622
   1.95304     -2.357059     -2.346791
   1.91149     -2.379107     -2.368068
   1.86993     -2.394446     -2.370678
   1.82838     -2.325170     -2.324002
   1.78682     -2.259530     -2.196178
   1.74527     -2.200406     -2.038221
   1.70371     -2.150445     -2.056317
   1.66216     -2.112292     -2.069438
   1.62061     -2.088291     -2.077388
   1.57905     -2.080091     -2.080051
   1.57905     -2.080091     -2.080051
   1.53750     -2.077428     -2.088250
   1.49594     -2.069478     -2.112250
   1.45439     -2.056356     -2.150402
   1.41284     -2.038258     -2.200361
   1.37128     -2.196222     -2.259483
   1.32973     -2.324029     -2.325120
   1.28817     -2.370705     -2.394391
   1.24662     -2.368102     -2.379041
   1.20507     -2.346830     -2.356994
   1.16351     -2.318662     -2.334301
   1.12196     -2.288658     -2.311577
   1.08040     -2.259793     -2.289459
   1.03885     -2.234239     -2.268593
   0.99730     -2.221193     -2.249618
   0.95574     -2.240981     -2.233134
   0.91419     -2.256362     -2.219686
   0.87263     -2.267343     -2.209730
   0.83108     -2.273930     -2.203611
   0.78953     -2.276125     -2.201548
   0.78953     -2.276125     -2.201548
   0.74797     -2.286806     -2.206515
   0.70642     -2.318326     -2.220783
   0.66486     -2.369042     -2.242640
   0.62331     -2.435955     -2.269739
   0.58176     -2.514180     -2.299563
   0.54020     -2.595842     -2.329750
   0.49865     -2.668459     -2.498160
   0.45709     -2.716260     -2.681725
   0.41554     -2.729106     -2.685523
   0.37399     -2.680293     -2.628444
   0.33243     -2.629739     -2.568736
   0.29088     -2.578704     -2.507776
   0.24932     -2.528675     -2.447354
   0.20777     -2.481361     -2.415486
   0.16622     -2.438661     -2.401013
   0.12466     -2.402580     -2.384263
   0.08311     -2.375067     -2.368138
   0.04155     -2.357793     -2.356240
   0.00000     -2.351900     -2.351821
 
# Band-Index    7
   0.00000     -2.224614     -2.224583
   0.04155     -2.223915     -2.232277
   0.08311     -2.221565     -2.254697
   0.12466     -2.216888     -2.290021
   0.16622     -2.209001     -2.335695
   0.20777     -2.197021     -2.388849
   0.24932     -2.180221     -2.425034
   0.29088     -2.158090     -2.429414
   0.33243     -2.130357     -2.427322
   0.37399     -2.096977     -2.418718
   0.41554     -2.058106     -2.403871
   0.45709     -2.014089     -2.383396
   0.49865     -2.013035     -2.358252
   0.54020     -2.056869     -2.310696
   0.58176     -2.095368     -2.125177
   0.62331     -2.127701     -1.946845
   0.66486     -2.153305     -1.780765
   0.70642     -2.171813     -1.631738
   0.74797     -2.182998     -1.504243
   0.78953     -2.186739     -1.418075
   0.78953     -2.186739     -1.418075
   0.83108     -2.186587     -1.420896
   0.87263     -2.187115     -1.429452
   0.91419     -2.190565     -1.444005
   0.95574     -2.199051     -1.464916
   0.99730     -2.213642     -1.492458
   1.03885     -2.196973     -1.526431
   1.08040     -2.168328     -1.565644
   1.12196     -2.135244     -1.607446
   1.16351     -2.097725     -1.647535
   1.20507     -2.055787     -1.680111
   1.24662     -2.009476     -1.698370
   1.28817     -1.958879     -1.695508
   1.32973     -1.988348     -1.666862
   1.37128     -2.015466     -1.612867
   1.41284     -2.016872     -1.568910
   1.45439     -1.823406     -1.574796
   1.49594     -1.659308     -1.579025
   1.53750     -1.605670     -1.581562
   1.57905     -1.582452     -1.582408
   1.57905     -1.582452     -1.582408
   1.62061     -1.581607     -1.605629
   1.66216     -1.579070     -1.659270
   1.70371     -1.574841     -1.823337
   1.74527     -1.568957     -2.016812
   1.78682     -1.612872     -2.015430
   1.82838     -1.666867     -1.988315
   1.86993     -1.695513     -1.958853
   1.91149     -1.698373     -2.009451
   1.95304     -1.680113     -2.055764
   1.99459     -1.647534     -2.097702
   2.03615     -1.607443     -2.135222
   2.07770     -1.565637     -2.168306
   2.11926     -1.526421     -2.196952
   2.16081     -1.492447     -2.213603
   2.20236     -1.464905     -2.199014
   2.24392     -1.443993     -2.190528
   2.28547     -1.429441     -2.187080
   2.32703     -1.420885     -2.186552
   2.36858     -1.418064     -2.186704
   2.36858     -1.418064     -2.186704
   2.41013     -1.504274     -2.182964
   2.45169     -1.631779     -2.171779
   2.49324     -1.780813     -2.153271
   2.53480     -1.946898     -2.127667
   2.57635     -2.125234     -2.095335
   2.61790     -2.310756     -2.056836
   2.65946     -2.358311     -2.013003
   2.70101     -2.383455     -2.014073
   2.74257     -2.403931     -2.058088
   2.78412     -2.418780     -2.096957
   2.82567     -2.427385     -2.130336
   2.86723     -2.429479     -2.158067
   2.90878     -2.425101     -2.180196
   2.95034     -2.388899     -2.196995
   2.99189     -2.335740     -2.208973
   3.03344     -2.290061     -2.216859
   3.07500     -2.254733     -2.221534
   3.11655     -2.232310     -2.223884
   3.15811     -2.224614     -2.224583
   3.15811     -2.224614     -2.224583
   3.21687     -2.230280     -2.230247
   3.27564     -2.239555     -2.239519
   3.33440     -2.243599     -2.243560
   3.39317     -2.242147     -2.242104
   3.45194     -2.237309     -2.237264
   3.51070     -2.230654     -2.230608
   3.56947     -2.223183     -2.223136
   3.62824     -2.215519     -2.215472
   3.68700     -2.207968     -2.207920
   3.74577     -2.200495     -2.200448
   3.80453     -2.192696     -2.192649
   3.86330     -2.183785     -2.183738
   3.92207     -2.172684     -2.172639
   3.98083     -2.158334     -2.158290
   4.03960     -2.010640     -2.010582
   4.09837     -1.831638     -1.831582
   4.15713     -1.683107     -1.683067
   4.21590     -1.607231     -1.607190
   4.27466     -1.582452     -1.582408
 
# Band-Index    8
   4.27466     -1.352544     -1.352453
   4.21590     -1.456388     -1.456308
   4.15713     -1.609027     -1.608959
   4.09837     -1.720314     -1.720271
   4.03960     -1.805795     -1.805762
   3.98083     -1.868722     -1.868692
   3.92207     -1.897000     -1.896970
   3.86330     -1.888953     -1.888921
   3.80453     -1.852691     -1.852657
   3.74577     -1.798516     -1.798482
   3.68700     -1.735409     -1.735376
   3.62824     -1.671162     -1.671132
   3.56947     -1.613394     -1.613367
   3.51070     -1.570073     -1.570051
   3.45194     -1.548380     -1.548361
   3.39317     -1.551395     -1.551377
   3.33440     -1.575180     -1.575160
   3.27564     -1.613020     -1.612979
   3.21687     -1.657885     -1.657847
   3.15811     -1.674773     -1.674736
   3.15811     -1.674773     -1.674736
   3.11655     -1.662934     -1.669190
   3.07500     -1.629081     -1.658589
   3.03344     -1.577388     -1.668290
   2.99189     -1.512997     -1.683379
   2.95034     -1.441028     -1.705066
   2.90878     -1.381796     -1.734324
   2.86723     -1.334747     -1.771345
   2.82567     -1.293642     -1.815168
   2.78412     -1.258517     -1.863767
   2.74257     -1.229356     -1.914568
   2.70101     -1.206421     -1.965030
   2.65946     -1.208016     -1.965426
   2.61790     -1.237050     -1.912826
   2.57635     -1.261243     -1.857115
   2.53480     -1.280535     -1.799324
   2.49324     -1.295173     -1.740752
   2.45169     -1.305462     -1.683267
   2.41013     -1.314808     -1.630940
   2.36858     -1.374278     -1.602374
   2.36858     -1.374278     -1.602374
   2.32703     -1.377931     -1.606502
   2.28547     -1.387561     -1.618665
   2.24392     -1.400920     -1.638238
   2.20236     -1.416427     -1.664264
   2.16081     -1.433090     -1.695561
   2.11926     -1.450234     -1.730832
   2.07770     -1.467358     -1.768757
   2.03615     -1.484067     -1.808064
   1.99459     -1.500041     -1.847574
   1.95304     -1.515014     -1.886225
   1.91149     -1.528771     -1.923084
   1.86993     -1.541144     -1.957342
   1.82838     -1.552005     -1.904132
   1.78682     -1.561253     -1.845599
   1.74527     -1.540296     -1.783856
   1.70371     -1.460669     -1.720121
   1.66216     -1.386094     -1.631537
   1.62061     -1.351948     -1.458275
   1.57905     -1.352544     -1.352453
   1.57905     -1.352544     -1.352453
   1.53750     -1.458355     -1.351859
   1.49594     -1.631611     -1.386086
   1.45439     -1.720154     -1.460663
   1.41284     -1.783887     -1.540291
   1.37128     -1.845628     -1.561205
   1.32973     -1.904159     -1.551955
   1.28817     -1.957373     -1.541093
   1.24662     -1.923112     -1.528719
   1.20507     -1.886251     -1.514959
   1.16351     -1.847596     -1.499985
   1.12196     -1.808082     -1.484009
   1.08040     -1.768771     -1.467298
   1.03885     -1.730842     -1.450172
   0.99730     -1.695566     -1.433024
   0.95574     -1.664265     -1.416358
   0.91419     -1.638236     -1.400848
   0.87263     -1.618661     -1.387485
   0.83108     -1.606495     -1.377851
   0.78953     -1.602368     -1.374196
   0.78953     -1.602368     -1.374196
   0.74797     -1.630942     -1.314762
   0.70642     -1.683275     -1.305408
   0.66486     -1.740763     -1.295119
   0.62331     -1.799336     -1.280480
   0.58176     -1.857128     -1.261187
   0.54020     -1.912840     -1.236993
   0.49865     -1.965441     -1.207960
   0.45709     -1.965060     -1.206412
   0.41554     -1.914597     -1.229347
   0.37399     -1.863794     -1.258508
   0.33243     -1.815193     -1.293632
   0.29088     -1.771368     -1.334735
   0.24932     -1.734346     -1.381783
   0.20777     -1.705088     -1.440983
   0.16622     -1.683400     -1.512953
   0.12466     -1.668313     -1.577346
   0.08311     -1.658612     -1.629042
   0.04155     -1.669227     -1.662896
   0.00000     -1.674773     -1.674736
 
# Band-Index    9
   0.00000     -1.651536     -1.651513
   0.04155     -1.653247     -1.637468
   0.08311     -1.653057     -1.599765
   0.12466     -1.627567     -1.547920
   0.16622     -1.594683     -1.490779
   0.20777     -1.556712     -1.434298
   0.24932     -1.516143     -1.366234
   0.29088     -1.475518     -1.293184
   0.33243     -1.437317     -1.225963
   0.37399     -1.403857     -1.168187
   0.41554     -1.377176     -1.132854
   0.45709     -1.358928     -1.172471
   0.49865     -1.350283     -1.188968
   0.54020     -1.351870     -1.180116
   0.58176     -1.363758     -1.179693
   0.62331     -1.385464     -1.189907
   0.66486     -1.415952     -1.213308
   0.70642     -1.453426     -1.252825
   0.74797     -1.493787     -1.307881
   0.78953     -1.518378     -1.312939
   0.78953     -1.518378     -1.312939
   0.83108     -1.510968     -1.310983
   0.87263     -1.489039     -1.306409
   0.91419     -1.453489     -1.301346
   0.95574     -1.405784     -1.297157
   0.99730     -1.347938     -1.294503
   1.03885     -1.282473     -1.293650
   1.08040     -1.212384     -1.294637
   1.12196     -1.141054     -1.297354
   1.16351     -1.072108     -1.301589
   1.20507     -1.009140     -1.307054
   1.24662     -0.955316     -1.313405
   1.28817     -0.912891     -1.320265
   1.32973     -0.882798     -1.327242
   1.37128     -0.925084     -1.333944
   1.41284     -1.027883     -1.340000
   1.45439     -1.123687     -1.345065
   1.49594     -1.209153     -1.348731
   1.53750     -1.275754     -1.327382
   1.57905     -1.303210     -1.303205
   1.57905     -1.303210     -1.303205
   1.62061     -1.327390     -1.275746
   1.66216     -1.348820     -1.209140
   1.70371     -1.345154     -1.123671
   1.74527     -1.340089     -1.027864
   1.78682     -1.334031     -0.925064
   1.82838     -1.327328     -0.882739
   1.86993     -1.320350     -0.912832
   1.91149     -1.313488     -0.955256
   1.95304     -1.307135     -1.009081
   1.99459     -1.301668     -1.072049
   2.03615     -1.297431     -1.140997
   2.07770     -1.294711     -1.212328
   2.11926     -1.293722     -1.282420
   2.16081     -1.294572     -1.347887
   2.20236     -1.297223     -1.405736
   2.24392     -1.301409     -1.453442
   2.28547     -1.306468     -1.488994
   2.32703     -1.311038     -1.510924
   2.36858     -1.312992     -1.518335
   2.36858     -1.312992     -1.518335
   2.41013     -1.307928     -1.493752
   2.45169     -1.252855     -1.453396
   2.49324     -1.213330     -1.415923
   2.53480     -1.189925     -1.385435
   2.57635     -1.179707     -1.363728
   2.61790     -1.180128     -1.351839
   2.65946     -1.188980     -1.350250
   2.70101     -1.172531     -1.358893
   2.74257     -1.132915     -1.377140
   2.78412     -1.168234     -1.403820
   2.82567     -1.226011     -1.437279
   2.86723     -1.293231     -1.475479
   2.90878     -1.366280     -1.516104
   2.95034     -1.434314     -1.556673
   2.99189     -1.490797     -1.594645
   3.03344     -1.547940     -1.627528
   3.07500     -1.599788     -1.653019
   3.11655     -1.637491     -1.653224
   3.15811     -1.651536     -1.651513
   3.15811     -1.651536     -1.651513
   3.21687     -1.639398     -1.639375
   3.27564     -1.609279     -1.609257
   3.33440     -1.551121     -1.551077
   3.39317     -1.480421     -1.480373
   3.45194     -1.405378     -1.405326
   3.51070     -1.328300     -1.328244
   3.56947     -1.250764     -1.250705
   3.62824     -1.174381     -1.174319
   3.68700     -1.101116     -1.101052
   3.74577     -1.033318     -1.033254
   3.80453     -1.039389     -1.039343
   3.86330     -1.080848     -1.080805
   3.92207     -1.122634     -1.122595
   3.98083     -1.163329     -1.163294
   4.03960     -1.201875     -1.201845
   4.09837     -1.237501     -1.237476
   4.15713     -1.269123     -1.269106
   4.21590     -1.293537     -1.293527
   4.27466     -1.303210     -1.303205
 
# Band-Index   10
   4.27466     -1.189205     -1.189149
   4.21590     -1.097086     -1.097020
   4.15713     -0.969685     -0.969617
   4.09837     -0.856909     -0.856839
   4.03960     -0.851744     -0.851685
   3.98083     -0.863466     -0.863404
   3.92207     -0.887352     -0.887289
   3.86330     -0.924286     -0.924221
   3.80453     -0.973558     -0.973493
   3.74577     -0.999921     -0.999870
   3.68700     -0.964085     -0.964029
   3.62824     -0.932994     -0.932931
   3.56947     -0.906284     -0.906214
   3.51070     -0.880874     -0.880797
   3.45194     -0.851078     -0.850997
   3.39317     -0.812456     -0.812378
   3.33440     -0.768061     -0.767993
   3.27564     -0.734291     -0.734239
   3.21687     -0.723127     -0.723081
   3.15811     -0.721140     -0.721094
   3.15811     -0.721140     -0.721094
   3.11655     -0.728841     -0.716180
   3.07500     -0.751226     -0.711808
   3.03344     -0.786117     -0.773819
   2.99189     -0.830381     -0.847297
   2.95034     -0.880671     -0.919094
   2.90878     -0.933915     -0.982684
   2.86723     -0.987535     -1.034408
   2.82567     -1.039504     -1.073121
   2.78412     -1.088316     -1.099636
   2.74257     -1.122701     -1.115919
   2.70101     -1.091059     -1.124310
   2.65946     -1.073552     -1.127036
   2.61790     -1.068983     -1.126002
   2.57635     -1.074883     -1.122762
   2.53480     -1.087842     -1.118552
   2.49324     -1.103920     -1.114330
   2.45169     -1.119112     -1.110814
   2.41013     -1.129886     -1.108507
   2.36858     -1.133775     -1.107705
   2.36858     -1.133775     -1.107705
   2.32703     -1.130693     -1.099483
   2.28547     -1.121563     -1.075551
   2.24392     -1.106735     -1.038053
   2.20236     -1.086787     -0.990305
   2.16081     -1.062532     -0.936369
   2.11926     -1.035004     -0.880531
   2.07770     -1.005439     -0.826864
   2.03615     -0.975237     -0.778956
   1.99459     -0.945894     -0.739835
   1.95304     -0.981102     -0.712018
   1.91149     -1.019961     -0.697742
   1.86993     -1.051439     -0.708747
   1.82838     -1.077432     -0.816957
   1.78682     -1.099596     -0.864384
   1.74527     -1.119472     -0.855787
   1.70371     -1.138606     -0.886082
   1.66216     -1.158392     -0.985669
   1.62061     -1.178352     -1.102514
   1.57905     -1.189205     -1.189149
   1.57905     -1.189205     -1.189149
   1.53750     -1.102580     -1.178297
   1.49594     -0.985738     -1.158337
   1.45439     -0.886153     -1.138548
   1.41284     -0.855844     -1.119410
   1.37128     -0.864442     -1.099531
   1.32973     -0.816978     -1.077362
   1.28817     -0.708784     -1.051365
   1.24662     -0.697814     -1.019882
   1.20507     -0.712090     -0.981019
   1.16351     -0.739908     -0.945838
   1.12196     -0.779030     -0.975184
   1.08040     -0.826938     -1.005388
   1.03885     -0.880606     -1.034956
   0.99730     -0.936445     -1.062486
   0.95574     -0.990382     -1.086743
   0.91419     -1.038131     -1.106692
   0.87263     -1.075629     -1.121522
   0.83108     -1.099561     -1.130652
   0.78953     -1.107783     -1.133734
   0.78953     -1.107783     -1.133734
   0.74797     -1.108585     -1.129846
   0.70642     -1.110893     -1.119071
   0.66486     -1.114409     -1.103879
   0.62331     -1.118632     -1.087800
   0.58176     -1.122843     -1.074840
   0.54020     -1.126084     -1.068939
   0.49865     -1.127120     -1.073507
   0.45709     -1.124396     -1.091012
   0.41554     -1.116006     -1.122654
   0.37399     -1.099726     -1.088255
   0.33243     -1.073212     -1.039443
   0.29088     -1.034499     -0.987475
   0.24932     -0.982773     -0.933856
   0.20777     -0.919180     -0.880614
   0.16622     -0.847378     -0.830326
   0.12466     -0.773891     -0.786065
   0.08311     -0.711866     -0.751177
   0.04155     -0.716225     -0.728795
   0.00000     -0.721140     -0.721094
 
# Band-Index   11
   0.00000     -0.641071     -0.641016
   0.04155     -0.658210     -0.635593
   0.08311     -0.694510     -0.619360
   0.12466     -0.673353     -0.592760
   0.16622     -0.638474     -0.556878
   0.20777     -0.594245     -0.513422
   0.24932     -0.541277     -0.464644
   0.29088     -0.479985     -0.413149
   0.33243     -0.410687     -0.361617
   0.37399     -0.333650     -0.312538
   0.41554     -0.249180     -0.268026
   0.45709     -0.157771     -0.229720
   0.49865     -0.060321     -0.198736
   0.54020      0.041545     -0.175641
   0.58176      0.145081     -0.160397
   0.62331      0.245976     -0.152278
   0.66486      0.338043     -0.149803
   0.70642      0.413353     -0.150800
   0.74797      0.463304     -0.152792
   0.78953      0.480874     -0.153725
   0.78953      0.480874     -0.153725
   0.83108      0.463614     -0.187140
   0.87263      0.414248     -0.272039
   0.91419      0.338733     -0.381849
   0.95574      0.244036     -0.497894
   0.99730      0.136347     -0.609555
   1.03885      0.020480     -0.710894
   1.08040     -0.100028     -0.798847
   1.12196     -0.222630     -0.872506
   1.16351     -0.345466     -0.932629
   1.20507     -0.467143     -0.918846
   1.24662     -0.586468     -0.895568
   1.28817     -0.692741     -0.877073
   1.32973     -0.714989     -0.863971
   1.37128     -0.751480     -0.856276
   1.41284     -0.808090     -0.853328
   1.45439     -0.854073     -0.853845
   1.49594     -0.855872     -0.856118
   1.53750     -0.858311     -0.858387
   1.57905     -0.859365     -0.859311
   1.57905     -0.859365     -0.859311
   1.62061     -0.858441     -0.858257
   1.66216     -0.856173     -0.855817
   1.70371     -0.853900     -0.854017
   1.74527     -0.853385     -0.808019
   1.78682     -0.856333     -0.751409
   1.82838     -0.864029     -0.714918
   1.86993     -0.877131     -0.692685
   1.91149     -0.895626     -0.586446
   1.95304     -0.918903     -0.467121
   1.99459     -0.932717     -0.345444
   2.03615     -0.872598     -0.222608
   2.07770     -0.798942     -0.100007
   2.11926     -0.710991      0.020500
   2.16081     -0.609652      0.136366
   2.20236     -0.497989      0.244053
   2.24392     -0.381941      0.338749
   2.28547     -0.272125      0.414263
   2.32703     -0.187220      0.463627
   2.36858     -0.153803      0.480886
   2.36858     -0.153803      0.480886
   2.41013     -0.152870      0.463317
   2.45169     -0.150878      0.413370
   2.49324     -0.149881      0.338063
   2.53480     -0.152356      0.246000
   2.57635     -0.160474      0.145108
   2.61790     -0.175718      0.041576
   2.65946     -0.198812     -0.060288
   2.70101     -0.229795     -0.157735
   2.74257     -0.268101     -0.249143
   2.78412     -0.312610     -0.333610
   2.82567     -0.361688     -0.410646
   2.86723     -0.413218     -0.479943
   2.90878     -0.464711     -0.541234
   2.95034     -0.513486     -0.594201
   2.99189     -0.556939     -0.638429
   3.03344     -0.592818     -0.673307
   3.07500     -0.619416     -0.694458
   3.11655     -0.635649     -0.658153
   3.15811     -0.641071     -0.641016
   3.15811     -0.641071     -0.641016
   3.21687     -0.653681     -0.653623
   3.27564     -0.680580     -0.680517
   3.33440     -0.695247     -0.695189
   3.39317     -0.696145     -0.696088
   3.45194     -0.690298     -0.690239
   3.51070     -0.678316     -0.678254
   3.56947     -0.660349     -0.660283
   3.62824     -0.638820     -0.638752
   3.68700     -0.618404     -0.618334
   3.74577     -0.604448     -0.604378
   3.80453     -0.601711     -0.601641
   3.86330     -0.613939     -0.613869
   3.92207     -0.643923     -0.643853
   3.98083     -0.693681     -0.693611
   4.03960     -0.764530     -0.764460
   4.09837     -0.849575     -0.849518
   4.15713     -0.852957     -0.852902
   4.21590     -0.857417     -0.857363
   4.27466     -0.859365     -0.859311
 
# Band-Index   12
   4.27466      1.552200      1.552514
   4.21590      1.547028      1.547342
   4.15713      1.531155      1.531469
   4.09837      1.503557      1.503870
   4.03960      1.462715      1.463028
   3.98083      1.406893      1.407204
   3.92207      1.334482      1.334791
   3.86330      1.244363      1.244670
   3.80453      1.136255      1.136559
   3.74577      1.011019      1.011320
   3.68700      0.870840      0.871139
   3.62824      0.719244      0.719542
   3.56947      0.560963      0.561261
   3.51070      0.401754      0.402052
   3.45194      0.248213      0.248515
   3.39317      0.107584      0.107889
   3.33440     -0.012567     -0.012258
   3.27564     -0.104907     -0.104593
   3.21687     -0.163169     -0.162852
   3.15811     -0.183093     -0.182776
   3.15811     -0.183093     -0.182776
   3.11655     -0.171588     -0.174321
   3.07500     -0.137790     -0.149411
   3.03344     -0.083686     -0.109332
   2.99189     -0.012096     -0.055988
   2.95034      0.073787      0.008349
   2.90878      0.170764      0.081264
   2.86723      0.275815      0.160360
   2.82567      0.386172      0.243343
   2.78412      0.499305      0.328056
   2.74257      0.612864      0.412474
   2.70101      0.724610      0.494689
   2.65946      0.764498      0.572878
   2.61790      0.755047      0.645291
   2.57635      0.744935      0.710241
   2.53480      0.735183      0.766115
   2.49324      0.726664      0.811418
   2.45169      0.720074      0.844838
   2.41013      0.715917      0.865340
   2.36858      0.714496      0.872251
   2.36858      0.714496      0.872251
   2.32703      0.753228      0.877794
   2.28547      0.853860      0.894164
   2.24392      0.989185      0.920614
   2.20236      1.139481      0.955988
   2.16081      1.292669      0.998838
   2.11926      1.347021      1.047534
   2.07770      1.371257      1.100375
   2.03615      1.396748      1.155663
   1.99459      1.422450      1.211773
   1.95304      1.447294      1.267178
   1.91149      1.470308      1.320485
   1.86993      1.490737      1.370440
   1.82838      1.508131      1.415939
   1.78682      1.522361      1.456028
   1.74527      1.533537      1.489907
   1.70371      1.541894      1.516924
   1.66216      1.547679      1.536578
   1.62061      1.551078      1.548512
   1.57905      1.552200      1.552514
   1.57905      1.552200      1.552514
   1.53750      1.548198      1.551392
   1.49594      1.536263      1.547993
   1.45439      1.516609      1.542207
   1.41284      1.489591      1.533849
   1.37128      1.455711      1.522673
   1.32973      1.415621      1.508443
   1.28817      1.370121      1.491048
   1.24662      1.320164      1.470620
   1.20507      1.266854      1.447606
   1.16351      1.211446      1.422762
   1.12196      1.155334      1.397060
   1.08040      1.100041      1.371570
   1.03885      1.047198      1.347334
   0.99730      0.998498      1.292772
   0.95574      0.955645      1.139588
   0.91419      0.920268      0.989298
   0.87263      0.893816      0.853978
   0.83108      0.877444      0.753352
   0.78953      0.871901      0.714624
   0.78953      0.871901      0.714624
   0.74797      0.864990      0.716044
   0.70642      0.844490      0.720203
   0.66486      0.811072      0.726794
   0.62331      0.765772      0.735315
   0.58176      0.709902      0.745070
   0.54020      0.644956      0.755185
   0.49865      0.572547      0.764641
   0.45709      0.494361      0.724905
   0.41554      0.412150      0.613157
   0.37399      0.327735      0.499599
   0.33243      0.243024      0.386467
   0.29088      0.160042      0.276111
   0.24932      0.080947      0.171063
   0.20777      0.008033      0.074090
   0.16622     -0.056304     -0.011789
   0.12466     -0.109649     -0.083375
   0.08311     -0.149729     -0.137476
   0.04155     -0.174638     -0.171271
   0.00000     -0.183093     -0.182776
 
# Band-Index   13
   0.00000      0.648997      0.649221
   0.04155      0.674381      0.653863
   0.08311      0.745614      0.666906
   0.12466      0.851358      0.686001
   0.16622      0.979498      0.708050
   0.20777      1.119857      0.729958
   0.24932      1.264360      0.749185
   0.29088      1.406515      0.764008
   0.33243      1.541033      0.773563
   0.37399      1.663754      0.777749
   0.41554      1.771772      0.777042
   0.45709      1.863579      0.772312
   0.49865      1.939041      0.832638
   0.54020      1.999149      0.934109
   0.58176      2.045592      1.026947
   0.62331      2.080320      1.108606
   0.66486      2.105201      1.176366
   0.70642      2.121805      1.227454
   0.74797      2.131293      1.259339
   0.78953      2.134376      1.270193
   0.78953      2.134376      1.270193
   0.83108      2.154148      1.272525
   0.87263      2.211015      1.279459
   0.91419      2.298919      1.290806
   0.95574      2.393736      1.306242
   0.99730      2.341089      1.325295
   1.03885      2.287295      1.440987
   1.08040      2.237201      1.578760
   1.12196      2.195828      1.702365
   1.16351      2.168176      1.809661
   1.20507      2.158904      1.899984
   1.24662      2.171864      1.973907
   1.28817      2.209514      2.032869
   1.32973      2.272289      2.078775
   1.37128      2.358000      2.113654
   1.41284      2.360123      2.139412
   1.45439      2.286533      2.157696
   1.49594      2.228677      2.169814
   1.53750      2.191625      2.176708
   1.57905      2.178861      2.178943
   1.57905      2.178861      2.178943
   1.62061      2.176626      2.191707
   1.66216      2.169732      2.228758
   1.70371      2.157614      2.286614
   1.74527      2.139329      2.360204
   1.78682      2.113570      2.358080
   1.82838      2.078691      2.272366
   1.86993      2.032784      2.209587
   1.91149      1.973821      2.171934
   1.95304      1.899896      2.158972
   1.99459      1.809571      2.168242
   2.03615      1.702272      2.195892
   2.07770      1.578665      2.237263
   2.11926      1.440888      2.287357
   2.16081      1.324980      2.341150
   2.20236      1.305927      2.393797
   2.24392      1.290491      2.298960
   2.28547      1.279143      2.211058
   2.32703      1.272209      2.154192
   2.36858      1.269877      2.134421
   2.36858      1.269877      2.134421
   2.41013      1.259024      2.131339
   2.45169      1.227141      2.121853
   2.49324      1.176056      2.105253
   2.53480      1.108300      2.080377
   2.57635      1.026645      2.045656
   2.61790      0.933811      1.999223
   2.65946      0.832342      1.939125
   2.70101      0.772164      1.863675
   2.74257      0.776888      1.771882
   2.78412      0.777587      1.663878
   2.82567      0.773394      1.541170
   2.86723      0.763831      1.406665
   2.90878      0.748999      1.264523
   2.95034      0.729764      1.120032
   2.99189      0.707846      0.979686
   3.03344      0.685789      0.851558
   3.07500      0.666688      0.745825
   3.11655      0.653640      0.674602
   3.15811      0.648997      0.649221
   3.15811      0.648997      0.649221
   3.21687      0.679312      0.679530
   3.27564      0.764332      0.764538
   3.33440      0.890508      0.890697
   3.39317      1.043543      1.043714
   3.45194      1.211779      1.211933
   3.51070      1.386652      1.386789
   3.56947      1.562148      1.562270
   3.62824      1.733797      1.733905
   3.68700      1.897172      1.897270
   3.74577      2.046097      2.046187
   3.80453      2.171433      2.171519
   3.86330      2.257897      2.257968
   3.92207      2.311183      2.311265
   3.98083      2.319235      2.319316
   4.03960      2.296665      2.296747
   4.09837      2.258158      2.258240
   4.15713      2.218417      2.218499
   4.21590      2.189414      2.189496
   4.27466      2.178861      2.178943
 
# Band-Index   14
   4.27466      2.781959      2.782051
   4.21590      2.753469      2.753560
   4.15713      2.679612      2.679701
   4.09837      2.584121      2.584208
   4.03960      2.486685      2.486768
   3.98083      2.398043      2.398123
   3.92207      2.321904      2.321980
   3.86330      2.262320      2.262403
   3.80453      2.204068      2.204133
   3.74577      2.158605      2.158665
   3.68700      2.120550      2.120605
   3.62824      2.089625      2.089675
   3.56947      2.065689      2.065735
   3.51070      2.048334      2.048376
   3.45194      2.036741      2.036780
   3.39317      2.029765      2.029801
   3.33440      2.026115      2.026149
   3.27564      2.024549      2.024581
   3.21687      2.024052      2.024084
   3.15811      2.023963      2.023994
   3.15811      2.023963      2.023994
   3.11655      2.021916      2.026142
   3.07500      2.016175      2.032645
   3.03344      2.007931      2.043675
   2.99189      1.999150      2.059488
   2.95034      1.992530      2.080380
   2.90878      1.991398      2.106610
   2.86723      1.999542      2.138291
   2.82567      2.020913      2.175244
   2.78412      2.059208      2.216836
   2.74257      2.117344      2.261832
   2.70101      2.196906      2.308344
   2.65946      2.297671      2.353959
   2.61790      2.417273      2.396103
   2.57635      2.550961      2.432571
   2.53480      2.687789      2.461994
   2.49324      2.656820      2.483984
   2.45169      2.632372      2.498910
   2.41013      2.616639      2.507463
   2.36858      2.611198      2.510238
   2.36858      2.611198      2.510238
   2.32703      2.613814      2.501945
   2.28547      2.621472      2.477972
   2.24392      2.633604      2.440769
   2.20236      2.649304      2.410742
   2.16081      2.667391      2.539922
   2.11926      2.686516      2.681173
   2.07770      2.705333      2.829307
   2.03615      2.722679      2.905884
   1.99459      2.737746      2.852695
   1.95304      2.750148      2.782516
   1.91149      2.759881      2.703955
   1.86993      2.767205      2.619608
   1.82838      2.772510      2.531766
   1.78682      2.776216      2.443766
   1.74527      2.778710      2.461296
   1.70371      2.780317      2.572450
   1.66216      2.781287      2.676624
   1.62061      2.781800      2.753389
   1.57905      2.781959      2.782051
   1.57905      2.781959      2.782051
   1.53750      2.753298      2.781892
   1.49594      2.676535      2.781380
   1.45439      2.572364      2.780411
   1.41284      2.461212      2.778807
   1.37128      2.443686      2.776316
   1.32973      2.531687      2.772613
   1.28817      2.619529      2.767313
   1.24662      2.703877      2.759994
   1.20507      2.782437      2.750268
   1.16351      2.852614      2.737873
   1.12196      2.905801      2.722814
   1.08040      2.829273      2.705476
   1.03885      2.681139      2.686667
   0.99730      2.539886      2.667547
   0.95574      2.410703      2.649466
   0.91419      2.440708      2.633770
   0.87263      2.477911      2.621640
   0.83108      2.501884      2.613984
   0.78953      2.510178      2.611368
   0.78953      2.510178      2.611368
   0.74797      2.507403      2.616811
   0.70642      2.498850      2.632546
   0.66486      2.483925      2.656998
   0.62331      2.461937      2.687970
   0.58176      2.432517      2.551021
   0.54020      2.396051      2.417331
   0.49865      2.353911      2.297726
   0.45709      2.308299      2.196959
   0.41554      2.261790      2.117394
   0.37399      2.216796      2.059255
   0.33243      2.175206      2.020958
   0.29088      2.138255      1.999584
   0.24932      2.106575      1.991438
   0.20777      2.080346      1.992567
   0.16622      2.059455      1.999186
   0.12466      2.043643      2.007964
   0.08311      2.032614      2.016207
   0.04155      2.026111      2.021948
   0.00000      2.023963      2.023994
 
# Band-Index   15
   0.00000      3.068418      3.068647
   0.04155      3.067942      3.066612
   0.08311      3.066469      3.060519
   0.12466      3.063866      3.050392
   0.16622      3.059932      3.036282
   0.20777      3.054423      3.018265
   0.24932      3.047085      2.996451
   0.29088      3.037699      2.970999
   0.33243      3.026122      2.942127
   0.37399      3.012331      2.910133
   0.41554      2.996459      2.875425
   0.45709      2.978826      2.838549
   0.49865      2.959952      2.800241
   0.54020      2.940552      2.761479
   0.58176      2.921519      2.723544
   0.62331      2.903868      2.691472
   0.66486      2.888666      2.827851
   0.70642      2.876931      2.946182
   0.74797      2.869510      3.028827
   0.78953      2.866969      3.058876
   0.78953      2.866969      3.058876
   0.83108      2.870029      3.059820
   0.87263      2.878919      3.062727
   0.91419      2.892981      3.067825
   0.95574      2.911554      3.075473
   0.99730      2.934125      3.086125
   1.03885      2.955253      3.100244
   1.08040      2.944821      3.118181
   1.12196      2.991095      3.140021
   1.16351      2.997601      3.165451
   1.20507      2.992437      3.193734
   1.24662      2.991083      3.223769
   1.28817      2.991001      3.254250
   1.32973      2.991218      3.283814
   1.37128      2.991347      3.289380
   1.41284      2.991280      3.201621
   1.45439      2.991057      3.119135
   1.49594      2.990779      3.051166
   1.53750      2.990559      3.006273
   1.57905      2.990475      2.990567
   1.57905      2.990475      2.990567
   1.62061      3.006182      2.990650
   1.66216      3.051078      2.990871
   1.70371      3.119051      2.991148
   1.74527      3.201542      2.991371
   1.78682      3.289308      2.991437
   1.82838      3.283692      2.991308
   1.86993      3.254131      2.991090
   1.91149      3.223655      2.991171
   1.95304      3.193625      2.992523
   1.99459      3.165349      2.997684
   2.03615      3.139925      2.991126
   2.07770      3.118092      2.944909
   2.11926      3.100161      2.955342
   2.16081      3.086047      2.934286
   2.20236      3.075399      2.911715
   2.24392      3.067754      2.893143
   2.28547      3.062658      2.879080
   2.32703      3.059752      2.870191
   2.36858      3.058809      2.867131
   2.36858      3.058809      2.867131
   2.41013      3.028761      2.869672
   2.45169      2.946116      2.877095
   2.49324      2.827787      2.888834
   2.53480      2.691407      2.904039
   2.57635      2.723355      2.921695
   2.61790      2.761285      2.940734
   2.65946      2.800041      2.960139
   2.70101      2.838345      2.979019
   2.74257      2.875216      2.996657
   2.78412      2.909921      3.012534
   2.82567      2.941911      3.026330
   2.86723      2.970780      3.037912
   2.90878      2.996230      3.047302
   2.95034      3.018041      3.054643
   2.99189      3.036057      3.060155
   3.03344      3.050165      3.064091
   3.07500      3.060291      3.066696
   3.11655      3.066384      3.068170
   3.15811      3.068418      3.068647
   3.15811      3.068418      3.068647
   3.21687      3.065940      3.066167
   3.27564      3.058751      3.058977
   3.33440      3.047584      3.047807
   3.39317      3.033624      3.033844
   3.45194      3.018470      3.018685
   3.51070      3.004090      3.004299
   3.56947      2.992780      2.992982
   3.62824      2.987114      2.987308
   3.68700      2.989812      2.989998
   3.74577      3.003416      3.003593
   3.80453      3.029648      3.029816
   3.86330      3.068549      3.068709
   3.92207      3.117874      3.118027
   3.98083      3.173371      3.173520
   4.03960      3.197468      3.197546
   4.09837      3.119151      3.119235
   4.15713      3.051743      3.051831
   4.21590      3.006429      3.006519
   4.27466      2.990475      2.990567
 
# Band-Index   16
   4.27466      3.381289      3.381419
   4.21590      3.366766      3.366898
   4.15713      3.330814      3.330950
   4.09837      3.283650      3.283789
   4.03960      3.230060      3.230204
   3.98083      3.271686      3.271755
   3.92207      3.321659      3.321716
   3.86330      3.330956      3.331001
   3.80453      3.313812      3.313849
   3.74577      3.296288      3.296323
   3.68700      3.288179      3.288214
   3.62824      3.289264      3.289300
   3.56947      3.296554      3.296592
   3.51070      3.306497      3.306536
   3.45194      3.315629      3.315669
   3.39317      3.321287      3.321327
   3.33440      3.322516      3.322556
   3.27564      3.320480      3.320519
   3.21687      3.317684      3.317721
   3.15811      3.316448      3.316485
   3.15811      3.316448      3.316485
   3.11655      3.317221      3.317131
   3.07500      3.319518      3.319215
   3.03344      3.323271      3.323169
   2.99189      3.328357      3.329668
   2.95034      3.334595      3.339575
   2.90878      3.341742      3.353823
   2.86723      3.349498      3.373240
   2.82567      3.357521      3.398316
   2.78412      3.365457      3.428922
   2.74257      3.372969      3.464086
   2.70101      3.379775      3.501938
   2.65946      3.385677      3.538695
   2.61790      3.390572      3.450906
   2.57635      3.394449      3.337852
   2.53480      3.397366      3.227296
   2.49324      3.399426      3.126029
   2.45169      3.400747      3.042935
   2.41013      3.401456      2.987723
   2.36858      3.401674      2.968289
   2.36858      3.401674      2.968289
   2.32703      3.405917      2.967957
   2.28547      3.418602      2.966987
   2.24392      3.439576      2.965434
   2.20236      3.468532      2.963299
   2.16081      3.504814      2.960315
   2.11926      3.546071      2.960455
   2.07770      3.578154      2.989855
   2.03615      3.587570      3.015797
   1.99459      3.575796      3.056651
   1.95304      3.550961      3.093002
   1.91149      3.509702      3.130479
   1.86993      3.448928      3.168365
   1.82838      3.373961      3.205928
   1.78682      3.311043      3.242521
   1.74527      3.335034      3.277723
   1.70371      3.354702      3.311427
   1.66216      3.369292      3.343291
   1.62061      3.378263      3.369966
   1.57905      3.381289      3.381419
   1.57905      3.381289      3.381419
   1.53750      3.369835      3.378393
   1.49594      3.343155      3.369421
   1.45439      3.311288      3.354830
   1.41284      3.277580      3.335160
   1.37128      3.242375      3.311168
   1.32973      3.205779      3.374026
   1.28817      3.168214      3.448986
   1.24662      3.130326      3.509753
   1.20507      3.092848      3.550933
   1.16351      3.056495      3.575766
   1.12196      3.015719      3.587599
   1.08040      2.989696      3.578176
   1.03885      2.960295      3.546091
   0.99730      2.960225      3.504835
   0.95574      2.963209      3.468553
   0.91419      2.965344      3.439597
   0.87263      2.966898      3.418624
   0.83108      2.967868      3.405940
   0.78953      2.968199      3.401696
   0.78953      2.968199      3.401696
   0.74797      2.987635      3.401478
   0.70642      3.042849      3.400770
   0.66486      3.125946      3.399450
   0.62331      3.227216      3.397390
   0.58176      3.337776      3.394474
   0.54020      3.450832      3.390599
   0.49865      3.538604      3.385705
   0.45709      3.501851      3.379804
   0.41554      3.464005      3.372998
   0.37399      3.428848      3.365487
   0.33243      3.398250      3.357553
   0.29088      3.373181      3.349531
   0.24932      3.353769      3.341776
   0.20777      3.339527      3.334630
   0.16622      3.329624      3.328392
   0.12466      3.323127      3.323307
   0.08311      3.319177      3.319555
   0.04155      3.317093      3.317258
   0.00000      3.316448      3.316485
 
# Band-Index   17
   0.00000      3.831036      3.831025
   0.04155      3.833211      3.832559
   0.08311      3.839380      3.836299
   0.12466      3.848521      3.839874
   0.16622      3.859073      3.840117
   0.20777      3.869140      3.834193
   0.24932      3.876717      3.820576
   0.29088      3.879867      3.799252
   0.33243      3.876393      3.771276
   0.37399      3.853980      3.738229
   0.41554      3.770929      3.701859
   0.45709      3.670184      3.663908
   0.49865      3.564524      3.626038
   0.54020      3.576914      3.589802
   0.58176      3.608605      3.556612
   0.62331      3.634825      3.527719
   0.66486      3.654919      3.504183
   0.70642      3.668896      3.486834
   0.74797      3.674168      3.476236
   0.78953      3.670155      3.472676
   0.78953      3.670155      3.472676
   0.83108      3.557945      3.476280
   0.87263      3.451668      3.486853
   0.91419      3.355261      3.503633
   0.95574      3.267828      3.525224
   0.99730      3.188428      3.549561
   1.03885      3.116749      3.575047
   1.08040      3.055517      3.610760
   1.12196      3.021922      3.616547
   1.16351      3.147073      3.579522
   1.20507      3.304401      3.553648
   1.24662      3.459940      3.545060
   1.28817      3.610888      3.560138
   1.32973      3.754326      3.596926
   1.37128      3.886907      3.654807
   1.41284      4.004751      3.731755
   1.45439      4.103485      3.824331
   1.49594      4.178513      3.927391
   1.53750      4.137799      4.031264
   1.57905      4.093607      4.093663
   1.57905      4.093607      4.093663
   1.62061      4.031231      4.137848
   1.66216      3.927375      4.178520
   1.70371      3.824325      4.103493
   1.74527      3.731758      4.004762
   1.78682      3.654817      3.886920
   1.82838      3.596941      3.754341
   1.86993      3.560158      3.610906
   1.91149      3.545084      3.459961
   1.95304      3.553605      3.304425
   1.99459      3.579486      3.147100
   2.03615      3.616579      3.022080
   2.07770      3.610738      3.055591
   2.11926      3.575027      3.116823
   2.16081      3.549546      3.188503
   2.20236      3.525214      3.267905
   2.24392      3.503625      3.355338
   2.28547      3.486848      3.451747
   2.32703      3.476277      3.558026
   2.36858      3.472673      3.670220
   2.36858      3.472673      3.670220
   2.41013      3.476232      3.674233
   2.45169      3.486831      3.668996
   2.49324      3.504181      3.655019
   2.53480      3.527717      3.634924
   2.57635      3.556611      3.608704
   2.61790      3.589802      3.577010
   2.65946      3.626039      3.564598
   2.70101      3.663909      3.670254
   2.74257      3.701862      3.770993
   2.78412      3.738233      3.854005
   2.82567      3.771282      3.876398
   2.86723      3.799260      3.879869
   2.90878      3.820586      3.876716
   2.95034      3.834203      3.869136
   2.99189      3.840128      3.859067
   3.03344      3.839886      3.848513
   3.07500      3.836310      3.839371
   3.11655      3.832569      3.833201
   3.15811      3.831036      3.831025
   3.15811      3.831036      3.831025
   3.21687      3.834923      3.834913
   3.27564      3.847130      3.847120
   3.33440      3.868215      3.868205
   3.39317      3.895592      3.895586
   3.45194      3.920313      3.920313
   3.51070      3.930146      3.930157
   3.56947      3.919159      3.919181
   3.62824      3.850473      3.850457
   3.68700      3.769195      3.769178
   3.74577      3.709564      3.709546
   3.80453      3.676268      3.676248
   3.86330      3.672058      3.672037
   3.92207      3.697388      3.697366
   3.98083      3.749936      3.749914
   4.03960      3.823890      3.823869
   4.09837      3.909411      3.909394
   4.15713      3.993198      3.993192
   4.21590      4.061144      4.061165
   4.27466      4.093607      4.093663
 
# Band-Index   18
   4.27466      4.241669      4.241674
   4.21590      4.217583      4.217588
   4.15713      4.148766      4.148773
   4.09837      4.045435      4.045445
   4.03960      3.924260      3.924274
   3.98083      3.808552      3.808572
   3.92207      3.728817      3.728845
   3.86330      3.710609      3.710647
   3.80453      3.742608      3.742650
   3.74577      3.793924      3.793966
   3.68700      3.845858      3.845896
   3.62824      3.889469      3.889501
   3.56947      3.947172      3.947157
   3.51070      4.051994      4.051980
   3.45194      4.157088      4.157075
   3.39317      4.254661      4.254647
   3.33440      4.337688      4.337673
   3.27564      4.340241      4.340319
   3.21687      4.343789      4.343865
   3.15811      4.345511      4.345586
   3.15811      4.345511      4.345586
   3.11655      4.350443      4.338898
   3.07500      4.366164      4.318996
   3.03344      4.395173      4.286355
   2.99189      4.394655      4.241717
   2.95034      4.366795      4.186041
   2.90878      4.336515      4.120428
   2.86723      4.305116      4.046121
   2.82567      4.273614      3.964958
   2.78412      4.242713      3.889301
   2.74257      4.212812      3.861398
   2.70101      4.184024      3.839514
   2.65946      4.156204      3.814045
   2.61790      4.128983      3.785852
   2.57635      4.101838      3.756819
   2.53480      4.074288      3.729127
   2.49324      4.046418      3.704946
   2.45169      4.019925      3.686190
   2.41013      3.999369      3.677259
   2.36858      3.991350      3.679895
   2.36858      3.991350      3.679895
   2.32703      3.981795      3.803169
   2.28547      3.954062      3.942466
   2.24392      3.910787      4.093197
   2.20236      3.855886      4.255256
   2.16081      3.794044      4.339789
   2.11926      3.730260      4.333327
   2.07770      3.669520      4.326219
   2.03615      3.664596      4.318685
   1.99459      3.726386      4.310951
   1.95304      3.792732      4.303239
   1.91149      3.861764      4.295762
   1.86993      3.931595      4.288714
   1.82838      4.000096      4.282268
   1.78682      4.064865      4.276575
   1.74527      4.123267      4.271758
   1.70371      4.172557      4.267914
   1.66216      4.210096      4.253740
   1.62061      4.233641      4.225603
   1.57905      4.241669      4.241674
   1.57905      4.241669      4.241674
   1.53750      4.225598      4.233646
   1.49594      4.253716      4.210102
   1.45439      4.267957      4.172565
   1.41284      4.271801      4.123276
   1.37128      4.276619      4.064876
   1.32973      4.282312      4.000109
   1.28817      4.288758      3.931610
   1.24662      4.295806      3.861780
   1.20507      4.303283      3.792749
   1.16351      4.310995      3.726405
   1.12196      4.318729      3.664616
   1.08040      4.326264      3.669487
   1.03885      4.333372      3.730227
   0.99730      4.339835      3.794010
   0.95574      4.255170      3.855851
   0.91419      4.093111      3.910752
   0.87263      3.942380      3.954026
   0.83108      3.803084      3.981759
   0.78953      3.679795      3.991315
   0.78953      3.679795      3.991315
   0.74797      3.677160      3.999334
   0.70642      3.686127      4.019892
   0.66486      3.704886      4.046386
   0.62331      3.729072      4.074258
   0.58176      3.756768      4.101808
   0.54020      3.785807      4.128955
   0.49865      3.814005      4.156176
   0.45709      3.839480      4.183997
   0.41554      3.861365      4.212787
   0.37399      3.889235      4.242689
   0.33243      3.964878      4.273591
   0.29088      4.046044      4.305094
   0.24932      4.120352      4.336495
   0.20777      4.185965      4.366776
   0.16622      4.241642      4.394637
   0.12466      4.286279      4.395253
   0.08311      4.318921      4.366241
   0.04155      4.338823      4.350519
   0.00000      4.345511      4.345586
 
# Band-Index   19
   0.00000      4.452874      4.452857
   0.04155      4.443742      4.448835
   0.08311      4.417170      4.437102
   0.12466      4.375483      4.418588
   0.16622      4.322142      4.440725
   0.20777      4.261294      4.505067
   0.24932      4.197388      4.588564
   0.29088      4.134912      4.688673
   0.33243      4.078259      4.799882
   0.37399      4.031667      4.913760
   0.41554      3.999170      5.019597
   0.45709      3.984431      5.106853
   0.49865      3.990383      5.169463
   0.54020      4.018557      5.208326
   0.58176      4.068163      5.229117
   0.62331      4.135073      5.238346
   0.66486      4.211013      5.197456
   0.70642      4.283356      5.066323
   0.74797      4.336478      4.985068
   0.78953      4.356173      4.957539
   0.78953      4.356173      4.957539
   0.83108      4.355473      4.942871
   0.87263      4.353396      4.908948
   0.91419      4.350015      4.870794
   0.95574      4.345443      4.837627
   0.99730      4.428302      4.815027
   1.03885      4.611971      4.806889
   1.08040      4.804877      4.815314
   1.12196      5.000582      4.838844
   1.16351      5.072448      4.869876
   1.20507      4.993444      4.893967
   1.24662      4.913591      4.895845
   1.28817      4.841641      4.870322
   1.32973      4.779320      4.824645
   1.37128      4.727260      4.770603
   1.41284      4.588402      4.662668
   1.45439      4.411414      4.547931
   1.49594      4.265169      4.434145
   1.53750      4.263466      4.326187
   1.57905      4.262896      4.262853
   1.57905      4.262896      4.262853
   1.62061      4.326209      4.263422
   1.66216      4.434159      4.265126
   1.70371      4.547950      4.411395
   1.74527      4.662701      4.588316
   1.78682      4.772103      4.725833
   1.82838      4.826077      4.777934
   1.86993      4.871607      4.840306
   1.91149      4.896892      4.912318
   1.95304      4.894717      4.992242
   1.99459      4.870356      5.071353
   2.03615      4.839128      5.000474
   2.07770      4.815469      4.804920
   2.11926      4.806961      4.612044
   2.16081      4.815043      4.428384
   2.20236      4.837605      4.345398
   2.24392      4.870744      4.349970
   2.28547      4.908876      4.353351
   2.32703      4.942782      4.355427
   2.36858      4.957442      4.356127
   2.36858      4.957442      4.356127
   2.41013      4.984972      4.336435
   2.45169      5.066230      4.283317
   2.49324      5.197366      4.210979
   2.53480      5.238292      4.135044
   2.57635      5.229058      4.068139
   2.61790      5.208260      4.018538
   2.65946      5.169390      3.990367
   2.70101      5.106774      3.984418
   2.74257      5.019512      3.999159
   2.78412      4.913672      4.031657
   2.82567      4.799792      4.078249
   2.86723      4.688584      4.134902
   2.90878      4.588476      4.197377
   2.95034      4.504981      4.261282
   2.99189      4.440641      4.322129
   3.03344      4.418605      4.375469
   3.07500      4.437119      4.417155
   3.11655      4.448852      4.443726
   3.15811      4.452874      4.452857
   3.15811      4.452874      4.452857
   3.21687      4.439655      4.439639
   3.27564      4.400597      4.400581
   3.33440      4.340040      4.340122
   3.39317      4.352902      4.352987
   3.45194      4.393413      4.393499
   3.51070      4.475779      4.475863
   3.56947      4.603810      4.603890
   3.62824      4.770265      4.770340
   3.68700      4.964274      4.964340
   3.74577      5.175388      5.175439
   3.80453      5.387760      5.387823
   3.86330      5.320695      5.318901
   3.92207      5.119483      5.117730
   3.98083      4.950096      4.948456
   4.03960      4.818369      4.816806
   4.09837      4.723303      4.721778
   4.15713      4.533175      4.533143
   4.21590      4.341170      4.341150
   4.27466      4.262896      4.262853
 
# Band-Index   20
   4.27466      4.614362      4.612852
   4.21590      4.625606      4.624096
   4.15713      4.660689      4.659178
   4.09837      4.798953      4.798838
   4.03960      5.113154      5.112808
   3.98083      5.452818      5.451815
   3.92207      5.785141      5.782311
   3.86330      5.633722      5.632810
   3.80453      5.576753      5.574139
   3.74577      5.817428      5.814710
   3.68700      6.067942      6.065158
   3.62824      6.293012      6.290568
   3.56947      6.445677      6.444199
   3.51070      6.514737      6.514142
   3.45194      6.559957      6.559750
   3.39317      6.623784      6.623730
   3.33440      6.714439      6.714454
   3.27564      6.818773      6.818827
   3.21687      6.903919      6.903994
   3.15811      6.935622      6.935704
   3.15811      6.935622      6.935704
   3.11655      6.900310      6.941300
   3.07500      6.812390      6.958442
   3.03344      6.701875      6.988082
   2.99189      6.588492      6.953762
   2.95034      6.482833      6.844956
   2.90878      6.391212      6.752988
   2.86723      6.318618      6.680408
   2.82567      6.270399      6.629422
   2.78412      6.253274      6.601997
   2.74257      6.275313      6.599645
   2.70101      6.343644      6.622982
   2.65946      6.084178      6.639585
   2.61790      5.824910      6.440029
   2.57635      5.584663      6.260310
   2.53480      5.372704      6.107036
   2.49324      5.241252      5.984768
   2.45169      5.241211      5.896234
   2.41013      5.240466      5.842779
   2.36858      5.240102      5.824921
   2.36858      5.240102      5.824921
   2.32703      5.260316      5.807478
   2.28547      5.310781      5.758282
   2.24392      5.376152      5.684785
   2.20236      5.446616      5.595218
   2.16081      5.515633      5.496521
   2.11926      5.577845      5.394039
   2.07770      5.629153      5.292295
   2.03615      5.521724      5.199717
   1.99459      5.391021      5.244229
   1.95304      5.262749      5.449765
   1.91149      5.137328      5.295088
   1.86993      5.014926      5.127159
   1.82838      4.895401      4.951967
   1.78682      4.778256      4.771043
   1.74527      4.719596      4.684071
   1.70371      4.674942      4.652355
   1.66216      4.641610      4.630211
   1.62061      4.621211      4.617160
   1.57905      4.614362      4.612852
   1.57905      4.614362      4.612852
   1.53750      4.618667      4.619699
   1.49594      4.631709      4.640092
   1.45439      4.653836      4.673417
   1.41284      4.685529      4.718073
   1.37128      4.771225      4.778200
   1.32973      4.952283      4.895313
   1.28817      5.127649      5.014798
   1.24662      5.295784      5.137153
   1.20507      5.449834      5.262523
   1.16351      5.244152      5.390743
   1.12196      5.200468      5.521400
   1.08040      5.293055      5.629206
   1.03885      5.394687      5.577909
   0.99730      5.497037      5.515701
   0.95574      5.595600      5.446682
   0.91419      5.685040      5.376215
   0.87263      5.758430      5.310839
   0.83108      5.807552      5.260366
   0.78953      5.824968      5.240147
   0.78953      5.824968      5.240147
   0.74797      5.842828      5.240512
   0.70642      5.896289      5.241259
   0.66486      5.984836      5.241302
   0.62331      6.107123      5.372788
   0.58176      6.260427      5.584737
   0.54020      6.440186      5.824970
   0.49865      6.639801      6.084218
   0.45709      6.623137      6.343629
   0.41554      6.599752      6.275320
   0.37399      6.602071      6.253293
   0.33243      6.629473      6.270427
   0.29088      6.680443      6.318654
   0.24932      6.753010      6.391254
   0.20777      6.844967      6.482881
   0.16622      6.953763      6.588547
   0.12466      6.988012      6.701937
   0.08311      6.958365      6.812460
   0.04155      6.941219      6.900387
   0.00000      6.935622      6.935704
 
# Band-Index   21
   0.00000      6.978884      6.978999
   0.04155      6.980000      6.982052
   0.08311      6.983256      6.990978
   0.12466      6.988364      7.005059
   0.16622      6.994809      7.023036
   0.20777      7.001818      7.043048
   0.24932      7.008367      7.062634
   0.29088      7.013259      7.078908
   0.33243      7.015323      7.089036
   0.37399      7.013685      6.873278
   0.41554      7.008018      6.619314
   0.45709      6.850669      6.352636
   0.49865      6.671339      6.460623
   0.54020      6.741267      6.620194
   0.58176      6.827028      6.810350
   0.62331      6.919696      6.982387
   0.66486      6.934094      6.781688
   0.70642      6.925492      6.588336
   0.74797      6.867533      6.465102
   0.78953      6.822916      6.422666
   0.78953      6.822916      6.422666
   0.83108      6.733016      6.386043
   0.87263      6.602881      6.295762
   0.91419      6.467366      6.179715
   0.95574      6.329617      6.052614
   0.99730      6.190296      5.920848
   1.03885      6.049371      5.787392
   1.08040      5.906434      5.653884
   1.12196      5.760746      5.669034
   1.16351      5.611256      5.704437
   1.20507      5.456691      5.751841
   1.24662      5.662055      5.828919
   1.28817      5.853366      5.932108
   1.32973      5.935729      5.905720
   1.37128      5.855836      5.831961
   1.41284      5.790499      5.771237
   1.45439      5.739781      5.723795
   1.49594      5.703636      5.689801
   1.53750      5.681990      5.669363
   1.57905      5.674781      5.662543
   1.57905      5.674781      5.662543
   1.62061      5.681597      5.669761
   1.66216      5.702023      5.691437
   1.70371      5.735992      5.727638
   1.74527      5.783391      5.778446
   1.78682      5.844050      5.843920
   1.82838      5.917713      5.924009
   1.86993      5.934177      5.849920
   1.91149      5.828966      5.661394
   1.95304      5.751806      5.455772
   1.99459      5.704422      5.610125
   2.03615      5.669003      5.759440
   2.07770      5.654244      5.905011
   2.11926      5.787770      6.047902
   2.16081      5.921221      6.188855
   2.20236      6.052955      6.328270
   2.24392      6.179991      6.466171
   2.28547      6.295938      6.601890
   2.32703      6.386099      6.732305
   2.36858      6.422656      6.822724
   2.36858      6.422656      6.822724
   2.41013      6.465099      6.867311
   2.45169      6.588360      6.924153
   2.49324      6.781770      6.932830
   2.53480      6.983611      6.918862
   2.57635      6.810636      6.826486
   2.61790      6.620323      6.740915
   2.65946      6.460676      6.671108
   2.70101      6.352624      6.850400
   2.74257      6.619334      7.007594
   2.78412      6.873324      7.013400
   2.82567      7.089226      7.015156
   2.86723      7.078992      7.013184
   2.90878      7.062643      7.008360
   2.95034      7.043007      7.001859
   2.99189      7.022961      6.994882
   3.03344      7.004964      6.988458
   3.07500      6.990871      6.983362
   3.11655      6.981939      6.980113
   3.15811      6.978884      6.978999
   3.15811      6.978884      6.978999
   3.21687      6.983205      6.983316
   3.27564      6.997452      6.997547
   3.33440      7.023796      7.023847
   3.39317      7.060788      7.060717
   3.45194      7.096543      7.096110
   3.51070      7.101086      7.099640
   3.56947      7.035296      7.031888
   3.62824      6.894560      6.889037
   3.68700      6.710584      6.703590
   3.74577      6.509285      6.501594
   3.80453      6.298796      6.291337
   3.86330      6.067488      6.061738
   3.92207      5.837717      5.835320
   3.98083      5.981498      5.972160
   4.03960      5.904624      5.892876
   4.09837      5.802139      5.790094
   4.15713      5.731026      5.718853
   4.21590      5.688811      5.676587
   4.27466      5.674781      5.662543
 
# Band-Index   22
   4.27466      5.847415      5.822335
   4.21590      5.858931      5.833982
   4.15713      5.892561      5.868103
   4.09837      5.943930      5.920777
   4.03960      5.995528      5.976262
   3.98083      6.045923      6.034929
   3.92207      6.246348      6.237323
   3.86330      6.535120      6.529187
   3.80453      6.819332      6.793000
   3.74577      7.047174      7.022218
   3.68700      7.217875      7.214753
   3.62824      7.123034      7.122209
   3.56947      7.137116      7.135210
   3.51070      7.250855      7.250888
   3.45194      7.245036      7.245068
   3.39317      7.242449      7.242483
   3.33440      7.249233      7.249266
   3.27564      7.275910      7.275939
   3.21687      7.333181      7.333211
   3.15811      7.378448      7.378483
   3.15811      7.378448      7.378483
   3.11655      7.381041      7.322587
   3.07500      7.388536      7.204882
   3.03344      7.399834      7.076025
   2.99189      7.411955      7.031604
   2.95034      7.416458      7.089932
   2.90878      7.388380      7.163345
   2.86723      7.283757      7.249006
   2.82567      7.101450      7.325835
   2.78412      7.091310      7.253735
   2.74257      7.084673      7.061552
   2.70101      7.070364      6.998070
   2.65946      7.050576      6.985724
   2.61790      7.027936      6.971778
   2.57635      7.004925      6.957539
   2.53480      7.015921      6.944219
   2.49324      6.965577      7.006702
   2.45169      6.951955      6.994417
   2.41013      6.943498      6.918734
   2.36858      6.940633      6.916893
   2.36858      6.940633      6.916893
   2.32703      6.961756      6.993358
   2.28547      6.996556      7.071932
   2.24392      6.997466      7.093241
   2.20236      6.890027      7.042043
   2.16081      6.742656      6.937156
   2.11926      6.609496      6.804818
   2.07770      6.493222      6.661959
   2.03615      6.395379      6.518004
   1.99459      6.314713      6.378526
   1.95304      6.211852      6.247185
   1.91149      6.102335      6.126555
   1.86993      6.004002      6.018440
   1.82838      5.995221      5.951413
   1.78682      5.970567      5.947150
   1.74527      5.931235      5.911057
   1.70371      5.896071      5.874661
   1.66216      5.869429      5.846177
   1.62061      5.852971      5.828371
   1.57905      5.847415      5.822335
   1.57905      5.847415      5.822335
   1.53750      5.853399      5.827965
   1.49594      5.871019      5.844665
   1.45439      5.899078      5.871779
   1.41284      5.934497      5.907819
   1.37128      5.967983      5.949063
   1.32973      5.964524      5.980281
   1.28817      6.029901      5.992141
   1.24662      6.137677      6.090661
   1.20507      6.257894      6.200430
   1.16351      6.388747      6.295833
   1.12196      6.527649      6.378055
   1.08040      6.670899      6.477323
   1.03885      6.812836      6.594884
   0.99730      6.943888      6.729238
   0.95574      7.046986      6.877771
   0.91419      7.096129      6.993388
   0.87263      7.073391      6.994138
   0.83108      6.994402      6.960143
   0.78953      6.918292      6.939209
   0.78953      6.918293      6.939209
   0.74797      6.920119      6.942086
   0.70642      6.994745      6.950580
   0.66486      7.007942      6.964264
   0.62331      6.945381      7.015297
   0.58176      6.958577      7.003812
   0.54020      6.972671      7.026957
   0.49865      6.986462      7.049753
   0.45709      6.998649      7.069707
   0.41554      7.061869      7.084187
   0.37399      7.253909      7.090983
   0.33243      7.325768      7.101407
   0.29088      7.249012      7.283775
   0.24932      7.163332      7.388448
   0.20777      7.089894      7.416498
   0.16622      7.031547      7.411981
   0.12466      7.076017      7.399860
   0.08311      7.204865      7.388566
   0.04155      7.322559      7.381075
   0.00000      7.378448      7.378483
 
# Band-Index   23
   0.00000      7.900274      7.900256
   0.04155      7.971698      7.952345
   0.08311      8.135765      8.090312
   0.12466      8.106345      8.047614
   0.16622      8.037336      7.947506
   0.20777      7.942704      7.832049
   0.24932      7.821852      7.725796
   0.29088      7.677951      7.671409
   0.33243      7.532872      7.668321
   0.37399      7.526909      7.683816
   0.41554      7.631411      7.699239
   0.45709      7.743262      7.706037
   0.49865      7.838715      7.701361
   0.54020      7.868903      7.622829
   0.58176      7.664239      7.319167
   0.62331      7.422025      7.030865
   0.66486      7.187519      7.215319
   0.70642      7.080027      7.384572
   0.74797      7.126660      7.495155
   0.78953      7.142697      7.532430
   0.78953      7.142697      7.532430
   0.83108      7.151529      7.380807
   0.87263      7.167527      7.206537
   0.91419      7.160744      7.037767
   0.95574      7.102398      6.936987
   0.99730      6.999991      6.836752
   1.03885      6.878271      6.713074
   1.08040      6.752840      6.580579
   1.12196      6.631177      6.447921
   1.16351      6.517346      6.320176
   1.20507      6.414733      6.226504
   1.24662      6.328906      6.166854
   1.28817      6.276482      6.126996
   1.32973      6.309512      6.182827
   1.37128      6.443471      6.346325
   1.41284      6.586958      6.528224
   1.45439      6.683216      6.668900
   1.49594      6.727204      6.724467
   1.53750      6.741926      6.737725
   1.57905      6.745040      6.740070
   1.57905      6.745040      6.740070
   1.62061      6.742728      6.736950
   1.66216      6.729477      6.722224
   1.70371      6.673237      6.678241
   1.74527      6.531458      6.581695
   1.78682      6.350197      6.436252
   1.82838      6.192243      6.295027
   1.86993      6.148180      6.252679
   1.91149      6.188773      6.302644
   1.95304      6.247024      6.388257
   1.99459      6.331279      6.491191
   2.03615      6.458557      6.605636
   2.07770      6.590584      6.728258
   2.11926      6.722193      6.855222
   2.16081      6.844611      6.979550
   2.20236      6.943110      7.086471
   2.24392      7.048841      7.151044
   2.28547      7.216356      7.162631
   2.32703      7.389211      7.148744
   2.36858      7.538130      7.140444
   2.36858      7.538130      7.140444
   2.41013      7.499949      7.124560
   2.45169      7.387416      7.078321
   2.49324      7.216683      7.186936
   2.53480      7.031075      7.420827
   2.57635      7.319694      7.661568
   2.61790      7.624264      7.863861
   2.65946      7.706247      7.834272
   2.70101      7.709761      7.740639
   2.74257      7.701942      7.629888
   2.78412      7.685749      7.525713
   2.82567      7.669758      7.531647
   2.86723      7.672585      7.676943
   2.90878      7.726793      7.820983
   2.95034      7.832830      7.941969
   2.99189      7.948090      8.036764
   3.03344      8.048025      8.105953
   3.07500      8.090336      8.135747
   3.11655      7.952363      7.971684
   3.15811      7.900274      7.900256
   3.15811      7.900274      7.900256
   3.21687      8.017397      8.017380
   3.27564      8.081866      8.081398
   3.33440      7.942460      7.941449
   3.39317      7.746271      7.744510
   3.45194      7.516431      7.514019
   3.51070      7.292046      7.289450
   3.56947      7.255569      7.255525
   3.62824      7.254684      7.254373
   3.68700      7.244730      7.240270
   3.74577      7.236743      7.235760
   3.80453      6.894053      6.889990
   3.86330      6.621308      6.594893
   3.92207      6.469604      6.444527
   3.98083      6.407035      6.388631
   4.03960      6.487475      6.478585
   4.09837      6.620752      6.615065
   4.15713      6.708391      6.703260
   4.21590      6.739274      6.734263
   4.27466      6.745040      6.740070
 
# Band-Index   24
   4.27466      6.897230      6.897094
   4.21590      6.946207      6.946061
   4.15713      7.087202      7.087009
   4.09837      7.086159      7.085536
   4.03960      7.078227      7.077429
   3.98083      7.100384      7.099761
   3.92207      7.134076      7.133653
   3.86330      7.171570      7.171243
   3.80453      7.207122      7.206742
   3.74577      7.259251      7.255471
   3.68700      7.363606      7.343697
   3.62824      7.619720      7.592955
   3.56947      7.823370      7.816477
   3.51070      7.916414      7.909330
   3.45194      8.056583      8.050562
   3.39317      8.215919      8.211709
   3.33440      8.356324      8.353933
   3.27564      8.280597      8.280572
   3.21687      8.161864      8.161660
   3.15811      8.186265      8.186129
   3.15811      8.186265      8.186129
   3.11655      8.170395      8.177829
   3.07500      8.123571      8.152062
   3.03344      8.283279      8.341529
   2.99189      8.436766      8.397475
   2.95034      8.384026      8.362065
   2.90878      8.339087      8.333739
   2.86723      8.308486      8.317558
   2.82567      8.297586      8.317646
   2.78412      8.309977      8.336912
   2.74257      8.223778      8.238910
   2.70101      8.091933      8.131002
   2.65946      7.899120      8.012318
   2.61790      7.692668      7.897560
   2.57635      7.672730      7.926287
   2.53480      7.650706      7.930464
   2.49324      7.630232      7.922612
   2.45169      7.613930      7.912096
   2.41013      7.603551      7.903709
   2.36858      7.599998      7.901493
   2.36858      7.599998      7.901493
   2.32703      7.746454      7.844853
   2.28547      7.882786      7.742524
   2.24392      7.883355      7.665132
   2.20236      7.727906      7.639015
   2.16081      7.569944      7.635136
   2.11926      7.422661      7.612847
   2.07770      7.289951      7.562798
   2.03615      7.174848      7.496141
   1.99459      7.079921      7.424084
   1.95304      7.006322      7.353399
   1.91149      6.952710      7.288210
   1.86993      6.915476      7.232023
   1.82838      6.890746      7.189701
   1.78682      6.877431      7.170257
   1.74527      6.883040      7.189719
   1.70371      6.941459      7.080912
   1.66216      7.010250      6.979358
   1.62061      6.925906      6.917737
   1.57905      6.897230      6.897094
   1.57905      6.897230      6.897094
   1.53750      6.917881      6.925769
   1.49594      6.979531      7.010107
   1.45439      7.081152      6.940170
   1.41284      7.191637      6.879830
   1.37128      7.172866      6.873009
   1.32973      7.192762      6.885338
   1.28817      7.235389      6.908927
   1.24662      7.291841      6.944733
   1.20507      7.357330      6.996649
   1.16351      7.428412      7.068444
   1.12196      7.501033      7.161651
   1.08040      7.568512      7.275229
   1.03885      7.619781      7.406616
   0.99730      7.643996      7.552743
   0.95574      7.651257      7.709770
   0.91419      7.682098      7.865719
   0.87263      7.762294      7.871822
   0.83108      7.863884      7.739740
   0.78953      7.916996      7.590655
   0.78953      7.916996      7.590655
   0.74797      7.919800      7.594303
   0.70642      7.927370      7.604952
   0.66486      7.936919      7.621676
   0.62331      7.942868      7.642785
   0.58176      7.935891      7.665648
   0.54020      7.903963      7.686618
   0.49865      8.019117      7.895314
   0.45709      8.138484      8.085513
   0.41554      8.246454      8.216475
   0.37399      8.338854      8.308152
   0.33243      8.319301      8.295960
   0.29088      8.318955      8.307056
   0.24932      8.334892      8.337865
   0.20777      8.362987      8.383020
   0.16622      8.398182      8.435976
   0.12466      8.341570      8.283222
   0.08311      8.152314      8.123304
   0.04155      8.177994      8.170225
   0.00000      8.186265      8.186129
 
# Band-Index   25
   0.00000      8.496512      8.496272
   0.04155      8.488706      8.505139
   0.08311      8.466783      8.529039
   0.12466      8.434769      8.489399
   0.16622      8.568590      8.508313
   0.20777      8.649121      8.588279
   0.24932      8.606920      8.559912
   0.29088      8.536569      8.501088
   0.33243      8.448024      8.420029
   0.37399      8.349735      8.324470
   0.41554      8.379093      8.344841
   0.45709      8.439880      8.404724
   0.49865      8.376571      8.330048
   0.54020      8.319093      8.177775
   0.58176      8.211949      8.074891
   0.62331      8.087305      8.004856
   0.66486      8.011967      7.954797
   0.70642      7.965398      7.920454
   0.74797      7.939440      7.900245
   0.78953      7.931052      7.893563
   0.78953      7.931052      7.893563
   0.83108      7.915295      7.883430
   0.87263      7.888364      7.892003
   0.91419      7.894127      7.896414
   0.95574      7.957320      7.973648
   0.99730      8.056970      8.079683
   1.03885      8.144988      8.163445
   1.08040      8.173559      8.178092
   1.12196      8.137464      8.129733
   1.16351      8.065639      8.051267
   1.20507      7.980346      7.963592
   1.24662      7.890495      7.876542
   1.28817      7.781206      7.794852
   1.32973      7.593262      7.719888
   1.37128      7.394092      7.538138
   1.41284      7.220641      7.324354
   1.45439      7.263460      7.145347
   1.49594      7.372380      7.084282
   1.53750      7.365473      7.252103
   1.57905      7.348521      7.348587
   1.57905      7.348521      7.348587
   1.62061      7.252067      7.365539
   1.66216      7.084462      7.371871
   1.70371      7.145507      7.262337
   1.74527      7.324569      7.220237
   1.78682      7.538657      7.393180
   1.82838      7.754520      7.589684
   1.86993      7.830939      7.757949
   1.91149      7.912413      7.856783
   1.95304      7.999086      7.945755
   1.99459      8.085998      8.031623
   2.03615      8.162700      8.105380
   2.07770      8.206852      8.145988
   2.11926      8.184756      8.124628
   2.16081      8.094423      8.042503
   2.20236      7.985467      7.945366
   2.24392      7.907568      7.882688
   2.28547      7.899395      7.877287
   2.32703      7.893942      7.905013
   2.36858      7.903784      7.921213
   2.36858      7.903784      7.921213
   2.41013      7.910445      7.929639
   2.45169      7.930584      7.955728
   2.49324      7.964795      8.002589
   2.53480      8.014613      8.078602
   2.57635      8.084172      8.204802
   2.61790      8.185929      8.300673
   2.65946      8.351017      8.357108
   2.70101      8.407075      8.432918
   2.74257      8.346891      8.376814
   2.78412      8.331642      8.342499
   2.82567      8.426553      8.441395
   2.86723      8.506579      8.530853
   2.90878      8.564081      8.602410
   2.95034      8.591060      8.645975
   2.99189      8.508503      8.568439
   3.03344      8.489985      8.434250
   3.07500      8.529525      8.466412
   3.11655      8.505435      8.488433
   3.15811      8.496512      8.496272
   3.15811      8.496512      8.496272
   3.21687      8.493420      8.493045
   3.27564      8.452856      8.451794
   3.33440      8.602294      8.602215
   3.39317      8.807322      8.806974
   3.45194      8.564844      8.537444
   3.51070      8.239325      8.212151
   3.56947      7.921536      7.894570
   3.62824      7.736959      7.731043
   3.68700      7.559536      7.554914
   3.74577      7.459568      7.457934
   3.80453      7.628516      7.626997
   3.86330      7.622061      7.619736
   3.92207      7.515416      7.512925
   3.98083      7.418551      7.416329
   4.03960      7.366378      7.364694
   4.09837      7.305626      7.305249
   4.15713      7.152925      7.152744
   4.21590      7.268683      7.268715
   4.27466      7.348521      7.348587
 
# Band-Index   26
   4.27466      7.526922      7.509383
   4.21590      7.489775      7.489673
   4.15713      7.421881      7.421316
   4.09837      7.370207      7.369116
   4.03960      7.583009      7.581059
   3.98083      7.828336      7.794873
   3.92207      7.959935      7.924313
   3.86330      8.102861      8.067531
   3.80453      8.234044      8.224556
   3.74577      8.347225      8.344122
   3.68700      8.588974      8.574840
   3.62824      8.805478      8.779834
   3.56947      9.011886      8.988129
   3.51070      9.108060      9.103432
   3.45194      8.951389      8.950912
   3.39317      8.886792      8.860847
   3.33440      8.693265      8.692944
   3.27564      8.614642      8.614314
   3.21687      8.580590      8.580267
   3.15811      8.578499      8.578243
   3.15811      8.578499      8.578243
   3.11655      8.567343      8.587310
   3.07500      8.536078      8.611093
   3.03344      8.561118      8.639331
   2.99189      8.586710      8.656179
   2.95034      8.744240      8.798263
   2.90878      8.915962      8.939354
   2.86723      8.880106      8.867886
   2.82567      8.765143      8.746996
   2.78412      8.646112      8.630466
   2.74257      8.535917      8.524607
   2.70101      8.436831      8.437175
   2.65946      8.356150      8.516053
   2.61790      8.279767      8.415896
   2.57635      8.225219      8.263390
   2.53480      8.191824      8.248422
   2.49324      8.187277      8.257823
   2.45169      8.226450      8.294101
   2.41013      8.316882      8.363567
   2.36858      8.399744      8.441620
   2.36858      8.399744      8.441620
   2.32703      8.302936      8.349585
   2.28547      8.134498      8.358615
   2.24392      8.133012      8.317926
   2.20236      8.266147      8.265378
   2.16081      8.390793      8.240240
   2.11926      8.426833      8.260336
   2.07770      8.401030      8.312438
   2.03615      8.354633      8.363960
   1.99459      8.287605      8.383192
   1.95304      8.202965      8.303568
   1.91149      8.105755      8.093446
   1.86993      8.001855      7.868050
   1.82838      7.782814      7.734338
   1.78682      7.695111      7.661845
   1.74527      7.641818      7.598393
   1.70371      7.599983      7.494565
   1.66216      7.569867      7.415615
   1.62061      7.538959      7.476199
   1.57905      7.526922      7.509383
   1.57905      7.526922      7.509383
   1.53750      7.476290      7.515460
   1.49594      7.415553      7.533646
   1.45439      7.494501      7.563810
   1.41284      7.598330      7.605745
   1.37128      7.697133      7.659404
   1.32973      7.766848      7.781306
   1.28817      7.880706      8.001999
   1.24662      8.095357      8.105901
   1.20507      8.303509      8.203113
   1.16351      8.384425      8.287758
   1.12196      8.365178      8.354790
   1.08040      8.313703      8.401191
   1.03885      8.261914      8.427000
   0.99730      8.242660      8.388916
   0.95574      8.269401      8.263207
   0.91419      8.324708      8.127384
   0.87263      8.370444      8.115797
   0.83108      8.363406      8.280519
   0.78953      8.337227      8.399919
   0.78953      8.337227      8.399919
   0.74797      8.325034      8.283195
   0.70642      8.297669      8.198293
   0.66486      8.273597      8.164016
   0.62331      8.266553      8.169921
   0.58176      8.281753      8.203880
   0.54020      8.420563      8.258551
   0.49865      8.519445      8.350667
   0.45709      8.451962      8.416203
   0.41554      8.543219      8.515519
   0.37399      8.648336      8.626423
   0.33243      8.764315      8.745849
   0.29088      8.882482      8.862851
   0.24932      8.947057      8.908448
   0.20777      8.799120      8.743288
   0.16622      8.658090      8.585073
   0.12466      8.640376      8.560224
   0.08311      8.611648      8.535663
   0.04155      8.587633      8.567045
   0.00000      8.578499      8.578243
 
# Band-Index   27
   0.00000      9.987096      9.979939
   0.04155      9.928683      9.953689
   0.08311      9.773407      9.801975
   0.12466      9.599769      9.617721
   0.16622      9.430455      9.442099
   0.20777      9.283354      9.290854
   0.24932      9.241907      9.236132
   0.29088      9.252231      9.227483
   0.33243      9.115786      9.096737
   0.37399      8.989831      8.981224
   0.41554      8.881650      8.885235
   0.45709      8.799026      8.636045
   0.49865      8.721668      8.484349
   0.54020      8.614195      8.578522
   0.58176      8.718220      8.660360
   0.62331      8.757281      8.625654
   0.66486      8.770752      8.597454
   0.70642      8.778043      8.576560
   0.74797      8.780914      8.549266
   0.78953      8.781580      8.420269
   0.78953      8.781580      8.420269
   0.83108      8.799168      8.402891
   0.87263      8.888198      8.410984
   0.91419      8.907596      8.421899
   0.95574      8.883038      8.431776
   0.99730      8.840535      8.435442
   1.03885      8.775492      8.485594
   1.08040      8.686282      8.541600
   1.12196      8.574772      8.549402
   1.16351      8.445385      8.513150
   1.20507      8.336872      8.447723
   1.24662      8.154982      8.291828
   1.28817      8.005055      8.034546
   1.32973      7.858889      7.897314
   1.37128      7.721580      7.797415
   1.41284      7.642488      7.707401
   1.45439      7.600184      7.631852
   1.49594      7.569914      7.574713
   1.53750      7.551712      7.539104
   1.57905      7.545636      7.527067
   1.57905      7.545636      7.527067
   1.62061      7.551705      7.515473
   1.66216      7.574569      7.533724
   1.70371      7.631708      7.564094
   1.74527      7.707257      7.606616
   1.78682      7.797272      7.721641
   1.82838      7.897171      7.858949
   1.86993      8.034466      8.005115
   1.91149      8.291750      8.155042
   1.95304      8.452687      8.336369
   1.99459      8.517520      8.445446
   2.03615      8.552626      8.574836
   2.07770      8.543673      8.686349
   2.11926      8.487166      8.775563
   2.16081      8.435273      8.840610
   2.20236      8.431606      8.883118
   2.24392      8.421727      8.907678
   2.28547      8.410812      8.920021
   2.32703      8.402721      8.925178
   2.36858      8.496654      8.926456
   2.36858      8.496654      8.926456
   2.41013      8.570577      8.909152
   2.45169      8.652454      8.887981
   2.49324      8.708752      8.874561
   2.53480      8.748226      8.811562
   2.57635      8.685203      8.711829
   2.61790      8.582094      8.609724
   2.65946      8.487161      8.718920
   2.70101      8.638490      8.836567
   2.74257      8.943189      8.897903
   2.78412      9.033519      9.000118
   2.82567      9.144541      9.122507
   2.86723      9.279721      9.271694
   2.90878      9.251495      9.235589
   2.95034      9.309946      9.267744
   2.99189      9.461069      9.414642
   3.03344      9.635967      9.584371
   3.07500      9.818384      9.759439
   3.11655      9.961403      9.917470
   3.15811      9.987097      9.979939
   3.15811      9.987097      9.979939
   3.21687      9.846441      9.830399
   3.27564      9.533832      9.511822
   3.33440      9.213223      9.187682
   3.39317      8.948517      8.947174
   3.45194      9.255801      9.255534
   3.51070      9.228862      9.209551
   3.56947      9.191823      9.188710
   3.62824      8.882086      8.878825
   3.68700      8.603806      8.585750
   3.74577      8.425122      8.392681
   3.80453      8.258981      8.231504
   3.86330      8.383013      8.381354
   3.92207      8.281938      8.281733
   3.98083      7.926840      7.924246
   4.03960      7.740381      7.706138
   4.09837      7.654563      7.618658
   4.15713      7.594128      7.557981
   4.21590      7.557779      7.521548
   4.27466      7.545636      7.527067
 
# Band-Index   28
   4.27466      7.609015      7.608982
   4.21590      7.713536      7.713494
   4.15713      7.892985      7.892848
   4.09837      8.083496      8.083211
   4.03960      8.269979      8.269516
   3.98083      8.447593      8.446967
   3.92207      8.614060      8.613783
   3.86330      8.667642      8.667573
   3.80453      8.964245      8.963051
   3.74577      9.146777      9.145507
   3.68700      9.332226      9.330809
   3.62824      9.464617      9.457133
   3.56947      9.335907      9.333994
   3.51070      9.422588      9.421558
   3.45194      9.367453      9.346394
   3.39317      9.506802      9.488446
   3.33440      9.652924      9.637594
   3.27564      9.808377      9.796587
   3.21687      9.937974      9.929571
   3.15811     10.002642      9.993575
   3.15811     10.002642      9.993575
   3.11655      9.978145      9.958258
   3.07500      9.898462      9.906222
   3.03344      9.808730      9.790003
   2.99189      9.681037      9.657428
   2.95034      9.545392      9.519228
   2.90878      9.411570      9.389049
   2.86723      9.439287      9.454715
   2.82567      9.743765      9.668110
   2.78412      9.396519      9.565105
   2.74257      9.002433      9.470324
   2.70101      8.882056      9.082588
   2.65946      8.851157      8.806474
   2.61790      8.824060      8.856538
   2.57635      8.789065      8.859933
   2.53480      8.787495      8.870261
   2.49324      8.876534      8.890991
   2.45169      8.938134      8.934134
   2.41013      8.967772      8.948781
   2.36858      8.977377      8.952001
   2.36858      8.977377      8.952001
   2.32703      8.994624      8.966915
   2.28547      9.024356      8.986445
   2.24392      9.000331      8.963373
   2.20236      8.934275      8.904128
   2.16081      8.871787      8.845823
   2.11926      8.852999      8.825856
   2.07770      8.894907      8.845268
   2.03615      8.889815      8.762999
   1.99459      8.749233      8.569040
   1.95304      8.536890      8.351914
   1.91149      8.372997      8.272040
   1.86993      8.288156      8.161263
   1.82838      8.202554      8.040143
   1.78682      8.116222      7.924494
   1.74527      8.025799      7.823829
   1.70371      7.925926      7.742421
   1.66216      7.812045      7.680461
   1.62061      7.687984      7.634566
   1.57905      7.609015      7.608982
   1.57905      7.609015      7.608982
   1.53750      7.634511      7.687824
   1.49594      7.680378      7.811511
   1.45439      7.742356      7.924766
   1.41284      7.823824      8.023817
   1.37128      7.924606      8.113333
   1.32973      8.040448      8.198788
   1.28817      8.161842      8.283658
   1.24662      8.272932      8.368044
   1.20507      8.353054      8.536977
   1.16351      8.569072      8.749268
   1.12196      8.763026      8.888865
   1.08040      8.850320      8.888119
   1.03885      8.841525      8.836865
   0.99730      8.869332      8.847710
   0.95574      8.932158      8.905597
   0.91419      8.994377      8.968680
   0.87263      8.919963      8.919036
   0.83108      8.925177      8.709733
   0.78953      8.926543      8.559396
   0.78953      8.926543      8.559396
   0.74797      8.924142      8.563780
   0.70642      8.925710      8.676052
   0.66486      8.908226      8.783900
   0.62331      8.821709      8.779943
   0.58176      8.740567      8.680271
   0.54020      8.732321      8.701271
   0.49865      8.748756      8.749662
   0.45709      9.084467      8.809249
   0.41554      9.343859      9.001489
   0.37399      9.446416      9.396395
   0.33243      9.525146      9.513530
   0.29088      9.419411      9.396935
   0.24932      9.393104      9.367455
   0.20777      9.534167      9.510644
   0.16622      9.673103      9.651128
   0.12466      9.808163      9.781634
   0.08311      9.914952      9.889556
   0.04155      9.965906      9.966633
   0.00000     10.002564      9.993559
 
# Band-Index   29
   0.00000     10.078594     10.067928
   0.04155     10.036072      9.975986
   0.08311      9.934417      9.891591
   0.12466      9.861991      9.817315
   0.16622      9.835396      9.764851
   0.20777      9.855367      9.752487
   0.24932      9.910620      9.785685
   0.29088      9.794889      9.826549
   0.33243      9.697222      9.713584
   0.37399      9.594680      9.448778
   0.41554      9.482419      9.346038
   0.45709      9.246615      9.242917
   0.49865      9.159551      9.145230
   0.54020      9.084385      9.053363
   0.58176      9.022216      8.965492
   0.62331      8.974176      8.877754
   0.66486      8.941648      8.863884
   0.70642      8.959429      8.917750
   0.74797      8.978149      8.941044
   0.78953      8.981996      8.946633
   0.78953      8.981996      8.946633
   0.83108      8.998387      8.965602
   0.87263      9.018950      8.992631
   0.91419      9.059096      9.132305
   0.95574      9.271710      9.268766
   0.99730      9.257631      9.292399
   1.03885      9.191158      9.253147
   1.08040      9.121741      9.206685
   1.12196      9.189595      9.189070
   1.16351      9.383903      9.201271
   1.20507      9.498114      9.232295
   1.24662      9.426798      9.268616
   1.28817      9.338278      9.290864
   1.32973      9.244390      9.231554
   1.37128      9.151123      9.113660
   1.41284      9.058707      9.001007
   1.45439      8.966894      8.905411
   1.49594      8.880458      8.832558
   1.53750      8.813739      8.786949
   1.57905      8.787766      8.771438
   1.57905      8.787766      8.771438
   1.62061      8.803154      8.797173
   1.66216      8.848358      8.863202
   1.70371      8.920454      8.948690
   1.74527      9.014827      9.039629
   1.78682      9.125402      9.131495
   1.82838      9.238341      9.224635
   1.86993      9.290833      9.318893
   1.91149      9.269829      9.408476
   1.95304      9.235053      9.481537
   1.99459      9.205700      9.379439
   2.03615      9.195404      9.183038
   2.07770      9.214732      9.115349
   2.11926      9.262379      9.187593
   2.16081      9.294359      9.255100
   2.20236      9.270884      9.258005
   2.24392      9.223665      9.087650
   2.28547      9.191432      9.251108
   2.32703      9.203486      9.254658
   2.36858      9.218495      9.264675
   2.36858      9.218495      9.264675
   2.41013      9.207964      9.245819
   2.45169      9.190258      9.202679
   2.49324      9.187271      9.170602
   2.53480      9.207051      9.170819
   2.57635      9.247068      9.199415
   2.61790      9.302200      9.247485
   2.65946      9.370317      9.310239
   2.70101      9.449092      9.384984
   2.74257      9.538679      9.480646
   2.78412      9.637357      9.898276
   2.82567      9.757638      9.784447
   2.86723      9.850324      9.777763
   2.90878      9.796901      9.891834
   2.95034      9.763572      9.843970
   2.99189      9.775598      9.824754
   3.03344      9.827332      9.852170
   3.07500      9.910551      9.916432
   3.11655      9.989785     10.022498
   3.15811     10.078665     10.067940
   3.15811     10.078665     10.067940
   3.21687     10.044778     10.034791
   3.27564     10.042024     10.033363
   3.33440     10.001515      9.995779
   3.39317      9.861329      9.858103
   3.45194      9.732728      9.729573
   3.51070      9.570970      9.567575
   3.56947      9.584790      9.582799
   3.62824      9.499355      9.497637
   3.68700      9.402013      9.395423
   3.74577      9.386133      9.383745
   3.80453      9.064679      9.064513
   3.86330      8.789927      8.788762
   3.92207      8.692977      8.690291
   3.98083      8.978066      8.973418
   4.03960      9.100416      9.088038
   4.09837      9.037125      9.020815
   4.15713      8.925598      8.908902
   4.21590      8.827844      8.811399
   4.27466      8.787766      8.771438
 
# Band-Index   30
   4.27466      9.454308      9.450206
   4.21590      9.464313      9.460516
   4.15713      9.484744      9.481575
   4.09837      9.485521      9.482368
   4.03960      9.445240      9.438717
   3.98083      9.460694      9.447376
   3.92207      9.557075      9.542736
   3.86330      9.669141      9.656418
   3.80453      9.742234      9.739264
   3.74577      9.641116      9.639161
   3.68700      9.839014      9.838495
   3.62824      9.622595      9.620250
   3.56947      9.760609      9.750302
   3.51070      9.928737      9.926943
   3.45194      9.987910      9.984773
   3.39317     10.031787     10.026804
   3.33440     10.067027     10.060053
   3.27564     10.247897     10.237322
   3.21687     10.370354     10.357373
   3.15811     10.389004     10.378287
   3.15811     10.389004     10.378287
   3.11655     10.379082     10.359188
   3.07500     10.344953     10.304409
   3.03344     10.281344     10.221223
   2.99189     10.191683     10.119225
   2.95034     10.085339     10.007224
   2.90878      9.971291      9.912417
   2.86723      9.856057     10.011258
   2.82567      9.826446     10.101882
   2.78412      9.742533     10.040063
   2.74257      9.655109      9.918202
   2.70101      9.612594      9.812016
   2.65946      9.619168      9.759869
   2.61790      9.670614      9.752924
   2.57635      9.751170      9.789264
   2.53480      9.824586      9.884677
   2.49324      9.852364      9.789724
   2.45169      9.833623      9.616385
   2.41013      9.764789      9.479788
   2.36858      9.673298      9.434190
   2.36858      9.673298      9.434190
   2.32703      9.658634      9.396209
   2.28547      9.587868      9.400389
   2.24392      9.353287      9.269214
   2.20236      9.349234      9.279836
   2.16081      9.322071      9.470854
   2.11926      9.281323      9.610026
   2.07770      9.249030      9.624074
   2.03615      9.297105      9.584099
   1.99459      9.481908      9.536006
   1.95304      9.721930      9.618320
   1.91149      9.597139      9.863726
   1.86993      9.457888      9.822065
   1.82838      9.400197      9.761632
   1.78682      9.410698      9.694323
   1.74527      9.427652      9.622370
   1.70371      9.440607      9.553982
   1.66216      9.448768      9.498349
   1.62061      9.453019      9.462508
   1.57905      9.454308      9.450206
   1.57905      9.454308      9.450206
   1.53750      9.466281      9.448907
   1.49594      9.501254      9.444607
   1.45439      9.555789      9.436284
   1.41284      9.623203      9.422887
   1.37128      9.694521      9.404730
   1.32973      9.761581      9.390154
   1.28817      9.822196      9.441832
   1.24662      9.867096      9.582963
   1.20507      9.621803      9.718568
   1.16351      9.551066      9.477929
   1.12196      9.598448      9.292192
   1.08040      9.638339      9.245388
   1.03885      9.625972      9.278965
   0.99730      9.485807      9.311040
   0.95574      9.281745      9.306335
   0.91419      9.268715      9.221192
   0.87263      9.251389      9.188692
   0.83108      9.256614      9.196038
   0.78953      9.263251      9.204869
   0.78953      9.263251      9.204869
   0.74797      9.246248      9.193952
   0.70642      9.209294      9.172274
   0.66486      9.185403      9.163647
   0.62331      9.193008      9.179957
   0.58176      9.225834      9.217678
   0.54020      9.275996      9.271725
   0.49865      9.339599      9.339147
   0.45709      9.414710      9.418252
   0.41554      9.500099      9.507828
   0.37399      9.900267      9.606725
   0.33243      9.842696      9.756713
   0.29088      9.806144      9.839838
   0.24932      9.919093      9.942985
   0.20777     10.032797     10.058781
   0.16622     10.142480     10.167731
   0.12466     10.241265     10.261057
   0.08311     10.320485     10.329056
   0.04155     10.371521     10.366915
   0.00000     10.389005     10.378288
 
# Band-Index   31
   0.00000     10.486204     10.461973
   0.04155     10.515026     10.461541
   0.08311     10.486078     10.396045
   0.12466     10.363842     10.325498
   0.16622     10.211408     10.253756
   0.20777     10.056352     10.097085
   0.24932      9.925257      9.951193
   0.29088     10.027215      9.840226
   0.33243     10.124237      9.860999
   0.37399     10.111694      9.748852
   0.41554     10.017630      9.664955
   0.45709      9.909189      9.621512
   0.49865      9.843122      9.624221
   0.54020      9.825718      9.671672
   0.58176      9.862582      9.752498
   0.62331      9.916573      9.840518
   0.66486      9.866818      9.834242
   0.70642      9.689353      9.808234
   0.74797      9.557814      9.771574
   0.78953      9.507339      9.734954
   0.78953      9.507339      9.734954
   0.83108      9.549585      9.697381
   0.87263      9.656358      9.623689
   0.91419      9.785143      9.547811
   0.95574      9.885733      9.517594
   0.99730      9.937390      9.665903
   1.03885     10.025664      9.883336
   1.08040     10.233496     10.051059
   1.12196     10.351101     10.037080
   1.16351     10.148366      9.907175
   1.20507      9.989843      9.745782
   1.24662      9.888449      9.962974
   1.28817     10.085674     10.167022
   1.32973     10.236423     10.287764
   1.37128     10.306263     10.330161
   1.41284     10.324832     10.332684
   1.45439     10.322109     10.321506
   1.49594     10.313693     10.308637
   1.53750     10.306650     10.299403
   1.57905     10.304018     10.296107
   1.57905     10.304018     10.296107
   1.62061     10.307300     10.298759
   1.66216     10.316485     10.305868
   1.70371     10.329247     10.314429
   1.74527     10.340203     10.317460
   1.78682     10.337194     10.299543
   1.82838     10.293773     10.230921
   1.86993     10.171534     10.081576
   1.91149      9.966471      9.887489
   1.95304      9.758048      9.987315
   1.99459      9.917742     10.144353
   2.03615     10.046337     10.346542
   2.07770     10.070226     10.215427
   2.11926      9.947918     10.017551
   2.16081      9.770133     10.126512
   2.20236      9.761562     10.088525
   2.24392      9.920393     10.379650
   2.28547      9.911466     10.409958
   2.32703      9.891661     10.430759
   2.36858      9.919178     10.438469
   2.36858      9.919178     10.438469
   2.41013      9.912805     10.375394
   2.45169      9.917502     10.232914
   2.49324     10.007521     10.068031
   2.53480     10.115818     10.023002
   2.57635     10.088371     10.211681
   2.61790     10.085968      9.983088
   2.65946     10.104092     10.039667
   2.70101     10.098053     10.096873
   2.74257     10.118317     10.141230
   2.78412     10.107052     10.120122
   2.82567      9.861248     10.215838
   2.86723      9.979328     10.235284
   2.90878     10.076261     10.240490
   2.95034     10.164454     10.261565
   2.99189     10.260914     10.316266
   3.03344     10.356657     10.401135
   3.07500     10.437527     10.474987
   3.11655     10.491194     10.494771
   3.15811     10.486238     10.461948
   3.15811     10.486238     10.461948
   3.21687     10.458475     10.437744
   3.27564     10.357840     10.342272
   3.33440     10.356048     10.338532
   3.39317     10.323489     10.304710
   3.45194     10.224803     10.206936
   3.51070     10.030049     10.015937
   3.56947      9.861950      9.860968
   3.62824      9.851818      9.850244
   3.68700      9.861231      9.857725
   3.74577      9.837051      9.830542
   3.80453      9.769012      9.759113
   3.86330      9.981615      9.978530
   3.92207     10.202501     10.198266
   3.98083     10.326127     10.320224
   4.03960     10.357080     10.350089
   4.09837     10.346418     10.338905
   4.15713     10.326004     10.318242
   4.21590     10.309920     10.302043
   4.27466     10.304018     10.296107
 
# Band-Index   32
   4.27466     11.842715     11.820687
   4.21590     11.850307     11.828938
   4.15713     11.671921     11.669185
   4.09837     11.309018     11.307428
   4.03960     11.031212     11.028832
   3.98083     10.892888     10.888781
   3.92207     10.857512     10.850864
   3.86330     10.730119     10.729406
   3.80453     10.412524     10.411972
   3.74577     10.114325     10.113807
   3.68700      9.968488      9.968209
   3.62824     10.360961     10.360213
   3.56947     10.527250     10.523723
   3.51070     10.597338     10.594909
   3.45194     10.534504     10.528598
   3.39317     10.620668     10.606987
   3.33440     10.624428     10.601308
   3.27564     10.586967     10.562172
   3.21687     10.546560     10.524220
   3.15811     10.522481     10.493559
   3.15811     10.522481     10.493559
   3.11655     10.552535     10.500673
   3.07500     10.822596     10.811287
   3.03344     10.990651     10.996790
   2.99189     10.873553     10.984054
   2.95034     10.695090     10.849855
   2.90878     10.526773     10.673701
   2.86723     10.336114     10.463500
   2.82567     10.097656     10.308561
   2.78412     10.121857     10.153074
   2.74257     10.144825     10.338549
   2.70101     10.123687     10.371830
   2.65946     10.713958     10.408327
   2.61790     10.554204     10.411836
   2.57635     10.376161     10.243062
   2.53480     10.202748     10.490446
   2.49324     10.267089     10.509560
   2.45169     10.431455     10.495778
   2.41013     10.605527     10.528766
   2.36858     10.702523     10.546562
   2.36858     10.702523     10.546562
   2.32703     10.691775     10.498140
   2.28547     10.661979     10.443599
   2.24392     10.619108     10.380700
   2.20236     10.572170     10.300673
   2.16081     10.342863     10.277153
   2.11926     10.509245     10.360300
   2.07770     10.439481     10.401704
   2.03615     10.552739     10.473934
   1.99459     10.628662     10.575336
   1.95304     10.740938     10.702801
   1.91149     10.886339     10.852569
   1.86993     10.978944     10.955910
   1.82838     11.135388     11.080202
   1.78682     11.383772     11.300097
   1.74527     11.679950     11.581634
   1.70371     11.816495     11.774424
   1.66216     11.848422     11.849550
   1.62061     11.845591     11.828034
   1.57905     11.842715     11.820687
   1.57905     11.842715     11.820687
   1.53750     11.850051     11.823822
   1.49594     11.871523     11.828400
   1.45439     11.774332     11.805483
   1.41284     11.583784     11.677879
   1.37128     11.302947     11.381204
   1.32973     11.084445     11.131655
   1.28817     10.961899     10.973418
   1.24662     10.852487     10.886472
   1.20507     10.702723     10.741066
   1.16351     10.575263     10.628783
   1.12196     10.473872     10.552800
   1.08040     10.401642     10.407385
   1.03885     10.360150     10.382150
   0.99730     10.305514     10.313622
   0.95574     10.119328     10.123601
   0.91419      9.977531      9.971580
   0.87263      9.887638      9.866024
   0.83108      9.842240      9.806139
   0.78953      9.828978      9.787037
   0.78953      9.828978      9.787037
   0.74797      9.834585      9.792367
   0.70642      9.851308      9.874972
   0.66486      9.878837      9.900722
   0.62331      9.953401      9.869627
   0.58176      9.963479      9.913054
   0.54020     10.017754      9.962207
   0.49865     10.076145     10.012964
   0.45709     10.132430     10.057857
   0.41554     10.174294     10.084219
   0.37399     10.162864     10.078569
   0.33243     10.308097      9.882717
   0.29088     10.306355      9.981735
   0.24932     10.312835     10.090114
   0.20777     10.339307     10.178971
   0.16622     10.385190     10.255655
   0.12466     10.442537     10.410958
   0.08311     10.494088     10.531341
   0.04155     10.518704     10.523657
   0.00000     10.520629     10.493344
 
# Band-Index   33
   0.00000     10.944140     10.918227
   0.04155     10.930503     10.935443
   0.08311     11.004038     10.984789
   0.12466     11.134300     11.100622
   0.16622     11.103371     11.007902
   0.20777     10.962717     10.828221
   0.24932     10.763313     10.637460
   0.29088     10.549569     10.326326
   0.33243     10.331896     10.075752
   0.37399     10.180214     10.145669
   0.41554     10.374589     10.233842
   0.45709     10.406824     10.192824
   0.49865     10.437886     10.162929
   0.54020     10.453411     10.145105
   0.58176     10.262414     10.145940
   0.62331     10.063499     10.183401
   0.66486     10.086968     10.027470
   0.70642     10.240106      9.926798
   0.74797     10.376215      9.935605
   0.78953     10.438452      9.937622
   0.78953     10.438452      9.937622
   0.83108     10.430749      9.979269
   0.87263     10.409949     10.066103
   0.91419     10.382582     10.168292
   0.95574     10.358236     10.271362
   0.99730     10.347635     10.351548
   1.03885     10.515483     10.509382
   1.08040     10.560327     10.514065
   1.12196     10.496025     10.569718
   1.16351     10.731580     10.818431
   1.20507     10.862162     10.906842
   1.24662     10.923013     10.913325
   1.28817     11.020596     11.060461
   1.32973     11.202802     11.257896
   1.37128     11.394108     11.473104
   1.41284     11.587878     11.699178
   1.45439     11.888301     11.926224
   1.49594     11.938074     12.003849
   1.53750     12.055683     12.072895
   1.57905     12.099515     12.099604
   1.57905     12.099515     12.099604
   1.62061     12.073059     12.055772
   1.66216     12.005729     11.938165
   1.70371     11.926072     11.883075
   1.74527     11.699029     11.587970
   1.78682     11.472958     11.394198
   1.82838     11.257753     11.202890
   1.86993     11.060323     11.020681
   1.91149     10.920426     10.915646
   1.95304     10.915217     10.856915
   1.99459     10.841473     10.717755
   2.03615     10.596694     10.475810
   2.07770     10.513969     10.561506
   2.11926     10.548636     10.490143
   2.16081     10.531897     10.347687
   2.20236     10.948719     10.358315
   2.24392     10.979026     10.717242
   2.28547     10.945099     10.676585
   2.32703     10.925940     10.652067
   2.36858     10.919549     10.643930
   2.36858     10.919549     10.643930
   2.41013     10.934196     10.645845
   2.45169     10.959718     10.536887
   2.49324     10.993805     10.657588
   2.53480     10.997902     10.640236
   2.57635     11.071388     10.470366
   2.61790     11.131019     10.456958
   2.65946     11.192678     10.603918
   2.70101     10.738430     10.714501
   2.74257     10.461699     10.427419
   2.78412     10.220336     10.307819
   2.82567     10.285996     10.331758
   2.86723     10.395521     10.764933
   2.90878     10.721471     10.997856
   2.95034     11.071082     11.068501
   2.99189     11.158042     11.132942
   3.03344     11.153381     11.155028
   3.07500     11.013299     10.986730
   3.11655     10.974050     10.931712
   3.15811     10.963101     10.932367
   3.15811     10.963101     10.932367
   3.21687     11.017767     10.960622
   3.27564     11.000143     10.959642
   3.33440     10.992788     10.961539
   3.39317     10.915815     10.953174
   3.45194     10.869981     10.864484
   3.51070     10.641613     10.638552
   3.56947     10.817484     10.817060
   3.62824     10.573152     10.570421
   3.68700     10.606326     10.603424
   3.74577     10.687025     10.684177
   3.80453     10.779838     10.776626
   3.86330     10.869876     10.860047
   3.92207     10.978284     10.974893
   3.98083     11.188214     11.185582
   4.03960     11.472862     11.470812
   4.09837     11.784639     11.782729
   4.15713     11.920413     11.901492
   4.21590     12.012710     12.012173
   4.27466     12.099515     12.099604
 
# Band-Index   34
   4.27466     12.365015     12.365170
   4.21590     12.272728     12.272843
   4.15713     12.094007     12.091939
   4.09837     11.989865     11.970801
   4.03960     11.815651     11.815075
   3.98083     11.441454     11.440856
   3.92207     11.086673     11.085893
   3.86330     10.874723     10.871086
   3.80453     10.907049     10.893564
   3.74577     10.974289     10.957174
   3.68700     11.080903     11.061296
   3.62824     11.168183     11.151954
   3.56947     10.884351     10.882381
   3.51070     11.013916     10.989755
   3.45194     10.921911     10.902342
   3.39317     11.068564     11.052027
   3.33440     11.130777     11.107294
   3.27564     11.088177     11.063447
   3.21687     11.039408     11.001282
   3.15811     11.004573     10.979991
   3.15811     11.004573     10.979991
   3.11655     11.032768     11.000004
   3.07500     11.097529     11.059862
   3.03344     11.180653     11.157231
   2.99189     11.303649     11.284293
   2.95034     11.154187     11.451345
   2.90878     11.054602     11.222502
   2.86723     10.992796     11.037323
   2.82567     10.970247     11.036724
   2.78412     11.021690     11.089248
   2.74257     11.129594     10.944586
   2.70101     11.066161     10.846988
   2.65946     11.300766     11.150410
   2.61790     11.673762     11.403235
   2.57635     11.570461     11.411127
   2.53480     11.423843     11.293536
   2.49324     11.325237     11.171825
   2.45169     11.236836     11.048375
   2.41013     11.190150     11.038104
   2.36858     11.116140     11.029656
   2.36858     11.116140     11.029656
   2.32703     11.155883     11.071912
   2.28547     11.062241     11.144553
   2.24392     11.006026     11.117804
   2.20236     11.026673     10.774332
   2.16081     10.888347     10.847050
   2.11926     10.852885     10.757717
   2.07770     10.740246     10.695877
   2.03615     10.868584     10.846237
   1.99459     10.914353     10.908723
   1.95304     11.083745     10.914963
   1.91149     11.263027     10.947781
   1.86993     11.380096     11.070657
   1.82838     11.485261     11.241773
   1.78682     11.598656     11.452526
   1.74527     11.717237     11.686652
   1.70371     11.946122     11.886358
   1.66216     12.137098     12.142231
   1.62061     12.300197     12.303495
   1.57905     12.365015     12.365170
   1.57905     12.365015     12.365170
   1.53750     12.303368     12.300352
   1.49594     12.142182     12.137253
   1.45439     11.903984     11.935320
   1.41284     11.686784     11.713921
   1.37128     11.452823     11.597061
   1.32973     11.242323     11.483862
   1.28817     11.071650     11.377599
   1.24662     10.949709     11.255794
   1.20507     10.923556     11.067149
   1.16351     10.919419     10.904023
   1.12196     10.861402     10.854050
   1.08040     10.716897     10.719251
   1.03885     10.702035     10.522916
   0.99730     10.608346     10.532037
   0.95574     10.488132     10.572313
   0.91419     10.454663     10.619219
   0.87263     10.476472     10.662070
   0.83108     10.506986     10.691862
   0.78953     10.519908     10.702513
   0.78953     10.519908     10.702513
   0.74797     10.525162     10.606223
   0.70642     10.525088     10.436431
   0.66486     10.518167     10.282331
   0.62331     10.505832     10.206483
   0.58176     10.488259     10.392029
   0.54020     10.465622     10.569388
   0.49865     10.630905     10.721457
   0.45709     10.734612     10.741236
   0.41554     10.432013     10.466238
   0.37399     10.345486     10.289009
   0.33243     10.355566     10.366285
   0.29088     10.750941     10.479135
   0.24932     11.007500     10.711945
   0.20777     11.097789     11.041784
   0.16622     11.162456     11.128387
   0.12466     11.172885     11.127455
   0.08311     11.074508     11.056655
   0.04155     11.013486     10.959723
   0.00000     11.004560     10.979989
 
# Band-Index   35
   0.00000     11.001279     10.974562
   0.04155     11.023072     11.008445
   0.08311     11.079438     11.073224
   0.12466     11.181731     11.171434
   0.16622     11.296895     11.289122
   0.20777     11.435936     11.149133
   0.24932     11.219354     11.030705
   0.29088     10.994722     10.964861
   0.33243     10.973810     10.941224
   0.37399     11.050385     10.988780
   0.41554     10.971750     11.123262
   0.45709     10.855620     11.062726
   0.49865     11.090751     11.270694
   0.54020     11.009888     11.196825
   0.58176     10.932740     11.130101
   0.62331     10.857764     11.070349
   0.66486     10.784213     11.016742
   0.70642     10.715748     10.969439
   0.74797     10.663864     10.933601
   0.78953     10.644047     10.919696
   0.78953     10.644047     10.919696
   0.83108     10.652204     10.926395
   0.87263     10.676654     10.946495
   0.91419     10.717335     10.980008
   0.95574     10.774138     10.964517
   0.99730     10.846907     10.970272
   1.03885     10.901812     11.048598
   1.08040     11.039292     11.202104
   1.12196     11.134411     11.347879
   1.16351     11.146331     11.460408
   1.20507     11.333238     11.534577
   1.24662     11.596663     11.648267
   1.28817     11.766002     11.807839
   1.32973     11.943492     11.899307
   1.37128     11.997636     11.922711
   1.41284     11.949779     11.921179
   1.45439     11.926724     11.982944
   1.49594     12.182657     12.257650
   1.53750     12.419907     12.449494
   1.57905     12.519184     12.515813
   1.57905     12.519184     12.515813
   1.62061     12.452507     12.417117
   1.66216     12.260008     12.180517
   1.70371     11.984958     11.925693
   1.74527     11.939481     11.928022
   1.78682     11.942344     11.976271
   1.82838     11.918477     11.943606
   1.86993     11.825707     11.766121
   1.91149     11.665436     11.596788
   1.95304     11.565640     11.319264
   1.99459     11.460275     11.155087
   2.03615     11.347745     11.158259
   2.07770     11.247851     11.039429
   2.11926     11.160896     10.935557
   2.16081     11.087418     10.902626
   2.20236     11.371222     11.017115
   2.24392     11.325138     11.265106
   2.28547     11.214215     11.221538
   2.32703     11.176914     11.323640
   2.36858     11.293600     11.450426
   2.36858     11.293600     11.450426
   2.41013     11.208770     11.483717
   2.45169     11.395234     11.581321
   2.49324     11.577850     11.699458
   2.53480     11.747205     11.822099
   2.57635     11.986130     11.872806
   2.61790     11.707249     11.519153
   2.65946     11.583777     11.425255
   2.70101     11.343245     11.367787
   2.74257     11.168594     11.224269
   2.78412     11.257055     11.090731
   2.82567     11.386725     11.228513
   2.86723     11.505641     11.361593
   2.90878     11.577344     11.460112
   2.95034     11.438742     11.482367
   2.99189     11.397766     11.362893
   3.03344     11.193304     11.163631
   3.07500     11.121386     11.124094
   3.11655     11.087627     11.075409
   3.15811     11.079177     11.001843
   3.15811     11.079177     11.001843
   3.21687     11.072570     11.015268
   3.27564     11.182820     11.161138
   3.33440     11.163593     11.121954
   3.39317     11.072246     11.214239
   3.45194     11.090237     11.067222
   3.51070     11.145594     11.116539
   3.56947     11.130102     11.106589
   3.62824     11.262997     11.246392
   3.68700     11.437666     11.417720
   3.74577     11.453404     11.444746
   3.80453     11.461021     11.454447
   3.86330     11.517800     11.513318
   3.92207     11.649488     11.646753
   3.98083     11.849207     11.847615
   4.03960     12.067529     12.057647
   4.09837     12.150631     12.149397
   4.15713     12.188984     12.188848
   4.21590     12.374834     12.372190
   4.27466     12.519184     12.515813
 
# Band-Index   36
   4.27466     12.822355     12.822452
   4.21590     12.738197     12.738088
   4.15713     12.573707     12.573221
   4.09837     12.200188     12.199648
   4.03960     12.094252     12.093332
   3.98083     12.064545     12.061534
   3.92207     12.013627     12.008849
   3.86330     11.913332     11.904591
   3.80453     11.768846     11.755600
   3.74577     11.602892     11.585571
   3.68700     11.449506     11.438638
   3.62824     11.364608     11.336747
   3.56947     11.239733     11.209021
   3.51070     11.164291     11.161233
   3.45194     11.259454     11.245136
   3.39317     11.234719     11.128365
   3.33440     11.194004     11.172216
   3.27564     11.215350     11.196581
   3.21687     11.102377     11.089115
   3.15811     11.111524     11.052520
   3.15811     11.111524     11.052520
   3.11655     11.437622     11.406845
   3.07500     11.564930     11.600221
   3.03344     11.654985     11.696251
   2.99189     11.441269     11.821507
   2.95034     11.575461     11.592731
   2.90878     11.591906     11.699194
   2.86723     11.936002     11.850796
   2.82567     12.093367     11.887959
   2.78412     12.101913     11.886580
   2.74257     12.051017     11.826947
   2.70101     11.964907     11.732674
   2.65946     11.869553     11.752995
   2.61790     11.866780     12.015699
   2.57635     12.094992     12.001849
   2.53480     12.141783     12.306368
   2.49324     12.001256     12.590454
   2.45169     11.916709     12.606931
   2.41013     11.860467     12.642471
   2.36858     12.633430     12.651379
   2.36858     12.633430     12.651379
   2.32703     12.628117     12.635867
   2.28547     12.620828     12.605009
   2.24392     12.243326     12.584275
   2.20236     12.144194     12.117482
   2.16081     12.032932     11.817582
   2.11926     11.899409     11.526502
   2.07770     11.739357     11.313949
   2.03615     11.624662     11.185020
   1.99459     11.562013     11.291412
   1.95304     11.584745     11.437983
   1.91149     11.720176     11.613700
   1.86993     11.865158     11.914499
   1.82838     12.017690     12.011365
   1.78682     12.175065     12.125906
   1.74527     12.333663     12.308311
   1.70371     12.488780     12.484134
   1.66216     12.634135     12.643460
   1.62061     12.758754     12.768863
   1.57905     12.822355     12.822452
   1.57905     12.822355     12.822452
   1.53750     12.768775     12.758842
   1.49594     12.643373     12.634226
   1.45439     12.484042     12.488879
   1.41284     12.308210     12.333772
   1.37128     12.125799     12.175180
   1.32973     12.031549     12.017810
   1.28817     11.932352     11.865280
   1.24662     11.631921     11.720304
   1.20507     11.437855     11.584876
   1.16351     11.291270     11.508221
   1.12196     11.158124     11.397552
   1.08040     11.095642     11.247939
   1.03885     10.935399     11.160994
   0.99730     10.927649     11.087288
   0.95574     11.029393     11.026940
   0.91419     11.128004     10.998411
   0.87263     11.224732     11.044214
   0.83108     11.168400     11.082843
   0.78953     11.143751     11.098236
   0.78953     11.143751     11.098236
   0.74797     11.160650     11.197039
   0.70642     11.211662     11.255748
   0.66486     11.295788     11.352298
   0.62331     11.407264     11.478090
   0.58176     11.535502     11.620413
   0.54020     11.516590     11.671635
   0.49865     11.150400     11.299360
   0.45709     11.176192     11.331807
   0.41554     11.222711     11.129648
   0.37399     11.118016     11.261014
   0.33243     11.257073     11.394768
   0.29088     11.382977     11.517561
   0.24932     11.479605     11.553406
   0.20777     11.498543     11.425255
   0.16622     11.378082     11.396542
   0.12466     11.182437     11.175677
   0.08311     11.151287     11.099662
   0.04155     11.102063     11.062344
   0.00000     11.079191     11.052521
 
# Band-Index   37
   0.00000     11.518665     11.512783
   0.04155     11.560939     11.549353
   0.08311     11.635024     11.591253
   0.12466     11.696894     11.575376
   0.16622     11.805934     11.434518
   0.20777     11.589496     11.577206
   0.24932     11.543498     11.604077
   0.29088     11.531056     11.617038
   0.33243     11.451432     11.590464
   0.37399     11.359056     11.519132
   0.41554     11.266079     11.435308
   0.45709     11.463176     11.350906
   0.49865     11.743533     11.589984
   0.54020     11.668438     11.767040
   0.58176     11.856328     11.885840
   0.62331     11.830420     11.733234
   0.66486     11.689668     11.562277
   0.70642     11.544859     11.377440
   0.74797     11.422185     11.197173
   0.78953     11.370367     11.177984
   0.78953     11.370367     11.177984
   0.83108     11.317919     11.199218
   0.87263     11.234845     11.255988
   0.91419     11.323156     11.329837
   0.95574     11.406924     11.397225
   0.99730     11.463679     11.440959
   1.03885     11.491756     11.464350
   1.08040     11.320279     11.499131
   1.12196     11.430428     11.601439
   1.16351     11.711456     11.669697
   1.20507     11.986112     11.874008
   1.24662     12.155512     12.059270
   1.28817     12.209930     12.243169
   1.32973     12.433000     12.500188
   1.37128     12.789338     12.821448
   1.41284     13.110618     13.046011
   1.45439     13.084948     13.044327
   1.49594     13.055381     13.062027
   1.53750     13.027266     13.059193
   1.57905     13.012254     13.012193
   1.57905     13.012254     13.012193
   1.62061     13.059246     13.026430
   1.66216     13.063868     13.053472
   1.70371     13.047084     13.082226
   1.74527     13.049782     13.106853
   1.78682     12.842305     12.771145
   1.82838     12.524485     12.412084
   1.86993     12.278377     12.187353
   1.91149     12.105701     12.169059
   1.95304     12.109354     12.046456
   1.99459     11.833578     11.775826
   2.03615     11.628199     11.586834
   2.07770     12.527605     11.500567
   2.11926     12.552096     12.283354
   2.16081     12.626988     12.530169
   2.20236     12.639992     12.491234
   2.24392     12.611887     12.592199
   2.28547     12.514199     12.967028
   2.32703     13.084488     13.199614
   2.36858     13.138308     13.385071
   2.36858     13.138308     13.385071
   2.41013     12.650938     13.213513
   2.45169     12.635361     13.083007
   2.49324     12.578258     12.701729
   2.53480     12.418918     12.497793
   2.57635     12.159860     12.293837
   2.61790     12.121033     12.107607
   2.65946     12.256443     12.257475
   2.70101     12.362913     12.410940
   2.74257     12.458224     12.561095
   2.78412     12.587955     12.709395
   2.82567     12.641520     12.749983
   2.86723     12.442419     12.471039
   2.90878     12.174439     12.199603
   2.95034     11.960613     11.971203
   2.99189     11.761671     11.858820
   3.03344     11.689511     11.939520
   3.07500     11.867238     11.958110
   3.11655     11.998117     11.997131
   3.15811     12.056568     12.016441
   3.15811     12.056568     12.016441
   3.21687     11.970565     11.938153
   3.27564     11.820568     11.686982
   3.33440     11.660125     11.653449
   3.39317     11.447986     11.441386
   3.45194     11.337839     11.324147
   3.51070     11.292845     11.278145
   3.56947     11.356298     11.341784
   3.62824     11.417041     11.404002
   3.68700     11.533921     11.508993
   3.74577     11.725964     11.703460
   3.80453     11.942245     11.922056
   3.86330     12.182833     12.164940
   3.92207     12.393238     12.378500
   3.98083     12.296944     12.280395
   4.03960     12.164305     12.154178
   4.09837     12.351574     12.351024
   4.15713     12.585711     12.585396
   4.21590     12.915517     12.915226
   4.27466     13.012254     13.012193
 
# Band-Index   38
   4.27466     13.147973     13.147773
   4.21590     13.257250     13.256336
   4.15713     13.526073     13.523626
   4.09837     13.521152     13.509517
   4.03960     13.172852     13.157625
   3.98083     12.840134     12.822742
   3.92207     12.640541     12.620225
   3.86330     12.760573     12.758265
   3.80453     12.633752     12.664608
   3.74577     12.414487     12.421543
   3.68700     11.915315     11.912835
   3.62824     11.536137     11.522091
   3.56947     11.601662     11.585067
   3.51070     11.712983     11.685551
   3.45194     11.795591     11.781562
   3.39317     12.056607     12.050483
   3.33440     12.124897     11.857937
   3.27564     11.845084     11.801420
   3.21687     12.109038     12.050297
   3.15811     12.087274     12.052067
   3.15811     12.087274     12.052067
   3.11655     12.103676     12.041744
   3.07500     12.136230     12.004486
   3.03344     11.946731     12.263783
   2.99189     12.017492     12.147216
   2.95034     12.069417     12.212503
   2.90878     12.231008     12.450829
   2.86723     12.503650     12.702465
   2.82567     12.766574     12.852625
   2.78412     13.074099     12.953276
   2.74257     13.153354     13.088965
   2.70101     13.110728     13.058432
   2.65946     13.070744     13.006703
   2.61790     13.031894     12.987675
   2.57635     13.018844     13.022638
   2.53480     12.507856     13.138218
   2.49324     12.934312     13.349063
   2.45169     13.374475     13.384325
   2.41013     13.813347     13.527550
   2.36858     13.964818     13.704033
   2.36858     13.964818     13.704033
   2.32703     13.959127     13.583115
   2.28547     13.640332     13.394618
   2.24392     13.349642     13.256750
   2.20236     13.010945     12.636686
   2.16081     12.625846     12.522867
   2.11926     12.643313     12.586460
   2.07770     12.973361     12.587239
   2.03615     12.493065     12.533455
   1.99459     12.491753     12.448647
   1.95304     12.471464     12.344781
   1.91149     12.418899     12.359860
   1.86993     12.728079     12.686730
   1.82838     12.963226     12.974330
   1.78682     13.044395     13.102477
   1.74527     13.173193     13.140244
   1.70371     13.209740     13.299249
   1.66216     13.136454     13.237658
   1.62061     13.112026     13.178032
   1.57905     13.147973     13.147773
   1.57905     13.147973     13.147773
   1.53750     13.178224     13.111257
   1.49594     13.237850     13.136394
   1.45439     13.299446     13.209669
   1.41284     13.155352     13.156916
   1.37128     13.109574     13.038103
   1.32973     12.992525     12.948289
   1.28817     12.712599     12.703226
   1.24662     12.388112     12.390334
   1.20507     12.075478     12.079545
   1.16351     11.804213     11.804077
   1.12196     11.612171     11.621910
   1.08040     11.521734     11.746151
   1.03885     11.529457     11.919065
   0.99730     11.827639     12.052687
   0.95574     12.046145     12.058807
   0.91419     11.983463     11.989022
   0.87263     11.835221     11.905013
   0.83108     11.695654     11.839490
   0.78953     11.625581     11.814528
   0.78953     11.625581     11.814528
   0.74797     11.639943     11.830959
   0.70642     11.683138     11.880509
   0.66486     11.754920     11.963491
   0.62331     11.850381     12.077391
   0.58176     11.958488     12.059715
   0.54020     12.041642     11.876141
   0.49865     11.794740     11.906806
   0.45709     11.903031     12.027492
   0.41554     11.979119     12.112205
   0.37399     12.003155     12.137832
   0.33243     11.957827     12.094216
   0.29088     11.858397     12.027129
   0.24932     11.787968     12.016544
   0.20777     11.826561     11.902956
   0.16622     11.863296     11.700119
   0.12466     11.818162     11.672213
   0.08311     11.678070     11.839566
   0.04155     12.034648     11.562108
   0.00000     12.056984     12.015668
 
# Band-Index   39
   0.00000     12.088051     12.052322
   0.04155     12.073352     11.961983
   0.08311     11.991160     12.106429
   0.12466     11.955522     11.881598
   0.16622     11.890650     11.968574
   0.20777     11.988395     12.023592
   0.24932     12.196338     12.145182
   0.29088     12.474875     12.410688
   0.33243     12.642266     12.585031
   0.37399     12.514934     12.479247
   0.41554     12.398213     12.368688
   0.45709     12.288887     12.258074
   0.49865     12.182669     12.143831
   0.54020     12.074391     12.021383
   0.58176     12.067195     12.167133
   0.62331     12.335164     12.420827
   0.66486     12.637577     12.573063
   0.70642     12.662538     12.628293
   0.74797     12.666536     12.643359
   0.78953     12.666595     12.646214
   0.78953     12.666595     12.646214
   0.83108     12.654643     12.637597
   0.87263     12.627194     12.619682
   0.91419     12.605936     12.613142
   0.95574     12.507474     12.644007
   0.99730     12.493018     12.609908
   1.03885     12.574279     12.530007
   1.08040     12.602262     12.532174
   1.12196     12.575288     12.550131
   1.16351     12.528701     12.579226
   1.20507     12.507090     12.643207
   1.24662     12.611912     12.779454
   1.28817     12.886251     13.002769
   1.32973     13.223157     13.284263
   1.37128     13.414968     13.337591
   1.41284     13.358056     13.276155
   1.45439     13.462845     13.433143
   1.49594     13.582752     13.545221
   1.53750     13.564631     13.550410
   1.57905     13.544446     13.543905
   1.57905     13.544446     13.543905
   1.62061     13.551160     13.563886
   1.66216     13.547416     13.580524
   1.70371     13.441593     13.454043
   1.74527     13.276234     13.357856
   1.78682     13.337670     13.414770
   1.82838     13.396163     13.414550
   1.86993     13.306726     13.355366
   1.91149     13.213276     13.309378
   1.95304     13.104690     13.228550
   1.99459     13.024597     13.141417
   2.03615     13.006227     13.086792
   2.07770     13.067378     13.094555
   2.11926     13.208968     13.162731
   2.16081     13.431872     13.332111
   2.20236     13.736923     13.559311
   2.24392     13.915486     13.868900
   2.28547     13.942343     14.100150
   2.32703     13.979205     14.133402
   2.36858     14.163979     14.156518
   2.36858     14.163979     14.156518
   2.41013     13.821141     14.005370
   2.45169     13.520314     13.702529
   2.49324     13.239751     13.387320
   2.53480     13.069776     13.469019
   2.57635     12.697391     13.755976
   2.61790     13.194390     13.988244
   2.65946     13.759791     13.708522
   2.70101     13.493315     13.439576
   2.74257     13.258345     13.196163
   2.78412     13.096725     13.093020
   2.82567     12.844703     12.951484
   2.86723     12.716815     12.800316
   2.90878     12.191392     12.588486
   2.95034     12.132784     12.139628
   2.99189     12.130349     12.194545
   3.03344     12.152852     12.463319
   3.07500     12.235668     12.278758
   3.11655     12.358089     12.385204
   3.15811     12.337443     12.328680
   3.15811     12.337443     12.328680
   3.21687     12.250195     12.147634
   3.27564     12.157365     12.125945
   3.33440     12.157900     12.154934
   3.39317     12.015081     12.185581
   3.45194     11.966562     12.087182
   3.51070     11.840692     11.849277
   3.56947     11.832167     11.802278
   3.62824     12.019090     11.989004
   3.68700     12.242752     12.212663
   3.74577     12.486126     12.465104
   3.80453     12.744740     12.720348
   3.86330     12.889173     12.841384
   3.92207     12.997852     12.967979
   3.98083     13.202927     13.178023
   4.03960     13.422211     13.402782
   4.09837     13.588524     13.577572
   4.15713     13.611062     13.608063
   4.21590     13.571238     13.570310
   4.27466     13.544446     13.543905
 
# Band-Index   40
   4.27466     13.678388     13.678461
   4.21590     13.765431     13.765305
   4.15713     13.805205     13.800496
   4.09837     13.729412     13.722748
   4.03960     13.691986     13.677138
   3.98083     13.468599     13.449029
   3.92207     13.208309     13.186594
   3.86330     12.961465     12.938612
   3.80453     12.785543     12.756345
   3.74577     12.495078     12.550204
   3.68700     12.324380     12.413420
   3.62824     12.194416     12.291464
   3.56947     12.098003     12.190684
   3.51070     12.051124     12.130082
   3.45194     12.211461     12.211027
   3.39317     12.326970     12.296182
   3.33440     12.183601     12.151665
   3.27564     12.394260     12.359715
   3.21687     12.368807     12.363855
   3.15811     12.527275     12.417255
   3.15811     12.527275     12.417255
   3.11655     12.391249     12.381889
   3.07500     12.354280     12.475730
   3.03344     12.321038     12.514991
   2.99189     12.339147     12.442822
   2.95034     12.827574     12.484841
   2.90878     12.887476     12.688615
   2.86723     12.807632     12.834548
   2.82567     13.010374     12.963660
   2.78412     13.121452     13.105886
   2.74257     13.331712     13.409015
   2.70101     13.668165     13.756969
   2.65946     13.938072     14.059185
   2.61790     14.019666     13.985577
   2.57635     14.215054     14.181216
   2.53480     14.080606     14.094019
   2.49324     13.981294     14.033937
   2.45169     13.949260     14.005877
   2.41013     13.958142     14.016997
   2.36858     14.277757     14.174716
   2.36858     14.277757     14.174716
   2.32703     14.283079     14.149018
   2.28547     14.281653     14.122200
   2.24392     14.074215     14.089180
   2.20236     13.879911     14.041205
   2.16081     13.835955     13.985040
   2.11926     13.786410     13.922847
   2.07770     13.735589     13.856465
   2.03615     13.680730     13.787685
   1.99459     13.623164     13.722044
   1.95304     13.567318     13.656164
   1.91149     13.510285     13.592197
   1.86993     13.453381     13.530873
   1.82838     13.429097     13.471972
   1.78682     13.692677     13.626323
   1.74527     13.850858     13.960581
   1.70371     13.998569     13.982656
   1.66216     13.901677     13.831652
   1.62061     13.742563     13.720423
   1.57905     13.678388     13.678461
   1.57905     13.678388     13.678461
   1.53750     13.720376     13.742601
   1.49594     13.831684     13.901573
   1.45439     13.982837     13.977935
   1.41284     13.849722     13.817658
   1.37128     13.565533     13.578316
   1.32973     13.427440     13.396075
   1.28817     13.360557     13.298087
   1.24662     13.310930     13.208362
   1.20507     13.228176     13.101710
   1.16351     13.141198     13.023390
   1.12196     13.081937     13.005846
   1.08040     13.002392     13.059108
   1.03885     12.828006     12.883834
   0.99730     12.690578     12.732870
   0.95574     12.618858     12.848284
   0.91419     12.822191     13.170771
   0.87263     13.228716     13.324710
   0.83108     13.567505     13.342929
   0.78953     13.602571     13.347000
   0.78953     13.602571     13.347001
   0.74797     13.512652     13.366418
   0.70642     13.132720     13.374527
   0.66486     12.730060     12.934388
   0.62331     12.542739     12.507555
   0.58176     12.328081     12.257350
   0.54020     12.182601     12.421647
   0.49865     12.360018     12.618890
   0.45709     12.554404     12.825376
   0.41554     12.752528     13.020568
   0.37399     12.928054     13.011480
   0.33243     12.779361     12.717456
   0.29088     12.502861     12.461901
   0.24932     12.232871     12.190418
   0.20777     11.993786     12.059908
   0.16622     11.901485     12.107751
   0.12466     11.974396     12.126903
   0.08311     12.033832     12.234808
   0.04155     12.333012     12.070160
   0.00000     12.344010     12.314345
 
# Band-Index   41
   0.00000     12.447250     12.425002
   0.04155     12.369323     12.335102
   0.08311     12.444852     12.331189
   0.12466     12.524560     12.294884
   0.16622     12.405731     12.310262
   0.20777     12.471619     12.424760
   0.24932     12.654002     12.612383
   0.29088     12.783358     12.727655
   0.33243     12.794907     12.771052
   0.37399     13.015450     13.061615
   0.41554     13.161313     13.150524
   0.45709     13.122125     13.113837
   0.49865     13.076073     13.066861
   0.54020     13.042869     13.028072
   0.58176     13.048519     13.015732
   0.62331     13.149362     13.067224
   0.66486     13.387750     13.240642
   0.70642     13.687987     13.424101
   0.74797     13.624242     13.812852
   0.78953     13.719559     13.964767
   0.78953     13.719557     13.964767
   0.83108     13.592762     13.959109
   0.87263     13.520054     13.634832
   0.91419     13.441186     13.399234
   0.95574     13.365364     13.386867
   0.99730     13.317953     13.423176
   1.03885     13.212456     13.217158
   1.08040     13.153556     13.095282
   1.12196     13.301535     13.313619
   1.16351     13.538148     13.512991
   1.20507     13.656201     13.567248
   1.24662     13.592348     13.510233
   1.28817     13.531042     13.453321
   1.32973     13.472159     13.411556
   1.37128     13.649341     13.667651
   1.41284     13.984879     14.008666
   1.45439     14.009401     14.099291
   1.49594     14.235982     14.223670
   1.53750     14.267177     14.273282
   1.57905     14.186097     14.184094
   1.57905     14.186097     14.184094
   1.62061     14.275458     14.264952
   1.66216     14.244472     14.220826
   1.70371     14.099718     14.005843
   1.74527     14.033902     14.002109
   1.78682     13.740282     14.271504
   1.82838     13.867380     14.134418
   1.86993     13.689913     13.946277
   1.91149     13.615055     13.825116
   1.95304     13.623702     13.764830
   1.99459     13.649916     13.832360
   2.03615     13.865169     14.056524
   2.07770     14.074919     14.197962
   2.11926     14.197896     14.365415
   2.16081     14.331634     14.311542
   2.20236     14.308701     14.262533
   2.24392     14.291875     14.220697
   2.28547     14.369814     14.154567
   2.32703     14.334480     14.209913
   2.36858     14.313569     14.196274
   2.36858     14.313569     14.196274
   2.41013     14.267633     14.307474
   2.45169     14.281088     14.414570
   2.49324     14.297579     14.372402
   2.53480     14.292817     14.444437
   2.57635     14.224324     14.256495
   2.61790     14.272859     14.233100
   2.65946     13.994492     14.163208
   2.70101     13.947961     13.961799
   2.74257     13.546194     13.549753
   2.78412     13.160900     13.219045
   2.82567     13.015147     12.988839
   2.86723     12.980742     12.983266
   2.90878     12.908506     13.063073
   2.95034     12.919549     12.922075
   2.99189     12.655130     12.772016
   3.03344     12.575051     12.690961
   3.07500     12.568485     12.552325
   3.11655     12.607990     12.567952
   3.15811     12.600636     12.607147
   3.15811     12.600636     12.607147
   3.21687     12.537858     12.562161
   3.27564     12.385785     12.408631
   3.33440     12.331212     12.314675
   3.39317     12.475538     12.453411
   3.45194     12.469102     12.436989
   3.51070     12.546905     12.518328
   3.56947     12.524515     12.500990
   3.62824     12.488728     12.466533
   3.68700     12.503304     12.480645
   3.74577     12.594791     12.571281
   3.80453     12.944367     12.944972
   3.86330     13.086281     13.056024
   3.92207     13.414886     13.384680
   3.98083     13.737976     13.734566
   4.03960     13.977596     13.999032
   4.09837     14.116783     14.120042
   4.15713     14.208433     14.195737
   4.21590     14.344559     14.342065
   4.27466     14.186097     14.184094
 
# Band-Index   42
   4.27466     14.518527     14.500933
   4.21590     14.507572     14.491473
   4.15713     14.468842     14.447654
   4.09837     14.257677     14.235672
   4.03960     14.126990     14.098036
   3.98083     13.764475     13.756837
   3.92207     13.530618     13.549001
   3.86330     13.422722     13.410990
   3.80453     13.173734     13.126296
   3.74577     13.478845     13.452666
   3.68700     13.747019     13.778877
   3.62824     13.477540     13.467373
   3.56947     13.217410     13.208705
   3.51070     12.987354     12.978857
   3.45194     12.842358     12.835430
   3.39317     12.640096     12.722715
   3.33440     12.653727     12.636053
   3.27564     12.682133     12.656538
   3.21687     12.734997     12.712005
   3.15811     12.762145     12.731376
   3.15811     12.762145     12.731376
   3.11655     12.757932     12.726780
   3.07500     12.771279     12.669344
   3.03344     12.790364     13.308340
   2.99189     12.847602     13.353980
   2.95034     13.073148     13.286584
   2.90878     13.080634     13.245736
   2.86723     13.418522     13.450313
   2.82567     13.688843     13.701655
   2.78412     13.877201     13.889469
   2.74257     14.127802     14.149048
   2.70101     14.070759     14.234309
   2.65946     14.279112     14.219642
   2.61790     14.397154     14.433362
   2.57635     14.579919     14.614397
   2.53480     14.637387     14.686995
   2.49324     14.646229     14.722200
   2.45169     14.645307     14.754036
   2.41013     14.637601     14.509151
   2.36858     14.516529     14.438874
   2.36858     14.516529     14.438874
   2.32703     14.505398     14.243072
   2.28547     14.399602     14.269859
   2.24392     14.506872     14.365168
   2.20236     14.481638     14.489540
   2.16081     14.330399     14.508961
   2.11926     14.403820     14.409043
   2.07770     14.387117     14.446937
   2.03615     13.910393     14.190994
   1.99459     14.001897     13.936873
   1.95304     14.142502     14.013782
   1.91149     14.211399     14.179006
   1.86993     14.311707     14.344217
   1.82838     14.349076     14.357245
   1.78682     14.099988     14.313518
   1.74527     14.297779     14.148784
   1.70371     14.355627     14.292549
   1.66216     14.445995     14.442408
   1.62061     14.516986     14.497562
   1.57905     14.518527     14.500933
   1.57905     14.518527     14.500933
   1.53750     14.514908     14.499661
   1.49594     14.446414     14.441959
   1.45439     14.313203     14.334772
   1.41284     14.148756     14.296747
   1.37128     14.314136     14.099146
   1.32973     14.136554     13.866379
   1.28817     13.949311     13.686942
   1.24662     13.825217     13.605581
   1.20507     13.726227     13.590612
   1.16351     13.722222     13.624277
   1.12196     13.645863     13.680794
   1.08040     13.451154     13.624889
   1.03885     13.336485     13.501301
   0.99730     13.370212     13.445697
   0.95574     13.597657     13.738070
   0.91419     13.859693     13.915609
   0.87263     14.068113     13.942431
   0.83108     14.125737     14.000687
   0.78953     14.124322     14.212055
   0.78953     14.124322     14.212055
   0.74797     14.005329     13.822349
   0.70642     13.701576     13.519764
   0.66486     13.789021     13.517481
   0.62331     13.916894     13.640634
   0.58176     14.054096     13.782559
   0.54020     13.979054     13.926054
   0.49865     13.717352     13.755536
   0.45709     13.449465     13.492683
   0.41554     13.206674     13.260903
   0.37399     13.103106     13.092266
   0.33243     12.896983     13.007027
   0.29088     12.843697     12.831074
   0.24932     12.815519     12.858328
   0.20777     12.767039     12.781697
   0.16622     12.642995     12.641797
   0.12466     12.557178     12.574458
   0.08311     12.576580     12.596927
   0.04155     12.642291     12.630179
   0.00000     12.676888     12.666291
 
# Band-Index   43
   0.00000     12.735902     12.713224
   0.04155     12.718978     12.690299
   0.08311     12.660033     12.703688
   0.12466     12.579704     12.741809
   0.16622     12.675427     12.825261
   0.20777     12.785410     12.860644
   0.24932     12.935193     12.969149
   0.29088     12.871069     12.983617
   0.33243     13.062472     13.030194
   0.37399     13.159569     13.140623
   0.41554     13.424927     13.328252
   0.45709     13.756901     13.655372
   0.49865     14.092247     13.965487
   0.54020     14.177438     14.013516
   0.58176     14.173782     14.207313
   0.62331     14.179537     14.284589
   0.66486     14.122966     14.287495
   0.70642     14.083499     14.269605
   0.74797     14.077693     14.253440
   0.78953     14.156335     14.247324
   0.78953     14.156335     14.247324
   0.83108     14.148503     14.261575
   0.87263     14.125564     14.255315
   0.91419     14.089123     14.054035
   0.95574     14.041459     13.879947
   0.99730     13.985184     13.837016
   1.03885     13.922909     13.788472
   1.08040     13.857024     13.735920
   1.12196     13.789577     13.788832
   1.16351     13.883007     13.951535
   1.20507     14.111048     14.079717
   1.24662     14.296474     14.307590
   1.28817     14.481529     14.441635
   1.32973     14.472630     14.442460
   1.37128     14.358222     14.401724
   1.41284     14.425939     14.340327
   1.45439     14.584925     14.510152
   1.49594     14.484935     14.482173
   1.53750     14.575393     14.562833
   1.57905     14.873051     14.862427
   1.57905     14.873078     14.862442
   1.62061     14.580958     14.560178
   1.66216     14.498199     14.468082
   1.70371     14.511950     14.572479
   1.74527     14.341439     14.564631
   1.78682     14.476485     14.355903
   1.82838     14.615577     14.471357
   1.86993     14.577525     14.538414
   1.91149     14.869643     14.767863
   1.95304     14.951389     14.913920
   1.99459     15.018667     15.039456
   2.03615     15.050356     15.067971
   2.07770     15.187888     14.940863
   2.11926     14.998840     14.793340
   2.16081     14.815607     14.635789
   2.20236     14.648327     14.610027
   2.24392     14.615001     14.694737
   2.28547     14.753008     14.699897
   2.32703     14.857304     14.788543
   2.36858     14.736719     14.795748
   2.36858     14.736719     14.795748
   2.41013     14.735216     14.760981
   2.45169     15.104453     14.894471
   2.49324     15.035818     14.813847
   2.53480     14.903426     14.722071
   2.57635     14.763364     14.822364
   2.61790     14.701058     14.686870
   2.65946     14.679164     14.638188
   2.70101     14.436625     14.480148
   2.74257     14.126106     14.286375
   2.78412     13.997960     13.995100
   2.82567     13.727259     13.732831
   2.86723     13.716546     13.659971
   2.90878     13.653783     13.598524
   2.95034     13.528824     13.428263
   2.99189     13.297792     13.468819
   3.03344     13.496619     13.619705
   3.07500     13.683601     13.639919
   3.11655     13.528676     13.725865
   3.15811     13.536650     13.764016
   3.15811     13.536650     13.764016
   3.21687     13.488515     13.627390
   3.27564     13.343109     13.337393
   3.33440     12.965724     12.869858
   3.39317     12.744062     12.739929
   3.45194     13.197959     13.261959
   3.51070     13.707982     13.807880
   3.56947     14.004928     13.968601
   3.62824     14.013138     13.945432
   3.68700     13.798366     13.873848
   3.74577     13.926615     13.843669
   3.80453     13.829035     13.787283
   3.86330     13.724068     13.676333
   3.92207     13.826807     13.847271
   3.98083     14.080300     14.085321
   4.03960     14.194934     14.159839
   4.09837     14.409821     14.393247
   4.15713     14.486406     14.470777
   4.21590     14.514330     14.497215
   4.27466     14.873078     14.862442
 
# Band-Index   44
   4.27466     14.881721     14.870109
   4.21590     14.741220     14.718177
   4.15713     14.599193     14.589922
   4.09837     14.490873     14.466607
   4.03960     14.450881     14.436660
   3.98083     14.540528     14.520846
   3.92207     14.536553     14.510098
   3.86330     14.417789     14.388388
   3.80453     14.220601     14.199919
   3.74577     13.996404     13.978041
   3.68700     13.996863     13.962694
   3.62824     14.118465     14.096666
   3.56947     13.947867     14.226769
   3.51070     13.867759     13.902533
   3.45194     13.587208     13.730766
   3.39317     13.508610     13.640605
   3.33440     13.528677     13.521559
   3.27564     13.467442     13.512755
   3.21687     13.636128     13.805211
   3.15811     13.719628     13.841071
   3.15811     13.719628     13.841071
   3.11655     13.756505     13.886532
   3.07500     14.029697     13.976554
   3.03344     13.554256     14.360903
   2.99189     13.580107     13.617981
   2.95034     13.565890     13.609094
   2.90878     13.681765     13.661005
   2.86723     13.832267     13.799669
   2.82567     14.055349     14.075007
   2.78412     14.271757     14.326971
   2.74257     14.322860     14.291536
   2.70101     14.582598     14.530834
   2.65946     14.744331     14.676322
   2.61790     14.817245     14.870098
   2.57635     15.039304     15.129057
   2.53480     15.297335     15.236318
   2.49324     15.458305     15.162824
   2.45169     15.150274     14.903513
   2.41013     15.075421     14.914680
   2.36858     14.965573     14.954229
   2.36858     14.965573     14.954229
   2.32703     14.916987     14.907987
   2.28547     14.898050     14.920496
   2.24392     14.917523     14.961149
   2.20236     14.945746     14.813057
   2.16081     15.044240     14.934828
   2.11926     15.176008     15.037631
   2.07770     15.224894     15.017811
   2.03615     15.315237     15.067078
   1.99459     15.214273     15.049566
   1.95304     15.072557     14.973377
   1.91149     14.922483     14.908664
   1.86993     14.780609     14.622083
   1.82838     14.633311     14.599744
   1.78682     14.630902     14.615645
   1.74527     14.622093     14.607605
   1.70371     14.647251     14.706431
   1.66216     14.896292     14.908271
   1.62061     14.895552     14.919311
   1.57905     14.881721     14.870109
   1.57905     14.881693     14.870153
   1.53750     14.932958     14.883736
   1.49594     14.930422     14.875508
   1.45439     14.627390     14.625186
   1.41284     14.570466     14.434983
   1.37128     14.423614     14.474479
   1.32973     14.482997     14.595162
   1.28817     14.500212     14.503483
   1.24662     14.351392     14.344922
   1.20507     14.130805     14.175511
   1.16351     14.075990     13.979374
   1.12196     14.148496     13.982340
   1.08040     14.262843     14.082145
   1.03885     14.394794     14.205779
   0.99730     14.507512     14.336388
   0.95574     14.371002     14.457642
   0.91419     14.258199     14.405097
   0.87263     14.181825     14.336827
   0.83108     14.169358     14.295503
   0.78953     14.189269     14.292950
   0.78953     14.189269     14.292951
   0.74797     14.134740     14.264018
   0.70642     14.163989     14.291562
   0.66486     14.204133     14.337152
   0.62331     14.230667     14.397607
   0.58176     14.239444     14.459930
   0.54020     14.258901     14.334627
   0.49865     14.118904     14.104118
   0.45709     13.820330     13.857365
   0.41554     13.481770     13.509539
   0.37399     13.159930     13.306690
   0.33243     13.151204     13.379310
   0.29088     13.205943     13.265598
   0.24932     13.017998     13.019456
   0.20777     12.943531     12.916453
   0.16622     13.294302     13.183329
   0.12466     13.434439     13.376131
   0.08311     13.462294     13.510870
   0.04155     13.531163     13.481681
   0.00000     13.574372     13.562875
 
# Band-Index   45
   0.00000     13.704879     13.672405
   0.04155     13.745933     13.611553
   0.08311     13.564476     13.587414
   0.12466     13.480554     13.526414
   0.16622     13.433804     13.517395
   0.20777     13.137797     13.017009
   0.24932     13.187326     13.088484
   0.29088     13.435184     13.340665
   0.33243     13.711710     13.620733
   0.37399     13.885538     13.842679
   0.41554     14.142876     14.091034
   0.45709     14.331200     14.187856
   0.49865     14.278983     14.205707
   0.54020     14.428063     14.450328
   0.58176     14.626977     14.595801
   0.62331     14.719209     14.706216
   0.66486     14.780691     14.723730
   0.70642     14.779406     14.721039
   0.74797     14.533897     14.716663
   0.78953     14.210487     14.309091
   0.78953     14.210486     14.309091
   0.83108     14.209724     14.332181
   0.87263     14.269633     14.399800
   0.91419     14.364902     14.507386
   0.95574     14.489383     14.495235
   0.99730     14.526518     14.601950
   1.03885     14.657725     14.718748
   1.08040     14.810029     14.837755
   1.12196     14.949865     14.950350
   1.16351     15.038263     15.049000
   1.20507     14.911345     15.039851
   1.24662     14.769883     14.905308
   1.28817     14.623820     14.770637
   1.32973     14.610230     14.629990
   1.37128     14.634231     14.610741
   1.41284     14.623856     14.601574
   1.45439     14.718630     14.638063
   1.49594     14.934944     14.906426
   1.53750     14.947298     14.964511
   1.57905     14.920493     14.907320
   1.57905     14.920568     14.907253
   1.62061     14.978062     14.940356
   1.66216     14.939324     14.955195
   1.70371     14.924968     15.012292
   1.74527     15.023592     15.068756
   1.78682     15.042254     15.096116
   1.82838     15.073745     15.113138
   1.86993     15.111877     15.144351
   1.91149     15.177326     15.194551
   1.95304     15.242862     15.179184
   1.99459     15.363299     15.337578
   2.03615     15.389934     15.337855
   2.07770     15.420369     15.338500
   2.11926     15.243848     15.149185
   2.16081     15.089398     14.996724
   2.20236     15.002672     14.936431
   2.24392     15.051110     15.047509
   2.28547     14.944394     15.059878
   2.32703     14.998780     15.190340
   2.36858     15.124453     15.324176
   2.36858     15.124453     15.324176
   2.41013     15.127426     15.342629
   2.45169     15.434616     15.549795
   2.49324     15.628956     15.682333
   2.53480     15.499155     15.399176
   2.57635     15.236840     15.188857
   2.61790     15.107942     15.100737
   2.65946     14.790290     14.812749
   2.70101     14.633321     14.635406
   2.74257     14.529440     14.554737
   2.78412     14.355097     14.366595
   2.82567     14.382443     14.359064
   2.86723     14.441697     14.370562
   2.90878     14.447787     14.366028
   2.95034     14.489632     14.361118
   2.99189     14.346719     14.362746
   3.03344     14.183766     14.407809
   3.07500     14.080495     14.341548
   3.11655     14.034943     14.245303
   3.15811     13.957793     14.166887
   3.15811     13.957793     14.166887
   3.21687     13.951800     13.955395
   3.27564     13.948515     13.851542
   3.33440     13.928289     13.504624
   3.39317     13.691826     14.088231
   3.45194     13.892235     13.967778
   3.51070     13.991718     13.845192
   3.56947     14.274984     14.285115
   3.62824     14.415806     14.447090
   3.68700     14.536913     14.561451
   3.74577     14.689858     14.689098
   3.80453     14.883646     14.850446
   3.86330     15.010199     14.976929
   3.92207     14.862428     14.854521
   3.98083     14.753902     14.742091
   4.03960     14.701141     14.683960
   4.09837     14.715683     14.695235
   4.15713     14.873303     14.852417
   4.21590     14.993164     14.978998
   4.27466     14.920568     14.907253
 
# Band-Index   46
   4.27466     15.025060     15.010979
   4.21590     15.170766     15.152610
   4.15713     15.038085     15.013392
   4.09837     14.752607     14.969425
   4.03960     15.037059     15.033114
   3.98083     15.170548     15.088092
   3.92207     15.085273     15.070658
   3.86330     15.054307     15.003089
   3.80453     14.907595     15.161502
   3.74577     15.281531     15.343501
   3.68700     14.995810     15.157485
   3.62824     14.298678     14.529395
   3.56947     14.414103     14.395576
   3.51070     14.139397     14.245977
   3.45194     13.913910     14.171100
   3.39317     13.855003     14.626004
   3.33440     14.106746     13.837888
   3.27564     14.290414     14.223756
   3.21687     14.431849     14.388024
   3.15811     14.450782     14.407587
   3.15811     14.450782     14.407587
   3.11655     14.465816     14.427579
   3.07500     14.522710     14.447827
   3.03344     14.560456     14.665459
   2.99189     14.556380     14.719907
   2.95034     14.533206     14.843976
   2.90878     14.444402     15.020855
   2.86723     15.098440     15.201176
   2.82567     15.160871     15.269578
   2.78412     14.978594     15.065760
   2.74257     14.862408     14.955593
   2.70101     15.035765     14.999961
   2.65946     15.116249     15.140549
   2.61790     15.181087     15.189254
   2.57635     15.571989     15.533944
   2.53480     15.726060     15.610949
   2.49324     15.835694     15.750539
   2.45169     15.890774     15.736944
   2.41013     15.887648     15.523784
   2.36858     16.194172     15.606564
   2.36858     16.194172     15.606564
   2.32703     16.059638     15.562108
   2.28547     16.093356     15.849666
   2.24392     16.181628     16.171116
   2.20236     16.064281     15.990376
   2.16081     15.890881     15.804853
   2.11926     15.710146     15.627121
   2.07770     15.534267     15.467208
   2.03615     15.426606     15.430859
   1.99459     15.532170     15.366612
   1.95304     15.432855     15.373886
   1.91149     15.368783     15.325720
   1.86993     15.415619     15.336099
   1.82838     15.433132     15.316583
   1.78682     15.304038     15.231155
   1.74527     15.133280     15.111977
   1.70371     15.019526     15.035541
   1.66216     14.986597     14.986335
   1.62061     15.158431     15.133368
   1.57905     15.025060     15.010979
   1.57905     15.024891     15.010997
   1.53750     15.147619     15.128671
   1.49594     14.968957     14.927726
   1.45439     15.027595     15.004084
   1.41284     15.086998     15.047542
   1.37128     15.116023     15.058643
   1.32973     15.133996     15.070225
   1.28817     15.144339     15.100535
   1.24662     15.113397     15.107547
   1.20507     15.126016     15.111582
   1.16351     15.061731     15.140543
   1.12196     15.066881     15.161811
   1.08040     14.948960     15.148531
   1.03885     14.793200     14.996780
   0.99730     14.635345     14.814553
   0.95574     14.611686     14.648300
   0.91419     14.586561     14.541054
   0.87263     14.598479     14.667150
   0.83108     14.765159     14.876681
   0.78953     14.776836     14.714923
   0.78953     14.776838     14.714924
   0.74797     14.777525     14.736733
   0.70642     14.862059     15.099176
   0.66486     14.814158     15.034645
   0.62331     14.770218     14.898440
   0.58176     14.683077     14.754087
   0.54020     14.614676     14.687284
   0.49865     14.628838     14.662488
   0.45709     14.465579     14.409851
   0.41554     14.295557     14.220020
   0.37399     14.007593     13.966436
   0.33243     13.714315     13.715436
   0.29088     13.529600     13.692148
   0.24932     13.600517     13.640196
   0.20777     13.491992     13.538689
   0.16622     13.645260     13.604999
   0.12466     13.580337     13.541163
   0.08311     13.575502     13.585309
   0.04155     13.842028     13.660189
   0.00000     13.864778     13.849991
 
# Band-Index   47
   0.00000     14.242965     14.248270
   0.04155     13.782531     13.782283
   0.08311     13.754884     13.877396
   0.12466     13.698808     13.682774
   0.16622     13.774974     13.877593
   0.20777     13.702110     13.671697
   0.24932     13.627013     13.695624
   0.29088     13.714064     13.783019
   0.33243     13.744581     13.806288
   0.37399     14.288517     14.279902
   0.41554     14.388339     14.360756
   0.45709     14.548595     14.598458
   0.49865     14.677435     14.765557
   0.54020     14.848483     14.856922
   0.58176     15.082723     15.059097
   0.62331     15.244534     15.286886
   0.66486     15.157647     15.522570
   0.70642     14.902350     15.173886
   0.74797     14.880065     15.073251
   0.78953     14.884466     14.901302
   0.78953     14.884466     14.901302
   0.83108     14.858807     14.887827
   0.87263     14.987015     14.819168
   0.91419     14.942781     14.780868
   0.95574     14.890099     14.844883
   0.99730     14.970047     14.968101
   1.03885     15.082973     15.081735
   1.08040     15.157396     15.181865
   1.12196     15.176640     15.295662
   1.16351     15.157254     15.176982
   1.20507     15.133759     15.125434
   1.24662     15.157478     15.146366
   1.28817     15.168923     15.182312
   1.32973     15.290167     15.379812
   1.37128     15.197232     15.252227
   1.41284     15.107089     15.114915
   1.45439     15.049282     15.034313
   1.49594     15.026747     15.047566
   1.53750     15.249448     15.212658
   1.57905     15.436893     15.421445
   1.57905     15.436894     15.421444
   1.62061     15.229772     15.229426
   1.66216     15.229611     15.246783
   1.70371     15.270197     15.385161
   1.74527     15.517189     15.523136
   1.78682     15.605261     15.596457
   1.82838     15.601641     15.466730
   1.86993     15.599444     15.400707
   1.91149     15.666621     15.451611
   1.95304     15.649587     15.454068
   1.99459     15.566187     15.665348
   2.03615     15.672191     15.923830
   2.07770     15.997300     16.110067
   2.11926     16.241555     16.240619
   2.16081     16.313042     16.410127
   2.20236     16.265043     16.433757
   2.24392     16.224705     16.194151
   2.28547     16.369551     16.333862
   2.32703     16.513035     16.353436
   2.36858     16.343802     16.245436
   2.36858     16.343802     16.245436
   2.41013     16.106964     16.188578
   2.45169     16.004775     16.043108
   2.49324     15.850153     15.778505
   2.53480     15.946838     15.923137
   2.57635     15.726667     15.599425
   2.61790     15.511708     15.477605
   2.65946     15.236714     15.254281
   2.70101     15.167559     15.278302
   2.74257     15.277935     15.401645
   2.78412     15.388143     15.467897
   2.82567     15.240592     15.308659
   2.86723     15.258366     15.312408
   2.90878     14.956508     15.173552
   2.95034     14.817056     14.995317
   2.99189     14.654920     14.824942
   3.03344     14.594417     14.683413
   3.07500     14.617517     14.664313
   3.11655     14.643210     14.640013
   3.15811     14.640520     14.595809
   3.15811     14.640520     14.595809
   3.21687     14.644341     14.583093
   3.27564     14.556701     14.545653
   3.33440     14.472909     14.087410
   3.39317     14.044015     14.628859
   3.45194     14.101396     14.070452
   3.51070     14.190483     14.114234
   3.56947     14.568931     14.515857
   3.62824     14.995282     14.999091
   3.68700     15.369749     15.408296
   3.74577     15.356673     15.361432
   3.80453     15.187803     15.315495
   3.86330     15.247264     15.304367
   3.92207     15.393416     15.310172
   3.98083     15.326835     15.277927
   4.03960     15.218115     15.214088
   4.09837     15.125287     15.150854
   4.15713     15.071026     15.165262
   4.21590     15.293886     15.295297
   4.27466     15.436894     15.421444
 
# Band-Index   48
   4.27466     15.460047     15.432440
   4.21590     15.383305     15.376402
   4.15713     15.186836     15.195322
   4.09837     15.234593     15.227399
   4.03960     15.316810     15.312634
   3.98083     15.455334     15.465994
   3.92207     15.466125     15.513187
   3.86330     15.357000     15.395473
   3.80453     15.346118     15.246086
   3.74577     15.347673     15.435729
   3.68700     15.489141     15.548221
   3.62824     14.886520     15.378111
   3.56947     14.676317     14.968278
   3.51070     14.717051     14.711314
   3.45194     14.907063     14.917172
   3.39317     14.966211     15.170022
   3.33440     14.792656     14.751798
   3.27564     14.849137     14.594618
   3.21687     14.844324     14.613930
   3.15811     14.749962     14.735511
   3.15811     14.749962     14.735511
   3.11655     14.698971     14.681731
   3.07500     14.654761     14.669189
   3.03344     14.703219     15.550965
   2.99189     14.837826     15.914310
   2.95034     15.007705     15.821333
   2.90878     15.073618     15.943048
   2.86723     15.421465     15.766175
   2.82567     15.305555     15.662440
   2.78412     15.383627     15.561792
   2.74257     15.471609     15.577533
   2.70101     15.517226     15.622414
   2.65946     15.762794     15.696318
   2.61790     15.807884     15.537072
   2.57635     15.797003     15.726248
   2.53480     15.957778     15.989396
   2.49324     15.976071     16.116767
   2.45169     16.036363     16.132776
   2.41013     16.298353     16.424935
   2.36858     16.573164     16.572925
   2.36858     16.573164     16.572925
   2.32703     16.497598     16.496850
   2.28547     16.793825     16.654461
   2.24392     16.741700     16.833826
   2.20236     16.568202     16.619489
   2.16081     16.406885     16.494140
   2.11926     16.407154     16.438737
   2.07770     16.502600     16.350692
   2.03615     16.354749     16.364867
   1.99459     16.271392     16.301560
   1.95304     16.156412     16.173769
   1.91149     16.058911     16.038619
   1.86993     15.958870     15.930776
   1.82838     15.546642     15.874194
   1.78682     15.644574     15.734050
   1.74527     15.582356     15.538107
   1.70371     15.437099     15.451184
   1.66216     15.484834     15.566014
   1.62061     15.604285     15.609218
   1.57905     15.460047     15.432440
   1.57905     15.460452     15.432460
   1.53750     15.318680     15.339522
   1.49594     15.278005     15.316830
   1.45439     15.358682     15.366829
   1.41284     15.446740     15.424172
   1.37128     15.489800     15.456666
   1.32973     15.345833     15.402693
   1.28817     15.347846     15.398034
   1.24662     15.316403     15.339245
   1.20507     15.380452     15.391226
   1.16351     15.318340     15.512405
   1.12196     15.313161     15.409500
   1.08040     15.436489     15.495385
   1.03885     15.539102     15.605737
   0.99730     15.417039     15.515439
   0.95574     15.272302     15.414071
   0.91419     15.124958     15.289205
   0.87263     15.049925     15.117947
   0.83108     15.134948     14.952988
   0.78953     15.165579     15.122516
   0.78953     15.165580     15.122516
   0.74797     15.332172     15.118756
   0.70642     15.439958     15.431415
   0.66486     15.648761     15.616942
   0.62331     15.328614     15.481059
   0.58176     15.131816     15.145627
   0.54020     15.022414     14.985673
   0.49865     14.823045     14.779397
   0.45709     14.601240     14.611057
   0.41554     14.486352     14.483170
   0.37399     14.372422     14.367563
   0.33243     14.054472     14.045483
   0.29088     13.824070     13.820500
   0.24932     13.718967     13.893214
   0.20777     13.724880     13.990674
   0.16622     14.369272     14.493685
   0.12466     14.393610     14.405503
   0.08311     14.377100     14.609123
   0.04155     14.442639     14.248739
   0.00000     14.417545     14.404212
 
# Band-Index   49
   0.00000     14.714631     14.703822
   0.04155     14.664010     14.482026
   0.08311     14.450730     14.636839
   0.12466     14.430511     14.605168
   0.16622     14.620790     14.610925
   0.20777     14.393728     14.541846
   0.24932     14.397129     14.512368
   0.29088     14.401886     14.476829
   0.33243     14.405189     14.434152
   0.37399     15.220827     15.227478
   0.41554     14.966007     15.157514
   0.45709     14.678352     14.643423
   0.49865     14.965239     14.878714
   0.54020     15.201606     15.143311
   0.58176     15.448204     15.531284
   0.62331     15.558962     15.706186
   0.66486     15.662040     15.833054
   0.70642     15.683744     15.965003
   0.74797     15.370047     15.962628
   0.78953     15.353198     15.957844
   0.78953     15.353193     15.957832
   0.83108     15.503539     15.988364
   0.87263     15.847517     16.070357
   0.91419     16.112036     16.152804
   0.95574     15.939896     15.986569
   0.99730     15.765411     15.817444
   1.03885     15.595335     15.651808
   1.08040     15.606230     15.673035
   1.12196     15.580923     15.632627
   1.16351     15.488026     15.535218
   1.20507     15.381319     15.624660
   1.24662     15.405363     15.631330
   1.28817     15.365626     15.537344
   1.32973     15.456712     15.465726
   1.37128     15.566170     15.615660
   1.41284     15.531037     15.566495
   1.45439     15.454058     15.428632
   1.49594     15.564522     15.474750
   1.53750     15.716538     15.668946
   1.57905     15.732679     15.722784
   1.57905     15.732581     15.722591
   1.62061     15.698357     15.695223
   1.66216     15.767257     15.788605
   1.70371     15.796857     15.848986
   1.74527     15.833612     15.892224
   1.78682     15.877090     15.905920
   1.82838     15.936945     15.922567
   1.86993     15.962790     16.003702
   1.91149     16.098435     16.116056
   1.95304     16.154254     16.210159
   1.99459     16.290418     16.419091
   2.03615     16.369861     16.472973
   2.07770     16.536488     16.473357
   2.11926     16.583081     16.547505
   2.16081     16.654794     16.695964
   2.20236     16.743688     16.774933
   2.24392     16.797638     16.867264
   2.28547     16.862910     16.789556
   2.32703     16.839749     16.803370
   2.36858     16.868429     16.825972
   2.36858     16.868429     16.825972
   2.41013     16.464035     16.446709
   2.45169     16.151131     16.195994
   2.49324     16.116994     16.237607
   2.53480     16.155080     16.095679
   2.57635     16.160492     16.134116
   2.61790     16.177047     15.877526
   2.65946     16.123380     15.830473
   2.70101     16.185642     15.808943
   2.74257     16.168961     15.879147
   2.78412     16.042820     16.007800
   2.82567     15.477417     16.156520
   2.86723     15.566386     16.133588
   2.90878     15.225897     16.001582
   2.95034     15.135092     16.029791
   2.99189     15.351901     16.145592
   3.03344     15.367419     16.233545
   3.07500     15.308564     14.667262
   3.11655     15.107459     14.755830
   3.15811     14.852663     14.749684
   3.15811     14.852663     14.749684
   3.21687     14.967690     14.916536
   3.27564     15.117879     15.078770
   3.33440     15.173947     15.128276
   3.39317     15.288257     16.123081
   3.45194     15.617818     15.960816
   3.51070     15.108198     15.843215
   3.56947     15.629866     15.805723
   3.62824     15.805526     15.710017
   3.68700     15.544605     15.576597
   3.74577     15.578620     15.566508
   3.80453     15.592249     15.590602
   3.86330     15.575015     15.575163
   3.92207     15.584997     15.618379
   3.98083     15.841281     15.844419
   4.03960     15.693063     15.687608
   4.09837     15.430209     15.421969
   4.15713     15.488140     15.476993
   4.21590     15.495004     15.468194
   4.27466     15.732581     15.722591
 
# Band-Index   50
   4.27466     15.763165     15.742140
   4.21590     15.719482     15.702491
   4.15713     15.694237     15.688094
   4.09837     16.071773     16.043839
   4.03960     16.021526     16.105328
   3.98083     15.891656     15.872769
   3.92207     15.940926     16.001859
   3.86330     16.040434     16.030027
   3.80453     15.927630     15.904256
   3.74577     15.668236     15.666805
   3.68700     15.743331     15.849867
   3.62824     15.917026     15.931292
   3.56947     15.795782     15.977193
   3.51070     15.766744     16.143220
   3.45194     16.259850     16.399342
   3.39317     16.120047     16.449327
   3.33440     16.095917     15.833220
   3.27564     16.264101     15.531266
   3.21687     16.266279     15.370707
   3.15811     16.248944     15.684392
   3.15811     16.248944     15.684392
   3.11655     16.283670     15.852803
   3.07500     16.271507     16.133936
   3.03344     16.216683     16.489065
   2.99189     16.026582     16.170881
   2.95034     16.028066     16.119322
   2.90878     15.933441     16.075460
   2.86723     16.004291     16.204940
   2.82567     15.940341     16.254817
   2.78412     16.236357     16.318584
   2.74257     16.220415     16.179479
   2.70101     16.224666     16.119662
   2.65946     16.209468     16.204225
   2.61790     16.234975     16.229920
   2.57635     16.283781     16.247240
   2.53480     16.340932     16.208226
   2.49324     16.328461     16.363232
   2.45169     16.685941     16.695435
   2.41013     16.634960     16.986039
   2.36858     17.061631     17.025856
   2.36858     17.061631     17.025856
   2.32703     17.003448     16.892811
   2.28547     16.873939     16.889877
   2.24392     17.132046     17.027459
   2.20236     16.959051     16.893977
   2.16081     16.862106     16.665023
   2.11926     16.901057     16.571390
   2.07770     16.788902     16.566073
   2.03615     16.532189     16.512316
   1.99459     16.356113     16.421567
   1.95304     16.314250     16.428907
   1.91149     16.451432     16.314778
   1.86993     16.042755     16.085411
   1.82838     15.937396     15.956096
   1.78682     15.878931     15.916069
   1.74527     16.025162     16.062196
   1.70371     15.932312     15.917922
   1.66216     15.775467     15.822061
   1.62061     15.760591     15.735428
   1.57905     15.763165     15.742140
   1.57905     15.762868     15.741465
   1.53750     15.720273     15.685101
   1.49594     15.802800     15.750590
   1.45439     15.821898     15.775617
   1.41284     15.862192     15.809772
   1.37128     15.894708     15.847535
   1.32973     15.795576     15.856073
   1.28817     15.854512     15.855293
   1.24662     16.019147     16.001844
   1.20507     16.054375     16.053792
   1.16351     16.076068     16.029054
   1.12196     16.009351     15.920227
   1.08040     16.024277     15.916485
   1.03885     16.119033     16.036486
   0.99730     16.253649     16.186861
   0.95574     16.290160     16.278855
   0.91419     16.186019     16.179589
   0.87263     16.251175     16.287412
   0.83108     16.060920     16.108849
   0.78953     15.940663     15.976915
   0.78953     15.940672     15.976917
   0.74797     15.944271     15.980136
   0.70642     15.954522     15.978799
   0.66486     15.749993     15.833743
   0.62331     15.674778     15.880019
   0.58176     15.493999     15.702279
   0.54020     15.412482     15.459821
   0.49865     15.276331     15.263458
   0.45709     15.149094     15.215483
   0.41554     15.283943     15.292796
   0.37399     15.284662     15.296880
   0.33243     15.190804     15.197353
   0.29088     15.059338     15.001933
   0.24932     14.848075     14.798859
   0.20777     14.713842     14.676129
   0.16622     14.669232     14.643205
   0.12466     14.694015     14.676944
   0.08311     14.574636     14.666337
   0.04155     14.668616     14.627422
   0.00000     14.749535     14.738628
 
# Band-Index   51
   0.00000     14.766677     14.747775
   0.04155     14.898286     14.790111
   0.08311     14.671101     15.080032
   0.12466     14.698497     14.698905
   0.16622     14.839005     14.841983
   0.20777     14.940402     14.966169
   0.24932     15.084144     15.092011
   0.29088     15.153815     15.161594
   0.33243     15.322238     15.259689
   0.37399     15.496908     15.457731
   0.41554     15.386655     15.342332
   0.45709     15.317956     15.267206
   0.49865     15.541550     15.417125
   0.54020     15.518277     15.563822
   0.58176     15.589816     15.796652
   0.62331     15.924787     15.892812
   0.66486     15.967465     15.981105
   0.70642     16.000224     15.988952
   0.74797     16.288805     16.277703
   0.78953     16.437396     16.463242
   0.78953     16.437289     16.463161
   0.83108     16.390263     16.418842
   0.87263     16.269808     16.304271
   0.91419     16.318052     16.338338
   0.95574     16.377708     16.307680
   0.99730     16.253592     16.275997
   1.03885     16.259434     16.291222
   1.08040     16.342010     16.380604
   1.12196     16.357648     16.288061
   1.16351     16.268083     16.198944
   1.20507     16.182402     16.115028
   1.24662     16.102692     16.037742
   1.28817     16.030131     15.967915
   1.32973     15.965623     15.906357
   1.37128     15.909569     15.853521
   1.41284     16.008706     15.941010
   1.45439     15.919450     15.909109
   1.49594     15.815275     15.762771
   1.53750     15.754057     15.748127
   1.57905     15.815367     15.800554
   1.57905     15.815894     15.800886
   1.62061     15.821463     15.868864
   1.66216     15.902519     15.980751
   1.70371     15.966706     16.139296
   1.74527     16.060480     16.142202
   1.78682     15.938353     16.269545
   1.82838     16.495784     16.447787
   1.86993     16.575201     16.613734
   1.91149     16.392791     16.540425
   1.95304     16.327371     16.509377
   1.99459     17.127762     16.591033
   2.03615     16.644441     16.680631
   2.07770     17.257906     16.794193
   2.11926     17.048147     16.936388
   2.16081     17.061413     17.103868
   2.20236     17.233129     17.144113
   2.24392     17.140794     17.031533
   2.28547     17.068899     16.949127
   2.32703     17.057123     17.124024
   2.36858     17.251022     17.348193
   2.36858     17.251022     17.348193
   2.41013     17.139093     17.320762
   2.45169     16.708678     17.110070
   2.49324     16.505511     16.590473
   2.53480     16.403195     16.461242
   2.57635     16.589922     16.467786
   2.61790     16.255297     16.382994
   2.65946     16.269118     16.392305
   2.70101     16.245599     16.377309
   2.74257     16.415377     16.373519
   2.78412     16.310127     16.430655
   2.82567     16.126444     16.503909
   2.86723     16.199314     16.589415
   2.90878     16.273032     16.581292
   2.95034     16.453653     16.548125
   2.99189     16.401398     16.520465
   3.03344     16.377297     16.591639
   3.07500     16.366022     16.255982
   3.11655     16.322792     16.290881
   3.15811     16.251461     16.298041
   3.15811     16.251461     16.298041
   3.21687     16.338365     16.275855
   3.27564     16.353564     16.266208
   3.33440     16.286717     16.220189
   3.39317     16.285923     16.688948
   3.45194     16.317392     16.688123
   3.51070     16.154725     16.395360
   3.56947     16.163974     16.069611
   3.62824     15.996022     15.965036
   3.68700     16.267666     16.232691
   3.74577     16.201087     16.163463
   3.80453     16.083135     16.058825
   3.86330     16.140084     16.163604
   3.92207     16.107381     16.097165
   3.98083     15.965414     15.979836
   4.03960     16.192301     16.123365
   4.09837     16.073882     16.088717
   4.15713     16.041519     16.042404
   4.21590     15.994476     15.982618
   4.27466     15.815894     15.800886
 
# Band-Index   52
   4.27466     15.869532     15.851156
   4.21590     16.076764     15.990732
   4.15713     16.292042     16.371104
   4.09837     16.366125     16.374238
   4.03960     16.415501     16.459639
   3.98083     16.283014     16.268277
   3.92207     16.210844     16.148559
   3.86330     16.361829     16.317769
   3.80453     16.466764     16.491218
   3.74577     16.595251     16.617762
   3.68700     16.631043     16.555955
   3.62824     16.175162     16.276518
   3.56947     16.145504     16.354025
   3.51070     16.213844     16.600830
   3.45194     16.376871     16.659027
   3.39317     16.390274     16.713974
   3.33440     16.370684     16.343376
   3.27564     16.848187     16.338217
   3.21687     16.857584     16.349416
   3.15811     16.347482     16.367699
   3.15811     16.347482     16.367699
   3.11655     16.832968     16.351230
   3.07500     16.601961     16.387687
   3.03344     16.665749     16.907880
   2.99189     16.717943     16.729112
   2.95034     16.524990     16.696856
   2.90878     16.463023     16.723287
   2.86723     16.488603     16.683949
   2.82567     16.505318     16.647309
   2.78412     16.576248     16.527135
   2.74257     16.532444     16.732444
   2.70101     16.782920     17.002639
   2.65946     17.074572     17.261764
   2.61790     17.128445     16.918958
   2.57635     16.819336     16.717093
   2.53480     16.553784     16.715259
   2.49324     16.743996     16.862272
   2.45169     16.883024     17.213870
   2.41013     17.182400     17.578717
   2.36858     17.970782     18.017338
   2.36858     17.970782     18.017338
   2.32703     17.615567     17.661481
   2.28547     17.403744     17.400770
   2.24392     17.351114     17.271770
   2.20236     17.227930     17.181395
   2.16081     17.111537     17.253910
   2.11926     17.019246     17.286238
   2.07770     17.109285     16.974154
   2.03615     16.946157     16.659590
   1.99459     16.851118     16.826941
   1.95304     17.711962     17.130255
   1.91149     17.412456     17.400899
   1.86993     17.233303     17.115631
   1.82838     16.274436     16.749095
   1.78682     16.333446     16.179387
   1.74527     16.120621     16.361462
   1.70371     16.141044     16.783963
   1.66216     16.315968     16.385334
   1.62061     16.077105     16.002015
   1.57905     15.869532     15.851156
   1.57905     15.869425     15.851238
   1.53750     15.891296     15.814559
   1.49594     15.996333     15.879094
   1.45439     16.038529     15.939006
   1.41284     16.072376     16.084553
   1.37128     15.912000     15.967356
   1.32973     15.991172     15.941034
   1.28817     16.112015     16.052426
   1.24662     16.230669     16.164790
   1.20507     16.238558     16.179198
   1.16351     16.416699     16.320950
   1.12196     16.427071     16.407540
   1.08040     16.448522     16.384110
   1.03885     16.536693     16.474113
   0.99730     16.488285     16.454934
   0.95574     16.405459     16.389284
   0.91419     16.512290     16.505014
   0.87263     16.580635     16.584821
   0.83108     16.609354     16.588354
   0.78953     16.616681     16.576128
   0.78953     16.616748     16.576176
   0.74797     16.414673     16.449820
   0.70642     16.049709     16.097796
   0.66486     16.066085     16.000464
   0.62331     16.028222     16.090222
   0.58176     15.861974     15.810897
   0.54020     15.618775     15.747576
   0.49865     15.535270     15.654095
   0.45709     15.415688     15.440366
   0.41554     15.737271     15.846498
   0.37399     15.614955     15.550992
   0.33243     15.401241     15.438116
   0.29088     15.312933     15.337691
   0.24932     15.130355     15.162084
   0.20777     14.974868     14.980945
   0.16622     14.864522     14.863169
   0.12466     14.714669     14.866996
   0.08311     14.749429     15.862847
   0.04155     15.595716     14.906960
   0.00000     15.139141     15.103987
 
# Band-Index   53
   0.00000     16.357804     16.341391
   0.04155     16.205122     15.005639
   0.08311     15.522381     16.096821
   0.12466     15.830113     15.620155
   0.16622     15.970017     15.851815
   0.20777     15.099107     15.001585
   0.24932     15.301901     15.178830
   0.29088     15.473237     15.382889
   0.33243     15.550867     15.532087
   0.37399     15.792347     16.023344
   0.41554     15.923687     16.023226
   0.45709     15.752909     16.076446
   0.49865     15.905030     16.053585
   0.54020     16.086028     16.118172
   0.58176     16.055807     16.093422
   0.62331     16.074588     16.199143
   0.66486     16.080832     16.245302
   0.70642     16.725608     16.716275
   0.74797     16.666844     16.651888
   0.78953     16.780664     16.824412
   0.78953     16.780648     16.824406
   0.83108     16.776664     16.811787
   0.87263     16.762081     16.777694
   0.91419     16.732373     16.722000
   0.95574     16.683799     16.649471
   0.99730     16.617058     16.565165
   1.03885     16.567161     16.577360
   1.08040     16.616579     16.591330
   1.12196     16.510083     16.493998
   1.16351     16.481696     16.406917
   1.20507     16.352772     16.282237
   1.24662     16.499775     16.408294
   1.28817     16.099661     16.066232
   1.32973     16.058158     16.028919
   1.37128     16.018588     16.015617
   1.41284     16.143660     16.201408
   1.45439     16.160824     16.342066
   1.49594     16.520172     16.314846
   1.53750     16.082032     16.222946
   1.57905     16.183733     16.181811
   1.57905     16.183741     16.181813
   1.62061     16.217168     16.068751
   1.66216     16.335577     16.667046
   1.70371     16.471359     16.972896
   1.74527     16.668204     17.276135
   1.78682     16.882627     16.696189
   1.82838     17.238394     17.120892
   1.86993     17.277824     17.232681
   1.91149     17.525055     17.417480
   1.95304     17.700885     17.672336
   1.99459     17.908481     17.918791
   2.03615     18.092128     18.162577
   2.07770     18.273484     18.125870
   2.11926     18.225967     17.968075
   2.16081     17.852834     17.757702
   2.20236     17.679737     17.677033
   2.24392     17.667883     17.694163
   2.28547     17.698637     17.535620
   2.32703     17.997973     17.738192
   2.36858     17.999091     18.005212
   2.36858     17.999091     18.005212
   2.41013     17.347221     17.639030
   2.45169     17.286936     17.420305
   2.49324     16.867149     17.304580
   2.53480     16.830246     17.001335
   2.57635     16.819463     17.436946
   2.61790     17.142920     17.374286
   2.65946     17.168838     17.273522
   2.70101     16.803283     17.051600
   2.74257     16.689804     16.755407
   2.78412     16.705554     16.652766
   2.82567     16.956906     16.789027
   2.86723     17.197071     17.081861
   2.90878     17.037004     17.413559
   2.95034     17.046986     17.456234
   2.99189     16.931192     17.293349
   3.03344     16.882368     17.178877
   3.07500     16.912073     16.882558
   3.11655     16.862966     16.820469
   3.15811     16.794036     16.794865
   3.15811     16.794036     16.794865
   3.21687     16.931457     16.863278
   3.27564     16.917245     16.815656
   3.33440     16.762856     16.557328
   3.39317     16.406707     17.007231
   3.45194     16.486840     17.009004
   3.51070     16.588972     16.825096
   3.56947     16.511753     16.858845
   3.62824     16.490292     16.645191
   3.68700     16.651438     16.721776
   3.74577     17.009560     17.106292
   3.80453     17.298265     17.285634
   3.86330     16.851620     16.879398
   3.92207     16.617546     16.594070
   3.98083     16.475403     16.487492
   4.03960     16.421787     16.598356
   4.09837     16.584746     16.650056
   4.15713     16.592148     16.587525
   4.21590     16.204870     16.177611
   4.27466     16.183741     16.181813
 
# Band-Index   54
   4.27466     16.388713     16.387701
   4.21590     16.442931     16.613279
   4.15713     16.665923     16.845963
   4.09837     16.741870     16.782911
   4.03960     16.603784     16.634226
   3.98083     16.841809     16.923163
   3.92207     17.348314     17.365624
   3.86330     17.245169     17.292080
   3.80453     17.330830     17.294530
   3.74577     17.139004     17.114291
   3.68700     16.715566     16.767323
   3.62824     16.780460     16.804252
   3.56947     17.140330     16.868588
   3.51070     16.866767     17.012292
   3.45194     16.887809     17.047478
   3.39317     17.140900     17.204681
   3.33440     17.140927     17.233928
   3.27564     17.033100     17.038932
   3.21687     17.226436     17.140517
   3.15811     17.135986     17.149352
   3.15811     17.135986     17.149352
   3.11655     17.061547     17.204162
   3.07500     16.986034     17.114590
   3.03344     16.929918     17.350729
   2.99189     16.996664     17.389699
   2.95034     17.108930     17.478803
   2.90878     17.192185     17.746740
   2.86723     17.274512     17.879954
   2.82567     17.275461     18.074417
   2.78412     17.182669     18.016418
   2.74257     17.376751     17.990834
   2.70101     17.396391     17.782620
   2.65946     17.359626     17.365955
   2.61790     17.255816     17.410005
   2.57635     16.995871     17.436910
   2.53480     16.875171     17.296160
   2.49324     17.287553     17.468419
   2.45169     17.364297     17.529084
   2.41013     17.504578     17.859803
   2.36858     18.256565     18.021484
   2.36858     18.256565     18.021484
   2.32703     17.833251     17.972277
   2.28547     17.931123     17.912803
   2.24392     18.063705     18.025503
   2.20236     18.398099     18.050787
   2.16081     18.675007     18.344210
   2.11926     18.574464     18.544664
   2.07770     18.378855     18.378268
   2.03615     18.142642     18.189076
   1.99459     18.007712     18.003710
   1.95304     17.877898     17.750443
   1.91149     18.055896     17.758848
   1.86993     17.787589     17.597101
   1.82838     17.271116     17.290881
   1.78682     17.250731     17.393537
   1.74527     17.023801     17.389754
   1.70371     16.802654     17.085360
   1.66216     16.507451     16.811197
   1.62061     16.376471     16.386292
   1.57905     16.388713     16.387701
   1.57905     16.388360     16.387445
   1.53750     16.383028     16.408238
   1.49594     16.564493     16.427663
   1.45439     16.379353     16.472704
   1.41284     16.344049     16.399797
   1.37128     16.444799     16.508811
   1.32973     16.724712     16.809802
   1.28817     16.979977     16.584681
   1.24662     17.113787     17.033439
   1.20507     16.629079     16.320200
   1.16351     16.747709     16.798251
   1.12196     16.593511     16.536994
   1.08040     16.664869     16.674916
   1.03885     16.725824     16.712619
   0.99730     16.956054     16.920987
   0.95574     17.056062     16.957432
   0.91419     16.934594     16.880572
   0.87263     16.815310     16.799867
   0.83108     16.806986     16.812719
   0.78953     16.857868     16.871399
   0.78953     16.857879     16.871416
   0.74797     16.889989     16.937163
   0.70642     16.810851     16.814687
   0.66486     16.524643     16.461047
   0.62331     16.244659     16.377390
   0.58176     16.159415     16.368122
   0.54020     16.125123     16.134052
   0.49865     16.116188     16.134763
   0.45709     15.959939     16.202200
   0.41554     16.168475     16.400505
   0.37399     16.328531     16.273903
   0.33243     15.823240     15.994034
   0.29088     15.928252     16.027339
   0.24932     16.089871     16.017361
   0.20777     16.071613     15.981234
   0.16622     16.172457     16.187718
   0.12466     16.226791     16.243483
   0.08311     16.273038     16.344348
   0.04155     16.357357     16.218864
   0.00000     16.355677     16.359111
 
# Band-Index   55
   0.00000     16.373171     16.382294
   0.04155     16.799982     16.339566
   0.08311     16.331589     16.918681
   0.12466     16.505962     16.669440
   0.16622     16.455426     16.620233
   0.20777     16.164004     16.167438
   0.24932     16.104338     16.212154
   0.29088     16.100924     16.141155
   0.33243     16.185935     16.089046
   0.37399     16.366875     16.440866
   0.41554     16.400722     16.403445
   0.45709     16.102262     16.223733
   0.49865     16.729429     16.653731
   0.54020     16.906624     16.570527
   0.58176     16.459142     16.447960
   0.62331     16.548979     16.383727
   0.66486     16.694480     16.774870
   0.70642     17.113883     17.089138
   0.74797     16.980547     17.006453
   0.78953     16.897755     16.946931
   0.78953     16.897726     16.946801
   0.83108     17.021571     17.089931
   0.87263     17.157088     17.240200
   0.91419     17.139508     17.234392
   0.95574     17.099219     17.087124
   0.99730     17.024919     16.946601
   1.03885     16.902520     16.808849
   1.08040     16.760529     16.789883
   1.12196     16.619092     16.561135
   1.16351     17.003088     17.068012
   1.20507     17.022641     17.072288
   1.24662     17.263488     17.318925
   1.28817     17.066760     17.155101
   1.32973     16.946647     16.946968
   1.37128     16.663592     16.820194
   1.41284     16.397917     16.665850
   1.45439     16.570137     16.620281
   1.49594     16.686323     16.672472
   1.53750     16.689474     16.674765
   1.57905     16.595706     16.575458
   1.57905     16.594872     16.575976
   1.62061     16.387997     16.561998
   1.66216     16.701611     17.271550
   1.70371     17.004232     17.426913
   1.74527     17.384614     17.442289
   1.78682     17.444307     17.728720
   1.82838     17.243999     17.859816
   1.86993     17.791959     17.962052
   1.91149     18.325796     18.130470
   1.95304     18.316959     18.388171
   1.99459     18.604278     18.697006
   2.03615     18.747474     18.622629
   2.07770     18.752927     18.712515
   2.11926     18.919393     18.916091
   2.16081     18.922132     18.737340
   2.20236     18.524044     18.355839
   2.24392     18.319343     18.014860
   2.28547     18.317470     18.072944
   2.32703     18.469735     18.164638
   2.36858     18.706833     18.293658
   2.36858     18.706833     18.293658
   2.41013     17.681442     17.869939
   2.45169     17.726666     18.018289
   2.49324     17.373573     18.067796
   2.53480     17.254054     17.957687
   2.57635     17.216650     17.805503
   2.61790     17.366900     17.617202
   2.65946     17.616278     17.620192
   2.70101     17.503473     17.865880
   2.74257     17.349800     18.256815
   2.78412     17.366639     18.368319
   2.82567     17.354881     18.239489
   2.86723     17.403001     18.039073
   2.90878     17.555699     17.759837
   2.95034     17.643237     17.765135
   2.99189     17.348310     18.008280
   3.03344     17.198472     18.112491
   3.07500     17.261777     17.360921
   3.11655     17.191534     17.226955
   3.15811     17.156656     17.298987
   3.15811     17.156656     17.298987
   3.21687     17.214030     17.200319
   3.27564     17.412131     17.310076
   3.33440     17.241651     17.221837
   3.39317     17.293353     17.764764
   3.45194     17.469222     17.786545
   3.51070     17.431524     17.778541
   3.56947     17.461662     17.752842
   3.62824     17.538686     17.738546
   3.68700     17.665981     17.785867
   3.74577     17.666998     17.657984
   3.80453     17.565625     17.678748
   3.86330     17.742357     17.752015
   3.92207     17.724958     17.753011
   3.98083     17.385526     17.400084
   4.03960     17.024748     17.009778
   4.09837     17.061436     17.002399
   4.15713     16.861058     16.916800
   4.21590     16.949312     16.856122
   4.27466     16.594872     16.575976
 
# Band-Index   56
   4.27466     16.716135     16.710232
   4.21590     16.951892     16.867367
   4.15713     16.954351     17.053342
   4.09837     17.049382     17.105354
   4.03960     17.642525     17.650866
   3.98083     18.071322     18.195446
   3.92207     17.832281     17.864666
   3.86330     17.962517     18.022842
   3.80453     17.757455     17.801233
   3.74577     17.749940     17.689771
   3.68700     17.718996     17.813591
   3.62824     17.631957     17.786734
   3.56947     17.636973     17.772773
   3.51070     17.575387     17.852547
   3.45194     17.585856     17.931038
   3.39317     17.461662     17.944959
   3.33440     17.331653     17.294609
   3.27564     17.320508     17.450742
   3.21687     17.389581     17.438405
   3.15811     17.430473     17.476395
   3.15811     17.430473     17.476395
   3.11655     17.437528     17.475465
   3.07500     17.306770     17.539522
   3.03344     17.513169     18.208291
   2.99189     17.729998     18.272580
   2.95034     17.749125     18.427492
   2.90878     17.949400     18.478139
   2.86723     18.206351     18.563935
   2.82567     18.128665     18.671356
   2.78412     17.928683     18.461379
   2.74257     17.707765     18.363851
   2.70101     17.650403     18.372435
   2.65946     17.710078     18.204895
   2.61790     17.538675     17.845882
   2.57635     17.815437     17.944275
   2.53480     18.020219     18.152323
   2.49324     18.171121     18.350580
   2.45169     18.152802     18.346091
   2.41013     18.217070     18.537537
   2.36858     18.929529     18.942437
   2.36858     18.929529     18.942437
   2.32703     18.880844     18.901443
   2.28547     18.794050     19.099617
   2.24392     18.868293     19.378794
   2.20236     19.151822     19.173530
   2.16081     19.075530     18.959628
   2.11926     19.228456     18.933472
   2.07770     19.150418     19.148226
   2.03615     18.918159     19.049531
   1.99459     18.842868     18.709503
   1.95304     18.541781     18.693678
   1.91149     18.325424     18.357795
   1.86993     18.179465     18.173374
   1.82838     17.501367     18.016002
   1.78682     17.769697     17.836682
   1.74527     17.436448     17.931343
   1.70371     17.047450     17.685519
   1.66216     16.930781     17.317004
   1.62061     16.752651     16.615110
   1.57905     16.716135     16.710232
   1.57905     16.712140     16.710588
   1.53750     16.829210     17.259610
   1.49594     16.920325     16.779036
   1.45439     16.953147     16.839301
   1.41284     17.208684     16.964509
   1.37128     17.122195     16.886943
   1.32973     17.243799     17.110877
   1.28817     17.216696     17.301120
   1.24662     17.481128     17.525347
   1.20507     17.539115     17.420085
   1.16351     17.857807     17.822593
   1.12196     16.876045     16.976401
   1.08040     17.850185     17.833500
   1.03885     16.965461     16.919354
   0.99730     17.667311     17.650807
   0.95574     17.473007     17.521885
   0.91419     17.256665     17.308458
   0.87263     17.254147     17.353006
   0.83108     17.358335     17.356704
   0.78953     17.442115     17.458028
   0.78953     17.457048     17.477873
   0.74797     17.242036     17.265954
   0.70642     17.600255     17.617635
   0.66486     16.789522     16.803841
   0.62331     16.613952     16.664843
   0.58176     16.460694     16.791446
   0.54020     16.946189     16.955119
   0.49865     16.856816     16.692343
   0.45709     16.431011     16.446755
   0.41554     16.507979     16.414844
   0.37399     16.423518     16.668537
   0.33243     16.416371     16.461707
   0.29088     16.327920     16.327235
   0.24932     16.211822     16.355205
   0.20777     16.296520     16.564572
   0.16622     16.558193     16.756235
   0.12466     16.661643     16.784127
   0.08311     16.449503     17.176777
   0.04155     16.746943     16.348589
   0.00000     16.792663     16.793562
 
# Band-Index   57
   0.00000     17.149798     17.151457
   0.04155     17.192360     16.846676
   0.08311     16.877576     17.258619
   0.12466     16.794722     17.041526
   0.16622     16.633686     16.889037
   0.20777     16.549903     16.576228
   0.24932     16.516341     16.546658
   0.29088     16.468973     16.508489
   0.33243     16.495745     16.502434
   0.37399     16.669346     17.269459
   0.41554     16.870834     17.193618
   0.45709     16.897398     16.772213
   0.49865     17.270361     17.220301
   0.54020     17.097305     17.074611
   0.58176     16.960471     16.806904
   0.62331     16.834796     16.819363
   0.66486     17.022016     17.045011
   0.70642     18.192741     18.175317
   0.74797     17.358363     17.336659
   0.78953     17.632385     17.505696
   0.78953     17.475166     17.461151
   0.83108     17.749828     17.685013
   0.87263     17.383250     17.369165
   0.91419     17.478811     17.509357
   0.95574     17.518620     17.737317
   0.99730     17.781714     17.792153
   1.03885     17.805245     17.794887
   1.08040     18.083209     18.133234
   1.12196     17.786300     17.740097
   1.16351     17.877096     17.921074
   1.20507     17.613365     17.592211
   1.24662     17.711050     17.831319
   1.28817     17.474100     17.305823
   1.32973     17.330353     17.344822
   1.37128     17.527537     17.440698
   1.41284     17.595782     17.414798
   1.45439     17.384723     17.153723
   1.49594     17.569582     16.913499
   1.53750     17.450391     17.484940
   1.57905     17.853324     17.833518
   1.57905     17.853814     17.833738
   1.62061     16.814387     16.822962
   1.66216     17.340459     18.034411
   1.70371     17.756328     17.990708
   1.74527     17.743939     18.097079
   1.78682     17.885357     18.041025
   1.82838     18.058710     18.290922
   1.86993     18.225519     18.340132
   1.91149     18.566246     18.473748
   1.95304     18.694534     18.745103
   1.99459     18.857723     19.007015
   2.03615     19.146248     19.228776
   2.07770     19.489080     19.427087
   2.11926     19.452864     19.111414
   2.16081     19.201389     19.101109
   2.20236     19.300077     19.250278
   2.24392     19.473808     19.418400
   2.28547     19.710258     19.415745
   2.32703     19.960290     19.293372
   2.36858     20.234692     19.260185
   2.36858     20.234692     19.260185
   2.41013     18.438780     18.793170
   2.45169     18.216693     18.507976
   2.49324     18.481091     19.069396
   2.53480     18.399639     18.997924
   2.57635     18.119262     18.827150
   2.61790     17.895718     18.625336
   2.65946     17.838856     18.528811
   2.70101     18.191569     18.611249
   2.74257     18.584234     18.597233
   2.78412     18.641053     18.730966
   2.82567     18.248306     18.884849
   2.86723     18.234340     18.759566
   2.90878     18.031266     18.641661
   2.95034     17.957082     18.471421
   2.99189     17.750164     18.354873
   3.03344     17.685867     18.434190
   3.07500     17.602042     17.851159
   3.11655     17.477227     17.734030
   3.15811     17.549648     17.696607
   3.15811     17.549648     17.696607
   3.21687     17.490166     17.646166
   3.27564     17.678970     17.690916
   3.33440     17.908845     17.806325
   3.39317     17.976805     18.689453
   3.45194     17.934571     18.726391
   3.51070     17.857726     19.055292
   3.56947     17.641943     19.186776
   3.62824     17.872584     18.994442
   3.68700     18.274215     18.506602
   3.74577     17.771026     18.046229
   3.80453     17.771911     17.920757
   3.86330     18.160995     18.222234
   3.92207     18.377788     18.430612
   3.98083     18.181303     18.225244
   4.03960     17.713974     17.666103
   4.09837     17.283975     17.371394
   4.15713     16.953542     17.476315
   4.21590     17.419071     17.485566
   4.27466     17.853814     17.833738
 
# Band-Index   58
   4.27466     18.030206     18.012770
   4.21590     18.071198     18.130646
   4.15713     17.249641     18.001972
   4.09837     17.321990     17.729062
   4.03960     18.072892     18.124299
   3.98083     18.308358     18.331572
   3.92207     18.529019     18.568301
   3.86330     18.639709     18.662296
   3.80453     18.240747     18.256825
   3.74577     18.076406     18.211666
   3.68700     18.512321     18.539820
   3.62824     18.982183     19.001016
   3.56947     19.211653     19.389969
   3.51070     17.912487     19.439564
   3.45194     18.190822     19.469815
   3.39317     18.298775     19.156768
   3.33440     18.012084     18.118607
   3.27564     17.838669     17.834936
   3.21687     17.763629     17.787856
   3.15811     17.789207     17.754859
   3.15811     17.789207     17.754859
   3.11655     17.893698     17.848381
   3.07500     18.072515     18.028900
   3.03344     18.264567     19.427696
   2.99189     18.443656     19.336326
   2.95034     18.346048     19.248163
   2.90878     18.410708     19.151563
   2.86723     18.513611     18.989813
   2.82567     18.630665     18.947497
   2.78412     18.760941     19.132356
   2.74257     18.734685     19.169421
   2.70101     18.249007     18.736811
   2.65946     18.015114     18.737429
   2.61790     18.543708     18.741298
   2.57635     18.798640     18.936603
   2.53480     18.951034     19.222475
   2.49324     18.924379     19.309112
   2.45169     19.286266     19.621298
   2.41013     18.772501     19.998885
   2.36858     20.330101     20.272848
   2.36858     20.330101     20.272849
   2.32703     20.237722     20.137091
   2.28547     20.035836     19.939065
   2.24392     19.773069     19.762604
   2.20236     19.880759     19.773883
   2.16081     19.861970     19.827963
   2.11926     19.911278     19.781244
   2.07770     19.796577     19.522184
   2.03615     19.494236     19.390869
   1.99459     19.248061     19.062884
   1.95304     18.898924     18.786158
   1.91149     18.962903     18.503237
   1.86993     18.686533     18.589539
   1.82838     18.217386     18.397831
   1.78682     18.013633     18.364675
   1.74527     18.075701     18.270243
   1.70371     17.794000     18.114925
   1.66216     17.847231     18.301452
   1.62061     17.944741     18.012719
   1.57905     18.030206     18.012770
   1.57905     18.028534     18.011526
   1.53750     17.753207     17.807915
   1.49594     18.051438     17.649124
   1.45439     17.593472     17.723797
   1.41284     17.679096     17.678189
   1.37128     17.723558     17.577292
   1.32973     17.724339     17.634949
   1.28817     17.721561     17.675864
   1.24662     17.752115     18.036360
   1.20507     17.754144     17.824034
   1.16351     18.519056     18.489690
   1.12196     18.083108     18.081795
   1.08040     18.195848     18.305166
   1.03885     17.917982     17.872183
   0.99730     18.102020     18.368740
   0.95574     17.764953     17.781869
   0.91419     17.760013     17.761900
   0.87263     17.771300     17.749066
   0.83108     17.836489     17.789365
   0.78953     17.508762     17.497890
   0.78953     17.869391     17.819237
   0.74797     17.461432     17.397009
   0.70642     18.241205     18.237582
   0.66486     17.225565     17.211573
   0.62331     16.868573     16.852649
   0.58176     16.973058     16.945756
   0.54020     17.365949     17.162144
   0.49865     17.293513     17.274943
   0.45709     17.185844     17.321414
   0.41554     17.323138     17.334947
   0.37399     16.782146     17.420624
   0.33243     16.631116     16.996144
   0.29088     16.655164     17.020747
   0.24932     16.685430     16.954365
   0.20777     16.672420     17.021318
   0.16622     17.058623     17.316906
   0.12466     17.383302     17.226255
   0.08311     16.974618     17.275134
   0.04155     17.295910     17.198182
   0.00000     17.398385     17.372031
 
# Band-Index   59
   0.00000     17.545811     17.548548
   0.04155     17.553633     17.252160
   0.08311     17.342439     17.676208
   0.12466     17.535422     17.372932
   0.16622     17.563068     17.390879
   0.20777     17.209710     17.255458
   0.24932     17.362533     17.405552
   0.29088     17.080172     17.278342
   0.33243     16.776333     17.037956
   0.37399     17.416222     17.833860
   0.41554     17.739009     17.615861
   0.45709     17.299489     17.327088
   0.49865     17.351280     17.471970
   0.54020     17.340089     17.248088
   0.58176     17.102236     17.061325
   0.62331     17.030659     17.056635
   0.66486     17.985691     18.108846
   0.70642     18.453647     18.469116
   0.74797     17.875175     17.903224
   0.78953     18.133861     18.147279
   0.78953     17.797426     17.740403
   0.83108     18.170311     18.111514
   0.87263     17.829233     17.802546
   0.91419     17.837857     17.945883
   0.95574     18.130635     18.234610
   0.99730     18.396268     18.440377
   1.03885     18.397559     18.417999
   1.08040     18.310112     18.842078
   1.12196     18.139394     18.170063
   1.16351     18.531217     18.554872
   1.20507     17.859642     17.907302
   1.24662     18.108750     18.070997
   1.28817     17.742046     17.738116
   1.32973     17.954381     17.892283
   1.37128     17.770247     17.693433
   1.41284     17.845894     17.796642
   1.45439     18.164466     18.016621
   1.49594     18.430904     17.968184
   1.53750     18.033342     17.910894
   1.57905     18.103441     18.075372
   1.57905     18.100057     18.074874
   1.62061     18.001400     18.011853
   1.66216     18.007126     18.573679
   1.70371     18.049719     18.589850
   1.74527     18.185733     18.242013
   1.78682     18.372372     18.509715
   1.82838     18.314451     18.695915
   1.86993     18.813339     18.738017
   1.91149     19.024543     19.144351
   1.95304     19.108216     19.357649
   1.99459     19.272583     19.506153
   2.03615     19.746403     19.773189
   2.07770     19.877549     19.955049
   2.11926     19.910607     19.910768
   2.16081     20.406258     20.217031
   2.20236     20.551390     20.557889
   2.24392     19.962146     20.825237
   2.28547     20.097197     19.957650
   2.32703     20.302096     20.184327
   2.36858     20.517314     20.430874
   2.36858     20.517314     20.430874
   2.41013     19.012095     20.061864
   2.45169     19.488460     19.869659
   2.49324     19.270037     19.538842
   2.53480     19.040157     19.885406
   2.57635     19.066885     19.860902
   2.61790     18.997691     19.836409
   2.65946     18.960783     19.834952
   2.70101     18.624287     19.646981
   2.74257     18.781063     19.377626
   2.78412     18.955880     19.231601
   2.82567     18.688327     19.353100
   2.86723     18.587250     19.691893
   2.90878     18.519040     19.675017
   2.95034     18.532608     19.635361
   2.99189     18.443716     19.726182
   3.03344     18.665435     19.933054
   3.07500     18.895653     18.928194
   3.11655     19.060405     19.129630
   3.15811     19.131869     19.204668
   3.15811     19.131869     19.204668
   3.21687     18.963838     19.031790
   3.27564     18.727929     18.769430
   3.33440     18.593125     18.618376
   3.39317     18.541968     19.765835
   3.45194     18.713306     19.514812
   3.51070     18.950703     19.580525
   3.56947     19.400546     19.453965
   3.62824     19.085120     19.234411
   3.68700     19.275270     19.259310
   3.74577     19.363147     19.268509
   3.80453     18.925200     18.947914
   3.86330     19.019823     19.100639
   3.92207     18.867064     18.825449
   3.98083     18.464671     18.493356
   4.03960     18.538380     18.506977
   4.09837     17.684857     18.062992
   4.15713     17.617536     18.326765
   4.21590     18.450467     18.359607
   4.27466     18.100057     18.074874
 
# Band-Index   60
   4.27466     18.772618     18.761484
   4.21590     18.598386     18.503156
   4.15713     17.958080     18.790214
   4.09837     18.215323     18.580078
   4.03960     18.540429     18.768850
   3.98083     18.825321     18.985462
   3.92207     19.091500     19.086695
   3.86330     19.144466     19.166962
   3.80453     19.316923     19.281918
   3.74577     19.383670     19.387268
   3.68700     19.981464     20.093381
   3.62824     19.316541     19.966632
   3.56947     19.422128     19.588497
   3.51070     19.175524     19.603513
   3.45194     18.833335     19.749606
   3.39317     18.735211     20.022791
   3.33440     19.072711     19.050071
   3.27564     19.292478     19.248561
   3.21687     19.446060     19.395880
   3.15811     19.631888     19.591485
   3.15811     19.631888     19.591485
   3.11655     19.578752     19.517110
   3.07500     19.517554     19.506336
   3.03344     19.466236     19.966031
   2.99189     19.473740     20.050378
   2.95034     19.364910     19.843403
   2.90878     19.206028     19.828726
   2.86723     19.272797     19.742358
   2.82567     19.413605     19.689803
   2.78412     19.229763     19.442531
   2.74257     19.133256     19.367710
   2.70101     19.330121     19.689534
   2.65946     19.848502     20.022337
   2.61790     19.872970     20.331528
   2.57635     19.480867     20.686376
   2.53480     19.680864     20.520201
   2.49324     19.685821     20.139760
   2.45169     19.677310     20.754923
   2.41013     19.535373     20.921113
   2.36858     22.214880     21.212477
   2.36858     22.214880     21.212477
   2.32703     21.672912     21.082430
   2.28547     21.392884     20.993705
   2.24392     21.152103     21.409399
   2.20236     20.817142     20.986791
   2.16081     20.624007     20.596965
   2.11926     20.254939     20.233687
   2.07770     20.219315     19.973199
   2.03615     20.176796     19.801949
   1.99459     20.027598     19.665634
   1.95304     19.808736     19.622932
   1.91149     19.661897     19.698701
   1.86993     19.269485     19.263660
   1.82838     18.746093     18.836762
   1.78682     18.441691     18.543600
   1.74527     18.240718     18.473712
   1.70371     18.090226     18.848580
   1.66216     18.266752     18.767853
   1.62061     18.252173     18.332206
   1.57905     18.772618     18.761484
   1.57905     18.772329     18.761388
   1.53750     18.663123     18.573221
   1.49594     18.707242     18.298299
   1.45439     18.198590     18.084627
   1.41284     18.393488     18.199040
   1.37128     17.832434     17.983293
   1.32973     18.129932     18.179238
   1.28817     18.210450     18.138790
   1.24662     18.445303     18.256914
   1.20507     18.589256     18.385473
   1.16351     18.926880     18.801404
   1.12196     18.395154     18.314689
   1.08040     18.780551     18.898714
   1.03885     18.479674     18.485113
   0.99730     18.684385     18.838200
   0.95574     18.203543     18.391342
   0.91419     17.962831     18.031084
   0.87263     17.913118     17.926619
   0.83108     18.227861     18.224802
   0.78953     17.938952     17.902935
   0.78953     18.351615     18.228186
   0.74797     17.954123     17.920941
   0.70642     18.693433     18.880523
   0.66486     18.082859     18.284194
   0.62331     17.981229     17.975701
   0.58176     17.706424     17.616373
   0.54020     17.703868     17.482721
   0.49865     17.436509     17.722990
   0.45709     17.329115     17.339836
   0.41554     18.225574     18.395822
   0.37399     17.979918     18.659434
   0.33243     17.453445     17.490455
   0.29088     17.449517     17.492188
   0.24932     17.399084     17.558472
   0.20777     17.678002     17.505903
   0.16622     17.728976     17.666976
   0.12466     17.538633     17.522951
   0.08311     17.539379     17.692828
   0.04155     17.638169     17.484069
   0.00000     17.667905     17.655960
 
# Band-Index   61
   0.00000     17.790457     17.773192
   0.04155     17.875373     17.807523
   0.08311     17.754705     18.242844
   0.12466     18.223483     18.192993
   0.16622     18.102967     18.353331
   0.20777     17.711572     17.775417
   0.24932     17.935921     17.774111
   0.29088     18.114845     18.050668
   0.33243     18.147739     18.026943
   0.37399     18.620192     18.745755
   0.41554     18.747216     18.553756
   0.45709     17.515671     17.409249
   0.49865     18.085132     17.819628
   0.54020     18.340947     17.487595
   0.58176     17.759289     17.713972
   0.62331     18.054854     17.976493
   0.66486     18.474248     18.477465
   0.70642     18.966308     19.051557
   0.74797     17.989026     17.998436
   0.78953     18.425242     18.393439
   0.78953     18.068212     17.990074
   0.83108     18.569324     18.561664
   0.87263     17.952729     17.946135
   0.91419     18.253616     18.194748
   0.95574     18.560634     18.536678
   0.99730     18.781110     18.839733
   1.03885     18.831720     18.795995
   1.08040     19.061901     19.090894
   1.12196     18.455415     18.458334
   1.16351     18.948408     18.900671
   1.20507     18.647531     18.580362
   1.24662     18.519772     18.463098
   1.28817     18.243615     18.258793
   1.32973     18.209011     18.182719
   1.37128     18.319499     18.276486
   1.41284     18.474516     18.619409
   1.45439     18.623774     18.842551
   1.49594     18.750501     19.042112
   1.53750     18.859338     19.076977
   1.57905     18.946616     18.947843
   1.57905     18.946464     18.947591
   1.62061     18.594002     18.502964
   1.66216     18.454472     18.809110
   1.70371     18.504194     19.059307
   1.74527     18.622369     19.080967
   1.78682     18.666784     18.651751
   1.82838     18.871012     19.124793
   1.86993     19.602865     19.599136
   1.91149     19.799781     19.761059
   1.95304     19.928159     20.291383
   1.99459     20.041108     20.400017
   2.03615     20.220639     20.123060
   2.07770     20.245191     20.000814
   2.11926     20.718571     20.542426
   2.16081     21.216797     21.061400
   2.20236     21.031233     21.549136
   2.24392     21.443612     21.783555
   2.28547     21.847120     21.865335
   2.32703     22.230978     22.347892
   2.36858     22.652008     22.587405
   2.36858     22.652008     22.587405
   2.41013     20.034936     22.241908
   2.45169     19.799413     21.927954
   2.49324     19.935103     21.790746
   2.53480     20.386424     21.364070
   2.57635     19.797668     20.970127
   2.61790     19.917910     20.620333
   2.65946     19.835504     20.310132
   2.70101     19.546904     20.161388
   2.74257     19.291158     20.188760
   2.78412     19.252187     20.191583
   2.82567     19.513510     20.306533
   2.86723     19.656619     19.998583
   2.90878     19.545405     19.970842
   2.95034     19.544877     20.211001
   2.99189     19.563101     20.519358
   3.03344     19.836085     20.486448
   3.07500     19.964292     19.651827
   3.11655     20.032780     19.839896
   3.15811     20.046356     19.902032
   3.15811     20.046356     19.902032
   3.21687     19.912794     19.784915
   3.27564     19.535492     19.465426
   3.33440     19.202333     19.162477
   3.39317     19.295288     20.135843
   3.45194     19.521081     20.209862
   3.51070     19.407444     20.148643
   3.56947     19.745686     19.767368
   3.62824     20.116407     20.211680
   3.68700     20.266097     20.306893
   3.74577     20.099826     19.967142
   3.80453     19.644698     19.462827
   3.86330     19.425800     19.254450
   3.92207     19.198627     19.187308
   3.98083     18.854397     19.089344
   4.03960     18.753883     19.088816
   4.09837     18.247935     19.132384
   4.15713     18.117901     19.279270
   4.21590     19.024359     19.165585
   4.27466     18.946464     18.947591
 
# Band-Index   62
   4.27466     19.278494     19.256198
   4.21590     19.357780     19.299164
   4.15713     18.934558     19.341224
   4.09837     19.091505     19.274390
   4.03960     19.147207     19.281720
   3.98083     19.082461     19.369747
   3.92207     19.579911     19.517774
   3.86330     19.965586     19.811796
   3.80453     20.257718     20.192034
   3.74577     20.357772     20.300773
   3.68700     20.448265     20.667477
   3.62824     20.211474     20.230123
   3.56947     20.278667     20.242300
   3.51070     19.805528     20.257751
   3.45194     19.561418     20.580743
   3.39317     19.712671     20.536654
   3.33440     19.936543     19.914323
   3.27564     20.222182     20.178063
   3.21687     20.275428     20.335828
   3.15811     20.298570     20.343623
   3.15811     20.298570     20.343623
   3.11655     20.292319     20.350648
   3.07500     20.266863     20.480485
   3.03344     19.920226     20.708613
   2.99189     19.728238     20.576648
   2.95034     19.564850     20.691176
   2.90878     19.618893     20.555985
   2.86723     19.676526     20.372132
   2.82567     19.556185     20.301274
   2.78412     19.634916     20.583800
   2.74257     19.781769     20.922448
   2.70101     19.810289     21.266200
   2.65946     20.379604     21.625626
   2.61790     20.146232     21.963131
   2.57635     20.365474     22.244967
   2.53480     20.702727     22.148296
   2.49324     21.025642     21.941411
   2.45169     20.411174     22.436776
   2.41013     20.167097     22.682027
   2.36858     23.030112     22.849123
   2.36858     23.030112     22.849123
   2.32703     22.862782     22.425394
   2.28547     22.528699     22.339955
   2.24392     22.079623     21.965999
   2.20236     21.597412     21.740459
   2.16081     21.564511     21.203780
   2.11926     21.273972     20.625238
   2.07770     20.881711     20.343855
   2.03615     20.855035     20.349640
   1.99459     20.854727     20.443975
   1.95304     20.408164     20.382608
   1.91149     19.861105     20.174999
   1.86993     19.611866     19.797951
   1.82838     19.157906     19.685689
   1.78682     18.737003     19.506806
   1.74527     18.718194     19.207599
   1.70371     18.844070     19.127684
   1.66216     18.987903     19.399480
   1.62061     18.695227     18.635035
   1.57905     19.278494     19.256198
   1.57905     19.275419     19.255480
   1.53750     19.184034     19.184377
   1.49594     19.213197     19.043193
   1.45439     19.123246     19.083718
   1.41284     18.846158     18.770646
   1.37128     18.372651     18.433967
   1.32973     18.352619     18.323091
   1.28817     18.434173     18.301707
   1.24662     19.060075     18.750234
   1.20507     18.752142     18.636111
   1.16351     19.350793     19.147004
   1.12196     19.019635     19.001361
   1.08040     19.127296     19.216740
   1.03885     18.851856     18.909824
   0.99730     18.816944     18.918739
   0.95574     18.760855     18.765171
   0.91419     18.557089     18.561947
   0.87263     17.975885     18.015282
   0.83108     18.748667     18.725178
   0.78953     18.134837     18.145585
   0.78953     18.734455     18.720930
   0.74797     17.996341     18.166860
   0.70642     19.195244     19.344721
   0.66486     18.708621     18.967119
   0.62331     18.197127     18.213047
   0.58176     18.105779     18.118051
   0.54020     18.475212     17.909644
   0.49865     18.721431     18.644128
   0.45709     17.804400     18.149643
   0.41554     19.012245     18.757939
   0.37399     18.717744     18.930231
   0.33243     18.373969     18.301328
   0.29088     18.126978     18.062110
   0.24932     17.954741     17.898238
   0.20777     17.850231     17.795766
   0.16622     18.318946     18.489451
   0.12466     18.531625     18.659759
   0.08311     18.018589     18.879796
   0.04155     19.020932     18.242939
   0.00000     19.189035     19.181319
 
# Band-Index   63
   0.00000     19.676236     19.649970
   0.04155     19.472918     19.104688
   0.08311     18.813563     19.431320
   0.12466     19.393936     19.351927
   0.16622     18.791463     19.215347
   0.20777     18.275146     18.338207
   0.24932     18.403453     18.431202
   0.29088     18.574245     18.421179
   0.33243     18.676051     18.416150
   0.37399     18.843699     19.048586
   0.41554     19.072185     18.814073
   0.45709     18.564284     18.291548
   0.49865     19.018022     19.379270
   0.54020     19.427458     19.313349
   0.58176     18.373026     18.639791
   0.62331     18.609340     18.747543
   0.66486     18.972550     19.204775
   0.70642     19.349089     19.474262
   0.74797     18.424598     18.356327
   0.78953     18.821425     19.704014
   0.78953     18.353988     18.346910
   0.83108     19.010541     19.708944
   0.87263     18.378426     18.379898
   0.91419     18.763745     18.789176
   0.95574     18.805722     18.818468
   0.99730     18.918282     18.994084
   1.03885     18.910949     18.976080
   1.08040     19.413286     19.402767
   1.12196     19.066849     19.009174
   1.16351     19.460243     19.658816
   1.20507     19.353215     19.163189
   1.24662     19.507322     19.537551
   1.28817     19.058288     18.818824
   1.32973     18.855001     18.784788
   1.37128     18.896669     18.788580
   1.41284     19.281171     19.030646
   1.45439     19.360035     19.375700
   1.49594     19.509735     19.238945
   1.53750     19.313514     19.262421
   1.57905     19.336345     19.311701
   1.57905     19.337330     19.313550
   1.62061     19.071360     18.854644
   1.66216     19.038519     19.441565
   1.70371     19.233467     19.495033
   1.74527     19.272284     19.581816
   1.78682     19.019817     19.638555
   1.82838     19.171525     19.761349
   1.86993     19.922771     19.937531
   1.91149     20.396118     20.330042
   1.95304     20.629515     20.807549
   1.99459     20.920017     20.871039
   2.03615     21.116397     20.580338
   2.07770     21.329950     20.599907
   2.11926     21.503458     20.840376
   2.16081     21.784955     22.162896
   2.20236     22.132804     22.560315
   2.24392     22.470152     22.699917
   2.28547     22.776561     22.569534
   2.32703     23.142562     22.871104
   2.36858     23.611643     23.326457
   2.36858     23.611643     23.326457
   2.41013     21.663094     22.918009
   2.45169     21.581995     22.537470
   2.49324     21.529001     22.768511
   2.53480     21.159392     22.498180
   2.57635     20.905398     22.246278
   2.61790     20.374009     22.007965
   2.65946     21.233331     22.075849
   2.70101     20.925036     22.060644
   2.74257     20.568085     21.975132
   2.78412     20.221389     21.781119
   2.82567     19.942319     21.473835
   2.86723     19.835480     21.168751
   2.90878     20.075453     20.936547
   2.95034     20.289194     20.790198
   2.99189     20.451955     21.079092
   3.03344     20.551126     21.194192
   3.07500     20.394758     20.552696
   3.11655     20.655770     20.787400
   3.15811     20.941877     20.934816
   3.15811     20.941877     20.934816
   3.21687     20.559061     20.538225
   3.27564     20.268076     20.299250
   3.33440     20.291924     20.259942
   3.39317     20.202613     20.994716
   3.45194     20.337367     20.591998
   3.51070     20.030915     20.652171
   3.56947     20.900843     20.975696
   3.62824     21.112380     21.113931
   3.68700     20.993433     20.768952
   3.74577     20.903037     20.942788
   3.80453     20.510120     20.327759
   3.86330     20.037881     20.075997
   3.92207     19.892554     19.987646
   3.98083     19.214380     19.579122
   4.03960     19.290975     19.944179
   4.09837     19.124671     19.762219
   4.15713     19.092686     19.381741
   4.21590     19.454001     19.392854
   4.27466     19.337330     19.313550
 
# Band-Index   64
   4.27466     19.353736     19.359928
   4.21590     20.350940     19.455617
   4.15713     19.372147     20.129718
   4.09837     19.611725     19.859371
   4.03960     19.539403     20.060677
   3.98083     19.535434     20.079850
   3.92207     20.487325     20.347888
   3.86330     20.966297     20.775464
   3.80453     20.586925     20.538711
   3.74577     21.239996     21.197021
   3.68700     21.081431     21.500398
   3.62824     21.223515     21.302282
   3.56947     21.036572     21.290487
   3.51070     20.553374     21.270716
   3.45194     20.417259     21.473108
   3.39317     20.330223     21.726499
   3.33440     20.424945     20.454400
   3.27564     20.775464     20.774060
   3.21687     21.138307     21.099431
   3.15811     21.066648     21.165363
   3.15811     21.066648     21.165363
   3.11655     21.063698     21.013403
   3.07500     20.837403     21.078618
   3.03344     20.620916     21.451552
   2.99189     20.765473     21.512372
   2.95034     21.010494     21.427861
   2.90878     21.231068     21.581465
   2.86723     20.900449     21.798937
   2.82567     20.763020     21.996979
   2.78412     20.834137     22.165872
   2.74257     20.887874     22.337925
   2.70101     20.972696     22.533941
   2.65946     21.242260     22.780398
   2.61790     21.378062     23.032147
   2.57635     21.305010     23.061730
   2.53480     21.265283     23.282040
   2.49324     21.507140     23.514459
   2.45169     21.884385     23.129393
   2.41013     22.098552     23.356102
   2.36858     23.837875     23.551584
   2.36858     23.837875     23.551584
   2.32703     23.514131     23.272137
   2.28547     23.082157     23.017925
   2.24392     22.827573     22.812665
   2.20236     22.438013     22.618774
   2.16081     22.334136     22.224492
   2.11926     21.954819     21.878512
   2.07770     21.597440     21.657013
   2.03615     21.636077     21.403742
   1.99459     21.339777     21.214378
   1.95304     20.935878     20.830125
   1.91149     20.709590     20.621627
   1.86993     20.268730     20.202397
   1.82838     19.731681     19.810687
   1.78682     19.616138     20.577657
   1.74527     19.410162     20.078037
   1.70371     19.329262     19.628933
   1.66216     19.222274     19.625565
   1.62061     19.108442     19.272544
   1.57905     19.353736     19.359928
   1.57905     19.352410     19.358373
   1.53750     19.470674     19.755937
   1.49594     20.023537     19.277211
   1.45439     19.761267     19.657093
   1.41284     19.616986     19.507585
   1.37128     18.943798     18.818509
   1.32973     19.105103     18.894004
   1.28817     19.280093     19.146139
   1.24662     19.729512     19.798241
   1.20507     19.476295     19.515496
   1.16351     20.164849     19.888159
   1.12196     19.080013     19.017626
   1.08040     19.548327     19.804970
   1.03885     18.934256     19.011668
   0.99730     18.990829     19.113299
   0.95574     18.875910     19.036651
   0.91419     18.841042     18.931640
   0.87263     18.682093     18.675941
   0.83108     19.779984     19.961820
   0.78953     18.608919     18.393418
   0.78953     19.814817     20.069488
   0.74797     18.482198     18.475387
   0.70642     19.613055     19.591395
   0.66486     19.118302     19.384927
   0.62331     18.867672     19.190856
   0.58176     18.885549     19.250347
   0.54020     19.714916     19.578508
   0.49865     19.491784     19.467619
   0.45709     19.188750     18.906931
   0.41554     19.350377     19.124152
   0.37399     18.957424     19.158777
   0.33243     18.701505     18.733800
   0.29088     19.113755     19.575443
   0.24932     18.475721     18.436838
   0.20777     18.439616     18.553099
   0.16622     19.227411     19.530810
   0.12466     19.487981     19.900956
   0.08311     19.195521     20.288380
   0.04155     20.036569     19.038891
   0.00000     20.189815     20.185726
