#K-Path(1/A)         Spin-Up(eV)   Spin-down(eV)
# NKPTS & NBANDS: 100  64
# Band-Index    1
   0.00000    -15.712790    -15.712802
   0.03363    -15.713443    -15.713658
   0.06726    -15.715382    -15.716202
   0.10089    -15.718551    -15.720358
   0.13452    -15.722857    -15.726001
   0.16815    -15.728175    -15.732964
   0.20177    -15.734353    -15.741045
   0.23540    -15.741213    -15.750009
   0.26903    -15.748563    -15.759602
   0.30266    -15.756197    -15.769553
   0.33629    -15.763905    -15.779588
   0.36992    -15.771477    -15.789434
   0.40355    -15.778710    -15.798827
   0.43718    -15.785410    -15.807519
   0.47081    -15.791402    -15.815285
   0.50444    -15.796529    -15.821924
   0.53807    -15.800659    -15.827268
   0.57170    -15.803688    -15.831184
   0.60532    -15.805536    -15.833573
   0.63895    -15.806157    -15.834376
   0.63895    -15.806157    -15.834376
   0.67258    -15.807192    -15.835202
   0.70621    -15.810266    -15.837656
   0.73984    -15.815282    -15.841663
   0.77346    -15.822088    -15.847103
   0.80709    -15.830476    -15.853815
   0.84072    -15.840196    -15.861603
   0.87435    -15.850960    -15.870240
   0.90798    -15.862459    -15.879481
   0.94160    -15.874366    -15.889063
   0.97523    -15.886350    -15.898723
   1.00886    -15.898086    -15.908199
   1.04249    -15.909264    -15.917236
   1.07611    -15.919590    -15.925597
   1.10974    -15.928803    -15.933065
   1.14337    -15.936669    -15.939449
   1.17700    -15.942995    -15.944587
   1.21063    -15.947625    -15.948351
   1.24425    -15.950449    -15.950647
   1.27788    -15.951398    -15.951419
   1.27788    -15.951398    -15.951419
   1.31151    -15.950626    -15.950470
   1.34514    -15.948329    -15.947645
   1.37877    -15.944564    -15.943013
   1.41240    -15.939425    -15.936685
   1.44603    -15.933039    -15.928817
   1.47966    -15.925569    -15.919602
   1.51329    -15.917206    -15.909272
   1.54691    -15.908166    -15.898091
   1.58054    -15.898687    -15.886351
   1.61417    -15.889024    -15.874363
   1.64780    -15.879439    -15.862453
   1.68143    -15.870195    -15.850951
   1.71506    -15.861556    -15.840183
   1.74869    -15.853766    -15.830460
   1.78232    -15.847051    -15.822069
   1.81595    -15.841609    -15.815262
   1.84958    -15.837601    -15.810243
   1.88321    -15.835147    -15.807169
   1.91683    -15.834320    -15.806134
   1.91683    -15.834320    -15.806134
   1.95046    -15.833518    -15.805512
   1.98409    -15.831130    -15.803665
   2.01772    -15.827215    -15.800638
   2.05135    -15.821872    -15.796509
   2.08497    -15.815236    -15.791384
   2.11860    -15.807473    -15.785394
   2.15223    -15.798784    -15.778696
   2.18586    -15.789395    -15.771467
   2.21949    -15.779552    -15.763897
   2.25311    -15.769521    -15.756192
   2.28674    -15.759573    -15.748561
   2.32037    -15.749984    -15.741214
   2.35400    -15.741023    -15.734356
   2.38762    -15.732945    -15.728181
   2.42125    -15.725984    -15.722865
   2.45488    -15.720343    -15.718560
   2.48851    -15.716189    -15.715393
   2.52214    -15.713646    -15.713454
   2.55576    -15.712790    -15.712802
   2.55576    -15.712790    -15.712802
   2.60332    -15.714302    -15.714313
   2.65088    -15.718806    -15.718817
   2.69844    -15.726212    -15.726225
   2.74599    -15.736368    -15.736381
   2.79355    -15.749054    -15.749068
   2.84111    -15.763986    -15.763999
   2.88867    -15.780809    -15.780823
   2.93623    -15.799107    -15.799122
   2.98378    -15.818405    -15.818421
   3.03134    -15.838183    -15.838200
   3.07890    -15.857889    -15.857906
   3.12646    -15.876959    -15.876977
   3.17401    -15.894836    -15.894854
   3.22157    -15.910988    -15.911007
   3.26913    -15.924930    -15.924950
   3.31669    -15.936240    -15.936260
   3.36425    -15.944574    -15.944595
   3.41180    -15.949679    -15.949700
   3.45936    -15.951398    -15.951419
 
# Band-Index    2
   3.45936    -12.253050    -12.253080
   3.41180    -12.252067    -12.252096
   3.36425    -12.249076    -12.249106
   3.31669    -12.243966    -12.243996
   3.26913    -12.236566    -12.236597
   3.22157    -12.226677    -12.226708
   3.17401    -12.214104    -12.214136
   3.12646    -12.198700    -12.198732
   3.07890    -12.180410    -12.180443
   3.03134    -12.159320    -12.159355
   2.98378    -12.135700    -12.135736
   2.93623    -12.110039    -12.110076
   2.88867    -12.083066    -12.083104
   2.84111    -12.055750    -12.055788
   2.79355    -12.029271    -12.029310
   2.74599    -12.004956    -12.004997
   2.69844    -11.984183    -11.984224
   2.65088    -11.968244    -11.968286
   2.60332    -11.958208    -11.958250
   2.55576    -11.954780    -11.954823
   2.55576    -11.954780    -11.954823
   2.52214    -11.956380    -11.956671
   2.48851    -11.961127    -11.962151
   2.45488    -11.968861    -11.971074
   2.42125    -11.979327    -11.983135
   2.38762    -11.992184    -11.997933
   2.35400    -12.007025    -12.014986
   2.32037    -12.023393    -12.033761
   2.28674    -12.040797    -12.053688
   2.25311    -12.058736    -12.074188
   2.21949    -12.076708    -12.094688
   2.18586    -12.094230    -12.114638
   2.15223    -12.110845    -12.133523
   2.11860    -12.126135    -12.150876
   2.08497    -12.139728    -12.166281
   2.05135    -12.151299    -12.179380
   2.01772    -12.160582    -12.189877
   1.98409    -12.167364    -12.197542
   1.95046    -12.171494    -12.202207
   1.91683    -12.172881    -12.203774
   1.91683    -12.172881    -12.203774
   1.88321    -12.173395    -12.204041
   1.84958    -12.174925    -12.204840
   1.81595    -12.177438    -12.206170
   1.78232    -12.180880    -12.208020
   1.74869    -12.185172    -12.210376
   1.71506    -12.190216    -12.213206
   1.68143    -12.195889    -12.216468
   1.64780    -12.202048    -12.220097
   1.61417    -12.208534    -12.224012
   1.58054    -12.215170    -12.228112
   1.54691    -12.221775    -12.232280
   1.51329    -12.228160    -12.236390
   1.47966    -12.234141    -12.240307
   1.44603    -12.239543    -12.243896
   1.41240    -12.244204    -12.247033
   1.37877    -12.247984    -12.249602
   1.34514    -12.250770    -12.251510
   1.31151    -12.252476    -12.252684
   1.27788    -12.253050    -12.253080
   1.27788    -12.253050    -12.253080
   1.24425    -12.252654    -12.252506
   1.21063    -12.251482    -12.250801
   1.17700    -12.249577    -12.248019
   1.14337    -12.247011    -12.244242
   1.10974    -12.243879    -12.239586
   1.07611    -12.240294    -12.234190
   1.04249    -12.236383    -12.228215
   1.00886    -12.232279    -12.221836
   0.97523    -12.228116    -12.215239
   0.94160    -12.224023    -12.208609
   0.90798    -12.220114    -12.202131
   0.87435    -12.216490    -12.195978
   0.84072    -12.213234    -12.190312
   0.80709    -12.210408    -12.185273
   0.77346    -12.208057    -12.180985
   0.73984    -12.206210    -12.177548
   0.70621    -12.204883    -12.175037
   0.67258    -12.204085    -12.173509
   0.63895    -12.203818    -12.172997
   0.63895    -12.203818    -12.172997
   0.60532    -12.202251    -12.171609
   0.57170    -12.197584    -12.167478
   0.53807    -12.189917    -12.160693
   0.50444    -12.179416    -12.151408
   0.47081    -12.166313    -12.139832
   0.43718    -12.150903    -12.126236
   0.40355    -12.133544    -12.110940
   0.36992    -12.114652    -12.094320
   0.33629    -12.094695    -12.076792
   0.30266    -12.074188    -12.058814
   0.26903    -12.053681    -12.040870
   0.23540    -12.033747    -12.023459
   0.20177    -12.014966    -12.007086
   0.16815    -11.997906    -11.992240
   0.13452    -11.983103    -11.979378
   0.10089    -11.971037    -11.968909
   0.06726    -11.962111    -11.961172
   0.03363    -11.956629    -11.956424
   0.00000    -11.954780    -11.954823
 
# Band-Index    3
   0.00000    -11.749598    -11.749612
   0.03363    -11.749519    -11.749509
   0.06726    -11.749282    -11.749205
   0.10089    -11.748894    -11.748706
   0.13452    -11.748367    -11.748027
   0.16815    -11.747713    -11.747186
   0.20177    -11.746951    -11.746205
   0.23540    -11.746102    -11.745112
   0.26903    -11.745188    -11.743935
   0.30266    -11.744234    -11.742708
   0.33629    -11.743267    -11.741462
   0.36992    -11.742313    -11.740233
   0.40355    -11.741398    -11.739053
   0.43718    -11.740546    -11.737956
   0.47081    -11.739782    -11.736970
   0.50444    -11.739126    -11.736124
   0.53807    -11.738596    -11.735441
   0.57170    -11.738207    -11.734939
   0.60532    -11.737969    -11.734632
   0.63895    -11.737888    -11.734529
   0.63895    -11.737888    -11.734529
   0.67258    -11.737814    -11.734477
   0.70621    -11.737592    -11.734323
   0.73984    -11.737229    -11.734072
   0.77346    -11.736735    -11.733730
   0.80709    -11.736123    -11.733306
   0.84072    -11.735410    -11.732813
   0.87435    -11.734615    -11.732262
   0.90798    -11.733760    -11.731670
   0.94160    -11.732868    -11.731053
   0.97523    -11.731964    -11.730427
   1.00886    -11.731071    -11.729809
   1.04249    -11.730215    -11.729217
   1.07611    -11.729419    -11.728666
   1.10974    -11.728704    -11.728172
   1.14337    -11.728091    -11.727747
   1.17700    -11.727595    -11.727404
   1.21063    -11.727231    -11.727153
   1.24425    -11.727009    -11.726999
   1.27788    -11.726934    -11.726947
   1.27788    -11.726934    -11.726947
   1.31151    -11.726986    -11.727022
   1.34514    -11.727140    -11.727244
   1.37877    -11.727392    -11.727609
   1.41240    -11.727735    -11.728104
   1.44603    -11.728160    -11.728718
   1.47966    -11.728654    -11.729433
   1.51329    -11.729206    -11.730230
   1.54691    -11.729799    -11.731086
   1.58054    -11.730417    -11.731979
   1.61417    -11.731043    -11.732885
   1.64780    -11.731661    -11.733777
   1.68143    -11.732254    -11.734633
   1.71506    -11.732804    -11.735428
   1.74869    -11.733298    -11.736142
   1.78232    -11.733723    -11.736754
   1.81595    -11.734065    -11.737248
   1.84958    -11.734316    -11.737611
   1.88321    -11.734470    -11.737833
   1.91683    -11.734522    -11.737908
   1.91683    -11.734522    -11.737908
   1.95046    -11.734625    -11.737988
   1.98409    -11.734932    -11.738226
   2.01772    -11.735434    -11.738615
   2.05135    -11.736117    -11.739145
   2.08497    -11.736962    -11.739800
   2.11860    -11.737947    -11.740564
   2.15223    -11.739044    -11.741415
   2.18586    -11.740223    -11.742330
   2.21949    -11.741452    -11.743284
   2.25311    -11.742697    -11.744250
   2.28674    -11.743924    -11.745203
   2.32037    -11.745101    -11.746117
   2.35400    -11.746194    -11.746966
   2.38762    -11.747174    -11.747727
   2.42125    -11.748014    -11.748381
   2.45488    -11.748693    -11.748908
   2.48851    -11.749192    -11.749296
   2.52214    -11.749496    -11.749532
   2.55576    -11.749598    -11.749612
   2.55576    -11.749598    -11.749612
   2.60332    -11.749416    -11.749430
   2.65088    -11.748877    -11.748890
   2.69844    -11.748002    -11.748015
   2.74599    -11.746825    -11.746838
   2.79355    -11.745389    -11.745403
   2.84111    -11.743749    -11.743762
   2.88867    -11.741961    -11.741974
   2.93623    -11.740086    -11.740100
   2.98378    -11.738184    -11.738197
   3.03134    -11.736311    -11.736325
   3.07890    -11.734519    -11.734532
   3.12646    -11.732852    -11.732865
   3.17401    -11.731347    -11.731360
   3.22157    -11.730033    -11.730046
   3.26913    -11.728935    -11.728948
   3.31669    -11.728066    -11.728079
   3.36425    -11.727439    -11.727452
   3.41180    -11.727061    -11.727074
   3.45936    -11.726934    -11.726947
 
# Band-Index    4
   3.45936     -5.582807     -5.582850
   3.41180     -5.581783     -5.581825
   3.36425     -5.578758     -5.578800
   3.31669     -5.573969     -5.574011
   3.26913     -5.568303     -5.568344
   3.22157     -5.566045     -5.566085
   3.17401     -5.593952     -5.593984
   3.12646     -5.671416     -5.671443
   3.07890     -5.763362     -5.763390
   3.03134     -5.858326     -5.858356
   2.98378     -5.952295     -5.952327
   2.93623     -6.042649     -6.042682
   2.88867     -6.127374     -6.127411
   2.84111     -6.204939     -6.204981
   2.79355     -6.274301     -6.274348
   2.74599     -6.334966     -6.335022
   2.69844     -6.386834     -6.386901
   2.65088     -6.429007     -6.429082
   2.60332     -6.457820     -6.457900
   2.55576     -6.468188     -6.468269
   2.55576     -6.468188     -6.468269
   2.52214     -6.461706     -6.463320
   2.48851     -6.442326     -6.448612
   2.45488     -6.410265     -6.424554
   2.42125     -6.365882     -6.391820
   2.38762     -6.309698     -6.351321
   2.35400     -6.242434     -6.304187
   2.32037     -6.165159     -6.251729
   2.28674     -6.080272     -6.195409
   2.25311     -5.997156     -6.136792
   2.21949     -5.920990     -6.077500
   2.18586     -5.845590     -6.019169
   2.15223     -5.770898     -5.963397
   2.11860     -5.698583     -5.911701
   2.08497     -5.630799     -5.865467
   2.05135     -5.569994     -5.825915
   2.01772     -5.518913     -5.794068
   1.98409     -5.509938     -5.770738
   1.95046     -5.511891     -5.756507
   1.91683     -5.512593     -5.751725
   1.91683     -5.512593     -5.751725
   1.88321     -5.513209     -5.750124
   1.84958     -5.515023     -5.745256
   1.81595     -5.517926     -5.736943
   1.78232     -5.521723     -5.724976
   1.74869     -5.526171     -5.709237
   1.71506     -5.531049     -5.689834
   1.68143     -5.536208     -5.667267
   1.64780     -5.541558     -5.642656
   1.61417     -5.547023     -5.618029
   1.58054     -5.552508     -5.596463
   1.54691     -5.557898     -5.581192
   1.51329     -5.563058     -5.573350
   1.47966     -5.567855     -5.571292
   1.44603     -5.572158     -5.572547
   1.41240     -5.575851     -5.575229
   1.37877     -5.578832     -5.578163
   1.34514     -5.581020     -5.580649
   1.31151     -5.582358     -5.582284
   1.27788     -5.582807     -5.582850
   1.27788     -5.582807     -5.582850
   1.24425     -5.582241     -5.582401
   1.21063     -5.580607     -5.581063
   1.17700     -5.578122     -5.578876
   1.14337     -5.575190     -5.575897
   1.10974     -5.572510     -5.572205
   1.07611     -5.571256     -5.567903
   1.04249     -5.573313     -5.563108
   1.00886     -5.581148     -5.557950
   0.97523     -5.596406     -5.552562
   0.94160     -5.617954     -5.547078
   0.90798     -5.642561     -5.541615
   0.87435     -5.667153     -5.536266
   0.84072     -5.689702     -5.531108
   0.80709     -5.709089     -5.526231
   0.77346     -5.724815     -5.521786
   0.73984     -5.736771     -5.517991
   0.70621     -5.745077     -5.515091
   0.67258     -5.749940     -5.513278
   0.63895     -5.751539     -5.512663
   0.63895     -5.751539     -5.512663
   0.60532     -5.756322     -5.511960
   0.57170     -5.770554     -5.510007
   0.53807     -5.793885     -5.518798
   0.50444     -5.825734     -5.569880
   0.47081     -5.865291     -5.630689
   0.43718     -5.911529     -5.698478
   0.40355     -5.963231     -5.770801
   0.36992     -6.019009     -5.845500
   0.33629     -6.077348     -5.920910
   0.30266     -6.136649     -5.997103
   0.26903     -6.195276     -6.080284
   0.23540     -6.251606     -6.165197
   0.20177     -6.304073     -6.242483
   0.16815     -6.351216     -6.309757
   0.13452     -6.391724     -6.365949
   0.10089     -6.424465     -6.410337
   0.06726     -6.448527     -6.442403
   0.03363     -6.463238     -6.461785
   0.00000     -6.468188     -6.468269
 
# Band-Index    5
   0.00000     -6.360778     -6.360750
   0.03363     -6.355314     -6.355549
   0.06726     -6.338980     -6.340041
   0.10089     -6.311952     -6.314508
   0.13452     -6.274529     -6.279409
   0.16815     -6.227127     -6.235359
   0.20177     -6.170295     -6.183090
   0.23540     -6.104708     -6.123293
   0.26903     -6.031198     -6.055667
   0.30266     -5.950760     -5.973313
   0.33629     -5.864602     -5.873903
   0.36992     -5.774178     -5.767332
   0.40355     -5.681278     -5.659252
   0.43718     -5.588122     -5.561808
   0.47081     -5.497546     -5.512586
   0.50444     -5.416116     -5.505484
   0.53807     -5.413077     -5.507034
   0.57170     -5.415198     -5.479524
   0.60532     -5.416537     -5.455056
   0.63895     -5.416991     -5.446699
   0.63895     -5.416991     -5.446699
   0.67258     -5.417639     -5.447388
   0.70621     -5.419566     -5.449108
   0.73984     -5.422705     -5.450946
   0.77346     -5.426915     -5.451747
   0.80709     -5.431929     -5.450390
   0.84072     -5.437312     -5.445974
   0.87435     -5.442354     -5.437888
   0.90798     -5.445916     -5.425858
   0.94160     -5.446190     -5.409986
   0.97523     -5.440576     -5.390733
   1.00886     -5.426584     -5.368874
   1.04249     -5.404066     -5.345436
   1.07611     -5.375862     -5.321639
   1.10974     -5.345793     -5.298857
   1.14337     -5.317177     -5.278707
   1.17700     -5.292626     -5.263775
   1.21063     -5.274142     -5.258297
   1.24425     -5.262982     -5.258748
   1.27788     -5.259345     -5.259291
   1.27788     -5.259345     -5.259291
   1.31151     -5.258795     -5.262925
   1.34514     -5.258310     -5.274081
   1.37877     -5.263718     -5.292570
   1.41240     -5.278633     -5.317132
   1.44603     -5.298792     -5.345763
   1.47966     -5.321590     -5.375849
   1.51329     -5.345406     -5.404068
   1.54691     -5.368863     -5.426598
   1.58054     -5.390742     -5.440593
   1.61417     -5.410014     -5.446205
   1.64780     -5.425904     -5.445928
   1.68143     -5.437949     -5.442360
   1.71506     -5.446051     -5.437313
   1.74869     -5.450479     -5.431926
   1.78232     -5.451847     -5.426906
   1.81595     -5.451056     -5.422694
   1.84958     -5.449225     -5.419552
   1.88321     -5.447509     -5.417623
   1.91683     -5.446822     -5.416974
   1.91683     -5.446822     -5.416974
   1.95046     -5.455179     -5.416521
   1.98409     -5.479644     -5.415182
   2.01772     -5.506970     -5.413063
   2.05135     -5.505421     -5.416165
   2.08497     -5.512535     -5.497625
   2.11860     -5.561796     -5.588190
   2.15223     -5.659253     -5.681336
   2.18586     -5.767329     -5.774224
   2.21949     -5.873894     -5.864637
   2.25311     -5.973314     -5.950785
   2.28674     -6.055714     -6.031212
   2.32037     -6.123348     -6.104713
   2.35400     -6.183141     -6.170292
   2.38762     -6.235404     -6.227116
   2.42125     -6.279448     -6.274513
   2.45488     -6.314543     -6.311930
   2.48851     -6.340073     -6.338954
   2.52214     -6.355578     -6.355287
   2.55576     -6.360778     -6.360750
   2.55576     -6.360778     -6.360750
   2.60332     -6.349119     -6.349092
   2.65088     -6.312514     -6.312491
   2.69844     -6.247894     -6.247882
   2.74599     -6.154980     -6.154978
   2.79355     -6.037736     -6.037745
   2.84111     -5.902710     -5.902727
   2.88867     -5.758621     -5.758644
   2.93623     -5.619046     -5.619074
   2.98378     -5.518844     -5.518876
   3.03134     -5.498083     -5.498115
   3.07890     -5.505146     -5.505178
   3.12646     -5.514557     -5.514588
   3.17401     -5.513281     -5.513306
   3.22157     -5.467914     -5.467931
   3.26913     -5.400385     -5.400398
   3.31669     -5.340287     -5.340293
   3.36425     -5.294800     -5.294793
   3.41180     -5.267579     -5.267545
   3.45936     -5.259345     -5.259291
 
# Band-Index    6
   3.45936     -5.229501     -5.229586
   3.41180     -5.227260     -5.227326
   3.36425     -5.218114     -5.218154
   3.31669     -5.203126     -5.203155
   3.26913     -5.186478     -5.186502
   3.22157     -5.173910     -5.173934
   3.17401     -5.173031     -5.173055
   3.12646     -5.192840     -5.192867
   3.07890     -5.241173     -5.241200
   3.03134     -5.318425     -5.318451
   2.98378     -5.397859     -5.397881
   2.93623     -5.419142     -5.419163
   2.88867     -5.411017     -5.411037
   2.84111     -5.397746     -5.397764
   2.79355     -5.384117     -5.384133
   2.74599     -5.371714     -5.371728
   2.69844     -5.361370     -5.361383
   2.65088     -5.353623     -5.353635
   2.60332     -5.348836     -5.348847
   2.55576     -5.347216     -5.347227
   2.55576     -5.347216     -5.347227
   2.52214     -5.348348     -5.347714
   2.48851     -5.351702     -5.349162
   2.45488     -5.357157     -5.351527
   2.42125     -5.364521     -5.354740
   2.38762     -5.373530     -5.358706
   2.35400     -5.383872     -5.363313
   2.32037     -5.395179     -5.368427
   2.28674     -5.407039     -5.373905
   2.25311     -5.418975     -5.379592
   2.21949     -5.430384     -5.385330
   2.18586     -5.440306     -5.390962
   2.15223     -5.446405     -5.396331
   2.11860     -5.438771     -5.401281
   2.08497     -5.382426     -5.405620
   2.05135     -5.286913     -5.406195
   2.01772     -5.190580     -5.337994
   1.98409     -5.108406     -5.279173
   1.95046     -5.051821     -5.240961
   1.91683     -5.031379     -5.227668
   1.91683     -5.031379     -5.227668
   1.88321     -5.033564     -5.227719
   1.84958     -5.039967     -5.227869
   1.81595     -5.050165     -5.228111
   1.78232     -5.063530     -5.228432
   1.74869     -5.079326     -5.228818
   1.71506     -5.096793     -5.229249
   1.68143     -5.115205     -5.229706
   1.64780     -5.133913     -5.230171
   1.61417     -5.152356     -5.230623
   1.58054     -5.170064     -5.231045
   1.54691     -5.186644     -5.231419
   1.51329     -5.201772     -5.231725
   1.47966     -5.215160     -5.231942
   1.44603     -5.226505     -5.232038
   1.41240     -5.235312     -5.231962
   1.37877     -5.240058     -5.231632
   1.34514     -5.237439     -5.230962
   1.31151     -5.231817     -5.230064
   1.27788     -5.229501     -5.229586
   1.27788     -5.229501     -5.229586
   1.24425     -5.229973     -5.231894
   1.21063     -5.230862     -5.237476
   1.17700     -5.231526     -5.240016
   1.14337     -5.231853     -5.235242
   1.10974     -5.231928     -5.226431
   1.07611     -5.231832     -5.215086
   1.04249     -5.231615     -5.201700
   1.00886     -5.231309     -5.186575
   0.97523     -5.230935     -5.169997
   0.94160     -5.230514     -5.152293
   0.90798     -5.230061     -5.133854
   0.87435     -5.229597     -5.115150
   0.84072     -5.229140     -5.096743
   0.80709     -5.228709     -5.079281
   0.77346     -5.228324     -5.063489
   0.73984     -5.228003     -5.050129
   0.70621     -5.227762     -5.039934
   0.67258     -5.227612     -5.033533
   0.63895     -5.227561     -5.031349
   0.63895     -5.227561     -5.031349
   0.60532     -5.240855     -5.051789
   0.57170     -5.279070     -5.108371
   0.53807     -5.337898     -5.190543
   0.50444     -5.406169     -5.286879
   0.47081     -5.405631     -5.382407
   0.43718     -5.401291     -5.438794
   0.40355     -5.396339     -5.446447
   0.36992     -5.390968     -5.440349
   0.33629     -5.385334     -5.430425
   0.30266     -5.379594     -5.419012
   0.26903     -5.373904     -5.407072
   0.23540     -5.368424     -5.395208
   0.20177     -5.363308     -5.383897
   0.16815     -5.358700     -5.373551
   0.13452     -5.354732     -5.364538
   0.10089     -5.351517     -5.357172
   0.06726     -5.349152     -5.351715
   0.03363     -5.347704     -5.348359
   0.00000     -5.347216     -5.347227
 
# Band-Index    7
   0.00000     -3.459191     -3.459005
   0.03363     -3.457488     -3.460575
   0.06726     -3.452381     -3.465346
   0.10089     -3.443880     -3.473492
   0.13452     -3.432012     -3.485301
   0.16815     -3.416825     -3.501152
   0.20177     -3.398424     -3.521504
   0.23540     -3.377034     -3.546864
   0.26903     -3.353705     -3.577754
   0.30266     -3.359238     -3.614665
   0.33629     -3.399108     -3.657989
   0.36992     -3.447196     -3.707940
   0.40355     -3.502068     -3.764430
   0.43718     -3.562159     -3.826910
   0.47081     -3.625059     -3.894118
   0.50444     -3.687361     -3.963701
   0.53807     -3.744631     -4.031632
   0.57170     -3.791583     -4.091469
   0.60532     -3.822727     -4.134078
   0.63895     -3.833679     -4.149779
   0.63895     -3.833679     -4.149779
   0.67258     -3.823749     -4.137139
   0.70621     -3.794177     -4.099745
   0.73984     -3.745582     -4.039044
   0.77346     -3.678964     -3.957120
   0.80709     -3.595642     -3.856373
   0.84072     -3.497207     -3.739329
   0.87435     -3.385479     -3.608583
   0.90798     -3.262483     -3.467114
   0.94160     -3.130461     -3.331055
   0.97523     -3.021887     -3.281404
   1.00886     -2.998359     -3.228746
   1.04249     -2.974488     -3.174083
   1.07611     -2.951199     -3.118748
   1.10974     -2.929937     -3.064517
   1.14337     -2.913311     -3.013738
   1.17700     -2.905193     -2.969452
   1.21063     -2.904873     -2.935250
   1.24425     -2.906665     -2.914299
   1.27788     -2.907498     -2.907477
   1.27788     -2.907498     -2.907477
   1.31151     -2.914323     -2.906646
   1.34514     -2.935275     -2.904864
   1.37877     -2.969473     -2.905216
   1.41240     -3.013754     -2.913384
   1.44603     -3.064527     -2.930035
   1.47966     -3.118755     -2.951303
   1.51329     -3.174088     -2.974590
   1.54691     -3.228749     -2.998457
   1.58054     -3.281407     -3.021981
   1.61417     -3.331057     -3.130631
   1.64780     -3.467345     -3.262666
   1.68143     -3.608825     -3.385674
   1.71506     -3.739583     -3.497413
   1.74869     -3.856638     -3.595857
   1.78232     -3.957394     -3.679188
   1.81595     -4.039327     -3.745812
   1.84958     -4.100033     -3.794412
   1.88321     -4.137431     -3.823988
   1.91683     -4.150073     -3.833918
   1.91683     -4.150073     -3.833918
   1.95046     -4.134368     -3.822966
   1.98409     -4.091751     -3.791820
   2.01772     -4.031905     -3.744865
   2.05135     -3.963965     -3.687591
   2.08497     -3.894375     -3.625281
   2.11860     -3.827159     -3.562371
   2.15223     -3.764672     -3.502266
   2.18586     -3.708175     -3.447376
   2.21949     -3.658218     -3.399268
   2.25311     -3.614887     -3.359365
   2.28674     -3.577970     -3.353603
   2.32037     -3.547073     -3.376904
   2.35400     -3.521708     -3.398278
   2.38762     -3.501351     -3.416666
   2.42125     -3.485496     -3.431843
   2.45488     -3.473683     -3.443703
   2.48851     -3.465535     -3.452199
   2.52214     -3.460762     -3.457302
   2.55576     -3.459191     -3.459005
   2.55576     -3.459191     -3.459005
   2.60332     -3.458627     -3.458442
   2.65088     -3.459102     -3.458922
   2.69844     -3.466819     -3.466654
   2.74599     -3.488420     -3.488280
   2.79355     -3.524160     -3.524046
   2.84111     -3.567417     -3.567322
   2.88867     -3.608853     -3.608771
   2.93623     -3.638004     -3.637931
   2.98378     -3.643330     -3.643265
   3.03134     -3.613193     -3.613132
   3.07890     -3.539045     -3.538991
   3.12646     -3.419588     -3.419539
   3.17401     -3.262024     -3.261979
   3.22157     -3.092766     -3.092760
   3.26913     -3.042552     -3.042546
   3.31669     -2.992531     -2.992523
   3.36425     -2.948709     -2.948698
   3.41180     -2.918329     -2.918312
   3.45936     -2.907498     -2.907477
 
# Band-Index    8
   3.45936     -2.846874     -2.847023
   3.41180     -2.844983     -2.845128
   3.36425     -2.838673     -2.838811
   3.31669     -2.827581     -2.827714
   3.26913     -2.885031     -2.884986
   3.22157     -3.079080     -3.079037
   3.17401     -3.138843     -3.138835
   3.12646     -3.177849     -3.177839
   3.07890     -3.207883     -3.207869
   3.03134     -3.227803     -3.227786
   2.98378     -3.237050     -3.237029
   2.93623     -3.235558     -3.235533
   2.88867     -3.223715     -3.223685
   2.84111     -3.202398     -3.202362
   2.79355     -3.192606     -3.192551
   2.74599     -3.225971     -3.225940
   2.69844     -3.240805     -3.240798
   2.65088     -3.241087     -3.241095
   2.60332     -3.236067     -3.236080
   2.55576     -3.233498     -3.233511
   2.55576     -3.233498     -3.233511
   2.52214     -3.234908     -3.234388
   2.48851     -3.239227     -3.237128
   2.45488     -3.246700     -3.242053
   2.42125     -3.257711     -3.249694
   2.38762     -3.272716     -3.260750
   2.35400     -3.292183     -3.276055
   2.32037     -3.316498     -3.296438
   2.28674     -3.345883     -3.321958
   2.25311     -3.380304     -3.322690
   2.21949     -3.419403     -3.294446
   2.18586     -3.462441     -3.263741
   2.15223     -3.508272     -3.232122
   2.11860     -3.555328     -3.200692
   2.08497     -3.601634     -3.170675
   2.05135     -3.644855     -3.143416
   2.01772     -3.682412     -3.145417
   1.98409     -3.711687     -3.148498
   1.95046     -3.730352     -3.150362
   1.91683     -3.736772     -3.150986
   1.91683     -3.736772     -3.150986
   1.88321     -3.730546     -3.149587
   1.84958     -3.712030     -3.145402
   1.81595     -3.681678     -3.138462
   1.78232     -3.640164     -3.128826
   1.74869     -3.588283     -3.116576
   1.71506     -3.526856     -3.101834
   1.68143     -3.456603     -3.084757
   1.64780     -3.377804     -3.065556
   1.61417     -3.322458     -3.044509
   1.58054     -3.209999     -2.992061
   1.54691     -3.110982     -2.849786
   1.51329     -3.008661     -2.819576
   1.47966     -2.902356     -2.837632
   1.44603     -2.843480     -2.852055
   1.41240     -2.846770     -2.861018
   1.37877     -2.848729     -2.861600
   1.34514     -2.849001     -2.855508
   1.31151     -2.847786     -2.849387
   1.27788     -2.846874     -2.847023
   1.27788     -2.846874     -2.847023
   1.24425     -2.849242     -2.847938
   1.21063     -2.855378     -2.849160
   1.17700     -2.861510     -2.848889
   1.14337     -2.860987     -2.846931
   1.10974     -2.852061     -2.843641
   1.07611     -2.837657     -2.902242
   1.04249     -2.819613     -3.008536
   1.00886     -2.849640     -3.110843
   0.97523     -2.991903     -3.209841
   0.94160     -3.044420     -3.322246
   0.90798     -3.065472     -3.377641
   0.87435     -3.084677     -3.456428
   0.84072     -3.101757     -3.526669
   0.80709     -3.116503     -3.588087
   0.77346     -3.128755     -3.639959
   0.73984     -3.138394     -3.681466
   0.70621     -3.145335     -3.711812
   0.67258     -3.149521     -3.730324
   0.63895     -3.150921     -3.736548
   0.63895     -3.150921     -3.736548
   0.60532     -3.150297     -3.730130
   0.57170     -3.148435     -3.711468
   0.53807     -3.145356     -3.682198
   0.50444     -3.143367     -3.644649
   0.47081     -3.170649     -3.601436
   0.43718     -3.200691     -3.555141
   0.40355     -3.232145     -3.508099
   0.36992     -3.263789     -3.462285
   0.33629     -3.294516     -3.419264
   0.30266     -3.322770     -3.380184
   0.26903     -3.321851     -3.345784
   0.23540     -3.296342     -3.316420
   0.20177     -3.275979     -3.292126
   0.16815     -3.260692     -3.272678
   0.13452     -3.249651     -3.257691
   0.10089     -3.242023     -3.246694
   0.06726     -3.237107     -3.239231
   0.03363     -3.234373     -3.234919
   0.00000     -3.233498     -3.233511
 
# Band-Index    9
   0.00000     -3.030600     -3.030532
   0.03363     -3.031779     -3.038567
   0.06726     -3.035231     -3.061082
   0.10089     -3.040711     -3.094363
   0.13452     -3.047868     -3.134427
   0.16815     -3.056300     -3.178045
   0.20177     -3.065604     -3.222901
   0.23540     -3.075403     -3.267391
   0.26903     -3.085369     -3.310409
   0.30266     -3.095219     -3.351177
   0.33629     -3.104718     -3.389132
   0.36992     -3.113667     -3.423863
   0.40355     -3.121903     -3.455056
   0.43718     -3.129292     -3.482476
   0.47081     -3.135721     -3.505939
   0.50444     -3.141099     -3.525305
   0.53807     -3.120241     -3.540469
   0.57170     -3.102592     -3.551353
   0.60532     -3.091515     -3.557904
   0.63895     -3.087736     -3.560091
   0.63895     -3.087736     -3.560091
   0.67258     -3.084745     -3.557119
   0.70621     -3.075789     -3.548219
   0.73984     -3.060936     -3.533452
   0.77346     -3.040290     -3.512918
   0.80709     -3.014001     -3.486762
   0.84072     -2.982258     -3.455190
   0.87435     -2.945290     -3.418466
   0.90798     -2.903362     -3.376938
   0.94160     -2.856782     -3.286239
   0.97523     -2.805884     -3.149700
   1.00886     -2.798820     -2.990656
   1.04249     -2.708192     -2.834310
   1.07611     -2.632435     -2.839350
   1.10974     -2.568826     -2.792433
   1.14337     -2.503936     -2.679928
   1.17700     -2.438946     -2.566064
   1.21063     -2.376409     -2.453642
   1.24425     -2.323139     -2.351519
   1.27788     -2.298769     -2.298644
   1.27788     -2.298769     -2.298644
   1.31151     -2.351618     -2.323026
   1.34514     -2.453728     -2.376318
   1.37877     -2.566150     -2.438875
   1.41240     -2.680021     -2.503883
   1.44603     -2.792536     -2.568791
   1.47966     -2.839188     -2.632417
   1.51329     -2.834147     -2.708311
   1.54691     -2.990834     -2.798772
   1.58054     -3.149885     -2.805910
   1.61417     -3.286395     -2.856820
   1.64780     -3.376941     -2.903412
   1.68143     -3.418470     -2.945350
   1.71506     -3.455194     -2.982328
   1.74869     -3.486768     -3.014079
   1.78232     -3.512924     -3.040374
   1.81595     -3.533459     -3.061025
   1.84958     -3.548227     -3.075882
   1.88321     -3.557126     -3.084840
   1.91683     -3.560099     -3.087832
   1.91683     -3.560099     -3.087832
   1.95046     -3.557912     -3.091607
   1.98409     -3.551362     -3.102675
   2.01772     -3.540478     -3.120309
   2.05135     -3.525316     -3.141157
   2.08497     -3.505951     -3.135774
   2.11860     -3.482491     -3.129340
   2.15223     -3.455074     -3.121945
   2.18586     -3.423883     -3.113701
   2.21949     -3.389157     -3.104743
   2.25311     -3.351205     -3.095235
   2.28674     -3.310442     -3.085374
   2.32037     -3.267428     -3.075397
   2.35400     -3.222943     -3.065585
   2.38762     -3.178093     -3.056270
   2.42125     -3.134480     -3.047826
   2.45488     -3.094422     -3.040658
   2.48851     -3.061145     -3.035170
   2.52214     -3.038634     -3.031713
   2.55576     -3.030600     -3.030532
   2.55576     -3.030600     -3.030532
   2.60332     -3.040151     -3.040085
   2.65088     -3.065724     -3.065663
   2.69844     -3.100551     -3.100496
   2.74599     -3.137990     -3.137943
   2.79355     -3.173071     -3.173030
   2.84111     -3.142382     -3.142309
   2.88867     -3.078235     -3.078150
   2.93623     -3.002542     -3.002449
   2.98378     -2.917174     -2.917077
   3.03134     -2.823845     -2.823746
   3.07890     -2.724368     -2.724269
   3.12646     -2.741863     -2.741981
   3.17401     -2.768656     -2.768777
   3.22157     -2.792180     -2.792305
   3.26913     -2.811960     -2.812088
   3.31669     -2.693450     -2.693399
   3.36425     -2.516878     -2.516814
   3.41180     -2.370407     -2.370317
   3.45936     -2.298769     -2.298644
 
# Band-Index   10
   3.45936     -2.109177     -2.109071
   3.41180     -2.119678     -2.119588
   3.36425     -2.162539     -2.162457
   3.31669     -2.230428     -2.230344
   3.26913     -2.315999     -2.315911
   3.22157     -2.412928     -2.412836
   3.17401     -2.515951     -2.515855
   3.12646     -2.620866     -2.620767
   3.07890     -2.712357     -2.712472
   3.03134     -2.680782     -2.680892
   2.98378     -2.647872     -2.647978
   2.93623     -2.614455     -2.614558
   2.88867     -2.581449     -2.581548
   2.84111     -2.549850     -2.549945
   2.79355     -2.520713     -2.520805
   2.74599     -2.495130     -2.495220
   2.69844     -2.474219     -2.474311
   2.65088     -2.459195     -2.459296
   2.60332     -2.451514     -2.451635
   2.55576     -2.450341     -2.450474
   2.55576     -2.450341     -2.450474
   2.52214     -2.453006     -2.446989
   2.48851     -2.461056     -2.436936
   2.45488     -2.474186     -2.427724
   2.42125     -2.491781     -2.433987
   2.38762     -2.513070     -2.443756
   2.35400     -2.537207     -2.455229
   2.32037     -2.563310     -2.467893
   2.28674     -2.590512     -2.481323
   2.25311     -2.617991     -2.495108
   2.21949     -2.644992     -2.508857
   2.18586     -2.670840     -2.522197
   2.15223     -2.694943     -2.534791
   2.11860     -2.716795     -2.546333
   2.08497     -2.735970     -2.556555
   2.05135     -2.752115     -2.565230
   2.01772     -2.764952     -2.572168
   1.98409     -2.774270     -2.577229
   1.95046     -2.779920     -2.580308
   1.91683     -2.781812     -2.581340
   1.91683     -2.781812     -2.581340
   1.88321     -2.782339     -2.584477
   1.84958     -2.783901     -2.593644
   1.81595     -2.786452     -2.608171
   1.78232     -2.789917     -2.627097
   1.74869     -2.794189     -2.649336
   1.71506     -2.799143     -2.673806
   1.68143     -2.804631     -2.699509
   1.64780     -2.810492     -2.725564
   1.61417     -2.816555     -2.751214
   1.58054     -2.822641     -2.775806
   1.54691     -2.828567     -2.751016
   1.51329     -2.829966     -2.691231
   1.47966     -2.672528     -2.565910
   1.44603     -2.523401     -2.433182
   1.41240     -2.388102     -2.312270
   1.37877     -2.272831     -2.208775
   1.34514     -2.184111     -2.128677
   1.31151     -2.128045     -2.086232
   1.27788     -2.109177     -2.109071
   1.27788     -2.109177     -2.109071
   1.24425     -2.086316     -2.127936
   1.21063     -2.128571     -2.183997
   1.17700     -2.208668     -2.272710
   1.14337     -2.312159     -2.387972
   1.10974     -2.433066     -2.523260
   1.07611     -2.565786     -2.672374
   1.04249     -2.691219     -2.829800
   1.00886     -2.751004     -2.828732
   0.97523     -2.775864     -2.822808
   0.94160     -2.751282     -2.816725
   0.90798     -2.725643     -2.810664
   0.87435     -2.699598     -2.804805
   0.84072     -2.673907     -2.799319
   0.80709     -2.649448     -2.794367
   0.77346     -2.627220     -2.790096
   0.73984     -2.608304     -2.786634
   0.70621     -2.593785     -2.784083
   0.67258     -2.584623     -2.782522
   0.63895     -2.581488     -2.781995
   0.63895     -2.581488     -2.781995
   0.60532     -2.580455     -2.780102
   0.57170     -2.577376     -2.774452
   0.53807     -2.572314     -2.765133
   0.50444     -2.565373     -2.752294
   0.47081     -2.556696     -2.736147
   0.43718     -2.546471     -2.716970
   0.40355     -2.534926     -2.695114
   0.36992     -2.522328     -2.671008
   0.33629     -2.508983     -2.645156
   0.30266     -2.495230     -2.618152
   0.26903     -2.481441     -2.590669
   0.23540     -2.468007     -2.563463
   0.20177     -2.455339     -2.537357
   0.16815     -2.443861     -2.513216
   0.13452     -2.434087     -2.491924
   0.10089     -2.427778     -2.474326
   0.06726     -2.436823     -2.461193
   0.03363     -2.446860     -2.453141
   0.00000     -2.450341     -2.450474
 
# Band-Index   11
   0.00000     -2.413388     -2.413296
   0.03363     -2.414550     -2.403186
   0.06726     -2.417682     -2.374309
   0.10089     -2.415360     -2.330428
   0.13452     -2.393398     -2.275773
   0.16815     -2.363857     -2.213894
   0.20177     -2.328653     -2.147516
   0.23540     -2.288423     -2.078732
   0.26903     -2.243708     -2.009228
   0.30266     -2.195044     -1.940441
   0.33629     -2.143008     -1.873664
   0.36992     -2.088263     -1.810104
   0.40355     -2.031620     -1.750896
   0.43718     -1.974127     -1.697111
   0.47081     -1.917193     -1.649743
   0.50444     -1.862780     -1.609682
   0.53807     -1.813622     -1.577692
   0.57170     -1.773404     -1.554389
   0.60532     -1.746534     -1.540225
   0.63895     -1.737015     -1.535473
   0.63895     -1.737015     -1.535473
   0.67258     -1.733319     -1.537266
   0.70621     -1.722491     -1.542591
   0.73984     -1.705261     -1.551280
   0.77346     -1.682692     -1.563081
   0.80709     -1.656554     -1.577672
   0.84072     -1.635572     -1.594705
   0.87435     -1.613601     -1.613834
   0.90798     -1.594289     -1.634753
   0.94160     -1.591687     -1.657224
   0.97523     -1.622444     -1.681106
   1.00886     -1.669857     -1.706358
   1.04249     -1.723974     -1.733014
   1.07611     -1.782236     -1.761080
   1.10974     -1.843454     -1.790335
   1.14337     -1.906591     -1.819980
   1.17700     -1.970258     -1.848271
   1.21063     -2.031801     -1.902176
   1.24425     -2.075681     -2.006309
   1.27788     -2.059407     -2.059512
   1.27788     -2.059407     -2.059512
   1.31151     -2.006227     -2.075751
   1.34514     -1.902110     -2.031660
   1.37877     -1.848269     -1.970096
   1.41240     -1.820020     -1.906410
   1.44603     -1.790417     -1.843254
   1.47966     -1.761201     -1.782018
   1.51329     -1.733167     -1.723738
   1.54691     -1.706538     -1.669601
   1.58054     -1.681305     -1.622168
   1.61417     -1.657438     -1.591411
   1.64780     -1.634977     -1.594067
   1.68143     -1.614065     -1.613415
   1.71506     -1.594942     -1.635406
   1.74869     -1.577911     -1.656402
   1.78232     -1.563322     -1.682668
   1.81595     -1.551522     -1.705249
   1.84958     -1.542833     -1.722487
   1.88321     -1.537508     -1.733321
   1.91683     -1.535715     -1.737020
   1.91683     -1.535715     -1.737020
   1.95046     -1.540466     -1.746540
   1.98409     -1.554627     -1.773413
   2.01772     -1.577926     -1.813636
   2.05135     -1.609910     -1.862799
   2.08497     -1.649964     -1.917217
   2.11860     -1.697324     -1.974156
   2.15223     -1.751099     -2.031655
   2.18586     -1.810297     -2.088305
   2.21949     -1.873847     -2.143057
   2.25311     -1.940612     -2.195102
   2.28674     -2.009388     -2.243776
   2.32037     -2.078881     -2.288501
   2.35400     -2.147655     -2.328742
   2.38762     -2.214022     -2.363958
   2.42125     -2.275891     -2.393507
   2.45488     -2.330537     -2.415436
   2.48851     -2.374411     -2.417600
   2.52214     -2.403281     -2.414459
   2.55576     -2.413388     -2.413296
   2.55576     -2.413388     -2.413296
   2.60332     -2.401696     -2.401614
   2.65088     -2.365470     -2.365403
   2.69844     -2.310437     -2.310374
   2.74599     -2.244377     -2.244311
   2.79355     -2.173104     -2.173032
   2.84111     -2.100735     -2.100658
   2.88867     -2.030271     -2.030187
   2.93623     -1.963992     -1.963902
   2.98378     -1.903749     -1.903655
   3.03134     -1.851196     -1.851101
   3.07890     -1.808036     -1.807942
   3.12646     -1.776303     -1.776217
   3.17401     -1.758631     -1.758561
   3.22157     -1.758069     -1.758025
   3.26913     -1.776403     -1.776394
   3.31669     -1.844862     -1.844843
   3.36425     -1.929220     -1.929227
   3.41180     -2.013791     -2.013842
   3.45936     -2.059407     -2.059512
 
# Band-Index   12
   3.45936     -1.894690     -1.894760
   3.41180     -1.882502     -1.882567
   3.36425     -1.850550     -1.850601
   3.31669     -1.810572     -1.810597
   3.26913     -1.765602     -1.765562
   3.22157     -1.691493     -1.691427
   3.17401     -1.624174     -1.624070
   3.12646     -1.570768     -1.570602
   3.07890     -1.544151     -1.543931
   3.03134     -1.543818     -1.543593
   2.98378     -1.556486     -1.556276
   2.93623     -1.574106     -1.573913
   2.88867     -1.593137     -1.592960
   2.84111     -1.611733     -1.611570
   2.79355     -1.628738     -1.628588
   2.74599     -1.643375     -1.643234
   2.69844     -1.655124     -1.654991
   2.65088     -1.663670     -1.663542
   2.60332     -1.668844     -1.668719
   2.55576     -1.670575     -1.670451
   2.55576     -1.670575     -1.670451
   2.52214     -1.668520     -1.670708
   2.48851     -1.662415     -1.671474
   2.45488     -1.652444     -1.672730
   2.42125     -1.638905     -1.674449
   2.38762     -1.622204     -1.676591
   2.35400     -1.602844     -1.679106
   2.32037     -1.581406     -1.681936
   2.28674     -1.558534     -1.685010
   2.25311     -1.534912     -1.688251
   2.21949     -1.511237     -1.691573
   2.18586     -1.488197     -1.694884
   2.15223     -1.466437     -1.698091
   2.11860     -1.446540     -1.701103
   2.08497     -1.428999     -1.703832
   2.05135     -1.414208     -1.706199
   2.01772     -1.402460     -1.708131
   1.98409     -1.393953     -1.709564
   1.95046     -1.388808     -1.710448
   1.91683     -1.387086     -1.710746
   1.91683     -1.387086     -1.710746
   1.88321     -1.387206     -1.708405
   1.84958     -1.387563     -1.701464
   1.81595     -1.388151     -1.690173
   1.78232     -1.388959     -1.674949
   1.74869     -1.389972     -1.655989
   1.71506     -1.391177     -1.626533
   1.68143     -1.392560     -1.595724
   1.64780     -1.394117     -1.565456
   1.61417     -1.395869     -1.540623
   1.58054     -1.397915     -1.545861
   1.54691     -1.400648     -1.595580
   1.51329     -1.406426     -1.653823
   1.47966     -1.446403     -1.710111
   1.44603     -1.552030     -1.761659
   1.41240     -1.668358     -1.806754
   1.37877     -1.786366     -1.843893
   1.34514     -1.872348     -1.871681
   1.31151     -1.888809     -1.888915
   1.27788     -1.894690     -1.894760
   1.27788     -1.894690     -1.894760
   1.24425     -1.888844     -1.888870
   1.21063     -1.871606     -1.872385
   1.17700     -1.843813     -1.786431
   1.14337     -1.806667     -1.668426
   1.10974     -1.761565     -1.552096
   1.07611     -1.710011     -1.446384
   1.04249     -1.653722     -1.406176
   1.00886     -1.595491     -1.400384
   0.97523     -1.545849     -1.397651
   0.94160     -1.540709     -1.395605
   0.90798     -1.565537     -1.393854
   0.87435     -1.595790     -1.392298
   0.84072     -1.626584     -1.390915
   0.80709     -1.656026     -1.389711
   0.77346     -1.675091     -1.388698
   0.73984     -1.690306     -1.387891
   0.70621     -1.701592     -1.387304
   0.67258     -1.708529     -1.386947
   0.63895     -1.710870     -1.386827
   0.63895     -1.710870     -1.386827
   0.60532     -1.710571     -1.388549
   0.57170     -1.709688     -1.393697
   0.53807     -1.708255     -1.402209
   0.50444     -1.706323     -1.413964
   0.47081     -1.703957     -1.428762
   0.43718     -1.701228     -1.446312
   0.40355     -1.698217     -1.466219
   0.36992     -1.695010     -1.487989
   0.33629     -1.691698     -1.511041
   0.30266     -1.688376     -1.534727
   0.26903     -1.685135     -1.558360
   0.23540     -1.682060     -1.581243
   0.20177     -1.679231     -1.602690
   0.16815     -1.676715     -1.622059
   0.13452     -1.674573     -1.638767
   0.10089     -1.672854     -1.652312
   0.06726     -1.671598     -1.662288
   0.03363     -1.670832     -1.668395
   0.00000     -1.670575     -1.670451
 
# Band-Index   13
   0.00000     -0.930659     -0.930704
   0.03363     -0.935326     -0.930779
   0.06726     -0.949081     -0.930824
   0.10089     -0.971199     -0.930321
   0.13452     -1.000521     -0.928469
   0.16815     -1.035515     -0.924279
   0.20177     -1.074371     -0.916690
   0.23540     -1.115110     -0.904705
   0.26903     -1.155728     -0.887531
   0.30266     -1.194343     -0.864708
   0.33629     -1.229356     -0.836218
   0.36992     -1.259585     -0.802557
   0.40355     -1.284364     -0.764773
   0.43718     -1.303561     -0.724465
   0.47081     -1.317536     -0.683725
   0.50444     -1.327020     -0.645034
   0.53807     -1.332955     -0.611079
   0.57170     -1.336320     -0.584489
   0.60532     -1.337959     -0.567511
   0.63895     -1.338439     -0.561671
   0.63895     -1.338439     -0.561671
   0.67258     -1.341203     -0.567581
   0.70621     -1.349474     -0.585253
   0.73984     -1.363178     -0.614508
   0.77346     -1.382186     -0.655053
   0.80709     -1.406269     -0.706476
   0.84072     -1.435019     -0.768255
   0.87435     -1.467507     -0.839755
   0.90798     -1.500652     -0.920239
   0.94160     -1.520989     -1.008856
   0.97523     -1.512444     -1.104612
   1.00886     -1.492252     -1.206151
   1.04249     -1.470822     -1.310096
   1.07611     -1.451035     -1.384030
   1.10974     -1.434169     -1.395732
   1.14337     -1.420942     -1.398790
   1.17700     -1.411624     -1.400419
   1.21063     -1.405967     -1.401425
   1.24425     -1.403214     -1.401994
   1.27788     -1.402440     -1.402179
   1.27788     -1.402440     -1.402179
   1.31151     -1.402255     -1.402955
   1.34514     -1.401685     -1.405714
   1.37877     -1.400678     -1.411379
   1.41240     -1.399045     -1.420707
   1.44603     -1.395974     -1.433945
   1.47966     -1.384175     -1.450823
   1.51329     -1.309998     -1.470625
   1.54691     -1.206028     -1.492072
   1.58054     -1.104477     -1.512282
   1.61417     -1.008712     -1.520826
   1.64780     -0.920085     -1.500435
   1.68143     -0.839594     -1.467255
   1.71506     -0.768086     -1.434748
   1.74869     -0.706301     -1.405986
   1.78232     -0.654873     -1.381894
   1.81595     -0.614324     -1.362879
   1.84958     -0.585066     -1.349170
   1.88321     -0.567393     -1.340897
   1.91683     -0.561482     -1.338132
   1.91683     -0.561482     -1.338132
   1.95046     -0.567321     -1.337654
   1.98409     -0.584297     -1.336019
   2.01772     -0.610884     -1.332661
   2.05135     -0.644837     -1.326736
   2.08497     -0.683526     -1.317265
   2.11860     -0.724266     -1.303308
   2.15223     -0.764578     -1.284132
   2.18586     -0.802368     -1.259379
   2.21949     -0.836040     -1.229179
   2.25311     -0.864543     -1.194196
   2.28674     -0.887381     -1.155613
   2.32037     -0.904573     -1.115027
   2.35400     -0.916576     -1.074318
   2.38762     -0.924184     -1.035490
   2.42125     -0.928390     -1.000520
   2.45488     -0.930256     -0.971217
   2.48851     -0.930770     -0.949113
   2.52214     -0.930732     -0.935368
   2.55576     -0.930659     -0.930704
   2.55576     -0.930659     -0.930704
   2.60332     -0.935388     -0.935433
   2.65088     -0.949513     -0.949556
   2.69844     -0.972839     -0.972880
   2.74599     -1.005014     -1.005053
   2.79355     -1.045494     -1.045531
   2.84111     -1.093498     -1.093533
   2.88867     -1.147951     -1.147985
   2.93623     -1.207372     -1.207406
   2.98378     -1.269579     -1.269615
   3.03134     -1.330727     -1.330763
   3.07890     -1.382546     -1.382561
   3.12646     -1.411691     -1.411639
   3.17401     -1.417841     -1.417714
   3.22157     -1.414386     -1.414211
   3.26913     -1.409333     -1.409126
   3.31669     -1.405474     -1.405243
   3.36425     -1.403372     -1.403125
   3.41180     -1.402592     -1.402334
   3.45936     -1.402440     -1.402179
 
# Band-Index   14
   3.45936     -1.330303     -1.330175
   3.41180     -1.325836     -1.325713
   3.36425     -1.310866     -1.310762
   3.31669     -1.281004     -1.280933
   3.26913     -1.230834     -1.230809
   3.22157     -1.157906     -1.157930
   3.17401     -1.065437     -1.065505
   3.12646     -0.960355     -0.960460
   3.07890     -0.849904     -0.850040
   3.03134     -0.740068     -0.740230
   2.98378     -0.635375     -0.635561
   2.93623     -0.539098     -0.539307
   2.88867     -0.453469     -0.453699
   2.84111     -0.379852     -0.380102
   2.79355     -0.318887     -0.319157
   2.74599     -0.270616     -0.270903
   2.69844     -0.234579     -0.234881
   2.65088     -0.209944     -0.210259
   2.60332     -0.195721     -0.196044
   2.55576     -0.191087     -0.191412
   2.55576     -0.191087     -0.191412
   2.52214     -0.190267     -0.195293
   2.48851     -0.187830     -0.206895
   2.45488     -0.183839     -0.226099
   2.42125     -0.178381     -0.252706
   2.38762     -0.171550     -0.286420
   2.35400     -0.163439     -0.326852
   2.32037     -0.154135     -0.373509
   2.28674     -0.143732     -0.425790
   2.25311     -0.132342     -0.482977
   2.21949     -0.120115     -0.544229
   2.18586     -0.107262     -0.608561
   2.15223     -0.094071     -0.674802
   2.11860     -0.080925     -0.741537
   2.08497     -0.068302     -0.806999
   2.05135     -0.056763     -0.868891
   2.01772     -0.046916     -0.924190
   1.98409     -0.039356     -0.968973
   1.95046     -0.034591     -0.998654
   1.91683     -0.032962     -1.009122
   1.91683     -0.032962     -1.009122
   1.88321     -0.043461     -1.017244
   1.84958     -0.074348     -1.040888
   1.81595     -0.123936     -1.078121
   1.78232     -0.189796     -1.126330
   1.74869     -0.269125     -1.182735
   1.71506     -0.359032     -1.244711
   1.68143     -0.456689     -1.309821
   1.64780     -0.559399     -1.375404
   1.61417     -0.664587     -1.435977
   1.58054     -0.769755     -1.466413
   1.54691     -0.872422     -1.451835
   1.51329     -0.970068     -1.427691
   1.47966     -1.060134     -1.403859
   1.44603     -1.140104     -1.382387
   1.41240     -1.207709     -1.364099
   1.37877     -1.261220     -1.349470
   1.34514     -1.299641     -1.338817
   1.31151     -1.322654     -1.332345
   1.27788     -1.330303     -1.330175
   1.27788     -1.330303     -1.330175
   1.24425     -1.332473     -1.322533
   1.21063     -1.338942     -1.299543
   1.17700     -1.349592     -1.261157
   1.14337     -1.364215     -1.207690
   1.10974     -1.382496     -1.140131
   1.07611     -1.403956     -1.060207
   1.04249     -1.427772     -0.970183
   1.00886     -1.451884     -0.872575
   0.97523     -1.466365     -0.769943
   0.94160     -1.435811     -0.664805
   0.90798     -1.375223     -0.559644
   0.87435     -1.309633     -0.456959
   0.84072     -1.244517     -0.359324
   0.80709     -1.182534     -0.269438
   0.77346     -1.126123     -0.190127
   0.73984     -1.077909     -0.124282
   0.70621     -1.040671     -0.074706
   0.67258     -1.017024     -0.043826
   0.63895     -1.008902     -0.033329
   0.63895     -1.008902     -0.033329
   0.60532     -0.998434     -0.034958
   0.57170     -0.968752     -0.039724
   0.53807     -0.923968     -0.047283
   0.50444     -0.868666     -0.057129
   0.47081     -0.806768     -0.068667
   0.43718     -0.741299     -0.081289
   0.40355     -0.674555     -0.094433
   0.36992     -0.608305     -0.107622
   0.33629     -0.543963     -0.120472
   0.30266     -0.482701     -0.132696
   0.26903     -0.425504     -0.144083
   0.23540     -0.373215     -0.154482
   0.20177     -0.326550     -0.163782
   0.16815     -0.286111     -0.171888
   0.13452     -0.252391     -0.178715
   0.10089     -0.225780     -0.184169
   0.06726     -0.206572     -0.188158
   0.03363     -0.194968     -0.190593
   0.00000     -0.191087     -0.191412
 
# Band-Index   15
   0.00000      0.520032      0.519974
   0.03363      0.520278      0.526357
   0.06726      0.520985      0.545246
   0.10089      0.522065      0.575856
   0.13452      0.523385      0.616858
   0.16815      0.524794      0.666357
   0.20177      0.526136      0.721870
   0.23540      0.527280      0.780359
   0.26903      0.528129      0.838367
   0.30266      0.528628      0.892399
   0.33629      0.528765      0.939512
   0.36992      0.528565      0.977932
   0.40355      0.528085      1.007322
   0.43718      0.527404      1.028537
   0.47081      0.526611      1.043070
   0.50444      0.525803      1.052546
   0.53807      0.525068      1.058413
   0.57170      0.524483      1.061808
   0.60532      0.524106      1.063533
   0.63895      0.523976      1.064057
   0.63895      0.523976      1.064057
   0.67258      0.533957      1.067083
   0.70621      0.563036      1.075805
   0.73984      0.608832      1.089255
   0.77346      0.667959      1.106083
   0.80709      0.736508      1.124805
   0.84072      0.810360      1.134274
   0.87435      0.885332      1.122411
   0.90798      0.957328      1.109377
   0.94160      1.022628      1.095277
   0.97523      1.078385      1.080154
   1.00886      1.123132      1.063996
   1.04249      1.156949      1.046752
   1.07611      1.181135      1.028392
   1.10974      1.178696      1.009035
   1.14337      1.104822      0.989166
   1.17700      1.037895      0.969916
   1.21063      0.984174      0.953238
   1.24425      0.949294      0.941674
   1.27788      0.937195      0.937507
   1.27788      0.937195      0.937507
   1.31151      0.941359      0.949604
   1.34514      0.952917      0.984475
   1.37877      0.969587      1.038181
   1.41240      0.988829      1.105087
   1.44603      1.008691      1.178934
   1.47966      1.028043      1.181128
   1.51329      1.046401      1.156938
   1.54691      1.063643      1.123118
   1.58054      1.079800      1.078368
   1.61417      1.094924      1.022606
   1.64780      1.109025      0.957302
   1.68143      1.122061      0.885302
   1.71506      1.133925      0.810327
   1.74869      1.124766      0.736472
   1.78232      1.106037      0.667920
   1.81595      1.089204      0.608793
   1.84958      1.075750      0.562996
   1.88321      1.067025      0.533917
   1.91683      1.063998      0.523936
   1.91683      1.063998      0.523936
   1.95046      1.063475      0.524066
   1.98409      1.061750      0.524442
   2.01772      1.058356      0.525027
   2.05135      1.052491      0.525762
   2.08497      1.043018      0.526569
   2.11860      1.028490      0.527360
   2.15223      1.007281      0.528040
   2.18586      0.977898      0.528519
   2.21949      0.939487      0.528718
   2.25311      0.892384      0.528579
   2.28674      0.838363      0.528079
   2.32037      0.780366      0.527228
   2.35400      0.721889      0.526083
   2.38762      0.666386      0.524739
   2.42125      0.616896      0.523330
   2.45488      0.575902      0.522009
   2.48851      0.545298      0.520928
   2.52214      0.526413      0.520221
   2.55576      0.520032      0.519974
   2.55576      0.520032      0.519974
   2.60332      0.527657      0.527599
   2.65088      0.550458      0.550400
   2.69844      0.588072      0.588013
   2.74599      0.639532      0.639473
   2.79355      0.702968      0.702911
   2.84111      0.775448      0.775396
   2.88867      0.852988      0.852942
   2.93623      0.930759      0.930722
   2.98378      1.003617      1.003587
   3.03134      1.067006      1.066984
   3.07890      1.118036      1.118021
   3.12646      1.156078      1.156067
   3.17401      1.182480      1.182473
   3.22157      1.199650      1.199644
   3.26913      1.182805      1.183117
   3.31669      1.079097      1.079409
   3.36425      1.001563      1.001875
   3.41180      0.953495      0.953807
   3.45936      0.937195      0.937507
 
# Band-Index   16
   3.45936      1.221427      1.221424
   3.41180      1.220983      1.220980
   3.36425      1.219452      1.219449
   3.31669      1.216211      1.216208
   3.26913      1.210159      1.210155
   3.22157      1.308939      1.309251
   3.17401      1.453714      1.454027
   3.12646      1.613556      1.613871
   3.07890      1.785216      1.785532
   3.03134      1.965803      1.966120
   2.98378      1.966937      1.967169
   2.93623      1.904608      1.904839
   2.88867      1.850522      1.850754
   2.84111      1.803435      1.803670
   2.79355      1.762673      1.762911
   2.74599      1.728222      1.728463
   2.69844      1.700518      1.700761
   2.65088      1.680159      1.680405
   2.60332      1.667695      1.667941
   2.55576      1.663497      1.663744
   2.55576      1.663497      1.663744
   2.52214      1.664027      1.667267
   2.48851      1.665783      1.677708
   2.45488      1.669270      1.694670
   2.42125      1.675370      1.717472
   2.38762      1.685393      1.745140
   2.35400      1.701129      1.776389
   2.32037      1.724853      1.809674
   2.28674      1.759195      1.843269
   2.25311      1.806778      1.875428
   2.21949      1.869582      1.904594
   2.18586      1.871003      1.929617
   2.15223      1.713359      1.949897
   2.11860      1.573335      1.965412
   2.08497      1.452503      1.967439
   2.05135      1.352126      1.877062
   2.01772      1.273168      1.803569
   1.98409      1.216321      1.749240
   1.95046      1.182045      1.715872
   1.91683      1.170593      1.704617
   1.91683      1.170593      1.704617
   1.88321      1.169479      1.702084
   1.84958      1.166175      1.694512
   1.81595      1.160790      1.681965
   1.78232      1.153487      1.664515
   1.74869      1.144464      1.642188
   1.71506      1.143954      1.614911
   1.68143      1.162344      1.582466
   1.64780      1.178932      1.544450
   1.61417      1.193027      1.500292
   1.58054      1.204259      1.449336
   1.54691      1.212569      1.391073
   1.51329      1.218169      1.325549
   1.47966      1.221461      1.253917
   1.44603      1.222964      1.197597
   1.41240      1.223240      1.208310
   1.37877      1.222822      1.214959
   1.34514      1.222169      1.218833
   1.31151      1.221629      1.220817
   1.27788      1.221427      1.221424
   1.27788      1.221427      1.221424
   1.24425      1.220819      1.221627
   1.21063      1.218836      1.222167
   1.17700      1.214962      1.222819
   1.14337      1.208315      1.223238
   1.10974      1.197603      1.222963
   1.07611      1.253712      1.221460
   1.04249      1.325377      1.218170
   1.00886      1.390935      1.212573
   0.97523      1.449226      1.204267
   0.94160      1.500205      1.193041
   0.90798      1.544380      1.178952
   0.87435      1.582407      1.162370
   0.84072      1.614860      1.143987
   0.80709      1.642140      1.144811
   0.77346      1.664468      1.153833
   0.73984      1.681918      1.161134
   0.70621      1.694463      1.166519
   0.67258      1.702034      1.169823
   0.63895      1.704566      1.170936
   0.63895      1.704566      1.170936
   0.60532      1.715824      1.182390
   0.57170      1.749199      1.216669
   0.53807      1.803539      1.273521
   0.50444      1.877044      1.352487
   0.47081      1.967436      1.452873
   0.43718      1.965154      1.573714
   0.40355      1.949640      1.713749
   0.36992      1.929362      1.871403
   0.33629      1.904341      1.869841
   0.30266      1.875177      1.807031
   0.26903      1.843020      1.759446
   0.23540      1.809426      1.725102
   0.20177      1.776142      1.701377
   0.16815      1.744893      1.685640
   0.13452      1.717226      1.675617
   0.10089      1.694423      1.669517
   0.06726      1.677461      1.666030
   0.03363      1.667020      1.664274
   0.00000      1.663497      1.663744
 
# Band-Index   17
   0.00000      2.888871      2.888891
   0.03363      2.893124      2.886723
   0.06726      2.905772      2.880295
   0.10089      2.926457      2.869836
   0.13452      2.954480      2.855698
   0.16815      2.988377      2.838344
   0.20177      2.981436      2.818267
   0.23540      2.851590      2.633831
   0.26903      2.716182      2.429161
   0.30266      2.579772      2.231625
   0.33629      2.444746      2.044784
   0.36992      2.313453      1.948543
   0.40355      2.188370      2.042120
   0.43718      2.072122      2.147925
   0.47081      1.976346      2.261936
   0.50444      1.983947      2.378739
   0.53807      1.988784      2.491003
   0.57170      1.991624      2.578350
   0.60532      1.993073      2.569663
   0.63895      1.993512      2.566647
   0.63895      1.993512      2.566647
   0.67258      1.992759      2.571545
   0.70621      1.990740      2.586094
   0.73984      1.988181      2.609868
   0.77346      1.986285      2.642140
   0.80709      1.986730      2.660489
   0.84072      1.991635      2.653932
   0.87435      2.003482      2.647598
   0.90798      2.024890      2.641669
   0.94160      2.058182      2.636248
   0.97523      2.104707      2.631383
   1.00886      2.164170      2.627087
   1.04249      2.234286      2.623358
   1.07611      2.310951      2.610606
   1.10974      2.301738      2.493011
   1.14337      2.245138      2.377978
   1.17700      2.195506      2.275628
   1.21063      2.158015      2.195379
   1.24425      2.134973      2.144390
   1.27788      2.127225      2.126931
   1.27788      2.127225      2.126931
   1.31151      2.144688      2.134681
   1.34514      2.195687      2.157730
   1.37877      2.275949      2.195231
   1.41240      2.378310      2.244876
   1.44603      2.493348      2.301488
   1.47966      2.610937      2.311267
   1.51329      2.622992      2.234585
   1.54691      2.626721      2.164455
   1.58054      2.631015      2.104979
   1.61417      2.635880      2.058446
   1.64780      2.641299      2.025149
   1.68143      2.647224      2.003738
   1.71506      2.653553      1.991891
   1.74869      2.660105      1.986987
   1.78232      2.642133      1.986544
   1.81595      2.609855      1.988442
   1.84958      2.586076      1.991004
   1.88321      2.571525      1.993024
   1.91683      2.566626      1.993778
   1.91683      2.566626      1.993778
   1.95046      2.569643      1.993338
   1.98409      2.578332      1.991888
   2.01772      2.490648      1.989047
   2.05135      2.378409      1.984209
   2.08497      2.261628      1.976607
   2.11860      2.147635      2.072110
   2.15223      2.041844      2.188345
   2.18586      1.948278      2.313416
   2.21949      2.044374      2.444700
   2.25311      2.231207      2.579720
   2.28674      2.428738      2.716128
   2.32037      2.633407      2.851538
   2.35400      2.818253      2.981386
   2.38762      2.838330      2.988362
   2.42125      2.855683      2.954479
   2.45488      2.869819      2.926465
   2.48851      2.880277      2.905787
   2.52214      2.886704      2.893142
   2.55576      2.888871      2.888891
   2.55576      2.888871      2.888891
   2.60332      2.890945      2.890963
   2.65088      2.897090      2.897103
   2.69844      2.906868      2.906873
   2.74599      2.917915      2.917914
   2.79355      2.890746      2.890879
   2.84111      2.725247      2.725507
   2.88867      2.535916      2.536207
   2.93623      2.343668      2.343975
   2.98378      2.152751      2.153066
   3.03134      2.038643      2.038882
   3.07890      2.119637      2.119887
   3.12646      2.207683      2.207952
   3.17401      2.298355      2.298647
   3.22157      2.385817      2.386134
   3.26913      2.428685      2.428375
   3.31669      2.319726      2.319418
   3.36425      2.221409      2.221107
   3.41180      2.152181      2.151885
   3.45936      2.127225      2.126931
 
# Band-Index   18
   3.45936      2.579133      2.579051
   3.41180      2.595299      2.595218
   3.36425      2.574307      2.574671
   3.31669      2.527893      2.528248
   3.26913      2.464013      2.464353
   3.22157      2.535690      2.535384
   3.17401      2.636668      2.636373
   3.12646      2.731357      2.731081
   3.07890      2.820129      2.819878
   3.03134      2.903224      2.903006
   2.98378      2.974344      2.974175
   2.93623      3.001603      3.001513
   2.88867      2.991024      2.990977
   2.84111      2.973067      2.973050
   2.79355      2.973075      2.973166
   2.74599      3.102070      3.102259
   2.69844      3.232159      3.231969
   2.65088      3.241738      3.241545
   2.60332      3.248149      3.247954
   2.55576      3.250393      3.250198
   2.55576      3.250393      3.250198
   2.52214      3.248442      3.249176
   2.48851      3.242681      3.246381
   2.45488      3.233377      3.242614
   2.42125      3.219528      3.229933
   2.38762      3.040490      3.113181
   2.35400      2.840172      3.032713
   2.32037      2.796167      3.071088
   2.28674      2.772509      3.107887
   2.25311      2.747915      3.128367
   2.21949      2.722938      3.109667
   2.18586      2.698078      3.038842
   2.15223      2.673799      2.936528
   2.11860      2.650528      2.827346
   2.08497      2.628713      2.724424
   2.05135      2.608889      2.634386
   2.01772      2.591777      2.561103
   1.98409      2.588058      2.507099
   1.95046      2.656760      2.474047
   1.91683      2.681990      2.462922
   1.91683      2.681990      2.462922
   1.88321      2.680824      2.463504
   1.84958      2.677522      2.465158
   1.81595      2.672575      2.467610
   1.78232      2.666587      2.470427
   1.74869      2.681849      2.473045
   1.71506      2.727510      2.474778
   1.68143      2.776978      2.474817
   1.64780      2.826815      2.472185
   1.61417      2.869557      2.465623
   1.58054      2.878139      2.453387
   1.54691      2.817479      2.432992
   1.51329      2.721900      2.401330
   1.47966      2.619815      2.356473
   1.44603      2.617169      2.389136
   1.41240      2.615035      2.462250
   1.37877      2.613395      2.524882
   1.34514      2.612235      2.572381
   1.31151      2.591495      2.582725
   1.27788      2.579133      2.579051
   1.27788      2.579133      2.579051
   1.24425      2.582806      2.591412
   1.21063      2.572016      2.612601
   1.17700      2.524523      2.613762
   1.14337      2.461901      2.615401
   1.10974      2.388803      2.617534
   1.07611      2.356715      2.620181
   1.04249      2.401568      2.721584
   1.00886      2.433231      2.817191
   0.97523      2.453629      2.877937
   0.94160      2.465870      2.869475
   0.90798      2.472440      2.826773
   0.87435      2.475081      2.776955
   0.84072      2.475051      2.727499
   0.80709      2.473328      2.681848
   0.77346      2.470720      2.666979
   0.73984      2.467911      2.672976
   0.70621      2.465465      2.677931
   0.67258      2.463816      2.681240
   0.63895      2.463235      2.682408
   0.63895      2.463235      2.682408
   0.60532      2.474361      2.657167
   0.57170      2.507417      2.588441
   0.53807      2.561426      2.591792
   0.50444      2.634714      2.608901
   0.47081      2.724756      2.628722
   0.43718      2.827679      2.650535
   0.40355      2.936852      2.673803
   0.36992      3.039131      2.698083
   0.33629      3.109882      2.722943
   0.30266      3.128499      2.747921
   0.26903      3.107966      2.772516
   0.23540      3.071135      2.796177
   0.20177      3.032736      2.840587
   0.16815      3.113213      3.040885
   0.13452      3.229953      3.219866
   0.10089      3.242805      3.233174
   0.06726      3.246574      3.242482
   0.03363      3.249371      3.248246
   0.00000      3.250393      3.250198
 
# Band-Index   19
   0.00000      3.489110      3.489154
   0.03363      3.470058      3.477500
   0.06726      3.415755      3.437757
   0.10089      3.333117      3.355805
   0.13452      3.239359      3.220735
   0.16815      3.237965      3.205691
   0.20177      3.240694      3.188627
   0.23540      3.249859      3.170145
   0.26903      3.267844      3.150819
   0.30266      3.296909      3.131155
   0.33629      3.338938      3.111554
   0.36992      3.395197      3.092262
   0.40355      3.466162      3.073294
   0.43718      3.551454      3.054298
   0.47081      3.638337      3.034352
   0.50444      3.682218      3.012040
   0.53807      3.711287      2.987049
   0.57170      3.715188      2.962888
   0.60532      3.711169      2.945442
   0.63895      3.709331      2.939107
   0.63895      3.709331      2.939107
   0.67258      3.702864      2.942737
   0.70621      3.683486      2.953456
   0.73984      3.651591      2.970835
   0.77346      3.608312      2.994371
   0.80709      3.555417      3.023619
   0.84072      3.495016      3.058148
   0.87435      3.429338      3.097362
   0.90798      3.360589      3.064003
   0.94160      3.290861      3.014833
   0.97523      3.218017      2.977683
   1.00886      3.035820      2.977448
   1.04249      2.885454      2.967089
   1.07611      2.772700      2.926724
   1.10974      2.695742      2.850442
   1.14337      2.646036      2.764272
   1.17700      2.614193      2.686998
   1.21063      2.594105      2.627989
   1.24425      2.601403      2.611910
   1.27788      2.611313      2.611680
   1.27788      2.611313      2.611680
   1.31151      2.611543      2.601769
   1.34514      2.628074      2.594028
   1.37877      2.687087      2.614124
   1.41240      2.764364      2.645981
   1.44603      2.850535      2.695712
   1.47966      2.926812      2.772706
   1.51329      2.967205      2.885507
   1.54691      2.977520      3.035930
   1.58054      2.977787      3.218158
   1.61417      3.015017      3.290894
   1.64780      3.064193      3.360643
   1.68143      3.097663      3.429414
   1.71506      3.058451      3.495112
   1.74869      3.023925      3.555530
   1.78232      2.994683      3.608437
   1.81595      2.971153      3.651724
   1.84958      2.953780      3.683618
   1.88321      2.943066      3.702991
   1.91683      2.939437      3.709454
   1.91683      2.939437      3.709454
   1.95046      2.945773      3.711283
   1.98409      2.963220      3.715253
   2.01772      2.987380      3.711187
   2.05135      3.012362      3.682026
   2.08497      3.034659      3.638144
   2.11860      3.054589      3.551241
   2.15223      3.073572      3.465960
   2.18586      3.092528      3.395004
   2.21949      3.111810      3.338751
   2.25311      3.131402      3.296727
   2.28674      3.151057      3.267664
   2.32037      3.170375      3.249679
   2.35400      3.188849      3.240514
   2.38762      3.205906      3.237781
   2.42125      3.220943      3.239173
   2.45488      3.355571      3.333116
   2.48851      3.437632      3.415774
   2.52214      3.477437      3.470095
   2.55576      3.489110      3.489154
   2.55576      3.489110      3.489154
   2.60332      3.459409      3.459463
   2.65088      3.376397      3.376483
   2.69844      3.252747      3.252882
   2.74599      3.221156      3.220972
   2.79355      3.211253      3.211076
   2.84111      3.205650      3.205482
   2.88867      3.207862      3.207704
   2.93623      3.124889      3.124758
   2.98378      3.073215      3.073109
   3.03134      3.054388      3.054276
   3.07890      3.025136      3.025008
   3.12646      2.979300      2.979170
   3.17401      2.925743      2.925620
   3.22157      2.868130      2.868018
   3.26913      2.799896      2.799797
   3.31669      2.717836      2.717750
   3.36425      2.643227      2.643146
   3.41180      2.602103      2.602469
   3.45936      2.611313      2.611680
 
# Band-Index   20
   3.45936      2.870699      2.870605
   3.41180      2.877689      2.877596
   3.36425      2.900741      2.900650
   3.31669      2.948981      2.948898
   3.26913      3.044118      3.044049
   3.22157      3.196396      3.196345
   3.17401      3.346192      3.346165
   3.12646      3.367232      3.367077
   3.07890      3.328057      3.327930
   3.03134      3.284317      3.284191
   2.98378      3.246836      3.246701
   2.93623      3.221018      3.220872
   2.88867      3.216116      3.215996
   2.84111      3.326717      3.326628
   2.79355      3.454256      3.454211
   2.74599      3.600200      3.600212
   2.69844      3.764189      3.764263
   2.65088      3.937726      3.937855
   2.60332      4.092653      4.092816
   2.55576      4.162706      4.162877
   2.55576      4.162706      4.162877
   2.52214      4.100115      4.156416
   2.48851      3.964861      4.139728
   2.45488      3.827794      4.117386
   2.42125      3.725520      4.091987
   2.38762      3.657919      4.064279
   2.35400      3.609394      4.032419
   2.32037      3.569302      3.885944
   2.28674      3.532847      3.737133
   2.25311      3.498180      3.612054
   2.21949      3.464793      3.534868
   2.18586      3.432807      3.519538
   2.15223      3.379259      3.546078
   2.11860      3.290042      3.590097
   2.08497      3.213904      3.649638
   2.05135      3.154264      3.759100
   2.01772      3.113214      3.758989
   1.98409      3.088747      3.773103
   1.95046      3.076230      3.788747
   1.91683      3.072385      3.794598
   1.91683      3.072385      3.794598
   1.88321      3.075833      3.792836
   1.84958      3.086099      3.787874
   1.81595      3.102989      3.780310
   1.78232      3.126301      3.770519
   1.74869      3.155938      3.758556
   1.71506      3.138499      3.744018
   1.68143      3.105766      3.723921
   1.64780      3.107298      3.639212
   1.61417      3.071822      3.427106
   1.58054      3.037882      3.223276
   1.54691      3.006742      3.156181
   1.51329      2.979254      3.094422
   1.47966      2.948302      3.038303
   1.44603      2.924827      2.988959
   1.41240      2.905613      2.947337
   1.37877      2.890460      2.914195
   1.34514      2.879519      2.890113
   1.31151      2.872909      2.875502
   1.27788      2.870699      2.870605
   1.27788      2.870699      2.870605
   1.24425      2.875594      2.872815
   1.21063      2.890200      2.879421
   1.17700      2.914275      2.890355
   1.14337      2.947408      2.905501
   1.10974      2.989018      2.924704
   1.07611      3.038347      2.948171
   1.04249      3.094450      2.979157
   1.00886      3.156190      3.006598
   0.97523      3.223233      3.037706
   0.94160      3.426857      3.071622
   0.90798      3.638899      3.107076
   0.87435      3.723976      3.105587
   0.84072      3.744155      3.138330
   0.80709      3.758725      3.155792
   0.77346      3.770703      3.126148
   0.73984      3.780497      3.102829
   0.70621      3.788056      3.085933
   0.67258      3.793008      3.075664
   0.63895      3.794766      3.072214
   0.63895      3.794766      3.072214
   0.60532      3.788903      3.076062
   0.57170      3.773201      3.088587
   0.53807      3.758909      3.113062
   0.50444      3.759345      3.154112
   0.47081      3.649865      3.213748
   0.43718      3.590281      3.289883
   0.40355      3.546263      3.379101
   0.36992      3.519747      3.432530
   0.33629      3.535139      3.464529
   0.30266      3.612395      3.497928
   0.26903      3.737507      3.532608
   0.23540      3.886325      3.569078
   0.20177      4.032267      3.609188
   0.16815      4.064026      3.657742
   0.13452      4.091743      3.725405
   0.10089      4.117160      3.827783
   0.06726      4.139525      3.964955
   0.03363      4.156234      4.100269
   0.00000      4.162706      4.162877
 
# Band-Index   21
   0.00000      4.421697      4.421661
   0.03363      4.420760      4.408440
   0.06726      4.418094      4.369871
   0.10089      4.414114      4.308904
   0.13452      4.363699      4.229544
   0.16815      4.205957      4.136076
   0.20177      4.047444      4.032558
   0.23540      4.003265      3.922629
   0.26903      3.970125      3.809489
   0.30266      3.936221      3.695997
   0.33629      3.902259      3.584766
   0.36992      3.869105      3.478296
   0.40355      3.837687      3.402351
   0.43718      3.808977      3.374525
   0.47081      3.784115      3.349576
   0.50444      3.765126      3.327761
   0.53807      3.876675      3.306302
   0.57170      3.995978      3.260974
   0.60532      4.102494      3.223648
   0.63895      4.153013      3.210849
   0.63895      4.153013      3.210849
   0.67258      4.150325      3.209219
   0.70621      4.138913      3.204197
   0.73984      4.104594      3.195382
   0.77346      4.038264      3.182103
   0.80709      3.959047      3.163444
   0.84072      3.879375      3.177019
   0.87435      3.803137      3.142764
   0.90798      3.731898      3.140249
   0.94160      3.666618      3.185281
   0.97523      3.608139      3.230631
   1.00886      3.557351      3.274618
   1.04249      3.515252      3.315964
   1.07611      3.482908      3.353739
   1.10974      3.461289      3.387191
   1.14337      3.450820      3.415650
   1.17700      3.450582      3.438510
   1.21063      3.457378      3.455248
   1.24425      3.465607      3.465462
   1.27788      3.469250      3.468896
   1.27788      3.469250      3.468896
   1.31151      3.465815      3.465252
   1.34514      3.455598      3.457020
   1.37877      3.438856      3.450223
   1.41240      3.415990      3.450463
   1.44603      3.387524      3.460940
   1.47966      3.354066      3.482571
   1.51329      3.316284      3.514929
   1.54691      3.274931      3.557045
   1.58054      3.230939      3.607850
   1.61417      3.185585      3.666346
   1.64780      3.140551      3.731642
   1.68143      3.143003      3.802896
   1.71506      3.177275      3.879143
   1.74869      3.163602      3.958815
   1.78232      3.182249      4.038008
   1.81595      3.195519      4.104264
   1.84958      3.204327      4.138522
   1.88321      3.209346      4.149925
   1.91683      3.210974      4.152613
   1.91683      3.210974      4.152613
   1.95046      3.223771      4.102138
   1.98409      3.261101      3.995675
   2.01772      3.306576      3.876407
   2.05135      3.328074      3.765315
   2.08497      3.349884      3.784323
   2.11860      3.374824      3.809192
   2.15223      3.402639      3.837910
   2.18586      3.478449      3.869337
   2.21949      3.584911      3.902498
   2.25311      3.696133      3.936468
   2.28674      3.809614      3.970379
   2.32037      3.922741      4.003522
   2.35400      4.032657      4.047179
   2.38762      4.136160      4.205612
   2.42125      4.229614      4.363394
   2.45488      4.308962      4.414080
   2.48851      4.369917      4.418060
   2.52214      4.408478      4.420724
   2.55576      4.421697      4.421661
   2.55576      4.421697      4.421661
   2.60332      4.406529      4.406490
   2.65088      4.362862      4.362811
   2.69844      4.295668      4.295599
   2.74599      4.211780      4.211687
   2.79355      4.118480      4.118360
   2.84111      4.022458      4.022307
   2.88867      3.891056      3.890822
   2.93623      3.733860      3.733647
   2.98378      3.600072      3.599893
   3.03134      3.500245      3.500112
   3.07890      3.440412      3.440329
   3.12646      3.407008      3.406965
   3.17401      3.391916      3.391703
   3.22157      3.405077      3.404804
   3.26913      3.416598      3.416281
   3.31669      3.431628      3.431287
   3.36425      3.449024      3.448673
   3.41180      3.463540      3.463186
   3.45936      3.469250      3.468896
 
# Band-Index   22
   3.45936      3.518840      3.519225
   3.41180      3.520583      3.520956
   3.36425      3.524359      3.524691
   3.31669      3.527154      3.527415
   3.26913      3.528220      3.528390
   3.22157      3.537195      3.537278
   3.17401      3.604953      3.604972
   3.12646      3.670711      3.670406
   3.07890      3.674383      3.674072
   3.03134      3.710580      3.710291
   2.98378      3.769178      3.768922
   2.93623      3.843562      3.843341
   2.88867      3.929309      3.929124
   2.84111      4.062315      4.062070
   2.79355      4.238971      4.238724
   2.74599      4.411632      4.411391
   2.69844      4.569172      4.568949
   2.65088      4.697163      4.696988
   2.60332      4.746492      4.746401
   2.55576      4.725953      4.725864
   2.55576      4.725953      4.725864
   2.52214      4.725932      4.746759
   2.48851      4.721203      4.658436
   2.45488      4.703073      4.515216
   2.42125      4.664079      4.409379
   2.38762      4.602262      4.404618
   2.35400      4.519506      4.400425
   2.32037      4.418739      4.397309
   2.28674      4.303132      4.395611
   2.25311      4.176167      4.395484
   2.21949      4.041734      4.396902
   2.18586      3.904099      4.399680
   2.15223      3.767819      4.403520
   2.11860      3.637611      4.408048
   2.08497      3.518225      4.412879
   2.05135      3.414431      4.417675
   2.01772      3.333517      4.422269
   1.98409      3.303368      4.427010
   1.95046      3.294382      4.434159
   1.91683      3.291592      4.444879
   1.91683      3.291592      4.444879
   1.88321      3.287924      4.373650
   1.84958      3.277119      4.287588
   1.81595      3.259736      4.225296
   1.78232      3.236625      4.198289
   1.74869      3.208805      4.188510
   1.71506      3.191998      4.113294
   1.68143      3.234868      3.903110
   1.64780      3.285281      3.739612
   1.61417      3.344226      3.706691
   1.58054      3.412551      3.685407
   1.54691      3.490415      3.664515
   1.51329      3.576952      3.642992
   1.47966      3.532515      3.620696
   1.44603      3.497479      3.597832
   1.41240      3.493078      3.575047
   1.37877      3.500524      3.553647
   1.34514      3.509800      3.535671
   1.31151      3.516474      3.523531
   1.27788      3.518840      3.519225
   1.27788      3.518840      3.519225
   1.24425      3.523144      3.516846
   1.21063      3.535283      3.510136
   1.17700      3.553265      3.500808
   1.14337      3.574687      3.493303
   1.10974      3.597515      3.497645
   1.07611      3.620442      3.532625
   1.04249      3.642817      3.576858
   1.00886      3.664423      3.490311
   0.97523      3.685398      3.412440
   0.94160      3.706760      3.344108
   0.90798      3.739717      3.285157
   0.87435      3.902760      3.234737
   0.84072      4.112671      3.191860
   0.80709      4.188810      3.208531
   0.77346      4.198548      3.236335
   0.73984      4.225465      3.259430
   0.70621      4.287681      3.276801
   0.67258      4.373721      3.287599
   0.63895      4.444940      3.291265
   0.63895      4.444940      3.291265
   0.60532      4.434229      3.294057
   0.57170      4.427089      3.303058
   0.53807      4.422349      3.333371
   0.50444      4.417753      3.414346
   0.47081      4.412953      3.518158
   0.43718      4.408117      3.637559
   0.40355      4.403582      3.767779
   0.36992      4.399736      3.904067
   0.33629      4.396952      4.041705
   0.30266      4.395528      4.176138
   0.26903      4.395650      4.303097
   0.23540      4.397345      4.418696
   0.20177      4.400459      4.519455
   0.16815      4.404650      4.602205
   0.13452      4.409411      4.664017
   0.10089      4.515465      4.703007
   0.06726      4.658608      4.721127
   0.03363      4.746850      4.725846
   0.00000      4.725953      4.725864
 
# Band-Index   23
   0.00000      4.882465      4.882611
   0.03363      4.794790      4.950706
   0.06726      4.812435      4.986307
   0.10089      4.898779      5.004202
   0.13452      4.993437      5.040100
   0.16815      5.075417      5.093557
   0.20177      5.119902      5.159273
   0.23540      5.115087      5.229570
   0.26903      5.074736      5.254005
   0.30266      5.017849      5.137305
   0.33629      4.955919      5.008839
   0.36992      4.894728      4.870374
   0.40355      4.837284      4.724293
   0.43718      4.785312      4.573663
   0.47081      4.739918      4.422388
   0.50444      4.701874      4.275596
   0.53807      4.671743      4.140389
   0.57170      4.649937      4.026907
   0.60532      4.570134      3.948871
   0.63895      4.506160      3.920638
   0.63895      4.506160      3.920638
   0.67258      4.578452      3.927725
   0.70621      4.571970      3.948548
   0.73984      4.503006      3.981790
   0.77346      4.410140      4.025208
   0.80709      4.284573      4.075652
   0.84072      4.184439      4.129183
   0.87435      4.182030      4.181372
   0.90798      4.180497      4.227868
   0.94160      4.179419      4.129994
   0.97523      4.178606      3.944101
   1.00886      4.177960      3.763630
   1.04249      4.148306      3.620038
   1.07611      4.113649      3.670199
   1.10974      4.084922      3.767559
   1.14337      4.061147      3.865353
   1.17700      4.041474      3.959281
   1.21063      4.025627      4.027548
   1.24425      4.014633      4.017454
   1.27788      4.010586      4.013932
   1.27788      4.010586      4.013932
   1.31151      4.014109      4.017953
   1.34514      4.024222      4.028865
   1.37877      3.959213      4.044594
   1.41240      3.865359      4.064157
   1.44603      3.767610      4.087854
   1.47966      3.670277      4.116531
   1.51329      3.619966      4.151151
   1.54691      3.763535      4.177626
   1.58054      3.943820      4.178271
   1.61417      4.129130      4.179086
   1.64780      4.227567      4.180167
   1.68143      4.181139      4.181704
   1.71506      4.128990      4.184121
   1.74869      4.075478      4.285480
   1.78232      4.025038      4.411179
   1.81595      3.981619      4.503996
   1.84958      3.948374      4.572813
   1.88321      3.927547      4.578419
   1.91683      3.920459      4.506110
   1.91683      3.920459      4.506110
   1.95046      3.948682      4.570053
   1.98409      4.026696      4.650560
   2.01772      4.140149      4.672358
   2.05135      4.275329      4.702480
   2.08497      4.422095      4.740510
   2.11860      4.573348      4.785887
   2.15223      4.723957      4.837837
   2.18586      4.870022      4.895255
   2.21949      5.008474      4.956411
   2.25311      5.136930      5.018292
   2.28674      5.253627      5.075106
   2.32037      5.229573      5.115345
   2.35400      5.159386      5.120012
   2.38762      5.093741      5.075400
   2.42125      5.040330      4.993357
   2.45488      5.004464      4.898680
   2.48851      4.986583      4.812335
   2.52214      4.950570      4.794724
   2.55576      4.882465      4.882611
   2.55576      4.882465      4.882611
   2.60332      4.834853      4.834743
   2.65088      4.865557      4.865424
   2.69844      4.963248      4.963153
   2.74599      5.045219      5.045265
   2.79355      5.047144      5.047624
   2.84111      4.954527      4.955529
   2.88867      4.818011      4.819356
   2.93623      4.666862      4.668358
   2.98378      4.503478      4.504853
   3.03134      4.308295      4.309129
   3.07890      4.063065      4.063342
   3.12646      3.803938      3.803995
   3.17401      3.707221      3.706959
   3.22157      3.777155      3.776951
   3.26913      3.864885      3.864745
   3.31669      3.956753      3.956697
   3.36425      4.037070      4.040286
   3.41180      4.017940      4.021257
   3.45936      4.010586      4.013932
 
# Band-Index   24
   3.45936      4.167125      4.166991
   3.41180      4.115189      4.115474
   3.36425      4.042442      4.042516
   3.31669      4.064683      4.067774
   3.26913      4.103070      4.106085
   3.22157      4.156931      4.159898
   3.17401      4.230147      4.233047
   3.12646      4.327027      4.329789
   3.07890      4.457821      4.460272
   3.03134      4.647796      4.649594
   2.98378      4.912223      4.913417
   2.93623      5.111202      5.112282
   2.88867      5.226729      5.227677
   2.84111      5.340984      5.341784
   2.79355      5.448970      5.449613
   2.74599      5.543568      5.544066
   2.69844      5.568078      5.568251
   2.65088      5.311233      5.311325
   2.60332      5.093966      5.093942
   2.55576      4.980363      4.980081
   2.55576      4.980363      4.980081
   2.52214      4.981576      5.063809
   2.48851      5.110168      5.179007
   2.45488      5.303195      5.295561
   2.42125      5.504753      5.413347
   2.38762      5.523673      5.533266
   2.35400      5.447496      5.643777
   2.32037      5.357377      5.612674
   2.28674      5.294847      5.575668
   2.25311      5.345367      5.535050
   2.21949      5.375010      5.493124
   2.18586      5.384190      5.451571
   2.15223      5.351024      5.364941
   2.11860      5.316185      5.241066
   2.08497      5.286709      5.108660
   2.05135      5.262621      4.970313
   2.01772      5.243907      4.829507
   1.98409      5.230550      4.691882
   1.95046      5.222540      4.637368
   1.91683      5.219871      4.632953
   1.91683      5.219871      4.632953
   1.88321      5.120549      4.617287
   1.84958      4.991396      4.668658
   1.81595      4.865279      4.744639
   1.78232      4.744182      4.791859
   1.74869      4.628248      4.782622
   1.71506      4.516433      4.598789
   1.68143      4.405106      4.469005
   1.64780      4.283281      4.375233
   1.61417      4.264789      4.302181
   1.58054      4.290959      4.242475
   1.54691      4.213872      4.192730
   1.51329      4.157579      4.177100
   1.47966      4.115556      4.176666
   1.44603      4.083946      4.176307
   1.41240      4.059463      4.176009
   1.37877      4.039711      4.175758
   1.34514      4.044499      4.175500
   1.31151      4.117042      4.174857
   1.27788      4.167125      4.166991
   1.27788      4.167125      4.166991
   1.24425      4.174658      4.117400
   1.21063      4.175727      4.044683
   1.17700      4.176053      4.042960
   1.14337      4.176326      4.062559
   1.10974      4.176633      4.086861
   1.07611      4.176997      4.118323
   1.04249      4.177434      4.160240
   1.00886      4.189924      4.216427
   0.97523      4.239723      4.291481
   0.94160      4.299511      4.265189
   0.90798      4.372685      4.285041
   0.87435      4.466646      4.407386
   0.84072      4.596720      4.518904
   0.80709      4.780866      4.630773
   0.77346      4.791570      4.746698
   0.73984      4.744537      4.867748
   0.70621      4.668650      4.993790
   0.67258      4.616593      5.122845
   0.63895      4.632324      5.222090
   0.63895      4.632324      5.222090
   0.60532      4.636741      5.224750
   0.57170      4.691992      5.232730
   0.53807      4.829625      5.246037
   0.50444      4.970419      5.264684
   0.47081      5.108739      5.288687
   0.43718      5.241103      5.318065
   0.40355      5.364920      5.352791
   0.36992      5.450910      5.385313
   0.33629      5.492490      5.375765
   0.30266      5.534463      5.345801
   0.26903      5.575134      5.295020
   0.23540      5.612196      5.357753
   0.20177      5.643355      5.447863
   0.16815      5.533005      5.524026
   0.13452      5.413145      5.504816
   0.10089      5.295430      5.303291
   0.06726      5.178961      5.110290
   0.03363      5.063880      4.981299
   0.00000      4.980363      4.980081
 
# Band-Index   25
   0.00000      5.695850      5.696132
   0.03363      5.695719      5.689283
   0.06726      5.694695      5.668716
   0.10089      5.691055      5.634377
   0.13452      5.682493      5.586178
   0.16815      5.666934      5.685329
   0.20177      5.654694      5.666446
   0.23540      5.767550      5.605148
   0.26903      5.756042      5.545395
   0.30266      5.674924      5.489706
   0.33629      5.582895      5.438923
   0.36992      5.480121      5.393967
   0.40355      5.413287      5.382504
   0.43718      5.377921      5.371003
   0.47081      5.347229      5.356558
   0.50444      5.321627      5.342115
   0.53807      5.301466      5.329514
   0.57170      5.286959      5.319875
   0.60532      5.278221      5.313860
   0.63895      5.275303      5.311819
   0.63895      5.275303      5.311819
   0.67258      5.271322      5.314241
   0.70621      5.262848      5.297848
   0.73984      5.228848      5.274430
   0.77346      5.010382      5.248332
   0.80709      4.801164      5.223895
   0.84072      4.779022      5.082180
   0.87435      4.737455      4.818517
   0.90798      4.685923      4.584199
   0.94160      4.629916      4.407408
   0.97523      4.572416      4.293407
   1.00886      4.514997      4.306757
   1.04249      4.458449      4.312443
   1.07611      4.403160      4.310525
   1.10974      4.349474      4.290458
   1.14337      4.298140      4.233795
   1.17700      4.250923      4.198008
   1.21063      4.211263      4.178402
   1.24425      4.179539      4.169464
   1.27788      4.171193      4.172502
   1.27788      4.171193      4.172502
   1.31151      4.169583      4.179429
   1.34514      4.178462      4.212495
   1.37877      4.197933      4.252257
   1.41240      4.233504      4.299531
   1.44603      4.289930      4.350901
   1.47966      4.309657      4.404603
   1.51329      4.311669      4.459886
   1.54691      4.306105      4.516405
   1.58054      4.291076      4.573770
   1.61417      4.405675      4.631190
   1.64780      4.583366      4.687084
   1.68143      4.818201      4.738464
   1.71506      5.082028      4.779828
   1.74869      5.222347      4.801716
   1.78232      5.246976      5.012108
   1.81595      5.273269      5.231262
   1.84958      5.296862      5.263749
   1.88321      5.313381      5.272158
   1.91683      5.309739      5.276111
   1.91683      5.309739      5.276111
   1.95046      5.311793      5.279026
   1.98409      5.317846      5.287760
   2.01772      5.327550      5.302258
   2.05135      5.340245      5.322406
   2.08497      5.354816      5.347990
   2.11860      5.369431      5.378659
   2.15223      5.381149      5.413993
   2.18586      5.392364      5.480210
   2.21949      5.437400      5.583026
   2.25311      5.488315      5.675100
   2.28674      5.544140      5.756249
   2.32037      5.604038      5.767869
   2.35400      5.665510      5.655008
   2.38762      5.685118      5.667307
   2.42125      5.585844      5.682827
   2.45488      5.634062      5.691362
   2.48851      5.668418      5.694987
   2.52214      5.688997      5.696003
   2.55576      5.695850      5.696132
   2.55576      5.695850      5.696132
   2.60332      5.688638      5.688927
   2.65088      5.664265      5.664583
   2.69844      5.616809      5.617193
   2.74599      5.587020      5.588279
   2.79355      5.541104      5.542429
   2.84111      5.544772      5.546263
   2.88867      5.457257      5.458828
   2.93623      5.208699      5.209836
   2.98378      4.997574      4.998763
   3.03134      4.887731      4.889004
   3.07890      4.782740      4.784067
   3.12646      4.683186      4.684535
   3.17401      4.589452      4.590792
   3.22157      4.501950      4.503246
   3.26913      4.421317      4.422535
   3.31669      4.327468      4.327723
   3.36425      4.233362      4.233415
   3.41180      4.182457      4.182364
   3.45936      4.171193      4.172502
 
# Band-Index   26
   3.45936      4.178384      4.178043
   3.41180      4.228181      4.228876
   3.36425      4.284357      4.285291
   3.31669      4.348497      4.349598
   3.26913      4.465393      4.465828
   3.22157      4.640476      4.641074
   3.17401      4.840977      4.841774
   3.12646      5.050934      5.052028
   3.07890      5.251888      5.253398
   3.03134      5.428560      5.430461
   2.98378      5.574756      5.576668
   2.93623      5.688285      5.689515
   2.88867      5.781903      5.782075
   2.84111      5.918770      5.919228
   2.79355      5.967044      5.967502
   2.74599      5.840081      5.840232
   2.69844      5.707307      5.708224
   2.65088      5.835784      5.836400
   2.60332      5.935153      5.935530
   2.55576      5.971816      5.972118
   2.55576      5.971816      5.972118
   2.52214      5.958697      5.949176
   2.48851      5.922414      5.890800
   2.45488      5.870075      5.817579
   2.42125      5.809848      5.749290
   2.38762      5.766478      5.706804
   2.35400      5.845183      5.714089
   2.32037      5.781549      5.787496
   2.28674      5.717155      5.790146
   2.25311      5.654273      5.713741
   2.21949      5.594575      5.641835
   2.18586      5.539265      5.577088
   2.15223      5.489198      5.519841
   2.11860      5.444984      5.470196
   2.08497      5.407050      5.428198
   2.05135      5.375697      5.393863
   2.01772      5.351133      5.367189
   1.98409      5.333499      5.348160
   1.95046      5.322885      5.336756
   1.91683      5.319342      5.332957
   1.91683      5.319342      5.332957
   1.88321      5.412020      5.336569
   1.84958      5.547602      5.329603
   1.81595      5.665698      5.261190
   1.78232      5.605566      5.279486
   1.74869      5.354655      5.328403
   1.71506      5.203354      5.402727
   1.68143      5.193417      5.466046
   1.64780      5.156318      5.420069
   1.61417      4.954914      5.355140
   1.58054      4.770686      5.243832
   1.54691      4.610251      5.067530
   1.51329      4.476667      4.870515
   1.47966      4.370303      4.684789
   1.44603      4.301867      4.522405
   1.41240      4.289392      4.389084
   1.37877      4.272287      4.287661
   1.34514      4.249339      4.218497
   1.31151      4.218035      4.185614
   1.27788      4.178384      4.178043
   1.27788      4.178384      4.178043
   1.24425      4.184836      4.218648
   1.21063      4.218528      4.250127
   1.17700      4.287568      4.273181
   1.14337      4.388856      4.290330
   1.10974      4.522038      4.302794
   1.07611      4.684255      4.371021
   1.04249      4.869707      4.477509
   1.00886      5.066100      4.611173
   0.97523      5.240922      4.771691
   0.94160      5.350852      4.956058
   0.90798      5.415432      5.157732
   0.87435      5.461478      5.195280
   0.84072      5.401958      5.205074
   0.80709      5.327555      5.354849
   0.77346      5.278551      5.605980
   0.73984      5.260235      5.666933
   0.70621      5.326339      5.549334
   0.67258      5.333205      5.413985
   0.63895      5.329583      5.320155
   0.63895      5.329583      5.320155
   0.60532      5.333387      5.323697
   0.57170      5.344805      5.334308
   0.53807      5.363857      5.351936
   0.50444      5.390562      5.376492
   0.47081      5.424936      5.407835
   0.43718      5.466981      5.445756
   0.40355      5.516679      5.489954
   0.36992      5.573987      5.539999
   0.33629      5.638804      5.595284
   0.30266      5.710796      5.654950
   0.26903      5.787410      5.717791
   0.23540      5.787137      5.782134
   0.20177      5.713775      5.845704
   0.16815      5.706397      5.767200
   0.13452      5.748851      5.810592
   0.10089      5.817159      5.870667
   0.06726      5.890423      5.922865
   0.03363      5.948850      5.959041
   0.00000      5.971816      5.972118
 
# Band-Index   27
   0.00000      6.051081      6.051144
   0.03363      6.046601      6.045948
   0.06726      6.033129      6.029466
   0.10089      6.010575      6.000212
   0.13452      5.978813      5.958186
   0.16815      5.937699      5.905550
   0.20177      5.887050      5.916582
   0.23540      5.826613      6.076917
   0.26903      5.877985      6.066628
   0.30266      5.992147      6.085241
   0.33629      6.090040      6.137990
   0.36992      6.147158      6.216204
   0.40355      6.157731      6.300314
   0.43718      6.138198      6.364491
   0.47081      6.106901      6.355817
   0.50444      6.074574      6.316381
   0.53807      6.046519      6.285876
   0.57170      6.025315      6.264189
   0.60532      6.012218      6.251220
   0.63895      6.007799      6.246905
   0.63895      6.007799      6.246905
   0.67258      5.914771      6.249832
   0.70621      5.708830      6.096070
   0.73984      5.557153      5.921071
   0.77346      5.522643      5.835203
   0.80709      5.513472      5.741263
   0.84072      5.494486      5.566423
   0.87435      5.488875      5.366041
   0.90798      5.577434      5.197088
   0.94160      5.660201      5.211708
   0.97523      5.507233      5.238434
   1.00886      5.406769      5.274561
   1.04249      5.350148      5.315955
   1.07611      5.310430      5.357969
   1.10974      5.279776      5.321588
   1.14337      5.255790      5.284305
   1.17700      5.237576      5.255518
   1.21063      5.224743      5.235066
   1.24425      5.217103      5.222837
   1.27788      5.214565      5.218768
   1.27788      5.214565      5.218768
   1.31151      5.218636      5.221308
   1.34514      5.230872      5.228956
   1.37877      5.251337      5.241797
   1.41240      5.280142      5.260015
   1.44603      5.317452      5.283990
   1.47966      5.356025      5.314588
   1.51329      5.313954      5.354131
   1.54691      5.272526      5.410215
   1.58054      5.236389      5.509262
   1.61417      5.209683      5.660972
   1.64780      5.195123      5.578180
   1.68143      5.364149      5.489611
   1.71506      5.563850      5.498744
   1.74869      5.738110      5.517190
   1.78232      5.832287      5.525607
   1.81595      5.918179      5.558951
   1.84958      6.092362      5.709667
   1.88321      6.245591      5.915954
   1.91683      6.243709      6.009896
   1.91683      6.243709      6.009896
   1.95046      6.248025      6.014317
   1.98409      6.260998      6.027416
   2.01772      6.282692      6.048620
   2.05135      6.313205      6.076655
   2.08497      6.352653      6.108908
   2.11860      6.359926      6.140013
   2.15223      6.296741      6.159164
   2.18586      6.213382      6.148056
   2.21949      6.135526      6.090486
   2.25311      6.082908      5.992370
   2.28674      6.064366      5.878176
   2.32037      6.075090      5.826831
   2.35400      5.916438      5.887260
   2.38762      5.905108      5.937887
   2.42125      5.957837      5.978969
   2.45488      5.999964      6.010696
   2.48851      6.029312      6.033220
   2.52214      6.045861      6.046672
   2.55576      6.051081      6.051144
   2.55576      6.051081      6.051144
   2.60332      6.042000      6.042095
   2.65088      6.019596      6.019775
   2.69844      5.995040      5.995320
   2.74599      5.977222      5.977596
   2.79355      6.012000      6.012667
   2.84111      5.960254      5.960804
   2.88867      5.951926      5.952587
   2.93623      5.938189      5.938988
   2.98378      5.916493      5.917459
   3.03134      5.801835      5.804874
   3.07890      5.675171      5.678588
   3.12646      5.559990      5.563774
   3.17401      5.463218      5.467231
   3.22157      5.384504      5.388631
   3.26913      5.322074      5.326252
   3.31669      5.274553      5.278751
   3.36425      5.241085      5.245288
   3.41180      5.221175      5.225378
   3.45936      5.214565      5.218768
 
# Band-Index   28
   3.45936      5.464200      5.465356
   3.41180      5.477218      5.478418
   3.36425      5.512945      5.514259
   3.31669      5.563818      5.565274
   3.26913      5.622296      5.623868
   3.22157      5.682924      5.684547
   3.17401      5.742055      5.743648
   3.12646      5.796968      5.798458
   3.07890      5.845401      5.846735
   3.03134      5.885579      5.886729
   2.98378      5.922387      5.925340
   2.93623      6.026704      6.030064
   2.88867      6.139654      6.143497
   2.84111      6.286037      6.289570
   2.79355      6.231418      6.232999
   2.74599      6.239053      6.241109
   2.69844      6.317180      6.319220
   2.65088      6.409139      6.411152
   2.60332      6.531857      6.533776
   2.55576      6.667764      6.669371
   2.55576      6.667764      6.669371
   2.52214      6.574340      6.567731
   2.48851      6.460753      6.439807
   2.45488      6.356306      6.315339
   2.42125      6.263487      6.197073
   2.38762      6.184373      6.086164
   2.35400      6.122007      5.983439
   2.32037      6.104332      5.892533
   2.28674      6.264044      5.924737
   2.25311      6.381121      6.052517
   2.21949      6.421354      6.183253
   2.18586      6.417884      6.312164
   2.15223      6.404922      6.398556
   2.11860      6.392818      6.347706
   2.08497      6.382000      6.302306
   2.05135      6.376971      6.264128
   2.01772      6.373975      6.234075
   1.98409      6.372746      6.212518
   1.95046      6.372450      6.199571
   1.91683      6.372439      6.195255
   1.91683      6.372439      6.195255
   1.88321      6.255235      6.163888
   1.84958      6.288127      6.123287
   1.81595      6.194184      6.090597
   1.78232      6.047509      6.072652
   1.74869      6.073295      6.074975
   1.71506      6.020028      6.091353
   1.68143      5.874462      6.073573
   1.64780      5.750788      5.909247
   1.61417      5.647280      5.687615
   1.58054      5.559220      5.732721
   1.54691      5.483601      5.788869
   1.51329      5.418697      5.822218
   1.47966      5.363513      5.814640
   1.44603      5.394380      5.752711
   1.41240      5.425478      5.666923
   1.37877      5.447072      5.585342
   1.34514      5.458921      5.520646
   1.31151      5.463366      5.479465
   1.27788      5.464200      5.465356
   1.27788      5.464200      5.465356
   1.24425      5.478327      5.464581
   1.21063      5.519565      5.460289
   1.17700      5.584372      5.448630
   1.14337      5.666160      5.427207
   1.10974      5.752328      5.396237
   1.07611      5.814580      5.367609
   1.04249      5.821832      5.422735
   1.00886      5.788183      5.487550
   0.97523      5.731946      5.563029
   0.94160      5.686940      5.650861
   0.90798      5.908930      5.753988
   0.87435      6.072728      5.877026
   0.84072      6.089317      6.021555
   0.80709      6.071884      6.074439
   0.77346      6.068506      6.049860
   0.73984      6.085523      6.196556
   0.70621      6.117556      6.291221
   0.67258      6.158121      6.258402
   0.63895      6.190225      6.375713
   0.63895      6.190225      6.375713
   0.60532      6.194548      6.375727
   0.57170      6.207515      6.376022
   0.53807      6.229101      6.377248
   0.50444      6.259179      6.380248
   0.47081      6.297349      6.385436
   0.43718      6.342650      6.396062
   0.40355      6.393270      6.408104
   0.36992      6.311659      6.420934
   0.33629      6.182793      6.423952
   0.30266      6.052078      6.382528
   0.26903      5.924218      6.264499
   0.23540      5.889832      6.104867
   0.20177      5.980702      6.124091
   0.16815      6.083511      6.186340
   0.13452      6.194515      6.265335
   0.10089      6.312885      6.358039
   0.06726      6.437477      6.462381
   0.03363      6.565583      6.575887
   0.00000      6.667757      6.669369
 
# Band-Index   29
   0.00000      6.737185      6.739866
   0.03363      6.772615      6.745705
   0.06726      6.763056      6.757861
   0.10089      6.735907      6.764658
   0.13452      6.713855      6.756074
   0.16815      6.703992      6.730599
   0.20177      6.710189      6.694501
   0.23540      6.733322      6.657228
   0.26903      6.661228      6.631555
   0.30266      6.581247      6.644683
   0.33629      6.510690      6.603167
   0.36992      6.449135      6.528214
   0.40355      6.434936      6.461790
   0.43718      6.543248      6.404279
   0.47081      6.483487      6.396989
   0.50444      6.434597      6.403260
   0.53807      6.396745      6.399752
   0.57170      6.369869      6.393923
   0.60532      6.353825      6.389395
   0.63895      6.348493      6.387735
   0.63895      6.348493      6.387735
   0.67258      6.355847      6.465214
   0.70621      6.375869      6.390038
   0.73984      6.403095      6.340913
   0.77346      6.430134      6.401363
   0.80709      6.449268      6.247009
   0.84072      6.453805      6.241546
   0.87435      6.347473      6.370987
   0.90798      6.308722      6.503417
   0.94160      6.344091      6.614802
   0.97523      6.266435      6.597689
   1.00886      6.175326      6.555263
   1.04249      6.082617      6.490092
   1.07611      6.013819      6.407324
   1.10974      5.991554      6.314477
   1.14337      5.993576      6.220770
   1.17700      5.999936      6.136066
   1.21063      6.005254      6.069435
   1.24425      6.008484      6.027409
   1.27788      6.009550      6.013151
   1.27788      6.009550      6.013151
   1.31151      6.023871      6.012087
   1.34514      6.066052      6.008870
   1.37877      6.132858      6.003600
   1.41240      6.217684      5.997378
   1.44603      6.311422      5.995677
   1.47966      6.404211      6.018226
   1.51329      6.486866      6.086693
   1.54691      6.551918      6.179140
   1.58054      6.594278      6.270230
   1.61417      6.611409      6.347977
   1.64780      6.502559      6.310057
   1.68143      6.369791      6.348707
   1.71506      6.239832      6.457825
   1.74869      6.245389      6.453234
   1.78232      6.398404      6.434044
   1.81595      6.337901      6.406974
   1.84958      6.387776      6.379747
   1.88321      6.461332      6.359741
   1.91683      6.382133      6.352395
   1.91683      6.382133      6.352395
   1.95046      6.383792      6.357722
   1.98409      6.388311      6.373750
   2.01772      6.394139      6.400600
   2.05135      6.397720      6.438413
   2.08497      6.391889      6.487252
   2.11860      6.401130      6.544293
   2.15223      6.458658      6.435563
   2.18586      6.525103      6.454847
   2.21949      6.600078      6.516769
   2.25311      6.642651      6.587522
   2.28674      6.628526      6.667569
   2.32037      6.653891      6.734207
   2.35400      6.691109      6.711060
   2.38762      6.727274      6.704843
   2.42125      6.752908      6.714670
   2.45488      6.761695      6.736669
   2.48851      6.755064      6.763751
   2.52214      6.742993      6.773809
   2.55576      6.737192      6.739874
   2.55576      6.737192      6.739874
   2.60332      6.744279      6.746252
   2.65088      6.753861      6.755748
   2.69844      6.756255      6.758053
   2.74599      6.706415      6.708495
   2.79355      6.554100      6.556273
   2.84111      6.510224      6.510292
   2.88867      6.687398      6.687933
   2.93623      6.665090      6.667193
   2.98378      6.623461      6.625778
   3.03134      6.573190      6.575641
   3.07890      6.513744      6.516268
   3.12646      6.444814      6.447388
   3.17401      6.367184      6.369822
   3.22157      6.283775      6.286526
   3.26913      6.200106      6.203030
   3.31669      6.123696      6.126842
   3.36425      6.062508      6.065878
   3.41180      6.023117      6.026655
   3.45936      6.009550      6.013151
 
# Band-Index   30
   3.45936      6.949242      6.949410
   3.41180      6.940523      6.940697
   3.36425      6.916462      6.916654
   3.31669      6.882340      6.882556
   3.26913      6.843816      6.844061
   3.22157      6.805121      6.805400
   3.17401      6.768948      6.769269
   3.12646      6.736922      6.737293
   3.07890      6.710170      6.710607
   3.03134      6.689928      6.690452
   2.98378      6.678492      6.679137
   2.93623      6.680050      6.680857
   2.88867      6.698722      6.700544
   2.84111      6.725471      6.726983
   2.79355      6.746876      6.748095
   2.74599      6.764201      6.765177
   2.69844      6.777811      6.778608
   2.65088      6.787419      6.788103
   2.60332      6.792907      6.793535
   2.55576      6.745096      6.746294
   2.55576      6.745096      6.746294
   2.52214      6.802021      6.786367
   2.48851      6.825545      6.844201
   2.45488      6.867858      6.927230
   2.42125      6.930032      6.971845
   2.38762      7.010375      6.931288
   2.35400      6.964687      6.846769
   2.32037      6.866819      6.755250
   2.28674      6.772272      6.772941
   2.25311      6.682849      6.824486
   2.21949      6.726394      6.782175
   2.18586      6.766338      6.695960
   2.15223      6.762235      6.616915
   2.11860      6.800264      6.546950
   2.08497      6.879108      6.620068
   2.05135      6.968290      6.643829
   2.01772      7.006675      6.642098
   1.98409      6.992324      6.636340
   1.95046      6.983596      6.632087
   1.91683      6.980687      6.630596
   1.91683      6.980687      6.630596
   1.88321      6.864906      6.670833
   1.84958      6.774314      6.748343
   1.81595      6.646833      6.840806
   1.78232      6.442212      6.922129
   1.74869      6.462623      6.802644
   1.71506      6.523058      6.554345
   1.68143      6.572169      6.443039
   1.64780      6.603237      6.406436
   1.61417      6.625700      6.359759
   1.58054      6.733580      6.428640
   1.54691      6.822718      6.503138
   1.51329      6.891771      6.579082
   1.47966      6.941504      6.654344
   1.44603      6.974173      6.727172
   1.41240      6.987426      6.795466
   1.37877      6.972339      6.856259
   1.34514      6.959645      6.905428
   1.31151      6.951859      6.937964
   1.27788      6.949242      6.949410
   1.27788      6.949242      6.949410
   1.24425      6.937789      6.952025
   1.21063      6.905232      6.959808
   1.17700      6.856033      6.972494
   1.14337      6.795201      6.987472
   1.10974      6.726857      6.974046
   1.07611      6.653962      6.941431
   1.04249      6.578611      6.891788
   1.00886      6.502544      6.822870
   0.97523      6.427872      6.733917
   0.94160      6.358743      6.626275
   0.90798      6.402453      6.606531
   0.87435      6.439006      6.575322
   0.84072      6.553559      6.526087
   0.80709      6.801587      6.465583
   0.77346      6.917398      6.442901
   0.73984      6.835205      6.647321
   0.70621      6.742938      6.776315
   0.67258      6.665824      6.866432
   0.63895      6.625888      6.982204
   0.63895      6.625888      6.982204
   0.60532      6.627407      6.985127
   0.57170      6.631759      6.993895
   0.53807      6.637752      7.008294
   0.50444      6.640113      6.968321
   0.47081      6.617905      6.879602
   0.43718      6.543364      6.801666
   0.40355      6.613285      6.764869
   0.36992      6.692408      6.769959
   0.33629      6.778701      6.727243
   0.30266      6.823531      6.685913
   0.26903      6.772038      6.775309
   0.23540      6.748929      6.869827
   0.20177      6.840597      6.967663
   0.16815      6.925681      7.010908
   0.13452      6.968090      6.930553
   0.10089      6.925337      6.868399
   0.06726      6.842883      6.826119
   0.03363      6.785731      6.802622
   0.00000      6.745089      6.746270
 
# Band-Index   31
   0.00000      6.794645      6.795256
   0.03363      6.836475      6.849279
   0.06726      6.951721      6.991655
   0.10089      7.041853      7.144092
   0.13452      7.090189      7.165729
   0.16815      7.093944      7.066916
   0.20177      7.065866      7.092740
   0.23540      7.020880      7.004189
   0.26903      6.963366      6.925833
   0.30266      6.870466      6.858971
   0.33629      6.867807      6.806441
   0.36992      6.823993      6.849367
   0.40355      6.788235      6.968709
   0.43718      6.766076      7.060757
   0.47081      6.774419      7.053575
   0.50444      6.827994      7.029116
   0.53807      6.895380      7.033098
   0.57170      6.952034      7.064196
   0.60532      6.989092      7.075810
   0.63895      7.002029      7.078581
   0.63895      7.002029      7.078581
   0.67258      7.105811      7.060263
   0.70621      7.289214      6.969411
   0.73984      7.278210      6.994128
   0.77346      7.156490      7.114562
   0.80709      7.133257      7.256600
   0.84072      7.225900      7.280776
   0.87435      7.204455      7.246621
   0.90798      7.181681      7.210662
   0.94160      7.158323      7.174012
   0.97523      7.134973      7.137710
   1.00886      7.112211      7.102710
   1.04249      7.090613      7.069893
   1.07611      7.070709      7.040039
   1.10974      7.052997      7.014000
   1.14337      7.037911      6.997882
   1.17700      7.025828      7.005076
   1.21063      7.017032      7.008801
   1.24425      7.011748      7.009731
   1.27788      7.010013      7.009807
   1.27788      7.010013      7.009807
   1.31151      7.009935      7.011541
   1.34514      7.008997      7.016826
   1.37877      7.005255      7.025624
   1.41240      6.997936      7.037710
   1.44603      7.013852      7.052801
   1.47966      7.039896      7.070519
   1.51329      7.069758      7.090428
   1.54691      7.102586      7.112032
   1.58054      7.137597      7.134802
   1.61417      7.173911      7.158159
   1.64780      7.210574      7.181524
   1.68143      7.246544      7.204306
   1.71506      7.280708      7.225797
   1.74869      7.251093      7.138932
   1.78232      7.109223      7.158343
   1.81595      6.989325      7.278087
   1.84958      6.967231      7.289098
   1.88321      7.059887      7.106794
   1.91683      7.078988      7.003214
   1.91683      7.078988      7.003214
   1.95046      7.076203      6.990266
   1.98409      7.064536      6.953214
   2.01772      7.033296      6.896690
   2.05135      7.027386      6.829831
   2.08497      7.051693      6.777711
   2.11860      7.059291      6.770500
   2.15223      6.968378      6.792882
   2.18586      6.848988      6.828598
   2.21949      6.802167      6.872269
   2.25311      6.854214      6.873858
   2.28674      6.920762      6.966718
   2.32037      6.998879      7.024305
   2.35400      7.087240      7.068666
   2.38762      7.063978      7.096057
   2.42125      7.162835      7.091824
   2.45488      7.142983      7.043446
   2.48851      6.990487      6.953551
   2.52214      6.848051      6.838605
   2.55576      6.794645      6.795256
   2.55576      6.794645      6.795256
   2.60332      6.914045      6.915649
   2.65088      7.105430      7.107913
   2.69844      7.063063      7.067902
   2.74599      6.950021      6.953993
   2.79355      6.866812      6.869117
   2.84111      6.770966      6.772632
   2.88867      6.756365      6.757231
   2.93623      6.884341      6.884967
   2.98378      6.934441      6.934964
   3.03134      6.966247      6.966571
   3.07890      6.993475      6.993627
   3.12646      7.013990      7.014013
   3.17401      7.026048      7.025982
   3.22157      7.030115      7.029991
   3.26913      7.028097      7.027935
   3.31669      7.022568      7.022385
   3.36425      7.016281      7.016084
   3.41180      7.011639      7.011434
   3.45936      7.010013      7.009807
 
# Band-Index   32
   3.45936      7.915695      7.916337
   3.41180      7.936465      7.937104
   3.36425      7.995280      7.995910
   3.31669      8.083289      8.083907
   3.26913      8.020372      8.023199
   3.22157      7.885644      7.887852
   3.17401      7.752053      7.753928
   3.12646      7.628696      7.630416
   3.07890      7.519952      7.521636
   3.03134      7.428081      7.429817
   2.98378      7.354513      7.356377
   2.93623      7.153780      7.154078
   2.88867      7.019578      7.020557
   2.84111      6.979053      6.980531
   2.79355      6.981105      6.982706
   2.74599      7.108901      7.110888
   2.69844      7.299823      7.302703
   2.65088      7.354644      7.357506
   2.60332      7.423752      7.426538
   2.55576      7.466818      7.469554
   2.55576      7.466818      7.469554
   2.52214      7.429443      7.457100
   2.48851      7.350859      7.417177
   2.45488      7.259386      7.306155
   2.42125      7.279287      7.242437
   2.38762      7.184861      7.230556
   2.35400      7.105099      7.147692
   2.32037      7.209284      7.058960
   2.28674      7.317115      6.973159
   2.25311      7.280457      6.921280
   2.21949      7.226801      6.886904
   2.18586      7.177871      6.955698
   2.15223      7.135682      7.028756
   2.11860      7.117205      7.103317
   2.08497      7.187816      7.176751
   2.05135      7.263520      7.246406
   2.01772      7.322269      7.309414
   1.98409      7.362549      7.316594
   1.95046      7.385217      7.303499
   1.91683      7.392392      7.298504
   1.91683      7.392392      7.298504
   1.88321      7.388919      7.296150
   1.84958      7.378645      7.328092
   1.81595      7.361964      7.358060
   1.78232      7.339522      7.263546
   1.74869      7.312241      7.245971
   1.71506      7.400279      7.263729
   1.68143      7.551836      7.412727
   1.64780      7.704320      7.575295
   1.61417      7.856957      7.748396
   1.58054      7.989883      7.894190
   1.54691      8.111238      7.990658
   1.51329      8.186314      8.073572
   1.47966      8.146758      8.136600
   1.44603      8.087995      8.167827
   1.41240      8.030861      8.093058
   1.37877      7.982308      8.023893
   1.34514      7.945815      7.967245
   1.31151      7.923295      7.929607
   1.27788      7.915695      7.916337
   1.27788      7.915695      7.916337
   1.24425      7.928967      7.923935
   1.21063      7.966610      7.946452
   1.17700      8.023262      7.982939
   1.14337      8.092427      8.031489
   1.10974      8.167182      8.088633
   1.07611      8.132856      8.147469
   1.04249      8.070857      8.187563
   1.00886      7.988663      8.112983
   0.97523      7.892316      7.992543
   0.94160      7.742593      7.862226
   0.90798      7.569273      7.709835
   0.87435      7.406591      7.557446
   0.84072      7.257644      7.405879
   0.80709      7.246105      7.312307
   0.77346      7.263676      7.339567
   0.73984      7.357236      7.362000
   0.70621      7.327242      7.378675
   0.67258      7.296267      7.388945
   0.63895      7.298620      7.392416
   0.63895      7.298620      7.392416
   0.60532      7.303565      7.385222
   0.57170      7.316539      7.362502
   0.53807      7.306463      7.322154
   0.50444      7.244121      7.263330
   0.47081      7.174943      7.187532
   0.43718      7.101841      7.117426
   0.40355      7.027509      7.137175
   0.36992      6.954603      7.179593
   0.33629      6.885904      7.228631
   0.30266      6.917047      7.282348
   0.26903      6.969260      7.318107
   0.23540      7.055656      7.210015
   0.20177      7.144433      7.105693
   0.16815      7.227353      7.190503
   0.13452      7.239305      7.283189
   0.10089      7.301015      7.262229
   0.06726      7.411331      7.353647
   0.03363      7.454314      7.432188
   0.00000      7.466818      7.469554
 
# Band-Index   33
   0.00000      7.512258      7.512134
   0.03363      7.515503      7.493763
   0.06726      7.419422      7.460865
   0.10089      7.367331      7.417723
   0.13452      7.302357      7.323710
   0.16815      7.243079      7.460827
   0.20177      7.235391      7.447756
   0.23540      7.174920      7.396750
   0.26903      7.087082      7.339212
   0.30266      7.007050      7.422707
   0.33629      6.964202      7.514152
   0.36992      6.983977      7.564105
   0.40355      7.074524      7.496792
   0.43718      7.220067      7.450841
   0.47081      7.368912      7.433601
   0.50444      7.351808      7.459661
   0.53807      7.333712      7.543736
   0.57170      7.358424      7.603170
   0.60532      7.394864      7.597547
   0.63895      7.408490      7.595597
   0.63895      7.408490      7.595597
   0.67258      7.410691      7.596038
   0.70621      7.418010      7.597890
   0.73984      7.432475      7.602740
   0.77346      7.457021      7.613203
   0.80709      7.494715      7.632859
   0.84072      7.547729      7.665982
   0.87435      7.616476      7.716858
   0.90798      7.699376      7.788550
   0.94160      7.793083      7.881504
   0.97523      7.923850      8.012255
   1.00886      8.106215      8.143137
   1.04249      8.203622      8.210781
   1.07611      8.236500      8.220217
   1.10974      8.178833      8.210391
   1.14337      8.214295      8.215160
   1.17700      8.241533      8.232718
   1.21063      8.261024      8.255627
   1.24425      8.272755      8.274856
   1.27788      8.276672      8.282387
   1.27788      8.276672      8.282387
   1.31151      8.269283      8.278442
   1.34514      8.250419      8.266620
   1.37877      8.227994      8.246951
   1.41240      8.210990      8.219399
   1.44603      8.206901      8.183409
   1.47966      8.217804      8.237280
   1.51329      8.209993      8.203348
   1.54691      8.139758      8.110985
   1.58054      8.007518      7.929300
   1.61417      7.878112      7.795226
   1.64780      7.784483      7.701962
   1.68143      7.712169      7.619577
   1.71506      7.660752      7.551362
   1.74869      7.627193      7.498851
   1.78232      7.607210      7.461590
   1.81595      7.596515      7.437382
   1.84958      7.591513      7.423150
   1.88321      7.589575      7.415967
   1.91683      7.589106      7.413810
   1.91683      7.589106      7.413810
   1.95046      7.591075      7.399679
   1.98409      7.596755      7.362260
   2.01772      7.543822      7.333921
   2.05135      7.459872      7.352178
   2.08497      7.433900      7.369442
   2.11860      7.451176      7.220110
   2.15223      7.497130      7.074674
   2.18586      7.564423      6.984233
   2.21949      7.511908      6.964522
   2.25311      7.421246      7.007374
   2.28674      7.337316      7.087381
   2.32037      7.394984      7.175215
   2.35400      7.446649      7.235835
   2.38762      7.460704      7.244221
   2.42125      7.320755      7.305486
   2.45488      7.411782      7.370358
   2.48851      7.460264      7.422324
   2.52214      7.494361      7.516275
   2.55576      7.512274      7.512229
   2.55576      7.512274      7.512229
   2.60332      7.487895      7.489604
   2.65088      7.357330      7.361847
   2.69844      7.302684      7.304990
   2.74599      7.264796      7.267615
   2.79355      7.248020      7.250706
   2.84111      7.247998      7.250495
   2.88867      7.264944      7.267218
   2.93623      7.300125      7.302177
   2.98378      7.382951      7.383015
   3.03134      7.630894      7.630941
   3.07890      7.874852      7.874982
   3.12646      8.106641      8.106896
   3.17401      8.310967      8.311229
   3.22157      8.296169      8.296734
   3.26913      8.188767      8.189372
   3.31669      8.139436      8.143244
   3.36425      8.222689      8.227568
   3.41180      8.264803      8.270334
   3.45936      8.276672      8.282387
 
# Band-Index   34
   3.45936      8.749779      8.749505
   3.41180      8.727240      8.727155
   3.36425      8.674949      8.675563
   3.31669      8.626641      8.628431
   3.26913      8.598865      8.601759
   3.22157      8.538744      8.539244
   3.17401      8.423667      8.424678
   3.12646      8.453192      8.455492
   3.07890      8.364682      8.368791
   3.03134      8.249652      8.254383
   2.98378      8.150544      8.155727
   2.93623      8.070519      8.076213
   2.88867      7.998716      8.004875
   2.84111      7.930313      7.936537
   2.79355      7.867106      7.877155
   2.74599      7.721312      7.725294
   2.69844      7.477124      7.478590
   2.65088      7.440096      7.446777
   2.60332      7.524869      7.529071
   2.55576      7.630756      7.642475
   2.55576      7.630756      7.642475
   2.52214      7.634891      7.543967
   2.48851      7.536213      7.529741
   2.45488      7.440235      7.553591
   2.42125      7.442651      7.563463
   2.38762      7.476891      7.533699
   2.35400      7.545345      7.502636
   2.32037      7.587491      7.478124
   2.28674      7.631163      7.458614
   2.25311      7.665752      7.442215
   2.21949      7.649433      7.427583
   2.18586      7.578197      7.413754
   2.15223      7.614731      7.399928
   2.11860      7.626719      7.385391
   2.08497      7.624257      7.399628
   2.05135      7.615494      7.598087
   2.01772      7.605398      7.675681
   1.98409      7.626775      7.644840
   1.95046      7.621984      7.621834
   1.91683      7.620490      7.612727
   1.91683      7.620490      7.612727
   1.88321      7.741509      7.616931
   1.84958      7.924919      7.629545
   1.81595      7.962898      7.650554
   1.78232      8.012742      7.679934
   1.74869      8.073760      7.717664
   1.71506      8.144085      7.763688
   1.68143      8.221645      7.817929
   1.64780      8.304252      7.880239
   1.61417      8.389592      7.950393
   1.58054      8.429003      8.028023
   1.54691      8.385932      8.112592
   1.51329      8.346829      8.249773
   1.47966      8.426151      8.299116
   1.44603      8.538321      8.397916
   1.41240      8.633036      8.496639
   1.37877      8.697798      8.590383
   1.34514      8.732752      8.671403
   1.31151      8.746646      8.728525
   1.27788      8.749779      8.749505
   1.27788      8.749779      8.749506
   1.24425      8.728797      8.746543
   1.21063      8.671673      8.733090
   1.17700      8.590651      8.698722
   1.14337      8.496907      8.634612
   1.10974      8.398186      8.540639
   1.07611      8.299388      8.429574
   1.04249      8.247282      8.351901
   1.00886      8.112869      8.390127
   0.97523      8.028302      8.430585
   0.94160      7.950674      8.389689
   0.90798      7.880522      8.304371
   0.87435      7.818215      8.221789
   0.84072      7.763977      8.144252
   0.80709      7.717955      8.073947
   0.77346      7.680229      8.012947
   0.73984      7.650852      7.963119
   0.70621      7.629845      7.925134
   0.67258      7.617233      7.741051
   0.63895      7.613029      7.620022
   0.63895      7.613029      7.620022
   0.60532      7.621607      7.621537
   0.57170      7.643565      7.626391
   0.53807      7.673420      7.611705
   0.50444      7.598205      7.621614
   0.47081      7.399671      7.630063
   0.43718      7.384696      7.632000
   0.40355      7.399059      7.619176
   0.36992      7.412687      7.581530
   0.33629      7.426274      7.649157
   0.30266      7.440588      7.666203
   0.26903      7.456550      7.631893
   0.23540      7.475447      7.588681
   0.20177      7.499117      7.547583
   0.16815      7.529160      7.477876
   0.13452      7.558577      7.442934
   0.10089      7.550832      7.440227
   0.06726      7.527536      7.542274
   0.03363      7.537831      7.639591
   0.00000      7.627419      7.633647
 
# Band-Index   35
   0.00000      7.706918      7.709124
   0.03363      7.727068      7.674546
   0.06726      7.749341      7.639870
   0.10089      7.685310      7.620572
   0.13452      7.680139      7.584788
   0.16815      7.758042      7.545987
   0.20177      7.866094      7.649208
   0.23540      7.975825      7.806111
   0.26903      8.040573      7.839188
   0.30266      7.996091      7.747649
   0.33629      7.944610      7.687955
   0.36992      7.891703      7.696831
   0.40355      7.840410      7.694561
   0.43718      7.792340      7.684025
   0.47081      7.748285      7.668678
   0.50444      7.708574      7.652124
   0.53807      7.805711      7.637786
   0.57170      7.943932      7.678306
   0.60532      7.930984      7.821953
   0.63895      7.926887      7.896861
   0.63895      7.926887      7.896861
   0.67258      7.857096      7.904751
   0.70621      7.704575      7.995430
   0.73984      7.741396      8.261840
   0.77346      8.012288      8.480864
   0.80709      8.279168      8.565274
   0.84072      8.443081      8.564949
   0.87435      8.489150      8.546516
   0.90798      8.452537      8.517177
   0.94160      8.385848      8.477355
   0.97523      8.353124      8.476579
   1.00886      8.361017      8.401165
   1.04249      8.415836      8.461390
   1.07611      8.516379      8.614480
   1.10974      8.649935      8.785060
   1.14337      8.801340      8.843542
   1.17700      8.910288      8.890951
   1.21063      8.934568      8.925913
   1.24425      8.949591      8.947349
   1.27788      8.954677      8.954573
   1.27788      8.954677      8.954573
   1.31151      8.947449      8.949483
   1.34514      8.926005      8.934450
   1.37877      8.891029      8.910151
   1.41240      8.843602      8.803193
   1.44603      8.785078      8.652450
   1.47966      8.610238      8.519827
   1.51329      8.457147      8.420385
   1.54691      8.398586      8.366336
   1.58054      8.476498      8.358610
   1.61417      8.476042      8.391147
   1.64780      8.516002      8.457556
   1.68143      8.545482      8.488752
   1.71506      8.564087      8.442657
   1.74869      8.564667      8.279960
   1.78232      8.480889      8.012965
   1.81595      8.262163      7.741988
   1.84958      7.995830      7.705056
   1.88321      7.904513      7.857592
   1.91683      7.896619      7.927390
   1.91683      7.896619      7.927390
   1.95046      7.821797      7.931477
   1.98409      7.678277      7.944396
   2.01772      7.638100      7.805523
   2.05135      7.652360      7.711618
   2.08497      7.668836      7.751923
   2.11860      7.684104      7.796418
   2.15223      7.694552      7.844801
   2.18586      7.696714      7.896300
   2.21949      7.687697      7.949309
   2.25311      7.747848      8.000779
   2.28674      7.839183      8.045097
   2.32037      7.805395      7.976563
   2.35400      7.648319      7.866995
   2.38762      7.542300      7.758941
   2.42125      7.581123      7.681451
   2.45488      7.616755      7.689430
   2.48851      7.635634      7.755033
   2.52214      7.668488      7.729267
   2.55576      7.706920      7.709126
   2.55576      7.706920      7.709126
   2.60332      7.757634      7.759835
   2.65088      7.832911      7.835230
   2.69844      7.890090      7.854236
   2.74599      7.877389      7.881957
   2.79355      7.996830      7.999439
   2.84111      8.051142      8.058882
   2.88867      8.083088      8.089226
   2.93623      8.145855      8.152138
   2.98378      8.242683      8.248615
   3.03134      8.348817      8.351700
   3.07890      8.432124      8.435238
   3.12646      8.504956      8.508487
   3.17401      8.554230      8.558019
   3.22157      8.580883      8.584462
   3.26913      8.704001      8.704195
   3.31669      8.826154      8.826122
   3.36425      8.901801      8.901703
   3.41180      8.942036      8.941931
   3.45936      8.954677      8.954573
 
# Band-Index   36
   3.45936      9.247181      9.247844
   3.41180      9.197436      9.198156
   3.36425      9.102815      9.103669
   3.31669      9.006601      9.007612
   3.26913      8.912495      8.913697
   3.22157      8.810767      8.813200
   3.17401      8.680046      8.682730
   3.12646      8.576266      8.578241
   3.07890      8.493687      8.499080
   3.03134      8.361382      8.367304
   2.98378      8.266767      8.269558
   2.93623      8.190540      8.193283
   2.88867      8.120617      8.123317
   2.84111      8.056227      8.058843
   2.79355      8.000495      8.022086
   2.74599      7.942080      7.944631
   2.69844      7.892195      7.892570
   2.65088      7.840130      7.843081
   2.60332      7.777592      7.825885
   2.55576      7.799067      7.884143
   2.55576      7.799067      7.884143
   2.52214      7.746901      7.828357
   2.48851      7.833561      7.784968
   2.45488      7.939335      7.864332
   2.42125      8.057606      7.951330
   2.38762      8.133306      8.026268
   2.35400      8.142071      8.033212
   2.32037      8.105250      8.072484
   2.28674      8.116479      8.070027
   2.25311      8.103574      8.134137
   2.21949      8.106776      8.162645
   2.18586      8.137950      8.158245
   2.15223      8.202243      8.129869
   2.11860      8.293212      8.088164
   2.08497      8.398513      8.042687
   2.05135      8.506508      8.000843
   2.01772      8.607103      7.967416
   1.98409      8.622760      8.011092
   1.95046      8.486888      8.192977
   1.91683      8.406784      8.287159
   1.91683      8.406784      8.287159
   1.88321      8.460870      8.292298
   1.84958      8.573755      8.307343
   1.81595      8.630533      8.331284
   1.78232      8.656407      8.362749
   1.74869      8.750111      8.400314
   1.71506      8.804017      8.484808
   1.68143      8.818241      8.550907
   1.64780      8.744815      8.537547
   1.61417      8.607074      8.560667
   1.58054      8.482854      8.512853
   1.54691      8.560817      8.456554
   1.51329      8.641842      8.440697
   1.47966      8.717274      8.575627
   1.44603      8.792578      8.766332
   1.41240      8.979072      8.877627
   1.37877      9.146479      8.958051
   1.34514      9.194689      9.100561
   1.31151      9.232268      9.207047
   1.27788      9.247181      9.247844
   1.27788      9.247181      9.247844
   1.24425      9.206282      9.232888
   1.21063      9.099539      9.195224
   1.17700      8.956671      9.146933
   1.14337      8.877787      8.982052
   1.10974      8.762226      8.796257
   1.07611      8.571040      8.717261
   1.04249      8.437311      8.641855
   1.00886      8.455012      8.560857
   0.97523      8.511608      8.486337
   0.94160      8.559460      8.610215
   0.90798      8.537908      8.747880
   0.87435      8.546110      8.818493
   0.84072      8.483543      8.804181
   0.80709      8.400759      8.750019
   0.77346      8.363214      8.656703
   0.73984      8.331766      8.630932
   0.70621      8.307838      8.573954
   0.67258      8.292801      8.460814
   0.63895      8.287665      8.406674
   0.63895      8.287665      8.406674
   0.60532      8.193328      8.486907
   0.57170      8.011355      8.623032
   0.53807      7.966996      8.607499
   0.50444      8.000477      8.507116
   0.47081      8.042376      8.399442
   0.43718      8.087903      8.294655
   0.40355      8.129646      8.204491
   0.36992      8.158036      8.141256
   0.33629      8.162405      8.111088
   0.30266      8.133784      8.108543
   0.26903      8.069490      8.121726
   0.23540      8.068332      8.105207
   0.20177      8.031262      8.147006
   0.16815      8.023346      8.137760
   0.13452      7.948851      8.059484
   0.10089      7.862066      7.941330
   0.06726      7.782767      7.835666
   0.03363      7.821423      7.749084
   0.00000      7.777213      7.783322
 
# Band-Index   37
   0.00000      7.858135      7.864610
   0.03363      7.875090      7.981184
   0.06726      8.025067      8.015222
   0.10089      8.095006      8.061686
   0.13452      8.147655      8.107080
   0.16815      8.054223      8.188927
   0.20177      8.065680      8.235809
   0.23540      8.102237      8.138385
   0.26903      8.237335      8.123789
   0.30266      8.402140      8.292398
   0.33629      8.547332      8.492064
   0.36992      8.563357      8.696225
   0.40355      8.521267      8.815214
   0.43718      8.476087      8.789691
   0.47081      8.435633      8.754785
   0.50444      8.401686      8.722197
   0.53807      8.374784      8.688168
   0.57170      8.354885      8.690683
   0.60532      8.340489      8.723984
   0.63895      8.326655      8.712676
   0.63895      8.326655      8.712676
   0.67258      8.334278      8.718133
   0.70621      8.356820      8.759072
   0.73984      8.393634      8.775139
   0.77346      8.443512      8.782310
   0.80709      8.504337      8.791924
   0.84072      8.579073      8.863145
   0.87435      8.571276      8.888596
   0.90798      8.585305      8.841137
   0.94160      8.589992      8.863267
   0.97523      8.641588      8.890432
   1.00886      8.693748      8.922319
   1.04249      8.744876      8.959041
   1.07611      8.793586      9.000565
   1.10974      8.838403      9.046531
   1.14337      8.953513      9.095995
   1.17700      9.123548      9.150159
   1.21063      9.249901      9.269359
   1.24425      9.320175      9.327022
   1.27788      9.341400      9.342474
   1.27788      9.341400      9.342474
   1.31151      9.325906      9.321372
   1.34514      9.267962      9.251557
   1.37877      9.148033      9.126024
   1.41240      9.095605      8.956877
   1.44603      9.046191      8.838216
   1.47966      9.000263      8.793368
   1.51329      8.958771      8.744626
   1.54691      8.922074      8.693467
   1.58054      8.890209      8.641276
   1.61417      8.863058      8.589688
   1.64780      8.840900      8.586660
   1.68143      8.885203      8.572819
   1.71506      8.863206      8.579697
   1.74869      8.791775      8.505250
   1.78232      8.782170      8.444365
   1.81595      8.775006      8.394376
   1.84958      8.759346      8.357467
   1.88321      8.718195      8.334866
   1.91683      8.712699      8.327222
   1.91683      8.712699      8.327222
   1.95046      8.724055      8.341000
   1.98409      8.690432      8.355433
   2.01772      8.687883      8.375344
   2.05135      8.721948      8.402249
   2.08497      8.754548      8.436196
   2.11860      8.789453      8.476646
   2.15223      8.814914      8.521813
   2.18586      8.695649      8.563868
   2.21949      8.491426      8.547808
   2.25311      8.291754      8.402778
   2.28674      8.123321      8.238176
   2.32037      8.133165      8.103373
   2.35400      8.236535      8.069238
   2.38762      8.187163      8.060240
   2.42125      8.103165      8.177328
   2.45488      8.058211      8.097503
   2.48851      8.012032      8.028989
   2.52214      7.978145      7.984444
   2.55576      7.965764      7.968762
   2.55576      7.965764      7.968762
   2.60332      7.996475      7.999426
   2.65088      8.098537      8.101340
   2.69844      8.248587      8.251528
   2.74599      8.057750      8.372939
   2.79355      8.096893      8.412443
   2.84111      8.306832      8.308008
   2.88867      8.410808      8.415225
   2.93623      8.429461      8.433628
   2.98378      8.464394      8.468283
   3.03134      8.512233      8.515810
   3.07890      8.570455      8.573593
   3.12646      8.640810      8.643299
   3.17401      8.725473      8.727342
   3.22157      8.818310      8.819776
   3.26913      8.943291      8.945533
   3.31669      9.081292      9.083275
   3.36425      9.212276      9.213849
   3.41180      9.306969      9.308182
   3.45936      9.341400      9.342474
 
# Band-Index   38
   3.45936      9.618213      9.618196
   3.41180      9.641322      9.641378
   3.36425      9.579665      9.583233
   3.31669      9.374326      9.378485
   3.26913      9.175894      9.180559
   3.22157      8.988334      8.993427
   3.17401      8.813480      8.818914
   3.12646      8.654282      8.659825
   3.07890      8.588791      8.589787
   3.03134      8.593759      8.594253
   2.98378      8.582052      8.582607
   2.93623      8.556337      8.557650
   2.88867      8.484919      8.486331
   2.84111      8.407934      8.412503
   2.79355      8.408002      8.883392
   2.74599      8.369249      8.700059
   2.69844      8.598877      8.280086
   2.65088      8.651588      8.646250
   2.60332      8.832590      8.834013
   2.55576      8.943729      8.947801
   2.55576      8.943729      8.947801
   2.52214      8.922989      8.832494
   2.48851      8.920492      8.601065
   2.45488      8.787452      8.349071
   2.42125      8.593332      8.186104
   2.38762      8.406389      8.292548
   2.35400      8.327824      8.415536
   2.32037      8.479384      8.554068
   2.28674      8.641009      8.707029
   2.25311      8.810266      8.762024
   2.21949      8.957612      8.741815
   2.18586      8.910058      8.868376
   2.15223      8.960213      9.065137
   2.11860      9.106873      9.197903
   2.08497      9.081084      9.166083
   2.05135      9.057587      9.138908
   2.01772      8.956613      9.117388
   1.98409      8.785768      9.101874
   1.95046      8.746358      8.947162
   1.91683      8.766199      8.863069
   1.91683      8.766199      8.863069
   1.88321      8.767153      8.918813
   1.84958      8.770055      9.046334
   1.81595      8.915327      8.989315
   1.78232      9.069844      8.895441
   1.74869      9.057666      8.781650
   1.71506      8.995607      8.662515
   1.68143      8.943323      8.697840
   1.64780      9.005092      8.825327
   1.61417      9.068696      8.950539
   1.58054      9.145853      9.077865
   1.54691      9.237656      9.205672
   1.51329      9.335757      9.328263
   1.47966      9.424698      9.437403
   1.44603      9.491220      9.526316
   1.41240      9.539923      9.597511
   1.37877      9.594988      9.666184
   1.34514      9.681602      9.678376
   1.31151      9.635884      9.634707
   1.27788      9.618213      9.618196
   1.27788      9.618213      9.618196
   1.24425      9.634716      9.635919
   1.21063      9.678362      9.681747
   1.17700      9.662988      9.597994
   1.14337      9.594375      9.542714
   1.10974      9.523237      9.493878
   1.07611      9.434450      9.427189
   1.04249      9.325568      9.337912
   1.00886      9.203338      9.239341
   0.97523      9.075944      9.147034
   0.94160      8.949060      9.069414
   0.90798      8.824313      9.005441
   0.87435      8.697280      8.943418
   0.84072      8.657790      8.999948
   0.80709      8.776772      9.063211
   0.77346      8.890103      9.076323
   0.73984      8.983154      8.914904
   0.70621      9.044147      8.770183
   0.67258      8.918656      8.767279
   0.63895      8.862907      8.766324
   0.63895      8.862907      8.766324
   0.60532      8.947102      8.746516
   0.57170      9.093753      8.785544
   0.53807      9.109295      8.956448
   0.50444      9.130861      9.064926
   0.47081      9.158113      9.088349
   0.43718      9.190090      9.113968
   0.40355      9.064652      8.960689
   0.36992      8.867737      8.910322
   0.33629      8.741020      8.957875
   0.30266      8.761239      8.811835
   0.26903      8.705580      8.642537
   0.23540      8.552447      8.480959
   0.20177      8.413723      8.329484
   0.16815      8.290524      8.405291
   0.13452      8.183850      8.453285
   0.10089      8.159273      8.310804
   0.06726      8.026255      8.141342
   0.03363      7.981522      7.982325
   0.00000      7.965764      7.968762
 
# Band-Index   39
   0.00000      8.180245      8.186113
   0.03363      8.227789      8.205298
   0.06726      8.333260      8.261140
   0.10089      8.451457      8.347139
   0.13452      8.464376      8.488779
   0.16815      8.622309      8.570286
   0.20177      8.796947      8.691528
   0.23540      8.879831      8.813726
   0.26903      8.824937      8.936671
   0.30266      8.871469      9.017970
   0.33629      9.046310      8.980567
   0.36992      9.204054      9.109150
   0.40355      9.222330      9.133915
   0.43718      9.268576      9.165103
   0.47081      9.446229      9.370461
   0.50444      9.475925      9.174732
   0.53807      9.319735      9.045837
   0.57170      9.124467      9.031877
   0.60532      9.084385      9.023399
   0.63895      9.081256      9.020558
   0.63895      9.081256      9.020558
   0.67258      9.073397      9.026262
   0.70621      9.046197      9.041892
   0.73984      9.189402      9.062315
   0.77346      9.319910      9.154255
   0.80709      9.437848      9.422192
   0.84072      9.564517      9.615873
   0.87435      9.640121      9.619538
   0.90798      9.722449      9.650748
   0.94160      9.808354      9.687808
   0.97523      9.895692      9.718513
   1.00886      9.958116      9.739689
   1.04249      9.976034      9.755632
   1.07611      9.930670      9.775812
   1.10974      9.866533      9.812700
   1.14337      9.801610      9.812047
   1.17700      9.737241      9.743277
   1.21063      9.747501      9.691036
   1.24425      9.841787      9.817968
   1.27788      9.889631      9.891818
   1.27788      9.889631      9.891818
   1.31151      9.815343      9.844384
   1.34514      9.687972      9.750595
   1.37877      9.743013      9.737291
   1.41240      9.811668      9.801703
   1.44603      9.810340      9.866670
   1.47966      9.773088      9.930845
   1.51329      9.752469      9.977622
   1.54691      9.736023      9.959394
   1.58054      9.714319      9.901380
   1.61417      9.683149      9.814482
   1.64780      9.645818      9.728910
   1.68143      9.614693      9.646785
   1.71506      9.611620      9.566871
   1.74869      9.422479      9.437985
   1.78232      9.154644      9.320007
   1.81595      9.055321      9.189509
   1.84958      9.034638      9.051310
   1.88321      9.018886      9.081294
   1.91683      9.013145      9.089396
   1.91683      9.013145      9.089396
   1.95046      9.015989      9.092521
   1.98409      9.024478      9.124395
   2.01772      9.038459      9.319551
   2.05135      9.174810      9.475656
   2.08497      9.370344      9.446273
   2.11860      9.164636      9.268894
   2.15223      9.127381      9.229584
   2.18586      9.104937      9.207038
   2.21949      8.978578      9.047570
   2.25311      9.017689      8.872771
   2.28674      8.932986      8.825989
   2.32037      8.809667      8.887011
   2.35400      8.690407      8.833825
   2.38762      8.788151      8.757541
   2.42125      8.913546      8.708659
   2.45488      8.907355      8.845440
   2.48851      8.978068      8.894133
   2.52214      8.991721      8.933819
   2.55576      8.984967      8.978482
   2.55576      8.984967      8.978482
   2.60332      8.913966      8.926987
   2.65088      8.872411      8.877662
   2.69844      8.835962      8.625303
   2.74599      8.791664      8.883321
   2.79355      8.918984      8.887762
   2.84111      8.943212      8.941449
   2.88867      8.977575      8.999639
   2.93623      9.040175      9.104032
   2.98378      9.096720      9.110114
   3.03134      9.157394      9.179968
   3.07890      9.239784      9.242101
   3.12646      9.276455      9.278423
   3.17401      9.289087      9.290639
   3.22157      9.349508      9.350745
   3.26913      9.448277      9.449247
   3.31669      9.558772      9.559435
   3.36425      9.636458      9.636767
   3.41180      9.777722      9.780567
   3.45936      9.889631      9.891818
 
# Band-Index   40
   3.45936     10.283895     10.285651
   3.41180     10.229742     10.234667
   3.36425     10.109969     10.115532
   3.31669      9.969943      9.975593
   3.26913      9.814657      9.819733
   3.22157      9.651832      9.654620
   3.17401      9.491535      9.494587
   3.12646      9.350736      9.354057
   3.07890      9.305494      9.307938
   3.03134      9.361708      9.364614
   2.98378      9.427631      9.430903
   2.93623      9.306172      9.308260
   2.88867      9.177742      9.188046
   2.84111      9.155347      9.150569
   2.79355      9.047344      9.049702
   2.74599      8.880468      9.017025
   2.69844      9.179843      8.839683
   2.65088      9.271557      9.241958
   2.60332      9.282940      9.273875
   2.55576      9.214552      9.216990
   2.55576      9.214552      9.216990
   2.52214      9.139642      9.359837
   2.48851      9.007631      9.439009
   2.45488      9.027753      9.339462
   2.42125      9.041004      8.805630
   2.38762      8.955232      8.795152
   2.35400      9.037898      8.881846
   2.32037      9.054417      8.929025
   2.28674      9.082448      9.048459
   2.25311      9.058799      9.142946
   2.21949      9.187771      9.245029
   2.18586      9.319035      9.339266
   2.15223      9.448844      9.453829
   2.11860      9.571139      9.529608
   2.08497      9.419594      9.575023
   2.05135      9.606284      9.596323
   2.01772      9.812476      9.542118
   1.98409      9.869081      9.486712
   1.95046      9.888654      9.452024
   1.91683      9.894606      9.440206
   1.91683      9.894606      9.440206
   1.88321      9.892680      9.434143
   1.84958      9.888260      9.424522
   1.81595      9.866170      9.428965
   1.78232      9.753856      9.456961
   1.74869      9.659121      9.506279
   1.71506      9.685744      9.571234
   1.68143      9.919687      9.716014
   1.64780      9.928521      9.844690
   1.61417      9.914311      9.915148
   1.58054      9.899467      9.944401
   1.54691      9.891418      9.988708
   1.51329      9.900648      9.994627
   1.47966      9.941575     10.011608
   1.44603      9.883515     10.068946
   1.41240      9.877500     10.146131
   1.37877      9.982044     10.225686
   1.34514     10.119385     10.282019
   1.31151     10.246496     10.295755
   1.27788     10.283895     10.285651
   1.27788     10.283895     10.285651
   1.24425     10.291358     10.248099
   1.21063     10.277232     10.121030
   1.17700     10.221270      9.983887
   1.14337     10.142514      9.879572
   1.10974     10.066193      9.883997
   1.07611     10.009554      9.943536
   1.04249      9.994424      9.902230
   1.00886      9.983533      9.892791
   0.97523      9.943365      9.900697
   0.94160      9.914365      9.915406
   0.90798      9.844186      9.929456
   0.87435      9.715702      9.920081
   0.84072      9.566657      9.685649
   0.80709      9.499699      9.662483
   0.77346      9.450783      9.756633
   0.73984      9.423512      9.868829
   0.70621      9.419958      9.889030
   0.67258      9.430219      9.893654
   0.63895      9.436487      9.895655
   0.63895      9.436487      9.895655
   0.60532      9.448322      9.889680
   0.57170      9.483051      9.870041
   0.53807      9.538511      9.812759
   0.50444      9.596382      9.606653
   0.47081      9.574885      9.419911
   0.43718      9.529034      9.572308
   0.40355      9.452491      9.450424
   0.36992      9.333196      9.321136
   0.33629      9.241825      9.190489
   0.30266      9.136869      9.062127
   0.26903      9.039505      9.082051
   0.23540      8.926009      9.060119
   0.20177      8.830110      8.870364
   0.16815      8.718369      8.676625
   0.13452      8.590481      8.593428
   0.10089      8.459491      8.788392
   0.06726      8.624261      8.925983
   0.03363      8.836217      8.942311
   0.00000      8.943863      8.949353
 
# Band-Index   41
   0.00000      8.985547      8.985286
   0.03363      8.928454      8.992299
   0.06726      8.888811      8.980369
   0.10089      8.840156      8.912793
   0.13452      8.800639      8.918882
   0.16815      8.790695      8.959282
   0.20177      8.836674      9.041413
   0.23540      8.942533      9.162429
   0.26903      9.068560      9.305123
   0.30266      9.243325      9.349618
   0.33629      9.351352      9.313653
   0.36992      9.351490      9.332562
   0.40355      9.469336      9.469009
   0.43718      9.668804      9.630224
   0.47081      9.697798      9.681893
   0.50444      9.611479      9.769671
   0.53807      9.604181      9.832194
   0.57170      9.605057      9.993804
   0.60532      9.603850     10.078778
   0.63895      9.603171     10.062968
   0.63895      9.603171     10.062968
   0.67258      9.611311     10.038578
   0.70621      9.635592      9.969686
   0.73984      9.675518      9.886565
   0.77346      9.730111      9.893785
   0.80709      9.797742      9.913227
   0.84072      9.875803      9.932423
   0.87435      9.960594      9.942453
   0.90798     10.047255     10.144748
   0.94160     10.129788     10.239991
   0.97523     10.124180     10.170057
   1.00886     10.058688     10.099474
   1.04249     10.072142     10.028203
   1.07611     10.162408      9.956256
   1.10974     10.254889     10.027834
   1.14337     10.310107     10.147685
   1.17700     10.303843     10.275084
   1.21063     10.297583     10.297982
   1.24425     10.293372     10.291220
   1.27788     10.284373     10.288856
   1.27788     10.284364     10.288850
   1.31151     10.286756     10.297216
   1.34514     10.293588     10.301078
   1.37877     10.270878     10.307161
   1.41240     10.144313     10.313162
   1.44603     10.025192     10.258562
   1.47966      9.955685     10.166529
   1.51329     10.027555     10.076779
   1.54691     10.098763     10.058910
   1.58054     10.169300     10.124409
   1.61417     10.239206     10.130064
   1.64780     10.144580     10.047328
   1.68143      9.942084      9.960542
   1.71506      9.932037      9.875677
   1.74869      9.913033      9.797570
   1.78232      9.893525      9.729909
   1.81595      9.886067      9.675296
   1.84958      9.966879      9.635358
   1.88321     10.035570      9.611070
   1.91683     10.059870      9.602928
   1.91683     10.059870      9.602928
   1.95046     10.075675      9.603618
   1.98409      9.993628      9.604858
   2.01772      9.831329      9.604035
   2.05135      9.768834      9.615040
   2.08497      9.680964      9.701349
   2.11860      9.630129      9.669887
   2.15223      9.467047      9.471062
   2.18586      9.328240      9.353758
   2.21949      9.307073      9.359214
   2.25311      9.342588      9.245525
   2.28674      9.311304      9.071073
   2.32037      9.159351      8.985506
   2.35400      9.078242      8.895687
   2.38762      9.341817      9.114870
   2.42125      9.437495      9.230327
   2.45488      9.534449      9.546076
   2.48851      9.626250      9.571170
   2.52214      9.643707      9.581352
   2.55576      9.619044      9.642703
   2.55576      9.619044      9.642703
   2.60332      9.550856      9.565177
   2.65088      9.491293      9.477430
   2.69844      9.392204      8.828782
   2.74599      9.016879      9.063341
   2.79355      9.070297      9.171911
   2.84111      9.274823      9.276813
   2.88867      9.449524      9.452114
   2.93623      9.477589      9.480925
   2.98378      9.565658      9.574926
   3.03134      9.827243      9.880517
   3.07890     10.061960      9.892315
   3.12646     10.148944      9.994984
   3.17401     10.088426     10.090143
   3.22157     10.062148     10.063808
   3.26913     10.070943     10.072607
   3.31669     10.116232     10.117911
   3.36425     10.199716     10.201319
   3.41180     10.277393     10.278955
   3.45936     10.284364     10.288850
 
# Band-Index   42
   3.45936     10.291736     10.295394
   3.41180     10.402396     10.405749
   3.36425     10.458409     10.460656
   3.31669     10.488953     10.492028
   3.26913     10.467364     10.350128
   3.22157     10.566044     10.216535
   3.17401     10.468242     10.097598
   3.12646     10.246632     10.150881
   3.07890     10.238819     10.140862
   3.03134     10.026359     10.341838
   2.98378      9.769829     10.303474
   2.93623      9.624361     10.083570
   2.88867      9.882510      9.893063
   2.84111      9.304891      9.336703
   2.79355      9.207861      9.403844
   2.74599      9.193392      9.384475
   2.69844      9.812429      9.438964
   2.65088      9.755648      9.684099
   2.60332      9.665654      9.624386
   2.55576      9.674124      9.655557
   2.55576      9.674124      9.655557
   2.52214      9.682125      9.598001
   2.48851      9.668769      9.622182
   2.45488      9.722582      9.816985
   2.42125      9.653652      9.745855
   2.38762      9.584736      9.674244
   2.35400      9.267273      9.603645
   2.32037      9.190169      9.535362
   2.28674      9.394290      9.470599
   2.25311      9.485678      9.410845
   2.21949      9.657043      9.441472
   2.18586      9.772433      9.650012
   2.15223      9.843601      9.834239
   2.11860      9.660940      9.794148
   2.08497      9.869807      9.869526
   2.05135     10.049506      9.846826
   2.01772     10.092779      9.987619
   1.98409     10.119587     10.011854
   1.95046     10.124339      9.997816
   1.91683     10.168973      9.992547
   1.91683     10.168973      9.992547
   1.88321     10.168578      9.981313
   1.84958     10.163571      9.958888
   1.81595     10.162869      9.947704
   1.78232     10.180008      9.967612
   1.74869     10.234964     10.025239
   1.71506     10.265422     10.108280
   1.68143     10.294740     10.207283
   1.64780     10.308384     10.260155
   1.61417     10.343105     10.191513
   1.58054     10.359238     10.202146
   1.54691     10.363729     10.257612
   1.51329     10.359113     10.293486
   1.47966     10.347961     10.311319
   1.44603     10.333377     10.316035
   1.41240     10.318138     10.350934
   1.37877     10.304383     10.420051
   1.34514     10.354015     10.376491
   1.31151     10.337097     10.312803
   1.27788     10.291736     10.295394
   1.27788     10.291721     10.295370
   1.24425     10.311044     10.340864
   1.21063     10.374600     10.358518
   1.17700     10.417190     10.308643
   1.14337     10.347599     10.322198
   1.10974     10.313351     10.337162
   1.07611     10.309120     10.351376
   1.04249     10.291848     10.362076
   1.00886     10.256553     10.366179
   0.97523     10.201544     10.361171
   0.94160     10.191284     10.344400
   0.90798     10.259936     10.309181
   0.87435     10.205834     10.295655
   0.84072     10.106878     10.266196
   0.80709     10.023866     10.235703
   0.77346      9.966229     10.180856
   0.73984      9.946293     10.163518
   0.70621      9.957419     10.163951
   0.67258      9.979754     10.168853
   0.63895      9.990937     10.169423
   0.63895      9.990937     10.169423
   0.60532      9.996215     10.124431
   0.57170     10.010273     10.122717
   0.53807      9.987211     10.093754
   0.50444      9.846296     10.050749
   0.47081      9.869235      9.870938
   0.43718      9.790512      9.662295
   0.40355      9.831040      9.843740
   0.36992      9.647975      9.775309
   0.33629      9.439450      9.659951
   0.30266      9.402956      9.488295
   0.26903      9.267744      9.314093
   0.23540      9.083709      9.191433
   0.20177      9.055991      9.223427
   0.16815      9.140458      9.149248
   0.13452      9.244558      9.090653
   0.10089      9.355818      9.045608
   0.06726      9.457830      9.012796
   0.03363      9.363786      9.143816
   0.00000      9.217058      9.217219
 
# Band-Index   43
   0.00000      9.670560      9.671115
   0.03363      9.614149      9.682442
   0.06726      9.633723      9.627711
   0.10089      9.683386      9.537643
   0.13452      9.676287      9.441715
   0.16815      9.666738      9.348005
   0.20177      9.596040      9.260652
   0.23540      9.527643      9.314840
   0.26903      9.462785      9.401390
   0.30266      9.482668      9.519577
   0.33629      9.708009      9.678843
   0.36992      9.938098      9.881137
   0.40355      9.963318      9.874403
   0.43718     10.017311      9.949796
   0.47081      9.877903     10.005231
   0.50444     10.040766     10.083205
   0.53807     10.027876     10.186481
   0.57170     10.142885     10.133059
   0.60532     10.258236     10.161434
   0.63895     10.301410     10.175966
   0.63895     10.301410     10.175966
   0.67258     10.311815     10.175984
   0.70621     10.335394     10.182754
   0.73984     10.361119     10.196042
   0.77346     10.386741     10.215019
   0.80709     10.420313     10.243184
   0.84072     10.399170     10.380206
   0.87435     10.329590     10.377241
   0.90798     10.342732     10.323705
   0.94160     10.527705     10.357675
   0.97523     10.716067     10.562422
   1.00886     10.696825     10.650786
   1.04249     10.674137     10.624709
   1.07611     10.643292     10.581406
   1.10974     10.600919     10.529702
   1.14337     10.546587     10.478702
   1.17700     10.502019     10.436266
   1.21063     10.557495     10.412896
   1.24425     10.578088     10.445646
   1.27788     10.560733     10.561799
   1.27788     10.560733     10.561799
   1.31151     10.443683     10.579149
   1.34514     10.410729     10.559889
   1.37877     10.434097     10.503695
   1.41240     10.476525     10.548208
   1.44603     10.527481     10.602734
   1.47966     10.579084     10.645247
   1.51329     10.622191     10.676167
   1.54691     10.647980     10.698869
   1.58054     10.562066     10.718083
   1.61417     10.357238     10.528944
   1.64780     10.322562     10.344119
   1.68143     10.376448     10.329793
   1.71506     10.379800     10.399349
   1.74869     10.242434     10.421173
   1.78232     10.214371     10.387466
   1.81595     10.195421     10.361701
   1.84958     10.182154     10.335820
   1.88321     10.175516     10.312090
   1.91683     10.175763     10.301612
   1.91683     10.175763     10.301612
   1.95046     10.160794     10.258463
   1.98409     10.132290     10.143181
   2.01772     10.183290     10.029451
   2.05135     10.082213     10.042398
   2.08497     10.003668      9.878733
   2.11860      9.947810     10.017931
   2.15223      9.871924      9.965015
   2.18586      9.878721      9.943714
   2.21949      9.676347      9.713819
   2.25311      9.537533      9.488701
   2.28674      9.424598      9.742926
   2.32037      9.330205     10.162524
   2.35400      9.517794     10.181649
   2.38762      9.733965     10.166884
   2.42125      9.770549     10.043123
   2.45488      9.721540      9.840449
   2.48851      9.784745      9.885238
   2.52214      9.835176      9.870423
   2.55576      9.855905      9.862101
   2.55576      9.855905      9.862101
   2.60332      9.858264      9.864692
   2.65088      9.861525      9.868004
   2.69844      9.859249      9.554229
   2.74599      9.734421      9.770254
   2.79355      9.790025      9.842366
   2.84111      9.828632      9.834180
   2.88867      9.979123      9.957096
   2.93623     10.080124     10.211414
   2.98378     10.305011     10.403901
   3.03134     10.346849     10.474850
   3.07890     10.574139     10.241243
   3.12646     10.642176     10.346165
   3.17401     10.702404     10.489813
   3.22157     10.716831     10.592692
   3.26913     10.673678     10.668278
   3.31669     10.572626     10.575125
   3.36425     10.556446     10.559816
   3.41180     10.443117     10.445172
   3.45936     10.560733     10.561799
 
# Band-Index   44
   3.45936     10.656752     10.659205
   3.41180     10.746711     10.752194
   3.36425     10.754630     10.756944
   3.31669     10.728464     10.728398
   3.26913     11.248513     10.676852
   3.22157     11.155577     10.721560
   3.17401     10.988324     10.711467
   3.12646     10.849090     10.663061
   3.07890     10.785065     10.586265
   3.03134     10.486461     10.668985
   2.98378     10.404800     10.363699
   2.93623     10.359674     10.366068
   2.88867     10.175961     10.282797
   2.84111      9.880077     10.004799
   2.79355      9.835914      9.903198
   2.74599      9.850621      9.857243
   2.69844      9.981207      9.866099
   2.65088      9.960984      9.966698
   2.60332      9.937604      9.903708
   2.55576      9.889743      9.907410
   2.55576      9.889743      9.907410
   2.52214      9.872271      9.886531
   2.48851     10.022294      9.948724
   2.45488     10.137357     10.048526
   2.42125     10.244010     10.156911
   2.38762     10.359655     10.221662
   2.35400     10.471074     10.328275
   2.32037      9.453663     10.367462
   2.28674     10.435787     10.305132
   2.25311     10.355307      9.877832
   2.21949      9.739149      9.900504
   2.18586      9.973113      9.949861
   2.15223     10.088950      9.989085
   2.11860     10.301707     10.022555
   2.08497     10.334184     10.041470
   2.05135     10.257647     10.088438
   2.01772     10.289644     10.290996
   1.98409     10.479172     10.473895
   1.95046     10.626149     10.613947
   1.91683     10.685822     10.670383
   1.91683     10.685822     10.670383
   1.88321     10.677166     10.660287
   1.84958     10.652117     10.631287
   1.81595     10.613084     10.586692
   1.78232     10.563184     10.530650
   1.74869     10.505491     10.467116
   1.71506     10.442594     10.479773
   1.68143     10.620650     10.580484
   1.64780     10.675087     10.722509
   1.61417     10.660401     10.738933
   1.58054     10.656291     10.720315
   1.54691     10.760554     10.859141
   1.51329     10.893813     10.893613
   1.47966     10.879168     10.885786
   1.44603     10.852129     10.874126
   1.41240     10.833066     10.834738
   1.37877     10.825097     10.717044
   1.34514     10.793107     10.631150
   1.31151     10.732984     10.629537
   1.27788     10.656752     10.659205
   1.27788     10.656752     10.659206
   1.24425     10.627098     10.739055
   1.21063     10.630096     10.795428
   1.17700     10.716000     10.828981
   1.14337     10.833695     10.837967
   1.10974     10.870128     10.863663
   1.07611     10.881344     10.885238
   1.04249     10.889114     10.898696
   1.00886     10.856162     10.761312
   0.97523     10.718923     10.659355
   0.94160     10.736960     10.663560
   0.90798     10.720742     10.678209
   0.87435     10.579249     10.620609
   0.84072     10.478769     10.443370
   0.80709     10.466966     10.506236
   0.77346     10.530534     10.563890
   0.73984     10.586613     10.613747
   0.70621     10.631240     10.652741
   0.67258     10.660264     10.677761
   0.63895     10.670369     10.686406
   0.63895     10.670369     10.686406
   0.60532     10.613841     10.626788
   0.57170     10.473612     10.479923
   0.53807     10.290532     10.290516
   0.50444     10.087797     10.260949
   0.47081     10.039645     10.337690
   0.43718     10.020799     10.304222
   0.40355      9.986551     10.091324
   0.36992      9.947019      9.979999
   0.33629      9.897740      9.746018
   0.30266      9.837653      9.538886
   0.26903      9.775120      9.421435
   0.23540      9.723197      9.460738
   0.20177      9.690213      9.524864
   0.16815      9.676356      9.592022
   0.13452      9.738473      9.660528
   0.10089      9.809759      9.728193
   0.06726      9.692191      9.716499
   0.03363      9.698869      9.690111
   0.00000      9.701374      9.701677
 
# Band-Index   45
   0.00000      9.856012      9.862120
   0.03363      9.880511      9.841357
   0.06726      9.878129      9.791225
   0.10089      9.841432      9.770144
   0.13452     10.045014      9.839455
   0.16815     10.221793      9.918563
   0.20177     10.262435     10.000558
   0.23540     10.255255     10.078582
   0.26903     10.247385     10.147450
   0.30266     10.226091     10.205750
   0.33629     10.130845     10.216243
   0.36992     10.029630     10.042106
   0.40355     10.130332     10.220496
   0.43718     10.131911     10.417314
   0.47081     10.365032     10.523684
   0.50444     10.603750     10.731003
   0.53807     10.837670     10.922178
   0.57170     11.051831     11.080546
   0.60532     11.186727     11.186091
   0.63895     11.164537     11.223059
   0.63895     11.164537     11.223059
   0.67258     11.129878     11.144137
   0.70621     11.070118     11.048812
   0.73984     11.008687     10.962787
   0.77346     10.949068     10.885613
   0.80709     10.892873     10.816537
   0.84072     10.842067     10.756822
   0.87435     10.798615     10.709570
   0.90798     10.763696     10.936473
   0.94160     10.870902     11.092197
   0.97523     10.965543     11.041370
   1.00886     10.983529     10.993452
   1.04249     10.999129     11.004852
   1.07611     11.030867     11.138024
   1.10974     10.979313     11.173560
   1.14337     10.864831     11.146081
   1.17700     10.860298     11.008245
   1.21063     10.814717     10.940077
   1.24425     10.745301     10.840763
   1.27788     10.716821     10.724131
   1.27788     10.716828     10.724135
   1.31151     10.839043     10.751495
   1.34514     10.934032     10.818457
   1.37877     11.003640     10.862657
   1.41240     11.143881     10.868078
   1.44603     11.169430     10.980377
   1.47966     11.134503     11.034590
   1.51329     11.003335     11.003826
   1.54691     10.987663     10.987376
   1.58054     11.035125     10.969694
   1.61417     11.086575     10.873887
   1.64780     10.936786     10.765635
   1.68143     10.706522     10.800546
   1.71506     10.753847     10.844014
   1.74869     10.813644     10.894838
   1.78232     10.882857     10.951013
   1.81595     10.960268     11.010519
   1.84958     11.046632     11.071689
   1.88321     11.142310     11.130986
   1.91683     11.220934     11.165181
   1.91683     11.220934     11.165181
   1.95046     11.183988     11.187337
   1.98409     11.078476     11.053009
   2.01772     10.920113     10.838835
   2.05135     10.728924     10.604930
   2.08497     10.521634     10.366236
   2.11860     10.414067     10.133076
   2.15223     10.213606     10.133292
   2.18586     10.041953     10.032626
   2.21949     10.216034     10.134092
   2.25311     10.592957     10.229598
   2.28674     10.584014     10.461475
   2.32037     10.521908     10.454005
   2.35400     10.475732     10.359809
   2.38762     10.416773     10.258364
   2.42125     10.297931     10.167030
   2.45488     10.144143     10.184763
   2.48851     10.043022      9.953750
   2.52214      9.974293      9.943944
   2.55576      9.964391      9.971197
   2.55576      9.964391      9.971197
   2.60332      9.952862      9.964431
   2.65088     10.167118     10.080444
   2.69844     10.406031      9.996834
   2.74599     10.038256     10.047535
   2.79355     10.108281     10.114772
   2.84111     10.182511     10.194152
   2.88867     10.276368     10.287551
   2.93623     10.469909     10.659117
   2.98378     10.784481     10.748593
   3.03134     10.844149     10.847983
   3.07890     10.964189     10.969150
   3.12646     11.116208     11.121801
   3.17401     11.284246     11.223600
   3.22157     11.453457     11.256408
   3.26913     11.276441     11.249916
   3.31669     11.000251     10.997342
   3.36425     10.860798     10.862067
   3.41180     10.825719     10.827384
   3.45936     10.716828     10.724135
 
# Band-Index   46
   3.45936     11.188456     11.191541
   3.41180     10.984812     10.992568
   3.36425     11.033680     11.035260
   3.31669     11.234590     11.236301
   3.26913     11.437063     11.438995
   3.22157     11.518420     11.459003
   3.17401     11.674696     11.291148
   3.12646     11.601186     11.514154
   3.07890     11.430048     11.174548
   3.03134     11.131248     11.110221
   2.98378     10.792497     10.786968
   2.93623     10.746179     10.730728
   2.88867     10.727364     10.732018
   2.84111     10.706803     10.717653
   2.79355     10.712414     10.717231
   2.74599     10.683994     10.668176
   2.69844     10.533245     10.488189
   2.65088     10.371120     10.315356
   2.60332     10.190440     10.180148
   2.55576     10.175297     10.183239
   2.55576     10.175297     10.183239
   2.52214     10.201423     10.145626
   2.48851     10.266285     10.158883
   2.45488     10.355854     10.192634
   2.42125     10.466116     10.283524
   2.38762     10.582594     10.451862
   2.35400     10.637443     10.510639
   2.32037     10.533793     10.702095
   2.28674     10.892519     10.508893
   2.25311     11.176912     10.495543
   2.21949     10.256636     10.263556
   2.18586     10.310206     10.300817
   2.15223     10.383281     10.244356
   2.11860     10.458373     10.442482
   2.08497     10.618843     10.578193
   2.05135     10.772603     10.745520
   2.01772     10.933573     10.942479
   1.98409     11.083718     11.152995
   1.95046     11.196983     11.217673
   1.91683     11.240570     11.282627
   1.91683     11.240570     11.282627
   1.88321     11.257298     11.317749
   1.84958     11.299307     11.374530
   1.81595     11.343437     11.392440
   1.78232     11.317520     11.321924
   1.74869     11.262327     11.248779
   1.71506     11.206122     11.177807
   1.68143     11.155002     11.112912
   1.64780     11.114071     11.057793
   1.61417     11.094313     11.016139
   1.58054     11.078171     10.992004
   1.54691     11.085258     11.034288
   1.51329     11.106418     11.153280
   1.47966     11.150386     11.148805
   1.44603     11.224240     11.073720
   1.41240     11.202861     11.113139
   1.37877     11.231423     11.045344
   1.34514     11.081613     11.023301
   1.31151     11.022583     11.096107
   1.27788     11.188456     11.191541
   1.27788     11.187649     11.190939
   1.24425     11.089003     11.024945
   1.21063     11.017755     11.083140
   1.17700     11.040122     11.233494
   1.14337     11.110020     11.205921
   1.10974     11.070346     11.302380
   1.07611     11.147685     11.150999
   1.04249     11.151975     11.110822
   1.00886     11.034181     11.090109
   0.97523     10.987021     11.083391
   0.94160     11.010946     11.100532
   0.90798     11.052590     11.119757
   0.87435     11.107858     11.160687
   0.84072     11.172955     11.211637
   0.80709     11.244240     11.267489
   0.77346     11.317825     11.322121
   0.73984     11.388944     11.346345
   0.70621     11.374003     11.301507
   0.67258     11.316881     11.259172
   0.63895     11.281315     11.242364
   0.63895     11.281315     11.242364
   0.60532     11.216424     11.199267
   0.57170     11.148899     11.087012
   0.53807     10.937741     10.937722
   0.50444     10.740354     10.777336
   0.47081     10.572828     10.623782
   0.43718     10.436779     10.465225
   0.40355     10.241371     10.387334
   0.36992     10.297393     10.313445
   0.33629     10.260981     10.257691
   0.30266     10.246330     10.358898
   0.26903     10.301794     10.461654
   0.23540     10.340163     10.516859
   0.20177     10.323485     10.454834
   0.16815     10.253078     10.351289
   0.13452     10.151660     10.240749
   0.10089     10.043630     10.136377
   0.06726      9.947857     10.049780
   0.03363      9.936996      9.957577
   0.00000      9.915578      9.916078
 
# Band-Index   47
   0.00000      9.964418      9.971236
   0.03363      9.986069      9.991777
   0.06726     10.121792     10.078327
   0.10089     10.249810     10.225446
   0.13452     10.259672     10.361810
   0.16815     10.264486     10.464904
   0.20177     10.361239     10.518602
   0.23540     10.454815     10.536721
   0.26903     10.497562     10.585137
   0.30266     10.488306     10.597467
   0.33629     10.430185     10.579530
   0.36992     10.331246     10.539243
   0.40355     10.357461     10.483092
   0.43718     10.446075     10.490682
   0.47081     10.677985     10.711506
   0.50444     10.917673     10.953325
   0.53807     11.144869     11.176618
   0.57170     11.233831     11.346707
   0.60532     11.346733     11.317646
   0.63895     11.448165     11.290892
   0.63895     11.448169     11.290893
   0.67258     11.452628     11.372205
   0.70621     11.450891     11.401710
   0.73984     11.417552     11.368872
   0.77346     11.437939     11.364835
   0.80709     11.407707     11.343588
   0.84072     11.362960     11.293622
   0.87435     11.319737     11.230538
   0.90798     11.293958     11.164573
   0.94160     11.323568     11.196536
   0.97523     11.467462     11.171468
   1.00886     11.517149     11.185622
   1.04249     11.332871     11.248960
   1.07611     11.256952     11.353898
   1.10974     11.240194     11.471697
   1.14337     11.140320     11.374836
   1.17700     11.145144     11.296845
   1.21063     11.171512     11.240392
   1.24425     11.187806     11.206249
   1.27788     11.192145     11.194834
   1.27788     11.192144     11.194833
   1.31151     11.203560     11.200208
   1.34514     11.237702     11.176814
   1.37877     11.294148     11.148123
   1.41240     11.372111     11.143865
   1.44603     11.467637     11.242233
   1.47966     11.348693     11.257710
   1.51329     11.243922     11.334100
   1.54691     11.181045     11.521390
   1.58054     11.167463     11.471370
   1.61417     11.193018     11.327407
   1.64780     11.158259     11.298882
   1.68143     11.224383     11.324824
   1.71506     11.287829     11.368173
   1.74869     11.338477     11.412767
   1.78232     11.360794     11.439019
   1.81595     11.365036     11.418162
   1.84958     11.398677     11.453654
   1.88321     11.371995     11.455173
   1.91683     11.291034     11.450526
   1.91683     11.291034     11.450526
   1.95046     11.317852     11.349892
   1.98409     11.342446     11.234394
   2.01772     11.170790     11.150185
   2.05135     10.946848     10.923356
   2.08497     10.704772     10.683648
   2.11860     10.486017     10.451201
   2.15223     10.479474     10.362007
   2.18586     10.535407     10.331388
   2.21949     10.575522     10.430372
   2.25311     11.179891     10.996432
   2.28674     11.014473     11.023481
   2.32037     10.857309     10.873102
   2.35400     10.712002     10.730963
   2.38762     10.604201     10.600998
   2.42125     10.502718     10.482861
   2.45488     10.379301     10.377848
   2.48851     10.322494     10.286575
   2.52214     10.200694     10.214857
   2.55576     10.214479     10.194789
   2.55576     10.214479     10.194789
   2.60332     10.232828     10.240775
   2.65088     10.378649     10.377182
   2.69844     10.558991     10.539889
   2.74599     10.688147     10.753007
   2.79355     10.830103     10.967239
   2.84111     10.846916     10.876779
   2.88867     10.851710     10.783375
   2.93623     10.757853     10.761338
   2.98378     10.874269     10.949367
   3.03134     11.269706     11.273892
   3.07890     11.555757     11.476849
   3.12646     11.816895     11.817991
   3.17401     11.861974     11.799288
   3.22157     11.699603     11.534072
   3.26913     11.641731     11.470053
   3.31669     11.592567     11.569940
   3.36425     11.397501     11.400128
   3.41180     11.246194     11.248903
   3.45936     11.192144     11.194833
 
# Band-Index   48
   3.45936     11.245759     11.244121
   3.41180     11.345160     11.310287
   3.36425     11.456469     11.415666
   3.31669     11.637691     11.595209
   3.26913     12.071037     11.646081
   3.22157     12.104740     11.701422
   3.17401     12.059002     11.863479
   3.12646     11.916770     11.845812
   3.07890     11.643350     11.562445
   3.03134     11.346300     11.405542
   2.98378     11.073009     11.076147
   2.93623     11.078300     11.081029
   2.88867     11.253467     11.253789
   2.84111     11.163899     11.134890
   2.79355     11.022834     11.159403
   2.74599     11.136839     11.157653
   2.69844     11.228930     10.996452
   2.65088     11.253335     11.257670
   2.60332     11.333699     11.292194
   2.55576     11.298150     11.302254
   2.55576     11.298150     11.302254
   2.52214     11.359129     11.291880
   2.48851     11.291886     11.258634
   2.45488     11.339054     11.210778
   2.42125     11.306586     11.158162
   2.38762     11.275440     11.116945
   2.35400     11.125233     11.112938
   2.32037     11.059587     11.265520
   2.28674     11.040986     11.141215
   2.25311     11.293222     11.188462
   2.21949     11.353070     11.357105
   2.18586     11.531076     11.521758
   2.15223     11.637840     11.515320
   2.11860     11.582573     11.450483
   2.08497     11.531034     11.390974
   2.05135     11.481014     11.336593
   2.01772     11.429272     11.285134
   1.98409     11.373083     11.344185
   1.95046     11.415087     11.472421
   1.91683     11.422461     11.513891
   1.91683     11.422461     11.513891
   1.88321     11.416991     11.497747
   1.84958     11.463346     11.464516
   1.81595     11.507219     11.465091
   1.78232     11.487994     11.447789
   1.74869     11.433031     11.441852
   1.71506     11.367524     11.436550
   1.68143     11.301964     11.431158
   1.64780     11.241647     11.431594
   1.61417     11.292923     11.443171
   1.58054     11.656127     11.479651
   1.54691     11.852477     11.529630
   1.51329     11.714696     11.597023
   1.47966     11.585456     11.568213
   1.44603     11.470711     11.601533
   1.41240     11.501670     11.670501
   1.37877     11.324113     11.495242
   1.34514     11.257792     11.344748
   1.31151     11.274524     11.236472
   1.27788     11.245759     11.244121
   1.27788     11.251553     11.249473
   1.24425     11.233795     11.266984
   1.21063     11.341965     11.254146
   1.17700     11.492424     11.325657
   1.14337     11.667637     11.504324
   1.10974     11.598233     11.474235
   1.07611     11.564000     11.588350
   1.04249     11.592413     11.717772
   1.00886     11.528207     11.855837
   0.97523     11.476994     11.655658
   0.94160     11.439608     11.292516
   0.90798     11.428396     11.244777
   0.87435     11.428378     11.304732
   0.84072     11.434263     11.369869
   0.80709     11.440149     11.434828
   0.77346     11.443159     11.489067
   0.73984     11.461167     11.507545
   0.70621     11.461395     11.463417
   0.67258     11.495809     11.419372
   0.63895     11.512267     11.424563
   0.63895     11.512266     11.424563
   0.60532     11.469732     11.417843
   0.57170     11.339779     11.372755
   0.53807     11.284583     11.428847
   0.50444     11.336042     11.480529
   0.47081     11.390418     11.530519
   0.43718     11.449916     11.582048
   0.40355     11.514626     11.577441
   0.36992     11.516182     11.482733
   0.33629     11.350522     11.359569
   0.30266     11.181455     11.186536
   0.26903     11.019151     11.021159
   0.23540     10.866198     10.865411
   0.20177     10.724115     10.720704
   0.16815     10.593835     10.588084
   0.13452     10.442324     10.468423
   0.10089     10.276895     10.362862
   0.06726     10.238510     10.273981
   0.03363     10.207214     10.208894
   0.00000     10.175472     10.183242
 
# Band-Index   49
   0.00000     10.226316     10.226655
   0.03363     10.229644     10.269973
   0.06726     10.279218     10.372559
   0.10089     10.370607     10.500207
   0.13452     10.475870     10.638074
   0.16815     10.615500     10.784491
   0.20177     10.794776     10.942435
   0.23540     10.978514     11.111451
   0.26903     11.164827     11.288043
   0.30266     11.351318     11.337198
   0.33629     11.504229     11.400534
   0.36992     11.554589     11.537396
   0.40355     11.627054     11.637315
   0.43718     11.724393     11.676600
   0.47081     11.843036     11.770537
   0.50444     11.970500     11.848428
   0.53807     12.029439     11.903820
   0.57170     11.992327     11.927277
   0.60532     11.928246     11.934504
   0.63895     11.902429     11.934880
   0.63895     11.902437     11.934884
   0.67258     11.916867     11.937243
   0.70621     11.958803     11.950291
   0.73984     12.025506     11.984857
   0.77346     12.089910     12.032358
   0.80709     12.168519     12.101618
   0.84072     12.248940     12.181307
   0.87435     12.188970     12.226909
   0.90798     12.073240     12.208542
   0.94160     11.912473     12.125553
   0.97523     11.725268     11.995101
   1.00886     11.760046     11.873295
   1.04249     11.647388     11.764096
   1.07611     11.693630     11.649670
   1.10974     11.806562     11.949410
   1.14337     11.702518     11.687261
   1.17700     11.746437     11.823026
   1.21063     11.575985     11.600741
   1.24425     11.392627     11.386548
   1.27788     12.023045     12.026412
   1.27788     12.023318     12.026674
   1.31151     12.021363     12.042731
   1.34514     11.767818     12.083450
   1.37877     11.808047     11.760869
   1.41240     11.686378     11.708166
   1.44603     11.600108     11.811708
   1.47966     11.647106     11.698591
   1.51329     11.762009     11.673630
   1.54691     11.869810     11.725567
   1.58054     11.991373     11.726971
   1.61417     12.121401     11.914590
   1.64780     12.220315     12.075846
   1.68143     12.227732     12.191852
   1.71506     12.179258     12.251721
   1.74869     12.098756     12.170629
   1.78232     12.027990     12.092309
   1.81595     11.981181     12.028257
   1.84958     11.945684     11.961950
   1.88321     11.932003     11.919957
   1.91683     11.929425     11.905834
   1.91683     11.929425     11.905834
   1.95046     11.929514     11.933961
   1.98409     11.923478     11.995593
   2.01772     12.104041     12.045091
   2.05135     12.105920     12.085189
   2.08497     12.033673     12.026822
   2.11860     11.881566     11.879704
   2.15223     11.709794     11.715201
   2.18586     11.698500     11.609417
   2.21949     11.703714     11.615974
   2.25311     11.558565     11.777067
   2.28674     11.917373     11.876952
   2.32037     12.002081     11.986907
   2.35400     12.090324     11.300399
   2.38762     12.177939     11.254353
   2.42125     12.259460     11.176058
   2.45488     11.867488     11.314770
   2.48851     11.365954     11.328265
   2.52214     11.383933     11.343522
   2.55576     11.389215     11.384873
   2.55576     11.389215     11.384873
   2.60332     11.372021     11.353107
   2.65088     11.365587     11.336494
   2.69844     11.341340     11.233380
   2.74599     12.009423     11.274431
   2.79355     11.742482     11.427503
   2.84111     11.485860     11.482050
   2.88867     11.270483     11.298560
   2.93623     11.366993     11.400621
   2.98378     11.406861     11.476449
   3.03134     11.513309     11.570554
   3.07890     11.721729     11.717348
   3.12646     11.982309     11.969348
   3.17401     12.178586     12.176577
   3.22157     12.175734     12.181140
   3.26913     12.084677     11.980682
   3.31669     11.743843     11.738711
   3.36425     11.755896     11.702727
   3.41180     12.039095     12.042523
   3.45936     12.023318     12.026674
 
# Band-Index   50
   3.45936     12.386178     12.388829
   3.41180     12.330532     12.324016
   3.36425     12.081575     11.885153
   3.31669     12.031923     11.967877
   3.26913     12.227996     12.082336
   3.22157     12.399560     12.241357
   3.17401     12.211347     12.183471
   3.12646     12.202034     12.206296
   3.07890     12.245012     12.248785
   3.03134     12.271253     12.277564
   2.98378     12.251687     12.262447
   2.93623     12.143910     12.150248
   2.88867     11.927241     11.932713
   2.84111     12.863140     11.682544
   2.79355     12.865198     11.757879
   2.74599     12.845048     12.011106
   2.69844     12.235717     12.238806
   2.65088     12.358319     12.370167
   2.60332     12.390522     12.403721
   2.55576     12.351384     12.351976
   2.55576     12.351384     12.351976
   2.52214     12.370132     12.359790
   2.48851     12.342441     12.413433
   2.45488     12.323998     12.406233
   2.42125     12.704158     12.340893
   2.38762     12.717139     12.231803
   2.35400     12.748334     12.111117
   2.32037     12.760601     12.610914
   2.28674     12.672099     12.534448
   2.25311     11.838418     12.465394
   2.21949     11.765758     11.684857
   2.18586     11.858042     11.804020
   2.15223     11.995029     12.266081
   2.11860     12.084817     12.159584
   2.08497     12.111126     12.122507
   2.05135     12.143108     12.101048
   2.01772     12.163129     12.081850
   1.98409     12.102377     12.075704
   1.95046     12.012791     12.009573
   1.91683     12.038301     11.931807
   1.91683     12.038301     11.931807
   1.88321     12.033100     11.946177
   1.84958     12.003540     11.986510
   1.81595     11.996119     12.046443
   1.78232     12.044039     12.106380
   1.74869     12.130523     12.184789
   1.71506     12.232307     12.263783
   1.68143     12.307665     12.323110
   1.64780     12.230587     12.293486
   1.61417     12.134818     12.154671
   1.58054     12.029793     11.967864
   1.54691     12.049448     11.851462
   1.51329     12.284386     12.106533
   1.47966     12.130251     12.044245
   1.44603     11.947225     11.875576
   1.41240     11.832086     11.971240
   1.37877     11.908459     11.908394
   1.34514     11.997155     12.245442
   1.31151     12.337023     12.383695
   1.27788     12.386178     12.388829
   1.27788     12.368569     12.382975
   1.24425     12.040071     12.024762
   1.21063     11.943429     11.926383
   1.17700     11.904101     11.913352
   1.14337     11.966285     11.836470
   1.10974     11.873013     12.218635
   1.07611     12.041797     12.132685
   1.04249     12.104364     12.286972
   1.00886     12.154795     12.054163
   0.97523     11.946706     12.032051
   0.94160     12.089510     12.133217
   0.90798     12.229381     12.235078
   0.87435     12.317804     12.312238
   0.84072     12.261792     12.233596
   0.80709     12.182393     12.132446
   0.77346     12.103831     12.046912
   0.73984     12.043809     11.998683
   0.70621     11.982387     12.006051
   0.67258     11.941360     12.039011
   0.63895     11.926475     12.042574
   0.63895     11.926467     12.042567
   0.60532     12.004821     12.017017
   0.57170     12.072798     12.008288
   0.53807     12.077472     12.086573
   0.50444     12.036943     12.109730
   0.47081     12.021676     12.038810
   0.43718     11.873924     11.887284
   0.40355     11.708778     11.715884
   0.36992     11.608066     11.698016
   0.33629     11.534530     11.649100
   0.30266     11.431220     11.468842
   0.26903     11.275712     11.296787
   0.23540     11.162434     11.279220
   0.20177     11.109001     11.281683
   0.16815     11.113787     11.291061
   0.13452     11.153965     11.286873
   0.10089     11.205875     11.290302
   0.06726     11.253381     11.295811
   0.03363     11.286081     11.300205
   0.00000     11.297698     11.301833
 
# Band-Index   51
   0.00000     11.389743     11.391321
   0.03363     11.389471     11.386065
   0.06726     11.389098     11.371082
   0.10089     11.389812     11.348702
   0.13452     11.393136     11.322750
   0.16815     11.400264     11.298362
   0.20177     11.411538     11.311597
   0.23540     11.426634     11.359782
   0.26903     11.445569     11.444435
   0.30266     11.470069     11.564795
   0.33629     11.610354     11.709786
   0.36992     11.708118     11.822880
   0.40355     11.861183     11.979787
   0.43718     11.973983     12.089725
   0.47081     12.027643     12.115606
   0.50444     12.097556     12.147332
   0.53807     12.078612     12.107593
   0.57170     12.098966     12.130991
   0.60532     12.090987     12.112276
   0.63895     12.099453     12.091466
   0.63895     12.099451     12.091471
   0.67258     12.074159     12.059189
   0.70621     12.041519     12.021611
   0.73984     12.044156     12.007957
   0.77346     12.121732     12.062243
   0.80709     12.210122     12.168471
   0.84072     12.262235     12.286164
   0.87435     12.349975     12.337862
   0.90798     12.417576     12.429537
   0.94160     12.444970     12.496502
   0.97523     12.416464     12.502030
   1.00886     12.331852     12.410277
   1.04249     12.202747     12.296219
   1.07611     12.423320     12.353580
   1.10974     12.315664     12.331050
   1.14337     12.074375     12.040104
   1.17700     12.084614     12.215636
   1.21063     12.080374     12.000962
   1.24425     12.404227     12.102812
   1.27788     12.437770     12.432862
   1.27788     12.444847     12.427020
   1.31151     12.340116     12.398713
   1.34514     12.244033     12.366970
   1.37877     12.211455     12.088733
   1.41240     12.249456     12.086514
   1.44603     12.253093     12.336394
   1.47966     12.360759     12.426055
   1.51329     12.300916     12.205129
   1.54691     12.407658     12.334177
   1.58054     12.499428     12.418760
   1.61417     12.517630     12.447200
   1.64780     12.453243     12.419672
   1.68143     12.343279     12.351917
   1.71506     12.284368     12.264729
   1.74869     12.166597     12.212666
   1.78232     12.060063     12.124380
   1.81595     12.002497     12.047353
   1.84958     12.015485     12.044134
   1.88321     12.057140     12.076475
   1.91683     12.089709     12.101478
   1.91683     12.089709     12.101478
   1.95046     12.110417     12.093263
   1.98409     12.127775     12.162358
   2.01772     12.182759     12.179269
   2.05135     12.204805     12.134456
   2.08497     12.248515     12.148408
   2.11860     12.302054     12.208478
   2.15223     12.360820     12.420595
   2.18586     12.426341     12.322644
   2.21949     12.500600     12.389047
   2.25311     12.583968     12.701168
   2.28674     12.840813     12.801207
   2.32037     12.792766     12.757418
   2.35400     12.850462     12.677710
   2.38762     12.938718     12.585028
   2.42125     12.745249     12.539207
   2.45488     12.697328     12.568094
   2.48851     12.678600     12.648757
   2.52214     12.750637     12.715829
   2.55576     12.746381     12.746236
   2.55576     12.746381     12.746236
   2.60332     12.726203     12.704575
   2.65088     12.594453     12.605491
   2.69844     12.616084     12.629063
   2.74599     12.902818     12.760216
   2.79355     12.966119     12.901065
   2.84111     12.937665     12.880227
   2.88867     12.807125     12.822329
   2.93623     12.802667     12.809453
   2.98378     12.779401     12.815129
   3.03134     12.780422     12.813665
   3.07890     12.710221     12.688252
   3.12646     12.502797     12.468391
   3.17401     12.608303     12.492081
   3.22157     12.447620     12.401614
   3.26913     12.256446     12.232820
   3.31669     12.194414     12.038988
   3.36425     12.209717     12.085174
   3.41180     12.337711     12.367309
   3.45936     12.444847     12.427020
 
# Band-Index   52
   3.45936     12.574987     12.580231
   3.41180     12.506777     12.517671
   3.36425     12.408458     12.217196
   3.31669     12.366989     12.197970
   3.26913     12.471574     12.474030
   3.22157     12.623853     12.517116
   3.17401     12.719012     12.719609
   3.12646     12.767149     12.763952
   3.07890     12.833917     12.826496
   3.03134     12.909833     12.905879
   2.98378     12.855357     12.857504
   2.93623     12.848849     12.863480
   2.88867     12.879312     12.888022
   2.84111     13.249363     12.888356
   2.79355     13.024982     12.908228
   2.74599     13.010125     12.870686
   2.69844     12.902292     12.882250
   2.65088     12.955716     12.982355
   2.60332     13.047526     13.068251
   2.55576     12.946828     13.056657
   2.55576     12.946828     13.056657
   2.52214     13.064052     13.098037
   2.48851     13.012742     13.040897
   2.45488     13.031659     12.975122
   2.42125     13.028691     12.893716
   2.38762     13.000372     12.796249
   2.35400     13.016330     12.690040
   2.32037     13.000907     12.908496
   2.28674     12.955493     12.815606
   2.25311     12.890828     12.866828
   2.21949     12.817996     12.600677
   2.18586     12.735321     12.517907
   2.15223     12.684320     12.998659
   2.11860     12.701463     13.016167
   2.08497     12.785031     13.009110
   2.05135     12.822254     12.936103
   2.01772     12.696964     12.719342
   1.98409     12.156597     12.441335
   1.95046     12.169033     12.122493
   1.91683     12.192735     12.120214
   1.91683     12.192735     12.120214
   1.88321     12.177025     12.129751
   1.84958     12.161450     12.158627
   1.81595     12.173457     12.182469
   1.78232     12.208573     12.238855
   1.74869     12.262275     12.262772
   1.71506     12.331482     12.305939
   1.68143     12.394881     12.391583
   1.64780     12.483143     12.458812
   1.61417     12.528081     12.538378
   1.58054     12.551493     12.606628
   1.54691     12.613621     12.618238
   1.51329     12.565024     12.565909
   1.47966     12.440732     12.521713
   1.44603     12.328425     12.468265
   1.41240     12.525738     12.345630
   1.37877     12.563867     12.280576
   1.34514     12.588607     12.410284
   1.31151     12.578351     12.510771
   1.27788     12.574987     12.580231
   1.27788     12.574851     12.580000
   1.24425     12.524813     12.347417
   1.21063     12.365465     12.249498
   1.17700     12.276337     12.513309
   1.14337     12.342648     12.252845
   1.10974     12.465673     12.656547
   1.07611     12.516592     12.443030
   1.04249     12.532884     12.567171
   1.00886     12.613722     12.647894
   0.97523     12.607051     12.539569
   0.94160     12.486375     12.523089
   0.90798     12.447294     12.461015
   0.87435     12.384564     12.396814
   0.84072     12.301546     12.333352
   0.80709     12.260267     12.264381
   0.77346     12.236719     12.211007
   0.73984     12.177145     12.176129
   0.70621     12.155884     12.164986
   0.67258     12.128128     12.182719
   0.63895     12.118587     12.197392
   0.63895     12.118588     12.197383
   0.60532     12.120350     12.171488
   0.57170     12.106616     12.158887
   0.53807     12.155816     12.174169
   0.50444     12.130197     12.156034
   0.47081     12.113418     12.161718
   0.43718     12.087749     12.101173
   0.40355     11.972832     12.001516
   0.36992     11.798545     11.864074
   0.33629     11.684308     11.765345
   0.30266     11.777269     11.837997
   0.26903     11.880441     11.917252
   0.23540     11.992239     12.001960
   0.20177     12.110557     12.090159
   0.16815     12.230943     12.177851
   0.13452     12.339987     12.257160
   0.10089     12.389833     12.315330
   0.06726     12.375635     12.343626
   0.03363     12.356748     12.350859
   0.00000     12.349562     12.351439
 
# Band-Index   53
   0.00000     12.745689     12.745513
   0.03363     12.714496     12.722305
   0.06726     12.638344     12.678146
   0.10089     12.554617     12.649297
   0.13452     12.534817     12.653596
   0.16815     12.580147     12.685580
   0.20177     12.645133     12.733006
   0.23540     12.599634     12.763116
   0.26903     12.531022     12.673514
   0.30266     12.463700     12.586483
   0.33629     12.398738     12.505081
   0.36992     12.339520     12.431789
   0.40355     12.291933     12.368353
   0.43718     12.264275     12.315748
   0.47081     12.254702     12.269716
   0.50444     12.225736     12.212282
   0.53807     12.176031     12.185883
   0.57170     12.159880     12.161417
   0.60532     12.132252     12.184938
   0.63895     12.163480     12.224088
   0.63895     12.163537     12.224089
   0.67258     12.161382     12.233202
   0.70621     12.156921     12.258582
   0.73984     12.197063     12.294037
   0.77346     12.242681     12.329917
   0.80709     12.342623     12.353426
   0.84072     12.409827     12.350948
   0.87435     12.397779     12.401929
   0.90798     12.458018     12.485367
   0.94160     12.541080     12.530596
   0.97523     12.676955     12.588144
   1.00886     12.670669     12.660333
   1.04249     12.560975     12.594801
   1.07611     12.546776     12.623449
   1.10974     12.479568     12.665451
   1.14337     12.449382     12.634887
   1.17700     12.426030     12.610889
   1.21063     12.409240     12.593902
   1.24425     12.647503     12.583762
   1.27788     12.656044     12.646579
   1.27788     12.664573     12.664485
   1.31151     12.637417     12.622468
   1.34514     12.592183     12.624565
   1.37877     12.605769     12.431530
   1.41240     12.629880     12.454850
   1.44603     12.661388     12.484887
   1.47966     12.700721     12.572533
   1.51329     12.684748     12.626426
   1.54691     12.657978     12.640754
   1.58054     12.588213     12.681226
   1.61417     12.637409     12.759112
   1.64780     12.577284     12.856169
   1.68143     12.403825     12.409648
   1.71506     12.346625     12.424869
   1.74869     12.349545     12.351102
   1.78232     12.326479     12.248457
   1.81595     12.290911     12.198931
   1.84958     12.255608     12.162333
   1.88321     12.230369     12.164853
   1.91683     12.221286     12.169455
   1.91683     12.221286     12.169455
   1.95046     12.181955     12.434528
   1.98409     12.753548     12.615939
   2.01772     12.882175     12.809137
   2.05135     12.909869     12.916657
   2.08497     12.942927     13.161249
   2.11860     12.991625     13.369103
   2.15223     12.990260     13.587604
   2.18586     12.970477     12.967083
   2.21949     12.936590     12.918079
   2.25311     12.908922     13.664270
   2.28674     13.373453     13.594972
   2.32037     13.249111     13.453042
   2.35400     13.149718     13.060623
   2.38762     13.086995     13.166068
   2.42125     13.047589     13.133746
   2.45488     13.120036     13.118236
   2.48851     13.015708     13.099922
   2.52214     13.067492     13.115073
   2.55576     13.094332     13.094959
   2.55576     13.094332     13.094959
   2.60332     13.150556     13.184340
   2.65088     13.038262     13.107292
   2.69844     13.095308     13.151400
   2.74599     13.271377     13.060285
   2.79355     13.305315     13.020549
   2.84111     13.337010     13.199628
   2.88867     13.353733     13.431059
   2.93623     13.362740     13.361738
   2.98378     13.264990     13.305118
   3.03134     13.004239     13.020518
   3.07890     12.844157     12.846295
   3.12646     12.873875     12.863731
   3.17401     12.799708     12.822958
   3.22157     12.698445     12.695614
   3.26913     12.920427     12.765424
   3.31669     12.792789     12.372085
   3.36425     12.670844     12.417689
   3.41180     12.643345     12.605829
   3.45936     12.664573     12.664485
 
# Band-Index   54
   3.45936     13.030888     13.039243
   3.41180     13.086821     13.094089
   3.36425     13.200858     13.208142
   3.31669     13.291707     13.252346
   3.26913     13.044828     12.912759
   3.22157     12.944065     12.727541
   3.17401     12.860322     12.861573
   3.12646     13.093579     13.094523
   3.07890     13.411872     13.409667
   3.03134     13.565197     13.705456
   2.98378     13.459326     13.526890
   2.93623     13.462853     13.561502
   2.88867     13.369822     13.463874
   2.84111     14.049786     13.440662
   2.79355     13.929368     13.258925
   2.74599     13.780542     13.218369
   2.69844     13.173694     13.247532
   2.65088     13.158030     13.206931
   2.60332     13.268784     13.417066
   2.55576     13.103789     13.108300
   2.55576     13.103789     13.108300
   2.52214     13.262809     13.129793
   2.48851     13.128824     13.235966
   2.45488     13.304247     13.138290
   2.42125     13.446402     13.158772
   2.38762     13.839588     13.228645
   2.35400     13.880036     13.331539
   2.32037     13.864682     13.603613
   2.28674     13.754035     13.645851
   2.25311     13.388302     13.734866
   2.21949     13.392675     13.717076
   2.18586     13.342075     13.687426
   2.15223     13.227308     13.601046
   2.11860     13.096644     13.405086
   2.08497     12.974164     13.198191
   2.05135     12.951331     12.963578
   2.01772     12.953262     12.873090
   1.98409     12.839784     12.746387
   1.95046     12.682108     12.525159
   1.91683     12.573847     12.340913
   1.91683     12.573847     12.340913
   1.88321     12.613810     12.391905
   1.84958     12.708368     12.499903
   1.81595     12.805178     12.621885
   1.78232     12.832876     12.736768
   1.74869     12.862634     12.828954
   1.71506     12.879076     12.865389
   1.68143     12.908579     12.905147
   1.64780     12.853808     12.891875
   1.61417     12.768210     12.869819
   1.58054     12.710634     12.842801
   1.54691     12.687820     12.801120
   1.51329     12.748711     12.722751
   1.47966     12.779661     12.603582
   1.44603     13.175454     12.778884
   1.41240     13.139620     13.112338
   1.37877     13.090671     13.116895
   1.34514     13.085724     13.091761
   1.31151     13.053885     13.058279
   1.27788     13.030888     13.039243
   1.27788     13.029431     13.038813
   1.24425     13.052672     12.807067
   1.21063     12.627125     12.776424
   1.17700     12.607420     12.736316
   1.14337     12.585441     12.697089
   1.10974     12.564502     12.725093
   1.07611     12.577654     12.705177
   1.04249     12.677170     12.752708
   1.00886     12.797927     12.810127
   0.97523     12.839356     12.712939
   0.94160     12.755446     12.770226
   0.90798     12.856792     12.855645
   0.87435     12.902907     12.906855
   0.84072     12.861377     12.879902
   0.80709     12.826972     12.838328
   0.77346     12.734768     12.783747
   0.73984     12.619795     12.720069
   0.70621     12.497628     12.769555
   0.67258     12.389347     12.621557
   0.63895     12.338116     12.580511
   0.63895     12.338116     12.580527
   0.60532     12.432330     12.614377
   0.57170     12.614312     12.697403
   0.53807     12.764233     12.803342
   0.50444     12.749607     12.906267
   0.47081     12.614208     12.797704
   0.43718     12.492989     12.705141
   0.40355     12.466194     12.688361
   0.36992     12.514536     12.738146
   0.33629     12.597500     12.820607
   0.30266     12.698375     12.892461
   0.26903     12.787533     12.841910
   0.23540     12.716402     12.787051
   0.20177     12.670309     12.852567
   0.16815     12.744438     12.940727
   0.13452     12.822611     13.025037
   0.10089     12.903541     13.004299
   0.06726     12.982561     13.007879
   0.03363     12.952010     12.965758
   0.00000     12.940604     12.943660
 
# Band-Index   55
   0.00000     13.058594     13.063050
   0.03363     13.047876     13.035347
   0.06726     12.983542     13.015095
   0.10089     13.026946     13.062618
   0.13452     13.065871     13.028935
   0.16815     13.070923     13.062527
   0.20177     13.017110     13.054499
   0.23540     12.920488     13.031166
   0.26903     12.809620     12.983195
   0.30266     12.856004     12.910206
   0.33629     12.916017     12.938378
   0.36992     12.964972     12.972463
   0.40355     12.999645     12.992291
   0.43718     13.017220     12.993841
   0.47081     13.017483     12.976574
   0.50444     13.004490     12.916636
   0.53807     12.811968     12.955894
   0.57170     12.701936     12.842031
   0.60532     12.705982     12.684638
   0.63895     12.633643     12.591604
   0.63895     12.644398     12.591635
   0.67258     13.141613     12.656236
   0.70621     12.681581     13.213676
   0.73984     12.728844     12.815773
   0.77346     12.779743     12.886777
   0.80709     12.828651     12.898122
   0.84072     12.878460     12.883880
   0.87435     12.943264     12.933339
   0.90798     12.891793     13.005227
   0.94160     12.867172     12.961491
   0.97523     13.325472     12.878946
   1.00886     13.389838     13.195132
   1.04249     12.719919     12.767597
   1.07611     12.601054     12.870911
   1.10974     12.737434     13.186040
   1.14337     12.831294     12.698167
   1.17700     13.109649     13.120577
   1.21063     13.085612     13.094497
   1.24425     13.077011     13.062076
   1.27788     13.270478     13.293192
   1.27788     13.271590     13.278140
   1.31151     13.318021     13.357362
   1.34514     13.430695     13.421952
   1.37877     13.339100     13.302920
   1.41240     13.378539     13.143721
   1.44603     13.267969     13.178229
   1.47966     13.210721     13.238546
   1.51329     12.901032     13.335053
   1.54691     12.806612     13.301754
   1.58054     12.876299     13.231883
   1.61417     12.959837     13.071467
   1.64780     13.015998     12.903104
   1.68143     12.941529     12.971315
   1.71506     13.005466     12.886348
   1.74869     13.018473     12.855159
   1.78232     12.973112     12.855759
   1.81595     12.884739     12.832669
   1.84958     12.767078     12.815762
   1.88321     12.653728     13.107258
   1.91683     12.602350     13.138940
   1.91683     12.602350     13.138940
   1.95046     13.059045     13.116516
   1.98409     13.003063     13.064940
   2.01772     12.956886     13.023389
   2.05135     12.964650     13.013709
   2.08497     13.116767     13.524209
   2.11860     13.307581     13.681818
   2.15223     13.535042     13.799151
   2.18586     13.682828     13.761848
   2.21949     13.645682     13.722440
   2.25311     13.632272     14.429727
   2.28674     14.417883     14.668823
   2.32037     14.336227     14.824657
   2.35400     13.946298     14.852230
   2.38762     14.021360     13.500593
   2.42125     13.713072     13.366223
   2.45488     13.556064     13.733032
   2.48851     13.208414     13.717766
   2.52214     13.319837     13.246821
   2.55576     13.277307     13.289158
   2.55576     13.277307     13.289157
   2.60332     13.389636     13.747278
   2.65088     13.192009     13.595989
   2.69844     13.237774     13.738801
   2.74599     14.261354     13.320401
   2.79355     14.330273     13.390860
   2.84111     14.106771     13.639330
   2.88867     13.454521     13.929718
   2.93623     13.463993     13.662607
   2.98378     13.555536     13.572358
   3.03134     13.604688     13.737457
   3.07890     13.586321     13.536211
   3.12646     13.307808     13.317199
   3.17401     13.018141     13.016796
   3.22157     13.045126     12.917896
   3.26913     13.324557     13.321677
   3.31669     13.351412     13.315885
   3.36425     13.423557     13.391519
   3.41180     13.366994     13.377890
   3.45936     13.271590     13.278140
 
# Band-Index   56
   3.45936     13.505899     13.502062
   3.41180     13.493701     13.480541
   3.36425     13.591925     13.579684
   3.31669     13.487218     13.428912
   3.26913     13.431024     13.390064
   3.22157     13.122680     13.124737
   3.17401     13.071951     13.039593
   3.12646     13.329877     13.332813
   3.07890     13.656095     13.663017
   3.03134     13.931426     14.002489
   2.98378     13.823824     13.836149
   2.93623     13.605251     13.720103
   2.88867     13.548029     14.006975
   2.84111     14.441251     14.055307
   2.79355     14.471379     14.447575
   2.74599     14.653117     14.115801
   2.69844     13.332730     14.319205
   2.65088     13.302315     13.770264
   2.60332     13.711266     14.157553
   2.55576     13.381814     13.402073
   2.55576     13.381814     13.402073
   2.52214     13.741424     13.642644
   2.48851     13.261136     14.062468
   2.45488     13.851613     13.745150
   2.42125     14.013050     13.778342
   2.38762     14.812187     13.893882
   2.35400     14.875268     14.912480
   2.32037     14.730792     14.913443
   2.28674     14.643405     14.769600
   2.25311     13.814233     14.480767
   2.21949     13.724034     13.805395
   2.18586     13.774742     13.776238
   2.15223     13.735729     13.859397
   2.11860     13.718398     13.782913
   2.08497     13.619697     13.654888
   2.05135     13.530825     13.627451
   2.01772     13.460526     13.493622
   1.98409     13.423143     13.445134
   1.95046     13.335232     13.413358
   1.91683     13.084599     13.197453
   1.91683     13.084599     13.197453
   1.88321     13.090255     13.144868
   1.84958     13.108448     13.159005
   1.81595     13.138323     13.183555
   1.78232     13.178557     13.219830
   1.74869     13.211406     13.260987
   1.71506     13.236354     13.139032
   1.68143     13.156986     12.988644
   1.64780     13.056468     13.138828
   1.61417     13.179340     13.322070
   1.58054     13.281518     13.414544
   1.54691     13.423751     13.510094
   1.51329     13.339583     13.365814
   1.47966     13.237897     13.410730
   1.44603     13.421880     13.446829
   1.41240     13.763975     13.543154
   1.37877     13.681382     13.664798
   1.34514     13.451419     13.483599
   1.31151     13.484157     13.459410
   1.27788     13.505899     13.502062
   1.27788     13.499169     13.482450
   1.24425     13.640846     13.325674
   1.21063     13.165877     13.458695
   1.17700     13.461078     13.573176
   1.14337     13.136687     13.148323
   1.10974     13.063503     13.319173
   1.07611     13.011501     13.153190
   1.04249     13.119290     13.105222
   1.00886     13.505025     13.375633
   0.97523     13.405318     13.265510
   0.94160     13.171854     13.115927
   0.90798     13.038658     13.018079
   0.87435     12.971957     12.943278
   0.84072     12.884286     13.007148
   0.80709     12.854876     13.020270
   0.77346     12.872440     12.975067
   0.73984     12.852046     12.886738
   0.70621     12.804558     13.380875
   0.67258     13.188917     13.093237
   0.63895     12.791026     12.605073
   0.63895     12.729861     12.605073
   0.60532     12.992660     12.691382
   0.57170     12.862519     12.872178
   0.53807     13.019688     12.960254
   0.50444     13.010141     12.954473
   0.47081     13.215464     13.027198
   0.43718     13.380393     13.162869
   0.40355     13.571264     13.302621
   0.36992     13.714697     13.417654
   0.33629     13.712549     13.458809
   0.30266     13.631831     13.412281
   0.26903     13.543719     13.322276
   0.23540     13.429887     13.225345
   0.20177     13.313431     13.138839
   0.16815     13.220995     13.070889
   0.13452     13.155510     13.063788
   0.10089     13.115973     13.077969
   0.06726     13.098074     13.063201
   0.03363     13.075858     13.063027
   0.00000     13.075579     13.077617
 
# Band-Index   57
   0.00000     13.094598     13.094955
   0.03363     13.094185     13.157590
   0.06726     13.116733     13.210517
   0.10089     13.168978     13.118013
   0.13452     13.229235     13.149007
   0.16815     13.297363     13.230811
   0.20177     13.373287     13.322579
   0.23540     13.456130     13.422634
   0.26903     13.559863     13.527239
   0.30266     13.680736     13.619508
   0.33629     13.747428     13.639730
   0.36992     13.766474     13.679093
   0.40355     13.593641     13.558709
   0.43718     13.419849     13.353288
   0.47081     13.219732     13.197172
   0.50444     13.098965     13.104021
   0.53807     13.375569     13.459308
   0.57170     13.060998     13.006644
   0.60532     13.115225     13.062772
   0.63895     13.137242     13.087545
   0.63895     13.142090     13.087554
   0.67258     13.388982     13.400266
   0.70621     13.155636     13.391665
   0.73984     13.180178     13.143800
   0.77346     13.216265     13.181849
   0.80709     13.258782     13.215647
   0.84072     13.138422     13.239424
   0.87435     12.987645     13.157561
   0.90798     13.152364     13.057350
   0.94160     13.348867     13.187189
   0.97523     13.670056     13.362228
   1.00886     13.529411     13.525859
   1.04249     13.338521     13.345596
   1.07611     13.234274     13.245144
   1.10974     13.174091     13.673473
   1.14337     13.300544     13.652450
   1.17700     13.587316     13.623731
   1.21063     13.475382     13.457417
   1.24425     14.212481     13.504755
   1.27788     13.883826     13.882710
   1.27788     13.881995     13.883184
   1.31151     13.921171     13.891651
   1.34514     13.975142     13.901068
   1.37877     14.017594     13.729323
   1.41240     13.773001     13.859933
   1.44603     13.870613     13.947371
   1.47966     13.836279     13.952729
   1.51329     13.614912     13.722600
   1.54691     13.496974     13.519787
   1.58054     13.402264     13.715366
   1.61417     13.543037     13.684349
   1.64780     13.459622     13.562836
   1.68143     13.350407     13.416864
   1.71506     13.248134     13.334629
   1.74869     13.278562     13.268900
   1.78232     13.318157     13.315961
   1.81595     13.274638     13.347892
   1.84958     13.374833     13.380478
   1.88321     13.393925     13.395401
   1.91683     13.401069     13.402659
   1.91683     13.401069     13.402659
   1.95046     13.409089     13.416070
   1.98409     13.433429     13.619020
   2.01772     13.469902     13.764643
   2.05135     13.539956     13.910399
   2.08497     13.712343     14.143083
   2.11860     13.755951     14.223814
   2.15223     13.780557     14.311059
   2.18586     13.778402     13.870590
   2.21949     13.998423     14.019758
   2.25311     14.046870     14.824144
   2.28674     14.831256     14.877946
   2.32037     14.863164     14.924125
   2.35400     14.902163     14.961065
   2.38762     14.969882     14.309566
   2.42125     14.691393     13.747983
   2.45488     14.659252     14.997923
   2.48851     13.770616     14.882973
   2.52214     14.677872     14.130005
   2.55576     13.550627     13.545331
   2.55576     13.550627     13.545331
   2.60332     14.498357     14.769987
   2.65088     13.858739     14.728792
   2.69844     14.068574     14.882501
   2.74599     14.702918     14.569139
   2.79355     14.640351     14.744596
   2.84111     14.659990     14.515470
   2.88867     13.887534     14.578451
   2.93623     13.878447     14.111823
   2.98378     13.924839     14.185060
   3.03134     14.028132     14.268061
   3.07890     13.978673     13.954956
   3.12646     14.016711     14.014661
   3.17401     13.968403     13.922040
   3.22157     13.818594     13.703222
   3.26913     13.723912     13.542157
   3.31669     13.822349     13.834386
   3.36425     13.916993     13.834058
   3.41180     13.920477     13.901601
   3.45936     13.881995     13.883184
 
# Band-Index   58
   3.45936     14.286845     14.286948
   3.41180     14.261695     14.257842
   3.36425     13.944822     13.931359
   3.31669     13.859803     13.898923
   3.26913     14.035531     14.067614
   3.22157     14.128996     14.125547
   3.17401     14.138123     14.139860
   3.12646     14.121859     14.087265
   3.07890     14.074536     14.080027
   3.03134     14.137407     14.289509
   2.98378     14.347544     14.454872
   2.93623     14.542140     14.705281
   2.88867     14.711247     14.882631
   2.84111     15.007218     14.818196
   2.79355     15.020405     14.917373
   2.74599     14.879923     14.796737
   2.69844     14.397436     14.985536
   2.65088     14.263105     14.852449
   2.60332     14.908947     14.896156
   2.55576     14.298331     14.183066
   2.55576     14.298331     14.183066
   2.52214     14.805617     14.838046
   2.48851     14.398770     15.100053
   2.45488     14.798352     15.001844
   2.42125     15.084002     15.094496
   2.38762     15.031502     15.154486
   2.35400     14.973645     14.991699
   2.32037     14.871800     15.574169
   2.28674     14.917709     15.006176
   2.25311     14.291261     14.941881
   2.21949     14.034783     14.090727
   2.18586     14.054470     14.226989
   2.15223     14.096405     14.419858
   2.11860     14.135336     14.354961
   2.08497     13.993346     14.174657
   2.05135     13.767804     14.021083
   2.01772     13.584611     13.815251
   1.98409     13.523445     13.652892
   1.95046     13.492760     13.572584
   1.91683     13.507356     13.468359
   1.91683     13.507356     13.468359
   1.88321     13.475536     13.458109
   1.84958     13.374811     13.427553
   1.81595     13.347892     13.420489
   1.78232     13.386161     13.471906
   1.74869     13.504961     13.525432
   1.71506     13.606644     13.476606
   1.68143     13.662404     13.518089
   1.64780     13.724518     13.679062
   1.61417     13.711019     13.782402
   1.58054     13.659473     13.728408
   1.54691     13.588599     13.765900
   1.51329     13.819056     14.058444
   1.47966     13.885876     13.961690
   1.44603     14.040099     14.054056
   1.41240     14.217885     13.960234
   1.37877     14.172369     13.827390
   1.34514     14.342514     14.064985
   1.31151     14.303020     14.290331
   1.27788     14.286845     14.286948
   1.27788     14.288111     14.287448
   1.24425     14.301039     13.820014
   1.21063     13.593072     13.678187
   1.17700     13.654346     14.041296
   1.14337     13.722447     13.773724
   1.10974     13.695689     13.886207
   1.07611     13.723824     13.841955
   1.04249     13.739966     13.639799
   1.00886     13.764811     13.566364
   0.97523     13.704912     13.612213
   0.94160     13.647651     13.588557
   0.90798     13.528353     13.467140
   0.87435     13.419232     13.355498
   0.84072     13.330991     13.268426
   0.80709     13.265164     13.289341
   0.77346     13.311678     13.322994
   0.73984     13.342757     13.353486
   0.70621     13.369504     14.282181
   0.67258     13.431733     13.586126
   0.63895     13.396144     13.407666
   0.63895     13.396182     13.407630
   0.60532     13.408200     13.415447
   0.57170     13.438701     13.437186
   0.53807     13.474698     13.473528
   0.50444     13.448535     13.534904
   0.47081     13.648324     13.622451
   0.43718     13.738704     13.718985
   0.40355     13.785593     13.722400
   0.36992     13.771352     13.778647
   0.33629     13.801135     13.721157
   0.30266     13.723910     13.631897
   0.26903     13.643821     13.634051
   0.23540     13.569463     13.682586
   0.20177     13.516671     13.727580
   0.16815     13.513898     13.592743
   0.13452     13.571067     13.465871
   0.10089     13.491481     13.349434
   0.06726     13.425004     13.245800
   0.03363     13.378670     13.303637
   0.00000     13.361580     13.364087
 
# Band-Index   59
   0.00000     13.489939     13.492317
   0.03363     13.521979     13.557959
   0.06726     13.599995     13.665751
   0.10089     13.682811     13.779497
   0.13452     13.577607     13.891249
   0.16815     13.659431     13.833246
   0.20177     13.753962     13.755825
   0.23540     13.874363     13.866780
   0.26903     13.955641     14.000641
   0.30266     14.054311     14.086345
   0.33629     13.937590     13.975347
   0.36992     13.867561     13.780160
   0.40355     13.904934     13.782336
   0.43718     13.849067     13.739736
   0.47081     13.655642     13.677519
   0.50444     13.556026     13.540509
   0.53807     13.673722     13.544078
   0.57170     13.485480     13.510122
   0.60532     13.637665     13.641499
   0.63895     13.551784     13.570068
   0.63895     13.570955     13.629468
   0.67258     13.713629     13.689890
   0.70621     13.708628     14.760730
   0.73984     13.511482     13.494232
   0.77346     13.529061     13.463634
   0.80709     13.521793     13.735494
   0.84072     13.472782     13.646662
   0.87435     13.516881     13.668183
   0.90798     13.613186     13.725929
   0.94160     13.744795     13.809529
   0.97523     13.759255     13.666025
   1.00886     13.851210     13.807440
   1.04249     13.753142     13.791396
   1.07611     13.945256     13.890723
   1.10974     13.918514     14.116275
   1.14337     13.815638     13.819092
   1.17700     13.849770     14.119491
   1.21063     14.049416     14.350517
   1.24425     14.572851     14.313895
   1.27788     14.460381     14.460944
   1.27788     14.458535     14.459868
   1.31151     14.434397     14.318717
   1.34514     14.361799     14.315680
   1.37877     14.348998     14.338024
   1.41240     14.249752     14.318695
   1.44603     14.185719     14.173713
   1.47966     14.042705     14.141460
   1.51329     13.854460     14.086220
   1.54691     13.796632     13.945625
   1.58054     13.732336     13.849771
   1.61417     13.804879     13.856450
   1.64780     13.818391     13.902401
   1.68143     13.812479     13.819623
   1.71506     13.676955     13.699575
   1.74869     13.725567     13.571347
   1.78232     13.682105     13.680417
   1.81595     13.665547     13.714159
   1.84958     13.671341     13.806915
   1.88321     13.682410     13.722449
   1.91683     13.687637     13.724462
   1.91683     13.687637     13.724462
   1.95046     13.635266     14.237074
   1.98409     13.572780     14.223383
   2.01772     13.669855     14.179718
   2.05135     13.857198     14.124616
   2.08497     14.108879     14.234601
   2.11860     14.352151     14.436752
   2.15223     14.588113     14.721219
   2.18586     14.586111     14.589046
   2.21949     14.457484     14.549481
   2.25311     14.411359     15.133385
   2.28674     15.338328     15.369040
   2.32037     15.477912     15.868648
   2.35400     15.212099     15.788894
   2.38762     15.217187     15.309750
   2.42125     15.483388     15.336006
   2.45488     15.253554     15.526866
   2.48851     14.592112     15.694661
   2.52214     15.683835     15.808233
   2.55576     14.706298     14.812778
   2.55576     14.706298     14.812778
   2.60332     15.653072     15.669216
   2.65088     14.746791     15.384883
   2.69844     14.818981     15.096457
   2.74599     15.343712     14.947040
   2.79355     15.190811     15.121763
   2.84111     15.082107     15.052376
   2.88867     14.739546     14.939182
   2.93623     14.551604     14.723548
   2.98378     14.420251     14.459381
   3.03134     14.206756     14.357266
   3.07890     14.161224     14.229506
   3.12646     14.296845     14.282717
   3.17401     14.457530     14.312257
   3.22157     14.392366     14.277553
   3.26913     14.351210     14.298118
   3.31669     14.180862     13.942650
   3.36425     14.265114     14.248808
   3.41180     14.351701     14.365546
   3.45936     14.458535     14.459868
 
# Band-Index   60
   3.45936     14.612714     14.615474
   3.41180     14.633298     14.633949
   3.36425     14.520351     14.506651
   3.31669     14.554316     14.541418
   3.26913     14.411141     14.332062
   3.22157     14.496649     14.336239
   3.17401     14.493065     14.430295
   3.12646     14.498321     14.507348
   3.07890     14.610684     14.577436
   3.03134     14.492533     15.072114
   2.98378     14.640449     15.066795
   2.93623     14.839297     15.084472
   2.88867     14.929303     15.202924
   2.84111     15.240792     15.233019
   2.79355     15.594861     15.373719
   2.74599     15.905899     15.544123
   2.69844     15.159107     15.608347
   2.65088     15.280793     15.886844
   2.60332     16.068842     16.009937
   2.55576     15.457028     15.888347
   2.55576     15.457028     15.888347
   2.52214     16.095424     15.946102
   2.48851     15.389347     15.906494
   2.45488     15.726151     15.859021
   2.42125     15.624891     15.756992
   2.38762     16.148328     15.665515
   2.35400     15.876282     16.126136
   2.32037     15.513659     16.047292
   2.28674     15.627217     15.646614
   2.25311     14.888855     15.310462
   2.21949     14.838421     14.676821
   2.18586     14.775520     14.668660
   2.15223     14.596891     14.786446
   2.11860     14.374542     14.503890
   2.08497     14.248778     14.395252
   2.05135     14.251644     14.396499
   2.01772     14.208780     14.379786
   1.98409     14.140289     14.353559
   1.95046     14.065246     14.329716
   1.91683     14.001900     14.275014
   1.91683     14.001900     14.275014
   1.88321     14.044382     14.223318
   1.84958     14.118076     14.220968
   1.81595     14.125935     13.870611
   1.78232     13.948998     13.724334
   1.74869     13.788180     13.749797
   1.71506     13.732403     13.788906
   1.68143     13.825797     13.827019
   1.64780     13.947668     14.435227
   1.61417     13.831648     14.227035
   1.58054     13.974167     14.171906
   1.54691     14.137598     14.277892
   1.51329     14.325780     14.439269
   1.47966     14.370083     14.456658
   1.44603     14.272353     14.594529
   1.41240     14.325333     14.638439
   1.37877     14.430977     14.687545
   1.34514     14.531868     14.697933
   1.31151     14.588825     14.657053
   1.27788     14.612714     14.615474
   1.27788     14.610748     14.610569
   1.24425     14.922609     14.421950
   1.21063     14.319163     14.355117
   1.17700     14.346333     14.357063
   1.14337     14.328928     14.218267
   1.10974     14.172482     14.193704
   1.07611     13.959752     14.026434
   1.04249     13.913340     13.860830
   1.00886     14.115719     13.933676
   0.97523     13.899640     13.733849
   0.94160     13.783771     13.817270
   0.90798     13.819466     13.829601
   0.87435     13.830660     13.820087
   0.84072     13.678088     13.688006
   0.80709     13.744878     13.792556
   0.77346     13.563256     13.546126
   0.73984     13.537570     13.502687
   0.70621     14.045033     15.183648
   0.67258     14.187439     14.020652
   0.63895     13.713631     13.694234
   0.63895     13.713562     13.693548
   0.60532     14.198373     13.906054
   0.57170     13.658065     13.529135
   0.53807     14.257416     14.134816
   0.50444     13.924747     13.781876
   0.47081     14.127675     14.001249
   0.43718     14.241894     14.151216
   0.40355     14.304309     14.103614
   0.36992     14.241055     14.057270
   0.33629     14.160598     14.065409
   0.30266     14.060890     14.108518
   0.26903     14.095255     14.156401
   0.23540     14.611079     14.138710
   0.20177     13.999876     14.079655
   0.16815     13.907782     13.994032
   0.13452     13.804499     13.894793
   0.10089     13.698898     13.930562
   0.06726     13.798129     13.943977
   0.03363     13.897736     13.945838
   0.00000     13.942312     13.945456
 
# Band-Index   61
   0.00000     14.289583     14.290095
   0.03363     14.325669     14.319199
   0.06726     14.403601     14.402409
   0.10089     14.491603     14.525955
   0.13452     14.580225     14.670852
   0.16815     14.668922     14.750164
   0.20177     14.753798     14.796096
   0.23540     14.836810     14.736151
   0.26903     14.705137     14.529621
   0.30266     14.618292     14.408753
   0.33629     14.547434     14.464754
   0.36992     14.592342     14.605371
   0.40355     14.417533     14.586872
   0.43718     14.352114     14.374134
   0.47081     14.202010     14.117041
   0.50444     14.214245     13.881067
   0.53807     14.329146     14.378199
   0.57170     14.260859     13.675063
   0.60532     14.240694     14.435245
   0.63895     14.220908     14.007932
   0.63895     14.227527     13.998953
   0.67258     14.329230     14.399332
   0.70621     14.196305     15.565099
   0.73984     13.708569     13.671510
   0.77346     13.678586     13.688980
   0.80709     14.507004     14.651479
   0.84072     13.756403     13.734308
   0.87435     14.192559     14.214027
   0.90798     13.861945     13.950419
   0.94160     13.847569     13.835314
   0.97523     14.176941     13.977621
   1.00886     14.368955     14.198884
   1.04249     14.166823     13.915898
   1.07611     14.320370     14.345693
   1.10974     14.185930     14.366425
   1.14337     14.590598     14.313912
   1.17700     14.707493     14.438350
   1.21063     14.660161     14.538944
   1.24425     15.359968     14.606362
   1.27788     15.032205     15.031493
   1.27788     15.032558     15.032059
   1.31151     14.859999     14.996120
   1.34514     14.605392     14.911911
   1.37877     14.505793     14.756680
   1.41240     14.594102     14.706013
   1.44603     14.680899     14.645836
   1.47966     14.498534     14.549897
   1.51329     14.392767     14.636651
   1.54691     14.223930     14.599136
   1.58054     14.147794     14.513137
   1.61417     14.227860     14.438011
   1.64780     14.070912     14.559667
   1.68143     14.161082     14.253423
   1.71506     14.187485     14.353188
   1.74869     14.292075     14.412125
   1.78232     14.258881     14.421051
   1.81595     14.192434     14.392328
   1.84958     14.278178     14.370020
   1.88321     14.389151     14.332096
   1.91683     14.430417     14.316296
   1.91683     14.430417     14.316296
   1.95046     14.441462     14.617935
   1.98409     14.449626     14.841988
   2.01772     14.402564     15.103439
   2.05135     14.304641     15.224739
   2.08497     14.271201     14.989789
   2.11860     14.383772     14.754055
   2.15223     14.610532     14.861737
   2.18586     14.843658     14.670122
   2.21949     14.995764     14.881954
   2.25311     15.064019     15.607348
   2.28674     15.724710     15.888484
   2.32037     16.031606     16.139462
   2.35400     16.201235     16.186575
   2.38762     16.242303     16.071002
   2.42125     16.370091     16.074723
   2.45488     16.446892     16.259957
   2.48851     15.459294     16.479484
   2.52214     16.091751     16.567607
   2.55576     15.881804     15.931634
   2.55576     15.881804     15.931634
   2.60332     16.090240     16.533149
   2.65088     15.398273     16.306686
   2.69844     15.275595     16.119013
   2.74599     15.893009     15.974266
   2.79355     15.616016     16.437365
   2.84111     15.467820     15.310981
   2.88867     15.064047     15.457564
   2.93623     14.909107     15.164384
   2.98378     14.657444     15.300783
   3.03134     14.573318     15.196344
   3.07890     14.674523     14.719484
   3.12646     14.711529     14.625588
   3.17401     14.635259     14.546014
   3.22157     14.568943     14.503977
   3.26913     14.609104     14.585229
   3.31669     14.782429     14.641504
   3.36425     14.880105     14.862010
   3.41180     14.897371     14.886589
   3.45936     15.032558     15.032059
 
# Band-Index   62
   3.45936     15.304437     15.249352
   3.41180     15.402167     15.236285
   3.36425     15.118016     15.019987
   3.31669     15.031990     14.973424
   3.26913     15.259783     15.135087
   3.22157     15.082105     15.024614
   3.17401     14.923071     14.896718
   3.12646     14.839850     14.834991
   3.07890     14.961488     14.855283
   3.03134     15.099142     15.512439
   2.98378     15.231036     15.288741
   2.93623     15.392664     15.499841
   2.88867     15.521971     16.006674
   2.84111     16.197789     16.304967
   2.79355     16.605975     16.474920
   2.74599     16.929564     16.720409
   2.69844     15.507704     16.997269
   2.65088     15.762833     16.942196
   2.60332     16.908037     17.081993
   2.55576     15.972560     16.337484
   2.55576     15.972560     16.337484
   2.52214     16.921846     16.979910
   2.48851     15.869818     16.759888
   2.45488     16.642669     16.508649
   2.42125     16.478523     16.253053
   2.38762     16.369941     16.133565
   2.35400     16.305079     16.702791
   2.32037     16.365606     16.605044
   2.28674     16.135986     16.313205
   2.25311     15.513998     16.081207
   2.21949     15.084489     15.049865
   2.18586     14.857959     14.909830
   2.15223     14.775641     15.144828
   2.11860     14.762213     15.194582
   2.08497     14.837826     15.208760
   2.05135     14.934169     15.264940
   2.01772     14.973767     15.229197
   1.98409     14.959801     15.135544
   1.95046     14.782700     15.063194
   1.91683     14.789306     15.041777
   1.91683     14.789306     15.041777
   1.88321     14.851423     15.047844
   1.84958     14.929059     15.049347
   1.81595     14.970732     14.922767
   1.78232     15.022659     14.952291
   1.74869     14.869897     14.818688
   1.71506     14.645846     14.683456
   1.68143     14.567245     14.598196
   1.64780     14.440643     15.136251
   1.61417     14.243334     14.595759
   1.58054     14.412525     14.683849
   1.54691     14.529154     14.764118
   1.51329     14.480967     14.862040
   1.47966     14.583858     14.658275
   1.44603     14.690541     14.692127
   1.41240     14.860426     14.815536
   1.37877     15.005576     14.964628
   1.34514     15.112791     15.086391
   1.31151     15.239269     15.291116
   1.27788     15.304437     15.249352
   1.27788     15.358731     15.334435
   1.24425     15.569459     14.855129
   1.21063     14.879654     14.602730
   1.17700     14.763610     14.522736
   1.14337     14.604301     14.594997
   1.10974     14.597510     14.702610
   1.07611     14.449926     14.501257
   1.04249     14.260781     14.318494
   1.00886     14.903084     15.054353
   0.97523     14.334391     14.151398
   0.94160     14.222944     14.245787
   0.90798     14.102965     14.139385
   0.87435     14.533586     14.490952
   0.84072     13.785428     13.787564
   0.80709     14.708648     15.021337
   0.77346     13.718913     13.948934
   0.73984     13.869160     14.120241
   0.70621     14.925779     16.273531
   0.67258     15.126811     14.961396
   0.63895     14.307848     14.431498
   0.63895     14.308473     14.430831
   0.60532     14.870645     14.622728
   0.57170     14.316633     14.193181
   0.53807     14.866662     14.903093
   0.50444     14.230145     14.260310
   0.47081     14.208129     14.267366
   0.43718     14.490609     14.387078
   0.40355     14.570484     14.596266
   0.36992     14.600790     14.720683
   0.33629     14.603221     14.773571
   0.30266     14.647659     14.857178
   0.26903     14.770093     14.921289
   0.23540     14.960826     14.939560
   0.20177     14.957437     14.929807
   0.16815     15.115364     14.814773
   0.13452     15.073373     14.723300
   0.10089     14.999083     14.733018
   0.06726     14.904060     14.761229
   0.03363     14.827770     14.788640
   0.00000     14.809624     14.809752
 
# Band-Index   63
   0.00000     15.855187     15.855517
   0.03363     15.331194     15.329682
   0.06726     15.351549     15.333627
   0.10089     15.404561     15.272470
   0.13452     15.304917     15.131119
   0.16815     15.122229     15.029114
   0.20177     15.130652     14.968142
   0.23540     15.134379     14.961495
   0.26903     14.908395     14.949701
   0.30266     14.948328     15.041431
   0.33629     14.873915     14.987240
   0.36992     14.668289     14.834972
   0.40355     14.737321     14.762177
   0.43718     14.725513     14.735794
   0.47081     14.386380     14.267428
   0.50444     14.575027     14.268236
   0.53807     14.894136     15.097380
   0.57170     14.673934     14.389658
   0.60532     15.067918     14.807663
   0.63895     14.875151     14.754380
   0.63895     14.747679     15.019752
   0.67258     15.418059     15.235915
   0.70621     15.321692     16.696479
   0.73984     14.397530     14.248200
   0.77346     14.422156     14.321623
   0.80709     15.159090     15.079075
   0.84072     14.410789     14.387840
   0.87435     14.840828     14.803432
   0.90798     14.447180     14.450382
   0.94160     14.294231     14.332489
   0.97523     14.517170     14.165890
   1.00886     15.552752     15.148226
   1.04249     14.437435     14.386826
   1.07611     14.624382     14.583049
   1.10974     14.604849     14.754771
   1.14337     14.805094     14.847495
   1.17700     14.968264     14.994752
   1.21063     15.053447     15.081863
   1.24425     15.912739     15.140508
   1.27788     15.404127     15.409687
   1.27788     15.407423     15.410040
   1.31151     15.491884     15.460710
   1.34514     15.533480     15.562158
   1.37877     15.302332     15.328490
   1.41240     15.058176     15.094021
   1.44603     14.803130     14.857813
   1.47966     14.772207     14.715500
   1.51329     14.773721     15.209984
   1.54691     14.621565     15.167275
   1.58054     14.562653     15.200405
   1.61417     14.557433     15.310797
   1.64780     14.488446     15.386835
   1.68143     14.881721     14.732341
   1.71506     15.017931     15.150588
   1.74869     15.045612     15.217907
   1.78232     15.087197     15.061128
   1.81595     15.022358     15.023236
   1.84958     14.971174     15.257037
   1.88321     14.912769     15.221454
   1.91683     14.837717     15.177013
   1.91683     14.837717     15.177013
   1.95046     14.944889     15.366460
   1.98409     15.021940     15.392363
   2.01772     15.114534     15.319858
   2.05135     15.147591     15.361370
   2.08497     15.188754     15.557111
   2.11860     15.062801     15.633322
   2.15223     14.906212     15.319197
   2.18586     15.004677     15.060364
   2.21949     15.299563     15.335460
   2.25311     15.521467     16.090292
   2.28674     16.269189     16.452067
   2.32037     16.613834     16.612832
   2.35400     16.605105     16.693093
   2.38762     16.860656     16.789261
   2.42125     16.956244     16.893331
   2.45488     17.013268     17.092328
   2.48851     16.384804     17.101722
   2.52214     17.080802     17.100162
   2.55576     16.216716     16.441333
   2.55576     16.216716     16.441333
   2.60332     17.115730     17.148600
   2.65088     16.189200     17.043525
   2.69844     16.067267     16.980431
   2.74599     17.092288     16.973808
   2.79355     16.886906     16.785989
   2.84111     16.430786     16.401573
   2.88867     15.705080     16.061918
   2.93623     15.685035     15.518594
   2.98378     15.549072     15.671389
   3.03134     15.494401     16.416385
   3.07890     15.549886     15.476359
   3.12646     15.508142     15.351909
   3.17401     15.182504     15.013335
   3.22157     15.155907     15.060270
   3.26913     15.264180     15.210390
   3.31669     15.451781     15.430281
   3.36425     15.614142     15.634924
   3.41180     15.534783     15.531233
   3.45936     15.407423     15.410040
 
# Band-Index   64
   3.45936     16.063527     16.065976
   3.41180     16.066866     16.046845
   3.36425     15.810530     15.704565
   3.31669     15.824381     15.704318
   3.26913     15.371755     15.364222
   3.22157     15.484333     15.638083
   3.17401     15.610360     15.811492
   3.12646     15.620544     15.519307
   3.07890     15.582065     15.502813
   3.03134     15.663205     16.482152
   2.98378     15.682996     16.573453
   2.93623     15.713642     16.664312
   2.88867     15.861310     16.705558
   2.84111     16.659023     16.783036
   2.79355     17.096978     17.056541
   2.74599     17.456674     17.298534
   2.69844     16.853621     17.242361
   2.65088     16.971127     17.235692
   2.60332     17.311532     17.199042
   2.55576     17.034689     17.000763
   2.55576     17.034689     17.000763
   2.52214     17.308161     17.146358
   2.48851     16.952624     17.297225
   2.45488     17.234341     17.219509
   2.42125     17.160985     17.040658
   2.38762     17.047159     16.883476
   2.35400     17.112958     17.211626
   2.32037     16.840978     16.823254
   2.28674     16.477139     16.700671
   2.25311     15.604759     16.725302
   2.21949     15.686919     15.561848
   2.18586     15.438024     15.278624
   2.15223     15.288615     16.421325
   2.11860     15.217367     16.059124
   2.08497     15.233890     15.678234
   2.05135     15.292992     15.465336
   2.01772     15.178836     15.844931
   1.98409     15.059311     15.578989
   1.95046     14.964844     15.443993
   1.91683     14.933372     15.452321
   1.91683     14.933372     15.452321
   1.88321     14.944219     15.425377
   1.84958     15.069274     15.387681
   1.81595     15.105625     15.144724
   1.78232     15.088428     15.218775
   1.74869     15.138091     15.259351
   1.71506     15.146152     15.230606
   1.68143     15.223361     15.211139
   1.64780     15.246581     15.461650
   1.61417     15.227864     15.383445
   1.58054     15.160595     15.556034
   1.54691     15.137577     15.706285
   1.51329     15.134121     15.846532
   1.47966     15.221838     15.318902
   1.44603     15.387515     15.490390
   1.41240     15.549099     15.649303
   1.37877     15.652046     15.656308
   1.34514     15.637313     15.656390
   1.31151     15.731729     15.923773
   1.27788     16.063527     16.065976
   1.27788     16.064255     16.066866
   1.24425     16.078641     15.496582
   1.21063     15.506789     15.487021
   1.17700     15.518894     14.998215
   1.14337     15.080888     15.038681
   1.10974     14.635370     14.879381
   1.07611     14.628644     14.834080
   1.04249     14.615378     14.712409
   1.00886     15.639239     15.704720
   0.97523     15.134544     14.448090
   0.94160     14.791569     15.036517
   0.90798     14.463428     14.488262
   0.87435     15.262547     15.306821
   0.84072     14.639014     14.624491
   0.80709     15.274712     15.187132
   0.77346     14.859930     14.729015
   0.73984     14.799158     14.738904
   0.70621     15.341932     17.090248
   0.67258     15.472085     15.755609
   0.63895     14.871154     15.327157
   0.63895     15.042604     14.873211
   0.60532     15.275358     14.885179
   0.57170     14.782825     14.780947
   0.53807     15.022425     15.216418
   0.50444     14.757986     14.787054
   0.47081     14.722289     14.747716
   0.43718     14.892312     14.925807
   0.40355     14.783483     14.771248
   0.36992     14.912672     14.862639
   0.33629     15.045701     14.996301
   0.30266     15.119142     15.050612
   0.26903     15.138554     15.047127
   0.23540     15.360000     15.467736
   0.20177     15.173065     14.981388
   0.16815     15.390122     15.206542
   0.13452     15.515191     15.369489
   0.10089     15.491357     15.344425
   0.06726     15.670052     15.455981
   0.03363     15.807107     15.661005
   0.00000     15.903807     15.904719
