#K-Path(1/A)         Spin-Up(eV)   Spin-down(eV)
# NKPTS & NBANDS: 100  64
# Band-Index    1
   0.00000    -18.719159    -18.719148
   0.04091    -18.721552    -18.721329
   0.08182    -18.728655    -18.727806
   0.12273    -18.740245    -18.738380
   0.16364    -18.755955    -18.752717
   0.20455    -18.775284    -18.770368
   0.24546    -18.797637    -18.790795
   0.28638    -18.822342    -18.813389
   0.32729    -18.848674    -18.837490
   0.36820    -18.875879    -18.862412
   0.40911    -18.903199    -18.887461
   0.45002    -18.929889    -18.911952
   0.49093    -18.955256    -18.935248
   0.53184    -18.978646    -18.956743
   0.57275    -18.999470    -18.975894
   0.61366    -19.017225    -18.992230
   0.65457    -19.031485    -19.005358
   0.69548    -19.041914    -19.014962
   0.73639    -19.048272    -19.020818
   0.77730    -19.050406    -19.022783
   0.77730    -19.050406    -19.022783
   0.81821    -19.052631    -19.025222
   0.85913    -19.059229    -19.032451
   0.90004    -19.069988    -19.044238
   0.94095    -19.084577    -19.060210
   0.98186    -19.102538    -19.079862
   1.02277    -19.123333    -19.102594
   1.06368    -19.146332    -19.127714
   1.10459    -19.170865    -19.154484
   1.14550    -19.196235    -19.182141
   1.18641    -19.221735    -19.209911
   1.22732    -19.246674    -19.237045
   1.26823    -19.270395    -19.262830
   1.30914    -19.292284    -19.286604
   1.35005    -19.311791    -19.307773
   1.39096    -19.328436    -19.325825
   1.43188    -19.341808    -19.340320
   1.47279    -19.351593    -19.350921
   1.51370    -19.357559    -19.357383
   1.55461    -19.359565    -19.359556
   1.55461    -19.359565    -19.359556
   1.59552    -19.357391    -19.357550
   1.63643    -19.350930    -19.351584
   1.67734    -19.340329    -19.341799
   1.71825    -19.325834    -19.328427
   1.75916    -19.307782    -19.311782
   1.80007    -19.286613    -19.292275
   1.84098    -19.262839    -19.270386
   1.88189    -19.237054    -19.246665
   1.92280    -19.209920    -19.221725
   1.96372    -19.182150    -19.196225
   2.00463    -19.154494    -19.170855
   2.04554    -19.127724    -19.146322
   2.08645    -19.102603    -19.123322
   2.12736    -19.079871    -19.102528
   2.16827    -19.060220    -19.084566
   2.20918    -19.044247    -19.069977
   2.25009    -19.032461    -19.059218
   2.29100    -19.025231    -19.052620
   2.33191    -19.022792    -19.050395
   2.33191    -19.022792    -19.050395
   2.37282    -19.020827    -19.048261
   2.41373    -19.014971    -19.041903
   2.45464    -19.005367    -19.031474
   2.49555    -18.992240    -19.017214
   2.53647    -18.975904    -18.999459
   2.57738    -18.956753    -18.978635
   2.61829    -18.935258    -18.955245
   2.65920    -18.911963    -18.929878
   2.70011    -18.887471    -18.903187
   2.74102    -18.862423    -18.875868
   2.78193    -18.837501    -18.848662
   2.82284    -18.813400    -18.822331
   2.86375    -18.790806    -18.797626
   2.90466    -18.770379    -18.775272
   2.94557    -18.752728    -18.755944
   2.98648    -18.738392    -18.740234
   3.02739    -18.727818    -18.728643
   3.06831    -18.721340    -18.721540
   3.10922    -18.719159    -18.719148
   3.10922    -18.719159    -18.719148
   3.16707    -18.723733    -18.723722
   3.22493    -18.737326    -18.737314
   3.28279    -18.759508    -18.759497
   3.34064    -18.789595    -18.789584
   3.39850    -18.826662    -18.826651
   3.45635    -18.869594    -18.869583
   3.51421    -18.917119    -18.917108
   3.57207    -18.967855    -18.967845
   3.62992    -19.020367    -19.020357
   3.68778    -19.073192    -19.073182
   3.74564    -19.124907    -19.124897
   3.80349    -19.174139    -19.174130
   3.86135    -19.219604    -19.219594
   3.91921    -19.260148    -19.260139
   3.97706    -19.294765    -19.294756
   4.03492    -19.322595    -19.322586
   4.09278    -19.342965    -19.342956
   4.15063    -19.355386    -19.355377
   4.20849    -19.359565    -19.359556
 
# Band-Index    2
   4.20849    -12.553245    -12.553243
   4.15063    -12.549975    -12.549973
   4.09278    -12.540211    -12.540209
   4.03492    -12.524082    -12.524080
   3.97706    -12.501807    -12.501805
   3.91921    -12.473695    -12.473693
   3.86135    -12.440156    -12.440154
   3.80349    -12.401707    -12.401705
   3.74564    -12.358984    -12.358982
   3.68778    -12.312761    -12.312759
   3.62992    -12.263970    -12.263968
   3.57207    -12.213718    -12.213715
   3.51421    -12.163311    -12.163308
   3.45635    -12.114248    -12.114245
   3.39850    -12.068215    -12.068211
   3.34064    -12.027020    -12.027017
   3.28279    -11.992502    -11.992498
   3.22493    -11.966380    -11.966376
   3.16707    -11.950075    -11.950071
   3.10922    -11.944530    -11.944525
   3.10922    -11.944530    -11.944525
   3.06831    -11.947412    -11.947199
   3.02739    -11.955950    -11.955120
   2.98648    -11.969833    -11.968001
   2.94557    -11.988561    -11.985378
   2.90466    -12.011479    -12.006642
   2.86375    -12.037814    -12.031079
   2.82284    -12.066712    -12.057897
   2.78193    -12.097282    -12.086268
   2.74102    -12.128625    -12.115360
   2.70011    -12.159863    -12.144357
   2.65920    -12.190167    -12.172489
   2.61829    -12.218771    -12.199047
   2.57738    -12.244984    -12.223387
   2.53647    -12.268200    -12.244946
   2.49555    -12.287902    -12.263243
   2.45464    -12.303667    -12.277884
   2.41373    -12.315163    -12.288562
   2.37282    -12.322156    -12.295057
   2.33191    -12.324502    -12.297236
   2.33191    -12.324502    -12.297236
   2.29100    -12.326042    -12.299003
   2.25009    -12.330622    -12.304255
   2.20918    -12.338132    -12.312850
   2.16827    -12.348380    -12.324550
   2.12736    -12.361103    -12.339029
   2.08645    -12.375967    -12.355886
   2.04554    -12.392573    -12.374648
   2.00463    -12.410466    -12.394787
   1.96372    -12.429153    -12.415742
   1.92280    -12.448114    -12.436927
   1.88189    -12.466820    -12.457759
   1.84098    -12.484751    -12.477668
   1.80007    -12.501412    -12.496118
   1.75916    -12.516348    -12.512618
   1.71825    -12.529152    -12.526738
   1.67734    -12.539481    -12.538111
   1.63643    -12.547059    -12.546446
   1.59552    -12.551688    -12.551533
   1.55461    -12.553245    -12.553243
   1.55461    -12.553245    -12.553243
   1.51370    -12.551534    -12.551686
   1.47279    -12.546447    -12.547057
   1.43188    -12.538112    -12.539479
   1.39096    -12.526739    -12.529149
   1.35005    -12.512620    -12.516345
   1.30914    -12.496118    -12.501410
   1.26823    -12.477668    -12.484748
   1.22732    -12.457759    -12.466816
   1.18641    -12.436927    -12.448110
   1.14550    -12.415741    -12.429149
   1.10459    -12.394787    -12.410461
   1.06368    -12.374647    -12.392567
   1.02277    -12.355885    -12.375962
   0.98186    -12.339027    -12.361097
   0.94095    -12.324548    -12.348374
   0.90004    -12.312848    -12.338126
   0.85913    -12.304253    -12.330616
   0.81821    -12.299000    -12.326035
   0.77730    -12.297233    -12.324495
   0.77730    -12.297233    -12.324495
   0.73639    -12.295055    -12.322149
   0.69548    -12.288560    -12.315157
   0.65457    -12.277882    -12.303660
   0.61366    -12.263241    -12.287896
   0.57275    -12.244944    -12.268194
   0.53184    -12.223386    -12.244978
   0.49093    -12.199046    -12.218765
   0.45002    -12.172489    -12.190161
   0.40911    -12.144357    -12.159857
   0.36820    -12.115360    -12.128619
   0.32729    -12.086269    -12.097276
   0.28638    -12.057899    -12.066707
   0.24546    -12.031082    -12.037808
   0.20455    -12.006645    -12.011474
   0.16364    -11.985381    -11.988557
   0.12273    -11.968005    -11.969828
   0.08182    -11.955125    -11.955945
   0.04091    -11.947203    -11.947407
   0.00000    -11.944530    -11.944525
 
# Band-Index    3
   0.00000    -11.679408    -11.679403
   0.04091    -11.679928    -11.679758
   0.08182    -11.681476    -11.680815
   0.12273    -11.684006    -11.682546
   0.16364    -11.687447    -11.684902
   0.20455    -11.691699    -11.687818
   0.24546    -11.696642    -11.691213
   0.28638    -11.702138    -11.694995
   0.32729    -11.708032    -11.699060
   0.36820    -11.714161    -11.703296
   0.40911    -11.720357    -11.707588
   0.45002    -11.726451    -11.711818
   0.49093    -11.732277    -11.715871
   0.53184    -11.737681    -11.719638
   0.57275    -11.742517    -11.723015
   0.61366    -11.746659    -11.725911
   0.65457    -11.749998    -11.728250
   0.69548    -11.752447    -11.729967
   0.73639    -11.753943    -11.731016
   0.77730    -11.754446    -11.731369
   0.77730    -11.754446    -11.731369
   0.81821    -11.755096    -11.732189
   0.85913    -11.757028    -11.734626
   0.90004    -11.760183    -11.738603
   0.94095    -11.764470    -11.744003
   0.98186    -11.769763    -11.750661
   1.02277    -11.775909    -11.758383
   1.06368    -11.782731    -11.766942
   1.10459    -11.790036    -11.776092
   1.14550    -11.797619    -11.785575
   1.18641    -11.805272    -11.795130
   1.22732    -11.812785    -11.804494
   1.26823    -11.819958    -11.813421
   1.30914    -11.826600    -11.821674
   1.35005    -11.832537    -11.829042
   1.39096    -11.837616    -11.835338
   1.43188    -11.841706    -11.840403
   1.47279    -11.844704    -11.844112
   1.51370    -11.846533    -11.846375
   1.55461    -11.847148    -11.847135
   1.55461    -11.847148    -11.847135
   1.59552    -11.846388    -11.846520
   1.63643    -11.844125    -11.844691
   1.67734    -11.840416    -11.841693
   1.71825    -11.835351    -11.837604
   1.75916    -11.829055    -11.832524
   1.80007    -11.821687    -11.826588
   1.84098    -11.813433    -11.819946
   1.88189    -11.804507    -11.812774
   1.92280    -11.795142    -11.805261
   1.96372    -11.785587    -11.797608
   2.00463    -11.776103    -11.790025
   2.04554    -11.766953    -11.782721
   2.08645    -11.758394    -11.775899
   2.12736    -11.750672    -11.769754
   2.16827    -11.744013    -11.764461
   2.20918    -11.738614    -11.760174
   2.25009    -11.734637    -11.757019
   2.29100    -11.732200    -11.755088
   2.33191    -11.731379    -11.754437
   2.33191    -11.731379    -11.754437
   2.37282    -11.731026    -11.753934
   2.41373    -11.729977    -11.752439
   2.45464    -11.728260    -11.749990
   2.49555    -11.725921    -11.746651
   2.53647    -11.723024    -11.742509
   2.57738    -11.719647    -11.737673
   2.61829    -11.715880    -11.732270
   2.65920    -11.711827    -11.726443
   2.70011    -11.707596    -11.720350
   2.74102    -11.703304    -11.714154
   2.78193    -11.699067    -11.708025
   2.82284    -11.695002    -11.702131
   2.86375    -11.691220    -11.696636
   2.90466    -11.687824    -11.691693
   2.94557    -11.684908    -11.687441
   2.98648    -11.682552    -11.684000
   3.02739    -11.680821    -11.681470
   3.06831    -11.679763    -11.679923
   3.10922    -11.679408    -11.679403
   3.10922    -11.679408    -11.679403
   3.16707    -11.680286    -11.680281
   3.22493    -11.682925    -11.682919
   3.28279    -11.687319    -11.687313
   3.34064    -11.693455    -11.693449
   3.39850    -11.701294    -11.701287
   3.45635    -11.710756    -11.710749
   3.51421    -11.721710    -11.721702
   3.57207    -11.733958    -11.733949
   3.62992    -11.747231    -11.747222
   3.68778    -11.761191    -11.761181
   3.74564    -11.775442    -11.775431
   3.80349    -11.789538    -11.789526
   3.86135    -11.803009    -11.802998
   3.91921    -11.815386    -11.815374
   3.97706    -11.826219    -11.826206
   4.03492    -11.835105    -11.835092
   4.09278    -11.841708    -11.841695
   4.15063    -11.845774    -11.845761
   4.20849    -11.847148    -11.847135
 
# Band-Index    4
   4.20849     -4.751296     -4.751321
   4.15063     -4.771742     -4.771769
   4.09278     -4.830637     -4.830665
   4.03492     -4.923066     -4.923096
   3.97706     -5.044449     -5.044482
   3.91921     -5.189517     -5.189552
   3.86135     -5.352090     -5.352126
   3.80349     -5.525962     -5.526001
   3.74564     -5.705503     -5.705544
   3.68778     -5.885787     -5.885830
   3.62992     -6.062531     -6.062577
   3.57207     -6.232030     -6.232078
   3.51421     -6.391124     -6.391174
   3.45635     -6.537069     -6.537121
   3.39850     -6.667345     -6.667398
   3.34064     -6.779471     -6.779524
   3.28279     -6.870798     -6.870850
   3.22493     -6.938623     -6.938675
   3.16707     -6.980481     -6.980532
   3.10922     -6.994662     -6.994713
   3.10922     -6.994662     -6.994713
   3.06831     -6.985787     -6.989372
   3.02739     -6.959352     -6.973524
   2.98648     -6.915868     -6.947551
   2.94557     -6.856162     -6.912035
   2.90466     -6.781331     -6.867811
   2.86375     -6.692818     -6.815888
   2.82284     -6.651005     -6.757444
   2.78193     -6.619935     -6.693790
   2.74102     -6.588447     -6.626363
   2.70011     -6.557466     -6.556764
   2.65920     -6.527767     -6.486666
   2.61829     -6.500077     -6.417914
   2.57738     -6.474980     -6.352416
   2.53647     -6.452951     -6.292155
   2.49555     -6.434426     -6.239194
   2.45464     -6.419714     -6.195484
   2.41373     -6.409040     -6.162792
   2.37282     -6.402572     -6.142553
   2.33191     -6.400385     -6.135679
   2.33191     -6.400385     -6.135679
   2.29100     -6.391385     -6.128138
   2.25009     -6.364411     -6.105528
   2.20918     -6.319827     -6.068150
   2.16827     -6.258263     -6.016541
   2.12736     -6.180560     -5.951414
   2.08645     -6.087906     -5.873819
   2.04554     -5.981786     -5.785098
   2.00463     -5.864015     -5.686894
   1.96372     -5.736791     -5.581220
   1.92280     -5.602656     -5.470394
   1.88189     -5.464587     -5.357112
   1.84098     -5.325876     -5.244287
   1.80007     -5.190176     -5.135090
   1.75916     -5.061451     -5.032852
   1.71825     -4.943977     -4.941057
   1.67734     -4.842310     -4.863203
   1.63643     -4.779651     -4.803072
   1.59552     -4.758522     -4.764614
   1.55461     -4.751296     -4.751321
   1.55461     -4.751296     -4.751321
   1.51370     -4.764588     -4.758548
   1.47279     -4.803046     -4.779678
   1.43188     -4.863178     -4.842291
   1.39096     -4.941033     -4.943958
   1.35005     -5.032828     -5.061433
   1.30914     -5.135067     -5.190157
   1.26823     -5.244264     -5.325858
   1.22732     -5.357090     -5.464569
   1.18641     -5.470373     -5.602637
   1.14550     -5.581199     -5.736772
   1.10459     -5.686874     -5.863997
   1.06368     -5.785077     -5.981767
   1.02277     -5.873799     -6.087888
   0.98186     -5.951393     -6.180541
   0.94095     -6.016521     -6.258244
   0.90004     -6.068130     -6.319808
   0.85913     -6.105507     -6.364392
   0.81821     -6.128118     -6.391367
   0.77730     -6.135659     -6.400367
   0.77730     -6.135659     -6.400367
   0.73639     -6.142532     -6.402553
   0.69548     -6.162770     -6.409021
   0.65457     -6.195460     -6.419696
   0.61366     -6.239168     -6.434409
   0.57275     -6.292128     -6.452934
   0.53184     -6.352386     -6.474964
   0.49093     -6.417881     -6.500061
   0.45002     -6.486631     -6.527751
   0.40911     -6.556726     -6.557451
   0.36820     -6.626322     -6.588433
   0.32729     -6.693747     -6.619921
   0.28638     -6.757400     -6.650991
   0.24546     -6.815842     -6.692870
   0.20455     -6.867763     -6.781383
   0.16364     -6.911986     -6.856213
   0.12273     -6.947501     -6.915919
   0.08182     -6.973474     -6.959403
   0.04091     -6.989321     -6.985838
   0.00000     -6.994662     -6.994713
 
# Band-Index    5
   0.00000     -6.778944     -6.778932
   0.04091     -6.768244     -6.775830
   0.08182     -6.736331     -6.766698
   0.12273     -6.683738     -6.751930
   0.16364     -6.611333     -6.732123
   0.20455     -6.520247     -6.708073
   0.24546     -6.412012     -6.680703
   0.28638     -6.288480     -6.592415
   0.32729     -6.151847     -6.482037
   0.36820     -6.004690     -6.364077
   0.40911     -5.849886     -6.241068
   0.45002     -5.690759     -6.115865
   0.49093     -5.531133     -5.991638
   0.53184     -5.375321     -5.871842
   0.57275     -5.228145     -5.760170
   0.61366     -5.095046     -5.660630
   0.65457     -4.981951     -5.577329
   0.69548     -4.894964     -5.514219
   0.73639     -4.839891     -5.474772
   0.77730     -4.820982     -5.461328
   0.77730     -4.820982     -5.461328
   0.81821     -4.820091     -5.457772
   0.85913     -4.817441     -5.447136
   0.90004     -4.813076     -5.429512
   0.94095     -4.807141     -5.405099
   0.98186     -4.799785     -5.374158
   1.02277     -4.791236     -5.337082
   1.06368     -4.781694     -5.294303
   1.10459     -4.771426     -5.246402
   1.14550     -4.760716     -5.194135
   1.18641     -4.749857     -5.138398
   1.22732     -4.739155     -5.080319
   1.26823     -4.728902     -5.021263
   1.30914     -4.719358     -4.962870
   1.35005     -4.710811     -4.907137
   1.39096     -4.703484     -4.856333
   1.43188     -4.697571     -4.812952
   1.47279     -4.693233     -4.761584
   1.51370     -4.690580     -4.708477
   1.55461     -4.689692     -4.689671
   1.55461     -4.689692     -4.689671
   1.59552     -4.708498     -4.690559
   1.63643     -4.761603     -4.693211
   1.67734     -4.812921     -4.697550
   1.71825     -4.856300     -4.703463
   1.75916     -4.907100     -4.710789
   1.80007     -4.962831     -4.719336
   1.84098     -5.021220     -4.728880
   1.88189     -5.080274     -4.739134
   1.92280     -5.138350     -4.749835
   1.96372     -5.194085     -4.760695
   2.00463     -5.246350     -4.771404
   2.04554     -5.294250     -4.781672
   2.08645     -5.337027     -4.791215
   2.12736     -5.374103     -4.799764
   2.16827     -5.405042     -4.807119
   2.20918     -5.429454     -4.813055
   2.25009     -5.447078     -4.817420
   2.29100     -5.457714     -4.820069
   2.33191     -5.461270     -4.820961
   2.33191     -5.461270     -4.820961
   2.37282     -5.474714     -4.839870
   2.41373     -5.514161     -4.894943
   2.45464     -5.577271     -4.981930
   2.49555     -5.660573     -5.095026
   2.53647     -5.760113     -5.228126
   2.57738     -5.871785     -5.375303
   2.61829     -5.991583     -5.531115
   2.65920     -6.115810     -5.690743
   2.70011     -6.241013     -5.849870
   2.74102     -6.364023     -6.004674
   2.78193     -6.481984     -6.151832
   2.82284     -6.592362     -6.288466
   2.86375     -6.680716     -6.411998
   2.90466     -6.708085     -6.520234
   2.94557     -6.732136     -6.611320
   2.98648     -6.751943     -6.683726
   3.02739     -6.766710     -6.736319
   3.06831     -6.775842     -6.768232
   3.10922     -6.778944     -6.778932
   3.10922     -6.778944     -6.778932
   3.16707     -6.765147     -6.765135
   3.22493     -6.724007     -6.723994
   3.28279     -6.656198     -6.656182
   3.34064     -6.563124     -6.563107
   3.39850     -6.447155     -6.447136
   3.45635     -6.311771     -6.311751
   3.51421     -6.161325     -6.161305
   3.57207     -6.000716     -6.000695
   3.62992     -5.834942     -5.834922
   3.68778     -5.668705     -5.668685
   3.74564     -5.506201     -5.506181
   3.80349     -5.350877     -5.350858
   3.86135     -5.205352     -5.205333
   3.91921     -5.071697     -5.071678
   3.97706     -4.951710     -4.951691
   4.03492     -4.847812     -4.847793
   4.09278     -4.764639     -4.764619
   4.15063     -4.709355     -4.709334
   4.20849     -4.689692     -4.689671
 
# Band-Index    6
   4.20849     -4.277541     -4.277593
   4.15063     -4.262372     -4.262424
   4.09278     -4.221328     -4.221378
   4.03492     -4.161988     -4.162036
   3.97706     -4.089172     -4.089220
   3.91921     -4.151856     -4.151846
   3.86135     -4.253531     -4.253523
   3.80349     -4.348801     -4.348793
   3.74564     -4.434210     -4.434202
   3.68778     -4.507588     -4.507580
   3.62992     -4.567763     -4.567755
   3.57207     -4.614434     -4.614425
   3.51421     -4.648114     -4.648104
   3.45635     -4.670028     -4.670018
   3.39850     -4.682037     -4.682027
   3.34064     -4.686481     -4.686471
   3.28279     -4.686012     -4.686001
   3.22493     -4.683300     -4.683289
   3.16707     -4.680621     -4.680610
   3.10922     -4.679559     -4.679548
   3.10922     -4.679559     -4.679548
   3.06831     -4.680472     -4.679771
   3.02739     -4.683172     -4.680429
   2.98648     -4.687615     -4.681564
   2.94557     -4.693662     -4.683160
   2.90466     -4.701131     -4.685213
   2.86375     -4.709799     -4.687698
   2.82284     -4.719425     -4.690595
   2.78193     -4.729736     -4.693853
   2.74102     -4.740438     -4.697398
   2.70011     -4.751237     -4.701146
   2.65920     -4.761828     -4.704976
   2.61829     -4.771950     -4.708795
   2.57738     -4.781311     -4.712446
   2.53647     -4.789684     -4.715819
   2.49555     -4.796844     -4.718778
   2.45464     -4.802607     -4.721209
   2.41373     -4.806838     -4.723026
   2.37282     -4.809417     -4.724144
   2.33191     -4.810288     -4.724526
   2.33191     -4.810288     -4.724526
   2.29100     -4.805047     -4.719868
   2.25009     -4.789399     -4.705955
   2.20918     -4.763534     -4.682941
   2.16827     -4.727797     -4.651108
   2.12736     -4.682635     -4.610821
   2.08645     -4.628689     -4.562610
   2.04554     -4.566693     -4.507075
   2.00463     -4.497590     -4.445002
   1.96372     -4.422505     -4.377334
   1.92280     -4.342785     -4.305205
   1.88189     -4.259998     -4.229942
   1.84098     -4.176084     -4.153215
   1.80007     -4.108563     -4.076982
   1.75916     -4.148621     -4.120397
   1.71825     -4.185949     -4.172417
   1.67734     -4.219894     -4.215570
   1.63643     -4.248920     -4.248747
   1.59552     -4.269729     -4.270127
   1.55461     -4.277541     -4.277593
   1.55461     -4.277541     -4.277593
   1.51370     -4.270075     -4.269780
   1.47279     -4.248695     -4.248971
   1.43188     -4.215518     -4.219944
   1.39096     -4.172365     -4.185999
   1.35005     -4.120346     -4.148673
   1.30914     -4.077004     -4.108615
   1.26823     -4.153239     -4.176087
   1.22732     -4.229968     -4.260003
   1.18641     -4.305233     -4.342792
   1.14550     -4.377363     -4.422513
   1.10459     -4.445033     -4.497600
   1.06368     -4.507107     -4.566704
   1.02277     -4.562644     -4.628701
   0.98186     -4.610856     -4.682648
   0.94095     -4.651144     -4.727810
   0.90004     -4.682978     -4.763548
   0.85913     -4.705992     -4.789413
   0.81821     -4.719905     -4.805061
   0.77730     -4.724564     -4.810302
   0.77730     -4.724564     -4.810302
   0.73639     -4.724181     -4.809431
   0.69548     -4.723063     -4.806852
   0.65457     -4.721245     -4.802620
   0.61366     -4.718813     -4.796855
   0.57275     -4.715853     -4.789695
   0.53184     -4.712478     -4.781320
   0.49093     -4.708825     -4.771958
   0.45002     -4.705005     -4.761834
   0.40911     -4.701173     -4.751241
   0.36820     -4.697422     -4.740439
   0.32729     -4.693875     -4.729736
   0.28638     -4.690615     -4.719423
   0.24546     -4.687715     -4.709794
   0.20455     -4.685229     -4.701125
   0.16364     -4.683174     -4.693654
   0.12273     -4.681577     -4.687606
   0.08182     -4.680441     -4.683162
   0.04091     -4.679782     -4.680461
   0.00000     -4.679559     -4.679548
 
# Band-Index    7
   0.00000     -3.586032     -3.585958
   0.04091     -3.587158     -3.577478
   0.08182     -3.590513     -3.552117
   0.12273     -3.596025     -3.510123
   0.16364     -3.603578     -3.451965
   0.20455     -3.613012     -3.378476
   0.24546     -3.624140     -3.291394
   0.28638     -3.636751     -3.196908
   0.32729     -3.650622     -3.172757
   0.36820     -3.665529     -3.204542
   0.40911     -3.681250     -3.277912
   0.45002     -3.697580     -3.348131
   0.49093     -3.714324     -3.412144
   0.53184     -3.731268     -3.468798
   0.57275     -3.748131     -3.517449
   0.61366     -3.764460     -3.557681
   0.65457     -3.779493     -3.589211
   0.69548     -3.792035     -3.611851
   0.73639     -3.800541     -3.625479
   0.77730     -3.803577     -3.630028
   0.77730     -3.803577     -3.630028
   0.81821     -3.791760     -3.637256
   0.85913     -3.756526     -3.656405
   0.90004     -3.698540     -3.683480
   0.94095     -3.618998     -3.716163
   0.98186     -3.520562     -3.753302
   1.02277     -3.469766     -3.794075
   1.06368     -3.560171     -3.837646
   1.10459     -3.654962     -3.883114
   1.14550     -3.747152     -3.929552
   1.18641     -3.834833     -3.976064
   1.22732     -3.916767     -4.021843
   1.26823     -3.992070     -4.066204
   1.30914     -4.060095     -4.093299
   1.35005     -4.003666     -4.014335
   1.39096     -3.936092     -3.942309
   1.43188     -3.877630     -3.880700
   1.47279     -3.831988     -3.833153
   1.51370     -3.802771     -3.803015
   1.55461     -3.792691     -3.792677
   1.55461     -3.792691     -3.792677
   1.59552     -3.803029     -3.802756
   1.63643     -3.833165     -3.831972
   1.67734     -3.880709     -3.877613
   1.71825     -3.942315     -3.936074
   1.75916     -4.014338     -4.003646
   1.80007     -4.093299     -4.060145
   1.84098     -4.066151     -3.992120
   1.88189     -4.021789     -3.916816
   1.92280     -3.976009     -3.834880
   1.96372     -3.929497     -3.747198
   2.00463     -3.883058     -3.655005
   2.04554     -3.837589     -3.560210
   2.08645     -3.794017     -3.469790
   2.12736     -3.753244     -3.520494
   2.16827     -3.716104     -3.618927
   2.20918     -3.683421     -3.698468
   2.25009     -3.656345     -3.756453
   2.29100     -3.637196     -3.791687
   2.33191     -3.629968     -3.803503
   2.33191     -3.629968     -3.803503
   2.37282     -3.625418     -3.800468
   2.41373     -3.611791     -3.791961
   2.45464     -3.589151     -3.779420
   2.49555     -3.557621     -3.764387
   2.53647     -3.517390     -3.748058
   2.57738     -3.468740     -3.731195
   2.61829     -3.412087     -3.714251
   2.65920     -3.348076     -3.697507
   2.70011     -3.277859     -3.681176
   2.74102     -3.204494     -3.665455
   2.78193     -3.172710     -3.650549
   2.82284     -3.196964     -3.636677
   2.86375     -3.291461     -3.624066
   2.90466     -3.378546     -3.612938
   2.94557     -3.452037     -3.603504
   2.98648     -3.510195     -3.595951
   3.02739     -3.552190     -3.590439
   3.06831     -3.577552     -3.587084
   3.10922     -3.586032     -3.585958
   3.10922     -3.586032     -3.585958
   3.16707     -3.578691     -3.578618
   3.22493     -3.556821     -3.556749
   3.28279     -3.520851     -3.520781
   3.34064     -3.471446     -3.471379
   3.39850     -3.409458     -3.409397
   3.45635     -3.336122     -3.336069
   3.51421     -3.258940     -3.258906
   3.57207     -3.327609     -3.327651
   3.62992     -3.453244     -3.453289
   3.68778     -3.577064     -3.577111
   3.74564     -3.695724     -3.695771
   3.80349     -3.807442     -3.807489
   3.86135     -3.910905     -3.910953
   3.91921     -4.005105     -4.005153
   3.97706     -4.048813     -4.048803
   4.03492     -3.951448     -3.951436
   4.09278     -3.869083     -3.869070
   4.15063     -3.812831     -3.812817
   4.20849     -3.792691     -3.792677
 
# Band-Index    8
   4.20849     -2.725330     -2.725475
   4.15063     -2.718505     -2.718649
   4.09278     -2.700144     -2.700285
   4.03492     -2.676380     -2.676516
   3.97706     -2.656947     -2.657075
   3.91921     -2.654321     -2.654434
   3.86135     -2.680802     -2.680894
   3.80349     -2.741986     -2.742050
   3.74564     -2.831793     -2.831828
   3.68778     -2.936955     -2.936964
   3.62992     -3.045161     -3.045150
   3.57207     -3.147356     -3.147331
   3.51421     -3.183779     -3.183816
   3.45635     -3.072840     -3.072888
   3.39850     -3.034447     -3.034500
   3.34064     -3.075110     -3.075161
   3.28279     -3.112643     -3.112694
   3.22493     -3.139374     -3.139425
   3.16707     -3.155118     -3.155169
   3.10922     -3.160303     -3.160354
   3.10922     -3.160303     -3.160354
   3.06831     -3.160041     -3.155485
   3.02739     -3.159350     -3.141185
   2.98648     -3.158513     -3.118361
   2.94557     -3.157993     -3.088548
   2.90466     -3.158390     -3.053910
   2.86375     -3.160439     -3.017222
   2.82284     -3.164925     -2.981726
   2.78193     -3.147336     -2.950852
   2.74102     -3.184379     -2.927770
   2.70011     -3.200451     -2.914880
   2.65920     -3.221044     -2.913804
   2.61829     -3.245843     -2.936893
   2.57738     -3.274002     -2.973318
   2.53647     -3.304087     -3.005433
   2.49555     -3.334109     -3.031818
   2.45464     -3.361610     -3.051715
   2.41373     -3.383912     -3.064610
   2.37282     -3.398513     -3.070472
   2.33191     -3.403602     -3.071272
   2.33191     -3.403602     -3.071272
   2.29100     -3.388378     -3.086245
   2.25009     -3.345242     -3.128897
   2.20918     -3.278206     -3.193610
   2.16827     -3.189648     -3.273636
   2.12736     -3.080844     -3.361776
   2.08645     -2.952868     -3.388421
   2.04554     -2.806980     -3.258656
   2.00463     -2.644757     -3.108967
   1.96372     -2.535322     -2.947503
   1.92280     -2.557493     -2.904978
   1.88189     -2.579020     -2.877302
   1.84098     -2.599357     -2.849331
   1.80007     -2.618007     -2.821900
   1.75916     -2.634536     -2.795981
   1.71825     -2.648572     -2.772638
   1.67734     -2.659807     -2.752971
   1.63643     -2.685275     -2.738023
   1.59552     -2.715158     -2.728663
   1.55461     -2.725330     -2.725475
   1.55461     -2.725330     -2.725475
   1.51370     -2.728518     -2.715303
   1.47279     -2.737879     -2.685417
   1.43188     -2.752828     -2.659797
   1.39096     -2.772496     -2.648562
   1.35005     -2.795840     -2.634527
   1.30914     -2.821761     -2.617998
   1.26823     -2.849193     -2.599349
   1.22732     -2.877165     -2.579013
   1.18641     -2.904843     -2.557486
   1.14550     -2.947551     -2.535315
   1.10459     -3.109030     -2.644805
   1.06368     -3.258721     -2.807029
   1.02277     -3.388477     -2.952918
   0.98186     -3.361745     -3.080895
   0.94095     -3.273609     -3.189700
   0.90004     -3.193588     -3.278259
   0.85913     -3.128881     -3.345295
   0.81821     -3.086234     -3.388432
   0.77730     -3.071262     -3.403655
   0.77730     -3.071262     -3.403655
   0.73639     -3.070448     -3.398567
   0.69548     -3.064579     -3.383964
   0.65457     -3.051685     -3.361662
   0.61366     -3.031789     -3.334159
   0.57275     -3.005408     -3.304137
   0.53184     -2.973293     -3.274050
   0.49093     -2.936859     -3.245891
   0.45002     -2.913712     -3.221091
   0.40911     -2.914797     -3.200498
   0.36820     -2.927694     -3.184425
   0.32729     -2.950782     -3.147351
   0.28638     -2.981661     -3.164973
   0.24546     -3.017162     -3.160487
   0.20455     -3.053852     -3.158439
   0.16364     -3.088493     -3.158043
   0.12273     -3.118308     -3.158563
   0.08182     -3.141133     -3.159400
   0.04091     -3.155434     -3.160092
   0.00000     -3.160303     -3.160354
 
# Band-Index    9
   0.00000     -2.515289     -2.515287
   0.04091     -2.519953     -2.533150
   0.08182     -2.533737     -2.582282
   0.12273     -2.556038     -2.653131
   0.16364     -2.585911     -2.736615
   0.20455     -2.622151     -2.825925
   0.24546     -2.663374     -2.915663
   0.28638     -2.708111     -2.997600
   0.32729     -2.754873     -3.018400
   0.36820     -2.802200     -2.916238
   0.40911     -2.848659     -2.782176
   0.45002     -2.892388     -2.636678
   0.49093     -2.919346     -2.484424
   0.53184     -2.937625     -2.460020
   0.57275     -2.961157     -2.448820
   0.61366     -2.987362     -2.436344
   0.65457     -3.013113     -2.424247
   0.69548     -3.035518     -2.414150
   0.73639     -3.051952     -2.407449
   0.77730     -3.058765     -2.405101
   0.77730     -3.058765     -2.405101
   0.81821     -3.057080     -2.407133
   0.85913     -3.052040     -2.413156
   0.90004     -3.043687     -2.422951
   0.94095     -3.032097     -2.436173
   0.98186     -3.017380     -2.452364
   1.02277     -2.999695     -2.470985
   1.06368     -2.979256     -2.491437
   1.10459     -2.956337     -2.513092
   1.14550     -2.930928     -2.468203
   1.18641     -2.776572     -2.279654
   1.22732     -2.601488     -2.223515
   1.26823     -2.458832     -2.320296
   1.30914     -2.505144     -2.412761
   1.35005     -2.548630     -2.498337
   1.39096     -2.588471     -2.574243
   1.43188     -2.623180     -2.637561
   1.47279     -2.650642     -2.667994
   1.51370     -2.668463     -2.672980
   1.55461     -2.674664     -2.674654
   1.55461     -2.674664     -2.674654
   1.59552     -2.672991     -2.668453
   1.63643     -2.668004     -2.650631
   1.67734     -2.637424     -2.623169
   1.71825     -2.574112     -2.588460
   1.75916     -2.498212     -2.548619
   1.80007     -2.412644     -2.505132
   1.84098     -2.320187     -2.458820
   1.88189     -2.223415     -2.601436
   1.92280     -2.279608     -2.776514
   1.96372     -2.468156     -2.931049
   2.00463     -2.513097     -2.956469
   2.04554     -2.491441     -2.979387
   2.08645     -2.470988     -2.999826
   2.12736     -2.452367     -3.017510
   2.16827     -2.436175     -3.032227
   2.20918     -2.422954     -3.043817
   2.25009     -2.413158     -3.052169
   2.29100     -2.407135     -3.057209
   2.33191     -2.405103     -3.058894
   2.33191     -2.405103     -3.058894
   2.37282     -2.407451     -3.052066
   2.41373     -2.414152     -3.035623
   2.45464     -2.424251     -3.013214
   2.49555     -2.436350     -2.987461
   2.53647     -2.448829     -2.961253
   2.57738     -2.460032     -2.937715
   2.61829     -2.484477     -2.919419
   2.65920     -2.636736     -2.892395
   2.70011     -2.782236     -2.848666
   2.74102     -2.916297     -2.802206
   2.78193     -3.018431     -2.754878
   2.82284     -2.997566     -2.708115
   2.86375     -2.915624     -2.663376
   2.90466     -2.825890     -2.622152
   2.94557     -2.736586     -2.585911
   2.98648     -2.653111     -2.556037
   3.02739     -2.582271     -2.533735
   3.06831     -2.533148     -2.519951
   3.10922     -2.515289     -2.515287
   3.10922     -2.515289     -2.515287
   3.16707     -2.537730     -2.537731
   3.22493     -2.599615     -2.599625
   3.28279     -2.689490     -2.689508
   3.34064     -2.795993     -2.796017
   3.39850     -2.903079     -2.903103
   3.45635     -2.922391     -2.922419
   3.51421     -2.850103     -2.850131
   3.57207     -2.755730     -2.755753
   3.62992     -2.648565     -2.648581
   3.68778     -2.533126     -2.533133
   3.74564     -2.478790     -2.478772
   3.80349     -2.505477     -2.505462
   3.86135     -2.533083     -2.533071
   3.91921     -2.561602     -2.561591
   3.97706     -2.590868     -2.590858
   4.03492     -2.620111     -2.620101
   4.09278     -2.647038     -2.647028
   4.15063     -2.667085     -2.667074
   4.20849     -2.674664     -2.674654
 
# Band-Index   10
   4.20849     -2.233548     -2.233622
   4.15063     -2.225854     -2.225927
   4.09278     -2.204359     -2.204429
   4.03492     -2.173475     -2.173542
   3.97706     -2.139196     -2.139258
   3.91921     -2.107207     -2.107266
   3.86135     -2.168177     -2.168156
   3.80349     -2.291652     -2.291639
   3.74564     -2.413367     -2.413364
   3.68778     -2.452965     -2.452944
   3.62992     -2.427815     -2.427790
   3.57207     -2.402930     -2.402900
   3.51421     -2.377610     -2.377575
   3.45635     -2.350857     -2.350816
   3.39850     -2.321470     -2.321423
   3.34064     -2.288326     -2.288271
   3.28279     -2.251026     -2.250961
   3.22493     -2.211439     -2.211361
   3.16707     -2.177164     -2.177068
   3.10922     -2.163228     -2.163126
   3.10922     -2.163228     -2.163126
   3.06831     -2.179697     -2.160498
   3.02739     -2.219667     -2.152834
   2.98648     -2.268226     -2.154538
   2.94557     -2.316455     -2.163426
   2.90466     -2.360119     -2.169022
   2.86375     -2.397252     -2.169710
   2.82284     -2.426996     -2.164595
   2.78193     -2.449103     -2.153232
   2.74102     -2.463722     -2.135497
   2.70011     -2.471302     -2.111507
   2.65920     -2.472547     -2.081577
   2.61829     -2.468400     -2.046195
   2.57738     -2.328681     -2.006018
   2.53647     -2.172433     -1.961884
   2.49555     -2.018891     -1.914872
   2.45464     -1.871259     -1.866475
   2.41373     -1.732742     -1.819147
   2.37282     -1.606846     -1.778446
   2.33191     -1.556742     -1.776732
   2.33191     -1.556742     -1.776732
   2.29100     -1.570875     -1.763886
   2.25009     -1.607211     -1.789717
   2.20918     -1.655043     -1.879374
   2.16827     -1.706863     -1.963642
   2.12736     -1.758721     -2.042121
   2.08645     -1.808760     -2.114946
   2.04554     -1.856222     -2.182461
   2.00463     -1.929324     -2.245150
   1.96372     -2.025884     -2.303576
   1.92280     -2.124538     -2.358324
   1.88189     -2.082154     -2.409934
   1.84098     -2.059131     -2.426167
   1.80007     -2.095222     -2.255981
   1.75916     -2.129877     -2.170802
   1.71825     -2.162237     -2.192988
   1.67734     -2.190808     -2.210580
   1.63643     -2.213580     -2.223323
   1.59552     -2.228393     -2.231039
   1.55461     -2.233548     -2.233622
   1.55461     -2.233548     -2.233622
   1.51370     -2.230965     -2.228466
   1.47279     -2.223249     -2.213650
   1.43188     -2.210506     -2.190875
   1.39096     -2.192914     -2.162299
   1.35005     -2.170727     -2.129935
   1.30914     -2.256018     -2.095275
   1.26823     -2.426212     -2.059180
   1.22732     -2.409947     -2.082197
   1.18641     -2.358338     -2.124627
   1.14550     -2.303591     -2.025962
   1.10459     -2.245167     -1.929389
   1.06368     -2.182478     -1.856256
   1.02277     -2.114964     -1.808792
   0.98186     -2.042140     -1.758752
   0.94095     -1.963662     -1.706893
   0.90004     -1.879394     -1.655071
   0.85913     -1.789734     -1.607240
   0.81821     -1.763809     -1.570904
   0.77730     -1.776581     -1.556772
   0.77730     -1.776581     -1.556772
   0.73639     -1.778374     -1.606840
   0.69548     -1.819082     -1.732722
   0.65457     -1.866413     -1.871230
   0.61366     -1.914812     -2.018854
   0.57275     -1.961825     -2.172390
   0.53184     -2.005961     -2.328631
   0.49093     -2.046139     -2.468384
   0.45002     -2.081522     -2.472527
   0.40911     -2.111453     -2.471279
   0.36820     -2.135443     -2.463694
   0.32729     -2.153180     -2.449070
   0.28638     -2.164543     -2.426958
   0.24546     -2.169659     -2.397208
   0.20455     -2.168971     -2.360068
   0.16364     -2.163375     -2.316396
   0.12273     -2.154489     -2.268157
   0.08182     -2.152927     -2.219585
   0.04091     -2.160600     -2.179601
   0.00000     -2.163228     -2.163126
 
# Band-Index   11
   0.00000     -2.132425     -2.132475
   0.04091     -2.135591     -2.129431
   0.08182     -2.143508     -2.120177
   0.12273     -2.138807     -2.104815
   0.16364     -2.120301     -2.083567
   0.20455     -2.096306     -2.056735
   0.24546     -2.066994     -2.024713
   0.28638     -2.032512     -1.988005
   0.32729     -1.993103     -1.947243
   0.36820     -1.949158     -1.903198
   0.40911     -1.901257     -1.856794
   0.45002     -1.850222     -1.809123
   0.49093     -1.797181     -1.761460
   0.53184     -1.743606     -1.715232
   0.57275     -1.735145     -1.672022
   0.61366     -1.746317     -1.633495
   0.65457     -1.757620     -1.601319
   0.69548     -1.767452     -1.577039
   0.73639     -1.774183     -1.561910
   0.77730     -1.759565     -1.515721
   0.77730     -1.759565     -1.515721
   0.81821     -1.763123     -1.516633
   0.85913     -1.776145     -1.519376
   0.90004     -1.796219     -1.544777
   0.94095     -1.822687     -1.602005
   0.98186     -1.854348     -1.671174
   1.02277     -1.889835     -1.750113
   1.06368     -1.927787     -1.836818
   1.10459     -1.966919     -1.901007
   1.14550     -2.006069     -1.943263
   1.18641     -2.044206     -1.983422
   1.22732     -2.080441     -2.021937
   1.26823     -2.114013     -1.881080
   1.30914     -2.144284     -1.698675
   1.35005     -2.096951     -1.654054
   1.39096     -1.955628     -1.659326
   1.43188     -1.838621     -1.667254
   1.47279     -1.751506     -1.674046
   1.51370     -1.698036     -1.678519
   1.55461     -1.680050     -1.680075
   1.55461     -1.680050     -1.680075
   1.59552     -1.678493     -1.698059
   1.63643     -1.674020     -1.751519
   1.67734     -1.667228     -1.838621
   1.71825     -1.659300     -1.955615
   1.75916     -1.654029     -2.096925
   1.80007     -1.698648     -2.144359
   1.84098     -1.881040     -2.114088
   1.88189     -2.021892     -2.080516
   1.92280     -1.983381     -2.044282
   1.96372     -1.943224     -2.006144
   2.00463     -1.900972     -1.966995
   2.04554     -1.836767     -1.927863
   2.08645     -1.750078     -1.889912
   2.12736     -1.671156     -1.854425
   2.16827     -1.602005     -1.822764
   2.20918     -1.544793     -1.796296
   2.25009     -1.519342     -1.776221
   2.29100     -1.516599     -1.763273
   2.33191     -1.515688     -1.759642
   2.33191     -1.515688     -1.759642
   2.37282     -1.561880     -1.774335
   2.41373     -1.577009     -1.767605
   2.45464     -1.601290     -1.757775
   2.49555     -1.633465     -1.746474
   2.53647     -1.671991     -1.735303
   2.57738     -1.715201     -1.743520
   2.61829     -1.761427     -1.797095
   2.65920     -1.809089     -1.850135
   2.70011     -1.856758     -1.901168
   2.74102     -1.903160     -1.949067
   2.78193     -1.947203     -1.993011
   2.82284     -1.987964     -2.032417
   2.86375     -2.024669     -2.066897
   2.90466     -2.056690     -2.096207
   2.94557     -2.083520     -2.120201
   2.98648     -2.104766     -2.138707
   3.02739     -2.120127     -2.143549
   3.06831     -2.129381     -2.135641
   3.10922     -2.132425     -2.132475
   3.10922     -2.132425     -2.132475
   3.16707     -2.132525     -2.132576
   3.22493     -2.129193     -2.129239
   3.28279     -2.122192     -2.122236
   3.34064     -2.112518     -2.112562
   3.39850     -2.100979     -2.101022
   3.45635     -2.088457     -2.088501
   3.51421     -2.076008     -2.076052
   3.57207     -2.064883     -2.064929
   3.62992     -2.056528     -2.056575
   3.68778     -2.052524     -2.052572
   3.74564     -2.054483     -2.054533
   3.80349     -2.063836     -2.063887
   3.86135     -2.081467     -2.081522
   3.91921     -2.044246     -2.044226
   3.97706     -1.926095     -1.926082
   4.03492     -1.823364     -1.823364
   4.09278     -1.744936     -1.744949
   4.15063     -1.696394     -1.696416
   4.20849     -1.680050     -1.680075
 
# Band-Index   12
   4.20849     -0.826237     -0.826273
   4.15063     -0.852928     -0.852970
   4.09278     -0.926901     -0.926947
   4.03492     -1.031814     -1.031865
   3.97706     -1.148040     -1.148099
   3.91921     -1.256434     -1.256503
   3.86135     -1.340418     -1.340501
   3.80349     -1.389534     -1.389632
   3.74564     -1.403666     -1.403777
   3.68778     -1.392971     -1.393094
   3.62992     -1.373781     -1.373912
   3.57207     -1.364954     -1.365088
   3.51421     -1.380969     -1.381103
   3.45635     -1.422223     -1.422357
   3.39850     -1.480043     -1.480181
   3.34064     -1.546072     -1.546215
   3.28279     -1.613269     -1.613420
   3.22493     -1.674265     -1.674271
   3.16707     -1.755557     -1.755574
   3.10922     -1.786729     -1.786753
   3.10922     -1.786729     -1.786753
   3.06831     -1.763710     -1.778616
   3.02739     -1.704603     -1.755793
   2.98648     -1.625397     -1.729663
   2.94557     -1.543803     -1.726300
   2.90466     -1.471562     -1.722453
   2.86375     -1.401562     -1.718478
   2.82284     -1.336879     -1.714801
   2.78193     -1.279713     -1.711907
   2.74102     -1.231724     -1.710314
   2.70011     -1.194226     -1.710527
   2.65920     -1.168335     -1.712988
   2.61829     -1.155064     -1.717983
   2.57738     -1.155386     -1.725537
   2.53647     -1.170260     -1.691300
   2.49555     -1.200603     -1.642750
   2.45464     -1.247193     -1.600560
   2.41373     -1.310474     -1.578315
   2.37282     -1.389915     -1.612330
   2.33191     -1.465360     -1.628947
   2.33191     -1.465360     -1.628947
   2.29100     -1.474538     -1.696526
   2.25009     -1.501442     -1.725161
   2.20918     -1.523537     -1.667990
   2.16827     -1.529551     -1.598331
   2.12736     -1.536929     -1.522049
   2.08645     -1.545539     -1.443716
   2.04554     -1.555198     -1.366624
   2.00463     -1.565709     -1.292984
   1.96372     -1.576845     -1.224134
   1.92280     -1.588293     -1.160702
   1.88189     -1.599458     -1.102749
   1.84098     -1.608402     -1.049878
   1.80007     -1.596521     -1.001402
   1.75916     -1.449779     -0.956572
   1.71825     -1.262699     -0.915017
   1.67734     -1.091456     -0.877383
   1.63643     -0.951666     -0.845982
   1.59552     -0.858670     -0.825331
   1.55461     -0.826237     -0.826273
   1.55461     -0.826237     -0.826273
   1.51370     -0.825382     -0.858712
   1.47279     -0.846037     -0.951709
   1.43188     -0.877420     -1.091500
   1.39096     -0.915032     -1.262744
   1.35005     -0.956567     -1.449828
   1.30914     -1.001379     -1.596569
   1.26823     -1.049839     -1.608439
   1.22732     -1.102695     -1.599493
   1.18641     -1.160636     -1.588328
   1.14550     -1.224056     -1.576880
   1.10459     -1.292896     -1.565744
   1.06368     -1.366525     -1.555233
   1.02277     -1.443608     -1.545574
   0.98186     -1.521931     -1.536963
   0.94095     -1.598204     -1.529585
   0.90004     -1.667854     -1.523570
   0.85913     -1.725017     -1.501410
   0.81821     -1.696535     -1.474496
   0.77730     -1.628923     -1.465313
   0.77730     -1.628923     -1.465313
   0.73639     -1.612301     -1.389909
   0.69548     -1.578281     -1.310483
   0.65457     -1.600648     -1.247215
   0.61366     -1.642837     -1.200636
   0.57275     -1.691386     -1.170304
   0.53184     -1.725377     -1.155441
   0.49093     -1.717820     -1.155128
   0.45002     -1.712823     -1.168409
   0.40911     -1.710361     -1.194308
   0.36820     -1.710146     -1.231814
   0.32729     -1.711739     -1.279812
   0.28638     -1.714632     -1.336986
   0.24546     -1.718308     -1.401678
   0.20455     -1.722283     -1.471687
   0.16364     -1.726129     -1.543938
   0.12273     -1.729492     -1.625390
   0.08182     -1.755767     -1.704607
   0.04091     -1.778591     -1.763727
   0.00000     -1.786729     -1.786753
 
# Band-Index   13
   0.00000     -1.734295     -1.734467
   0.04091     -1.733735     -1.718527
   0.08182     -1.732094     -1.675171
   0.12273     -1.721979     -1.613961
   0.16364     -1.681364     -1.536745
   0.20455     -1.637632     -1.445374
   0.24546     -1.593959     -1.356338
   0.28638     -1.553072     -1.274036
   0.32729     -1.517304     -1.202349
   0.36820     -1.488577     -1.144366
   0.40911     -1.468355     -1.101966
   0.45002     -1.457587     -1.075490
   0.49093     -1.456688     -1.063717
   0.53184     -1.465542     -1.064133
   0.57275     -1.483535     -1.073389
   0.61366     -1.509575     -1.087773
   0.65457     -1.542005     -1.103614
   0.69548     -1.567552     -1.117620
   0.73639     -1.546544     -1.127164
   0.77730     -1.539280     -1.130543
   0.77730     -1.539280     -1.130543
   0.81821     -1.466306     -1.112289
   0.85913     -1.357508     -1.063900
   0.90004     -1.242687     -0.997015
   0.94095     -1.125755     -0.920716
   0.98186     -1.009597     -0.841164
   1.02277     -0.897512     -0.776443
   1.06368     -0.793395     -0.774378
   1.10459     -0.701581     -0.774358
   1.14550     -0.626305     -0.776236
   1.18641     -0.570792     -0.779704
   1.22732     -0.536283     -0.784366
   1.26823     -0.572100     -0.789782
   1.30914     -0.631498     -0.795511
   1.35005     -0.685826     -0.801135
   1.39096     -0.733345     -0.806276
   1.43188     -0.772390     -0.810614
   1.47279     -0.801443     -0.813884
   1.51370     -0.818604     -0.815839
   1.55461     -0.816133     -0.816066
   1.55461     -0.816133     -0.816066
   1.59552     -0.815912     -0.818629
   1.63643     -0.813955     -0.801486
   1.67734     -0.810682     -0.772435
   1.71825     -0.806341     -0.733392
   1.75916     -0.801194     -0.685876
   1.80007     -0.795563     -0.631552
   1.84098     -0.789826     -0.572157
   1.88189     -0.784400     -0.536251
   1.92280     -0.779727     -0.570757
   1.96372     -0.776246     -0.626266
   2.00463     -0.774353     -0.701540
   2.04554     -0.774356     -0.793352
   2.08645     -0.776403     -0.897468
   2.12736     -0.841165     -1.009553
   2.16827     -0.920715     -1.125710
   2.20918     -0.997014     -1.242642
   2.25009     -1.063898     -1.357460
   2.29100     -1.112288     -1.466249
   2.33191     -1.130542     -1.539191
   2.33191     -1.130542     -1.539191
   2.37282     -1.127163     -1.546454
   2.41373     -1.117620     -1.567465
   2.45464     -1.103615     -1.542043
   2.49555     -1.087775     -1.509614
   2.53647     -1.073393     -1.483574
   2.57738     -1.064140     -1.465580
   2.61829     -1.063727     -1.456725
   2.65920     -1.075504     -1.457623
   2.70011     -1.101984     -1.468390
   2.74102     -1.144387     -1.488611
   2.78193     -1.202372     -1.517336
   2.82284     -1.274060     -1.553103
   2.86375     -1.356362     -1.593988
   2.90466     -1.445394     -1.637661
   2.94557     -1.536760     -1.681391
   2.98648     -1.613815     -1.722005
   3.02739     -1.675014     -1.732265
   3.06831     -1.718360     -1.733906
   3.10922     -1.734295     -1.734467
   3.10922     -1.734295     -1.734467
   3.16707     -1.717872     -1.718040
   3.22493     -1.673884     -1.674043
   3.28279     -1.561179     -1.561175
   3.34064     -1.427716     -1.427705
   3.39850     -1.281191     -1.281175
   3.45635     -1.127760     -1.127741
   3.51421     -1.072883     -1.072985
   3.57207     -1.078909     -1.078998
   3.62992     -1.065014     -1.065093
   3.68778     -1.038576     -1.038644
   3.74564     -1.008141     -1.008198
   3.80349     -0.978063     -0.978106
   3.86135     -0.949477     -0.949505
   3.91921     -0.921876     -0.921885
   3.97706     -0.894356     -0.894344
   4.03492     -0.866918     -0.866884
   4.09278     -0.841713     -0.841659
   4.15063     -0.823188     -0.823121
   4.20849     -0.816133     -0.816066
 
# Band-Index   14
   4.20849     -0.606312     -0.606300
   4.15063     -0.598536     -0.598523
   4.09278     -0.576243     -0.576230
   4.03492     -0.542770     -0.542755
   3.97706     -0.504265     -0.504249
   3.91921     -0.469964     -0.469946
   3.86135     -0.451426     -0.451406
   3.80349     -0.460063     -0.460042
   3.74564     -0.503437     -0.503414
   3.68778     -0.582644     -0.582621
   3.62992     -0.692863     -0.692839
   3.57207     -0.826098     -0.826075
   3.51421     -0.973721     -0.973699
   3.45635     -1.050542     -1.050654
   3.39850     -1.021918     -1.022037
   3.34064     -0.994395     -0.994518
   3.28279     -0.971628     -0.971754
   3.22493     -0.955073     -0.955200
   3.16707     -0.945135     -0.945263
   3.10922     -0.941834     -0.941962
   3.10922     -0.941834     -0.941962
   3.06831     -0.943647     -0.943380
   3.02739     -0.948876     -0.947313
   2.98648     -0.956905     -0.952781
   2.94557     -0.966760     -0.958125
   2.90466     -0.977177     -0.961004
   2.86375     -0.986709     -0.958436
   2.82284     -0.993845     -0.946953
   2.78193     -0.997141     -0.922937
   2.74102     -0.995377     -0.883132
   2.70011     -0.987698     -0.825299
   2.65920     -0.973772     -0.748816
   2.61829     -0.953907     -0.655054
   2.57738     -0.929119     -0.547461
   2.53647     -0.901137     -0.431489
   2.49555     -0.872331     -0.314502
   2.45464     -0.845515     -0.205706
   2.41373     -0.823613     -0.115822
   2.37282     -0.809249     -0.055898
   2.33191     -0.804241     -0.034771
   2.33191     -0.804241     -0.034771
   2.29100     -0.802651     -0.039840
   2.25009     -0.798315     -0.054913
   2.20918     -0.792320     -0.079601
   2.16827     -0.785973     -0.113275
   2.12736     -0.780407     -0.155085
   2.08645     -0.763062     -0.204001
   2.04554     -0.690500     -0.258834
   2.00463     -0.627227     -0.318263
   1.96372     -0.576482     -0.380865
   1.92280     -0.540558     -0.445123
   1.88189     -0.520294     -0.509441
   1.84098     -0.514774     -0.521468
   1.80007     -0.521420     -0.522860
   1.75916     -0.536487     -0.535506
   1.71825     -0.555783     -0.554143
   1.67734     -0.575306     -0.573943
   1.63643     -0.591710     -0.590959
   1.59552     -0.602539     -0.602320
   1.55461     -0.606312     -0.606300
   1.55461     -0.606312     -0.606300
   1.51370     -0.602333     -0.602526
   1.47279     -0.590973     -0.591698
   1.43188     -0.573958     -0.575294
   1.39096     -0.554160     -0.555771
   1.35005     -0.535526     -0.536476
   1.30914     -0.522884     -0.521409
   1.26823     -0.521495     -0.514764
   1.22732     -0.509382     -0.520284
   1.18641     -0.445060     -0.540549
   1.14550     -0.380799     -0.576475
   1.10459     -0.318193     -0.627221
   1.06368     -0.258761     -0.690496
   1.02277     -0.203925     -0.763060
   0.98186     -0.155007     -0.780467
   0.94095     -0.113194     -0.786054
   0.90004     -0.079519     -0.792419
   0.85913     -0.054829     -0.798432
   0.81821     -0.039755     -0.802779
   0.77730     -0.034686     -0.804373
   0.77730     -0.034686     -0.804373
   0.73639     -0.055813     -0.809381
   0.69548     -0.115738     -0.823745
   0.65457     -0.205621     -0.845647
   0.61366     -0.314416     -0.872463
   0.57275     -0.431402     -0.901270
   0.53184     -0.547371     -0.929253
   0.49093     -0.654959     -0.954040
   0.45002     -0.748716     -0.973906
   0.40911     -0.825194     -0.987832
   0.36820     -0.883022     -0.995510
   0.32729     -0.922823     -0.997273
   0.28638     -0.946835     -0.993977
   0.24546     -0.958314     -0.986840
   0.20455     -0.960880     -0.977307
   0.16364     -0.957999     -0.966890
   0.12273     -0.952654     -0.957034
   0.08182     -0.947186     -0.949004
   0.04091     -0.943252     -0.943775
   0.00000     -0.941834     -0.941962
 
# Band-Index   15
   0.00000      1.231106      1.231011
   0.04091      1.234441      1.230783
   0.08182      1.244515      1.230483
   0.12273      1.261516      1.231278
   0.16364      1.285687      1.235101
   0.20455      1.280544      1.244628
   0.24546      1.213168      1.263163
   0.28638      1.136270      1.294403
   0.32729      1.051404      1.342024
   0.36820      0.960310      1.409098
   0.40911      0.864942      1.497313
   0.45002      0.767464      1.524449
   0.49093      0.670268      1.533770
   0.53184      0.575996      1.542164
   0.57275      0.487562      1.549411
   0.61366      0.408166      1.555196
   0.65457      0.341221      1.558459
   0.69548      0.290162      1.549416
   0.73639      0.258058      1.528082
   0.77730      0.247092      1.519893
   0.77730      0.247092      1.519893
   0.81821      0.252464      1.522560
   0.85913      0.268301      1.530444
   0.90004      0.293810      1.512344
   0.94095      0.327780      1.470015
   0.98186      0.368723      1.419072
   1.02277      0.415006      1.361933
   1.06368      0.464966      1.301319
   1.10459      0.516983      1.240038
   1.14550      0.569534      1.180709
   1.18641      0.621222      1.125444
   1.22732      0.670783      1.075598
   1.26823      0.717097      1.031719
   1.30914      0.759183      0.993765
   1.35005      0.796198      0.961460
   1.39096      0.827436      0.934620
   1.43188      0.852323      0.913289
   1.47279      0.870414      0.897707
   1.51370      0.881395      0.888189
   1.55461      0.885076      0.884984
   1.55461      0.885076      0.884984
   1.59552      0.888281      0.881303
   1.63643      0.897799      0.870322
   1.67734      0.913381      0.852231
   1.71825      0.934711      0.827345
   1.75916      0.961551      0.796107
   1.80007      0.993855      0.759092
   1.84098      1.031809      0.717006
   1.88189      1.075687      0.670692
   1.92280      1.125533      0.621131
   1.96372      1.180797      0.569445
   2.00463      1.240126      0.516894
   2.04554      1.301407      0.464877
   2.08645      1.362020      0.414918
   2.12736      1.419158      0.368635
   2.16827      1.470101      0.327692
   2.20918      1.512430      0.293722
   2.25009      1.530289      0.268214
   2.29100      1.522404      0.252377
   2.33191      1.519737      0.247005
   2.33191      1.519737      0.247005
   2.37282      1.527928      0.257972
   2.41373      1.549311      0.290077
   2.45464      1.558513      0.341138
   2.49555      1.555271      0.408084
   2.53647      1.549490      0.487482
   2.57738      1.542244      0.575918
   2.61829      1.533851      0.670192
   2.65920      1.524529      0.767389
   2.70011      1.497363      0.864866
   2.74102      1.409158      0.960236
   2.78193      1.342092      1.051330
   2.82284      1.294477      1.136195
   2.86375      1.263243      1.213094
   2.90466      1.244713      1.280470
   2.94557      1.235189      1.285596
   2.98648      1.231369      1.261423
   3.02739      1.230576      1.244421
   3.06831      1.230876      1.234347
   3.10922      1.231106      1.231011
   3.10922      1.231106      1.231011
   3.16707      1.234195      1.234102
   3.22493      1.243568      1.243476
   3.28279      1.259419      1.259328
   3.34064      1.281128      1.281037
   3.39850      1.291292      1.291198
   3.45635      1.246796      1.246709
   3.51421      1.187774      1.187688
   3.57207      1.124248      1.124162
   3.62992      1.060421      1.060333
   3.68778      1.001068      1.000979
   3.74564      0.951371      0.951281
   3.80349      0.915310      0.915220
   3.86135      0.893692      0.893601
   3.91921      0.883771      0.883679
   3.97706      0.881110      0.881019
   4.03492      0.881798      0.881707
   4.09278      0.883372      0.883280
   4.15063      0.884622      0.884530
   4.20849      0.885076      0.884984
 
# Band-Index   16
   4.20849      1.151799      1.151737
   4.15063      1.181894      1.181833
   4.09278      1.266530      1.266471
   4.03492      1.392140      1.392086
   3.97706      1.542984      1.542935
   3.91921      1.703802      1.703759
   3.86135      1.813504      1.813502
   3.80349      1.761096      1.761068
   3.74564      1.690202      1.690158
   3.68778      1.613313      1.613261
   3.62992      1.538834      1.538777
   3.57207      1.471012      1.470949
   3.51421      1.411940      1.411873
   3.45635      1.363080      1.363010
   3.39850      1.332028      1.331961
   3.34064      1.356756      1.356683
   3.28279      1.392195      1.392119
   3.22493      1.419233      1.419157
   3.16707      1.435903      1.435827
   3.10922      1.441524      1.441448
   3.10922      1.441524      1.441448
   3.06831      1.442520      1.434830
   3.02739      1.445471      1.415062
   2.98648      1.450260      1.382413
   2.94557      1.456707      1.337392
   2.90466      1.464572      1.317457
   2.86375      1.473575      1.356692
   2.82284      1.483404      1.403482
   2.78193      1.493739      1.457161
   2.74102      1.504264      1.516442
   2.70011      1.514826      1.579230
   2.65920      1.607414      1.642632
   2.61829      1.736666      1.703239
   2.57738      1.803323      1.652047
   2.53647      1.724659      1.567509
   2.49555      1.656354      1.492532
   2.45464      1.601698      1.430164
   2.41373      1.572566      1.383245
   2.37282      1.570266      1.354085
   2.33191      1.570445      1.344190
   2.33191      1.570445      1.344190
   2.29100      1.563796      1.344817
   2.25009      1.544159      1.346619
   2.20918      1.543072      1.349368
   2.16827      1.560209      1.352676
   2.12736      1.581015      1.356008
   2.08645      1.604672      1.358687
   2.04554      1.630288      1.359924
   2.00463      1.656944      1.358856
   1.96372      1.683746      1.354608
   1.92280      1.709867      1.346355
   1.88189      1.734582      1.333421
   1.84098      1.757293      1.315384
   1.80007      1.693334      1.292247
   1.75916      1.570343      1.264663
   1.71825      1.448885      1.234219
   1.67734      1.335675      1.203676
   1.63643      1.240361      1.176929
   1.59552      1.175193      1.158395
   1.55461      1.151799      1.151737
   1.55461      1.151799      1.151737
   1.51370      1.158456      1.175131
   1.47279      1.176988      1.240298
   1.43188      1.203734      1.335613
   1.39096      1.234274      1.448822
   1.35005      1.264716      1.570280
   1.30914      1.292298      1.693272
   1.26823      1.315434      1.757405
   1.22732      1.333469      1.734701
   1.18641      1.346403      1.709991
   1.14550      1.354653      1.683875
   1.10459      1.358901      1.657079
   1.06368      1.359966      1.630427
   1.02277      1.358727      1.604816
   0.98186      1.356047      1.581163
   0.94095      1.352713      1.560360
   0.90004      1.349403      1.543225
   0.85913      1.346654      1.544073
   0.81821      1.344850      1.563710
   0.77730      1.344224      1.570359
   0.77730      1.344224      1.570359
   0.73639      1.354117      1.570183
   0.69548      1.383275      1.572532
   0.65457      1.430190      1.601823
   0.61366      1.492552      1.656499
   0.57275      1.567524      1.724809
   0.53184      1.652054      1.803474
   0.49093      1.703319      1.736631
   0.45002      1.642713      1.607370
   0.40911      1.579312      1.514744
   0.36820      1.516526      1.504183
   0.32729      1.457246      1.493659
   0.28638      1.403569      1.483325
   0.24546      1.356782      1.473497
   0.20455      1.317549      1.464495
   0.16364      1.337468      1.456630
   0.12273      1.382489      1.450184
   0.08182      1.415138      1.445395
   0.04091      1.434906      1.442444
   0.00000      1.441524      1.441448
 
# Band-Index   17
   0.00000      2.607505      2.607558
   0.04091      2.597381      2.609230
   0.08182      2.567820      2.614124
   0.12273      2.520996      2.614794
   0.16364      2.459825      2.564920
   0.20455      2.387337      2.503031
   0.24546      2.306246      2.430694
   0.28638      2.218794      2.349709
   0.32729      2.126787      2.262075
   0.36820      2.031733      2.169947
   0.40911      1.935045      2.075605
   0.45002      1.838255      1.981431
   0.49093      1.743182      1.889886
   0.53184      1.757784      1.881532
   0.57275      1.803554      2.036205
   0.61366      1.839401      2.192902
   0.65457      1.865445      2.341520
   0.69548      1.882694      2.434233
   0.73639      1.892398      2.410108
   0.77730      1.895516      2.401724
   0.77730      1.895516      2.401724
   0.81821      1.888948      2.402360
   0.85913      1.869883      2.403249
   0.90004      1.840206      2.401417
   0.94095      1.802976      2.392351
   0.98186      1.762312      2.371140
   1.02277      1.723241      2.334234
   1.06368      1.691432      2.280585
   1.10459      1.672704      2.211205
   1.14550      1.672116      2.127940
   1.18641      1.692489      2.032671
   1.22732      1.732398      1.927164
   1.26823      1.783864      1.813272
   1.30914      1.831410      1.777642
   1.35005      1.858987      1.795079
   1.39096      1.864195      1.809498
   1.43188      1.856762      1.820774
   1.47279      1.846229      1.828847
   1.51370      1.838165      1.833693
   1.55461      1.835219      1.835308
   1.55461      1.835219      1.835308
   1.59552      1.833603      1.838252
   1.63643      1.828755      1.846310
   1.67734      1.820680      1.856830
   1.71825      1.809400      1.864241
   1.75916      1.794976      1.859001
   1.80007      1.777535      1.831390
   1.84098      1.813333      1.783820
   1.88189      1.927222      1.732341
   1.92280      2.032726      1.692424
   1.96372      2.127992      1.672046
   2.00463      2.211252      1.672631
   2.04554      2.280627      1.691356
   2.08645      2.334269      1.723163
   2.12736      2.371168      1.762234
   2.16827      2.392371      1.802897
   2.20918      2.401432      1.840127
   2.25009      2.403260      1.869804
   2.29100      2.402368      1.888869
   2.33191      2.401731      1.895436
   2.33191      2.401731      1.895436
   2.37282      2.410116      1.892319
   2.41373      2.434242      1.882615
   2.45464      2.341535      1.865366
   2.49555      2.192920      1.839322
   2.53647      2.036228      1.803475
   2.57738      1.881561      1.757705
   2.61829      1.889734      1.743181
   2.65920      1.981278      1.838261
   2.70011      2.075451      1.935058
   2.74102      2.169792      2.031751
   2.78193      2.261919      2.126811
   2.82284      2.349552      2.218824
   2.86375      2.430536      2.306281
   2.90466      2.502872      2.387377
   2.94557      2.564760      2.459869
   2.98648      2.614633      2.521044
   3.02739      2.614070      2.567871
   3.06831      2.609176      2.597434
   3.10922      2.607505      2.607558
   3.10922      2.607505      2.607558
   3.16707      2.599194      2.599246
   3.22493      2.574949      2.574999
   3.28279      2.536979      2.537025
   3.34064      2.489014      2.489056
   3.39850      2.435710      2.435747
   3.45635      2.381569      2.381601
   3.51421      2.329789      2.329817
   3.57207      2.281125      2.281147
   3.62992      2.232636      2.232651
   3.68778      2.176578      2.176583
   3.74564      2.101017      2.101010
   3.80349      1.995478      1.995457
   3.86135      1.859563      1.859530
   3.91921      1.840157      1.840188
   3.97706      1.847176      1.847234
   4.03492      1.844964      1.845038
   4.09278      1.840323      1.840406
   4.15063      1.836594      1.836682
   4.20849      1.835219      1.835308
 
# Band-Index   18
   4.20849      2.381567      2.381581
   4.15063      2.392700      2.392715
   4.09278      2.424750      2.424768
   4.03492      2.473826      2.473847
   3.97706      2.404580      2.404660
   3.91921      2.308089      2.308190
   3.86135      2.240091      2.240220
   3.80349      2.212930      2.213082
   3.74564      2.222223      2.222385
   3.68778      2.255754      2.255919
   3.62992      2.303736      2.303901
   3.57207      2.359696      2.359861
   3.51421      2.419015      2.419180
   3.45635      2.478043      2.478206
   3.39850      2.533696      2.533859
   3.34064      2.583292      2.583455
   3.28279      2.624511      2.624673
   3.22493      2.655423      2.655585
   3.16707      2.674578      2.674740
   3.10922      2.681064      2.681226
   3.10922      2.681064      2.681226
   3.06831      2.673552      2.682242
   3.02739      2.651214      2.685287
   2.98648      2.621827      2.690342
   2.94557      2.631860      2.697349
   2.90466      2.643378      2.706173
   2.86375      2.655429      2.716592
   2.82284      2.666970      2.728290
   2.78193      2.676964      2.740880
   2.74102      2.684494      2.753930
   2.70011      2.688869      2.767004
   2.65920      2.689552      2.779687
   2.61829      2.676368      2.791607
   2.57738      2.623753      2.802452
   2.53647      2.569491      2.727213
   2.49555      2.517654      2.619768
   2.45464      2.471330      2.518312
   2.41373      2.468925      2.433468
   2.37282      2.558183      2.376433
   2.33191      2.590961      2.356241
   2.33191      2.590961      2.356241
   2.29100      2.591343      2.356137
   2.25009      2.592497      2.355863
   2.20918      2.594452      2.355525
   2.16827      2.597248      2.355287
   2.12736      2.600932      2.355340
   2.08645      2.605544      2.355875
   2.04554      2.611107      2.357045
   2.00463      2.617607      2.358931
   1.96372      2.624985      2.361511
   1.92280      2.633115      2.364654
   1.88189      2.641799      2.324844
   1.84098      2.650768      2.296236
   1.80007      2.659685      2.299263
   1.75916      2.599416      2.343956
   1.71825      2.533184      2.379438
   1.67734      2.472833      2.380657
   1.63643      2.424206      2.381282
   1.59552      2.392558      2.381526
   1.55461      2.381567      2.381581
   1.55461      2.381567      2.381581
   1.51370      2.381512      2.392573
   1.47279      2.381267      2.424223
   1.43188      2.380640      2.472853
   1.39096      2.379419      2.533209
   1.35005      2.343840      2.599445
   1.30914      2.299118      2.659727
   1.26823      2.296073      2.650804
   1.22732      2.324673      2.641829
   1.18641      2.364619      2.633139
   1.14550      2.361474      2.625003
   1.10459      2.358891      2.617620
   1.06368      2.357003      2.611114
   1.02277      2.355830      2.605547
   0.98186      2.355293      2.600931
   0.94095      2.355239      2.597244
   0.90004      2.355477      2.594445
   0.85913      2.355813      2.592488
   0.81821      2.356087      2.591333
   0.77730      2.356191      2.590951
   0.77730      2.356191      2.590951
   0.73639      2.376384      2.558172
   0.69548      2.433419      2.468912
   0.65457      2.518264      2.471320
   0.61366      2.619721      2.517643
   0.57275      2.727167      2.569479
   0.53184      2.802275      2.623742
   0.49093      2.791432      2.676373
   0.45002      2.779513      2.689603
   0.40911      2.766831      2.688920
   0.36820      2.753758      2.684545
   0.32729      2.740709      2.677015
   0.28638      2.728121      2.667021
   0.24546      2.716424      2.655481
   0.20455      2.706007      2.643430
   0.16364      2.697184      2.631913
   0.12273      2.690179      2.621881
   0.08182      2.685124      2.651376
   0.04091      2.682080      2.673714
   0.00000      2.681064      2.681226
 
# Band-Index   19
   0.00000      3.098313      3.098312
   0.04091      3.101844      3.094529
   0.08182      3.111851      3.083292
   0.12273      3.126602      3.064926
   0.16364      3.143320      3.039927
   0.20455      3.158385      3.008902
   0.24546      3.167678      2.972526
   0.28638      3.167054      2.931498
   0.32729      3.152898      2.886521
   0.36820      3.122580      2.838275
   0.40911      3.074720      2.787434
   0.45002      3.009239      2.734849
   0.49093      2.927392      2.691502
   0.53184      2.831888      2.684228
   0.57275      2.811791      2.677381
   0.61366      2.819787      2.669977
   0.65457      2.826126      2.662981
   0.69548      2.830711      2.657315
   0.73639      2.833484      2.653657
   0.77730      2.834412      2.652398
   0.77730      2.834412      2.652398
   0.81821      2.827701      2.655118
   0.85913      2.807874      2.663227
   0.90004      2.775818      2.676560
   0.94095      2.732938      2.694845
   0.98186      2.681058      2.717694
   1.02277      2.622332      2.744589
   1.06368      2.559181      2.774825
   1.10459      2.494295      2.807242
   1.14550      2.430758      2.835884
   1.18641      2.372410      2.821339
   1.22732      2.368095      2.780854
   1.26823      2.371598      2.727803
   1.30914      2.374813      2.665950
   1.35005      2.377472      2.668218
   1.39096      2.424073      2.675875
   1.43188      2.519262      2.682310
   1.47279      2.607155      2.687180
   1.51370      2.668926      2.690216
   1.55461      2.691186      2.691248
   1.55461      2.691186      2.691248
   1.59552      2.690155      2.668988
   1.63643      2.687121      2.607220
   1.67734      2.682254      2.519334
   1.71825      2.675823      2.424163
   1.75916      2.668170      2.377495
   1.80007      2.665916      2.374838
   1.84098      2.727765      2.371626
   1.88189      2.780812      2.368126
   1.92280      2.821291      2.372583
   1.96372      2.835836      2.430931
   2.00463      2.807207      2.494469
   2.04554      2.774788      2.559355
   2.08645      2.744549      2.622507
   2.12736      2.717651      2.681234
   2.16827      2.694798      2.733114
   2.20918      2.676510      2.775996
   2.25009      2.663175      2.808052
   2.29100      2.655065      2.827880
   2.33191      2.652344      2.834590
   2.33191      2.652344      2.834590
   2.37282      2.653604      2.833663
   2.41373      2.657262      2.830890
   2.45464      2.662928      2.826304
   2.49555      2.669924      2.819965
   2.53647      2.677329      2.811968
   2.57738      2.684177      2.831934
   2.61829      2.691466      2.927437
   2.65920      2.734859      3.009282
   2.70011      2.787443      3.074760
   2.74102      2.838282      3.122616
   2.78193      2.886527      3.152929
   2.82284      2.931503      3.167080
   2.86375      2.972529      3.167698
   2.90466      3.008905      3.158400
   2.94557      3.039929      3.143329
   2.98648      3.064928      3.126607
   3.02739      3.083293      3.111853
   3.06831      3.094530      3.101844
   3.10922      3.098313      3.098312
   3.10922      3.098313      3.098312
   3.16707      3.098074      3.098074
   3.22493      3.098169      3.098172
   3.28279      3.100151      3.100159
   3.34064      3.104613      3.104627
   3.39850      3.110088      3.110109
   3.45635      3.112763      3.112791
   3.51421      3.106303      3.106339
   3.57207      3.081073      3.081114
   3.62992      3.024762      3.024801
   3.68778      2.935311      2.935342
   3.74564      2.833995      2.834021
   3.80349      2.743231      2.743258
   3.86135      2.667520      2.667550
   3.91921      2.599456      2.599486
   3.97706      2.534084      2.534110
   4.03492      2.509392      2.509460
   4.09278      2.602938      2.603001
   4.15063      2.667875      2.667936
   4.20849      2.691186      2.691248
 
# Band-Index   20
   4.20849      3.095284      3.095284
   4.15063      3.092219      3.092219
   4.09278      3.083725      3.083726
   4.03492      3.072504      3.072505
   3.97706      3.064072      3.064072
   3.91921      3.066073      3.066074
   3.86135      3.084922      3.084922
   3.80349      3.114291      3.114223
   3.74564      3.092355      3.092289
   3.68778      3.101366      3.101303
   3.62992      3.138994      3.138935
   3.57207      3.200187      3.200133
   3.51421      3.278055      3.278006
   3.45635      3.364813      3.364770
   3.39850      3.452622      3.452584
   3.34064      3.534277      3.534243
   3.28279      3.603717      3.603686
   3.22493      3.656335      3.656306
   3.16707      3.689040      3.689012
   3.10922      3.700121      3.700093
   3.10922      3.700121      3.700093
   3.06831      3.696318      3.692839
   3.02739      3.685163      3.671650
   2.98648      3.667379      3.638176
   2.94557      3.644042      3.594957
   2.90466      3.616430      3.545186
   2.86375      3.585862      3.492478
   2.82284      3.553569      3.440699
   2.78193      3.520594      3.393851
   2.74102      3.487739      3.356001
   2.70011      3.455538      3.331174
   2.65920      3.424244      3.323119
   2.61829      3.393837      3.334811
   2.57738      3.340604      3.353583
   2.53647      3.249482      3.288497
   2.49555      3.171151      3.233151
   2.45464      3.108491      3.188878
   2.41373      3.063159      3.156636
   2.37282      3.035858      3.137058
   2.33191      3.026756      3.130494
   2.33191      3.026756      3.130494
   2.29100      3.007762      3.130393
   2.25009      2.976172      3.130077
   2.20918      2.944974      3.129510
   2.16827      2.918520      3.128640
   2.12736      2.899471      3.127415
   2.08645      2.887954      3.125791
   2.04554      2.880751      3.123755
   2.00463      2.872471      3.121322
   1.96372      2.862156      3.118539
   1.92280      2.884169      3.115487
   1.88189      2.919204      3.112272
   1.84098      2.954305      3.109017
   1.80007      2.987651      3.105856
   1.75916      3.018064      3.102919
   1.71825      3.044520      3.100328
   1.67734      3.066124      3.098192
   1.63643      3.082128      3.096600
   1.59552      3.091966      3.095617
   1.55461      3.095284      3.095284
   1.55461      3.095284      3.095284
   1.51370      3.095617      3.091965
   1.47279      3.096599      3.082128
   1.43188      3.098191      3.066126
   1.39096      3.100325      3.044523
   1.35005      3.102914      3.018068
   1.30914      3.105850      2.987658
   1.26823      3.109009      2.954314
   1.22732      3.112260      2.919216
   1.18641      3.115473      2.884181
   1.14550      3.118523      2.862174
   1.10459      3.121303      2.872506
   1.06368      3.123733      2.880787
   1.02277      3.125767      2.887988
   0.98186      3.127388      2.899501
   0.94095      3.128611      2.918547
   0.90004      3.129480      2.945000
   0.85913      3.130045      2.976202
   0.81821      3.130360      3.007807
   0.77730      3.130461      3.026833
   0.77730      3.130461      3.026833
   0.73639      3.137025      3.035936
   0.69548      3.156605      3.063237
   0.65457      3.188848      3.108570
   0.61366      3.233123      3.171230
   0.57275      3.288470      3.249560
   0.53184      3.353559      3.340682
   0.49093      3.334851      3.393806
   0.45002      3.323159      3.424214
   0.40911      3.331214      3.455508
   0.36820      3.356040      3.487710
   0.32729      3.393890      3.520565
   0.28638      3.440736      3.553540
   0.24546      3.492514      3.585834
   0.20455      3.545220      3.616401
   0.16364      3.594989      3.644014
   0.12273      3.638206      3.667351
   0.08182      3.671679      3.685135
   0.04091      3.692867      3.696290
   0.00000      3.700121      3.700093
 
# Band-Index   21
   0.00000      4.131841      4.131856
   0.04091      4.125062      4.125383
   0.08182      4.104930      4.106159
   0.12273      4.072021      4.074764
   0.16364      4.027194      4.032109
   0.20455      3.971560      3.979365
   0.24546      3.906482      3.917876
   0.28638      3.833594      3.849061
   0.32729      3.754811      3.774350
   0.36820      3.672305      3.695122
   0.40911      3.588456      3.612693
   0.45002      3.505754      3.528203
   0.49093      3.426677      3.439104
   0.53184      3.367669      3.363902
   0.57275      3.420363      3.285628
   0.61366      3.488141      3.214815
   0.65457      3.562282      3.154630
   0.69548      3.630625      3.108456
   0.73639      3.679449      3.079323
   0.77730      3.697256      3.069356
   0.77730      3.697256      3.069356
   0.81821      3.696670      3.085830
   0.85913      3.694930      3.110362
   0.90004      3.692089      3.131663
   0.94095      3.688234      3.106913
   0.98186      3.683482      3.063096
   1.02277      3.677974      3.020314
   1.06368      3.671874      2.983624
   1.10459      3.665356      2.958044
   1.14550      3.658609      2.948226
   1.18641      3.651818      2.958054
   1.22732      3.645171      2.990163
   1.26823      3.596492      3.045418
   1.30914      3.514299      3.122455
   1.35005      3.436735      3.211733
   1.39096      3.367072      3.217866
   1.43188      3.308626      3.222331
   1.47279      3.264418      3.225279
   1.51370      3.236859      3.226927
   1.55461      3.227496      3.227454
   1.55461      3.227496      3.227454
   1.59552      3.226969      3.236816
   1.63643      3.225320      3.264370
   1.67734      3.222370      3.308570
   1.71825      3.217902      3.367006
   1.75916      3.211765      3.436657
   1.80007      3.122529      3.514209
   1.84098      3.045492      3.596390
   1.88189      2.990237      3.645144
   1.92280      2.958126      3.651791
   1.96372      2.948294      3.658581
   2.00463      2.958109      3.665329
   2.04554      2.983684      3.671846
   2.08645      3.020368      3.677946
   2.12736      3.063145      3.683454
   2.16827      3.106956      3.688206
   2.20918      3.131679      3.692061
   2.25009      3.110384      3.694901
   2.29100      3.085869      3.696642
   2.33191      3.069428      3.697228
   2.33191      3.069428      3.697228
   2.37282      3.079394      3.679420
   2.41373      3.108526      3.630594
   2.45464      3.154696      3.562249
   2.49555      3.214877      3.488106
   2.53647      3.285686      3.420326
   2.57738      3.363954      3.367630
   2.61829      3.439051      3.426699
   2.65920      3.528223      3.505774
   2.70011      3.612714      3.588475
   2.74102      3.695138      3.672322
   2.78193      3.774361      3.754828
   2.82284      3.849067      3.833610
   2.86375      3.917876      3.906498
   2.90466      3.979361      3.971575
   2.94557      4.032100      4.027209
   2.98648      4.074752      4.072036
   3.02739      4.106145      4.104945
   3.06831      4.125368      4.125077
   3.10922      4.131841      4.131856
   3.10922      4.131841      4.131856
   3.16707      4.118781      4.118794
   3.22493      4.079682      4.079690
   3.28279      4.015203      4.015202
   3.34064      3.927220      3.927211
   3.39850      3.818967      3.818949
   3.45635      3.694988      3.694962
   3.51421      3.561944      3.561911
   3.57207      3.430750      3.430714
   3.62992      3.317811      3.317778
   3.68778      3.233935      3.233915
   3.74564      3.171417      3.171409
   3.80349      3.121403      3.121401
   3.86135      3.166130      3.166061
   3.91921      3.243200      3.243133
   3.97706      3.337296      3.337233
   4.03492      3.301573      3.301527
   4.09278      3.261718      3.261673
   4.15063      3.236288      3.236245
   4.20849      3.227496      3.227454
 
# Band-Index   22
   4.20849      3.615033      3.615007
   4.15063      3.591503      3.591471
   4.09278      3.527157      3.527113
   4.03492      3.436849      3.436794
   3.97706      3.353552      3.353510
   3.91921      3.415985      3.415951
   3.86135      3.487844      3.487823
   3.80349      3.568238      3.568235
   3.74564      3.655594      3.655609
   3.68778      3.747089      3.747121
   3.62992      3.839025      3.839068
   3.57207      3.927935      3.927986
   3.51421      4.011498      4.011555
   3.45635      4.088675      4.088734
   3.39850      4.159270      4.159330
   3.34064      4.223413      4.223472
   3.28279      4.280946      4.281003
   3.22493      4.330201      4.330255
   3.16707      4.365990      4.366043
   3.10922      4.379613      4.379665
   3.10922      4.379613      4.379665
   3.06831      4.367167      4.378532
   3.02739      4.332324      4.375347
   2.98648      4.280248      4.370730
   2.94557      4.215390      4.365611
   2.90466      4.140474      4.361054
   2.86375      4.056986      4.357982
   2.82284      3.965874      4.356821
   2.78193      3.868060      4.357205
   2.74102      3.764781      4.357896
   2.70011      3.657860      4.357103
   2.65920      3.550028      4.353100
   2.61829      3.448643      4.344889
   2.57738      3.364017      4.332587
   2.53647      3.334248      4.317382
   2.49555      3.303898      4.301154
   2.45464      3.272716      4.285980
   2.41373      3.242058      4.273725
   2.37282      3.217034      4.265800
   2.33191      3.206838      4.263063
   2.33191      3.206838      4.263063
   2.29100      3.199699      4.256556
   2.25009      3.179031      4.237391
   2.20918      3.146998      4.206524
   2.16827      3.147901      4.165234
   2.12736      3.158741      4.114849
   2.08645      3.164778      4.056556
   2.04554      3.167493      3.991360
   2.00463      3.169158      3.920142
   1.96372      3.172152      3.843785
   1.92280      3.177821      3.763352
   1.88189      3.185896      3.680254
   1.84098      3.195082      3.638816
   1.80007      3.204015      3.632973
   1.75916      3.217404      3.627765
   1.71825      3.323291      3.623320
   1.67734      3.430159      3.619748
   1.63643      3.524620      3.617135
   1.59552      3.590949      3.615542
   1.55461      3.615033      3.615007
   1.55461      3.615033      3.615007
   1.51370      3.615568      3.590917
   1.47279      3.617161      3.524576
   1.43188      3.619774      3.430102
   1.39096      3.623346      3.323225
   1.35005      3.627791      3.217332
   1.30914      3.633000      3.203987
   1.26823      3.638843      3.195058
   1.22732      3.680365      3.185875
   1.18641      3.763468      3.177803
   1.14550      3.843902      3.172137
   1.10459      3.920254      3.169144
   1.06368      3.991464      3.167480
   1.02277      4.056646      3.164766
   0.98186      4.114923      3.158729
   0.94095      4.165293      3.147888
   0.90004      4.206567      3.146961
   0.85913      4.237422      3.178998
   0.81821      4.256579      3.199668
   0.77730      4.263083      3.206808
   0.77730      4.263083      3.206808
   0.73639      4.265819      3.217004
   0.69548      4.273742      3.242028
   0.65457      4.285992      3.272686
   0.61366      4.301161      3.303868
   0.57275      4.317383      3.334218
   0.53184      4.332581      3.363986
   0.49093      4.344876      3.448621
   0.45002      4.353081      3.550081
   0.40911      4.357079      3.657918
   0.36820      4.357868      3.764839
   0.32729      4.357173      3.868115
   0.28638      4.356786      3.965927
   0.24546      4.357943      4.057037
   0.20455      4.361012      4.140523
   0.16364      4.365565      4.215438
   0.12273      4.370681      4.280296
   0.08182      4.375296      4.332373
   0.04091      4.378480      4.367218
   0.00000      4.379613      4.379665
 
# Band-Index   23
   0.00000      5.097234      5.097201
   0.04091      5.116529      5.118024
   0.08182      5.173416      5.177813
   0.12273      5.265200      5.270869
   0.16364      5.388161      5.391930
   0.20455      5.538157      5.537276
   0.24546      5.710827      5.704318
   0.28638      5.901075      5.890930
   0.32729      6.100599      6.094782
   0.36820      6.285806      6.311888
   0.40911      6.370984      6.527345
   0.45002      6.302758      6.618597
   0.49093      6.187436      6.530027
   0.53184      6.072755      6.427779
   0.57275      5.970387      6.337211
   0.61366      5.884293      6.262114
   0.65457      5.816252      6.203495
   0.69548      5.767181      6.161626
   0.73639      5.737576      6.136533
   0.77730      5.727683      6.128175
   0.77730      5.727683      6.128175
   0.81821      5.737159      6.126908
   0.85913      5.764704      6.121938
   0.90004      5.807472      6.109336
   0.94095      5.859675      6.081549
   0.98186      5.909487      6.028255
   1.02277      5.932475      5.942148
   1.06368      5.895083      5.825069
   1.10459      5.792819      5.685247
   1.14550      5.652018      5.531209
   1.18641      5.493133      5.369797
   1.22732      5.326452      5.206703
   1.26823      5.158177      5.047207
   1.30914      4.993686      4.896509
   1.35005      4.838733      4.759699
   1.39096      4.699638      4.641474
   1.43188      4.582909      4.545785
   1.47279      4.494572      4.475586
   1.51370      4.439479      4.432790
   1.55461      4.420755      4.418420
   1.55461      4.420755      4.418420
   1.59552      4.435155      4.437089
   1.63643      4.478043      4.492012
   1.67734      4.548406      4.580051
   1.71825      4.644339      4.696334
   1.75916      4.762909      4.834811
   1.80007      4.900181      4.988961
   1.84098      5.051475      5.152471
   1.88189      5.211703      5.319632
   1.92280      5.375640      5.485181
   1.96372      5.537921      5.643138
   2.00463      5.692676      5.783682
   2.04554      5.832761      5.887189
   2.08645      5.949292      5.927379
   2.12736      6.033975      5.906751
   2.16827      6.085522      5.858145
   2.20918      6.111906      5.806500
   2.25009      6.123630      5.763995
   2.29100      6.128147      5.736570
   2.33191      6.129277      5.727129
   2.33191      6.129277      5.727129
   2.37282      6.137636      5.737021
   2.41373      6.162736      5.766620
   2.45464      6.204615      5.815683
   2.49555      6.263247      5.883714
   2.53647      6.338358      5.969797
   2.57738      6.428928      6.072161
   2.61829      6.531125      6.186857
   2.65920      6.619307      6.302264
   2.70011      6.527382      6.370766
   2.74102      6.311920      6.285803
   2.78193      6.094818      6.100598
   2.82284      5.890964      5.901064
   2.86375      5.704351      5.710809
   2.90466      5.537307      5.538135
   2.94557      5.391960      5.388136
   2.98648      5.270899      5.265172
   3.02739      5.177845      5.173385
   3.06831      5.118057      5.116496
   3.10922      5.097234      5.097201
   3.10922      5.097234      5.097201
   3.16707      5.137102      5.137070
   3.22493      5.250196      5.250166
   3.28279      5.423536      5.423507
   3.34064      5.644887      5.644858
   3.39850      5.902710      5.902680
   3.45635      6.182626      6.182576
   3.51421      6.428052      6.424937
   3.57207      6.255876      6.249864
   3.62992      6.077562      6.070458
   3.68778      5.906601      5.898583
   3.74564      5.730547      5.722183
   3.80349      5.539331      5.531465
   3.86135      5.330233      5.323564
   3.91921      5.110170      5.104908
   3.97706      4.894315      4.890252
   4.03492      4.701633      4.698414
   4.09278      4.550155      4.547457
   4.15063      4.453770      4.451349
   4.20849      4.420755      4.418420
 
# Band-Index   24
   4.20849      5.249363      5.239475
   4.15063      5.278977      5.268731
   4.09278      5.361230      5.349949
   4.03492      5.481142      5.468305
   3.97706      5.624046      5.609438
   3.91921      5.780630      5.764406
   3.86135      5.947025      5.929619
   3.80349      6.122338      6.104320
   3.74564      6.306087      6.288082
   3.68778      6.496373      6.479061
   3.62992      6.688305      6.672477
   3.57207      6.718665      6.718631
   3.51421      6.496240      6.494306
   3.45635      6.681743      6.677575
   3.39850      6.928356      6.924858
   3.34064      7.196206      7.193305
   3.28279      7.234983      7.234215
   3.22493      7.244444      7.244022
   3.16707      7.253630      7.253358
   3.10922      7.257631      7.257401
   3.10922      7.257631      7.257401
   3.06831      7.256392      7.254365
   3.02739      7.252655      7.245586
   2.98648      7.246355      7.231945
   2.94557      7.237366      7.214594
   2.90466      7.225501      7.194659
   2.86375      7.210576      7.173048
   2.82284      7.192501      7.134865
   2.78193      7.162845      6.956532
   2.74102      7.000646      6.818027
   2.70011      6.867254      6.804788
   2.65920      6.883997      6.968475
   2.61829      7.068375      7.033722
   2.57738      7.042655      7.012419
   2.53647      7.019025      6.993056
   2.49555      6.862222      6.976239
   2.45464      6.623596      6.955084
   2.41373      6.439916      6.771436
   2.37282      6.323454      6.653007
   2.33191      6.283460      6.611967
   2.33191      6.283460      6.611967
   2.29100      6.268829      6.579883
   2.25009      6.230195      6.507513
   2.20918      6.177839      6.422057
   2.16827      6.119740      6.333771
   2.12736      6.059916      6.245488
   2.08645      5.999615      6.157670
   2.04554      5.938707      6.070236
   2.00463      5.876654      5.983241
   1.96372      5.813088      5.897043
   1.92280      5.748051      5.812204
   1.88189      5.681958      5.729295
   1.84098      5.615398      5.648710
   1.80007      5.548925      5.570580
   1.75916      5.482999      5.494898
   1.71825      5.418302      5.422045
   1.67734      5.356651      5.353911
   1.63643      5.302480      5.295332
   1.59552      5.263699      5.254369
   1.55461      5.249363      5.239475
   1.55461      5.249363      5.239475
   1.51370      5.264472      5.253677
   1.47279      5.306007      5.292123
   1.43188      5.365326      5.345917
   1.39096      5.434144      5.407322
   1.35005      5.507451      5.472025
   1.30914      5.583277      5.538260
   1.26823      5.661225      5.605347
   1.22732      5.741319      5.672789
   1.18641      5.823461      5.739970
   1.14550      5.907302      5.806215
   1.10459      5.992330      5.871012
   1.06368      6.078054      5.934231
   1.02277      6.164193      5.996179
   0.98186      6.250761      6.057369
   0.94095      6.337884      6.117935
   0.90004      6.425111      6.176649
   0.85913      6.509574      6.229504
   0.81821      6.581001      6.268495
   0.77730      6.612565      6.283263
   0.77730      6.612565      6.283263
   0.73639      6.653639      6.323243
   0.69548      6.772184      6.439662
   0.65457      6.956095      6.623249
   0.61366      6.980718      6.861688
   0.57275      6.997209      7.014639
   0.53184      7.016195      7.038633
   0.49093      7.037083      7.064763
   0.45002      6.969320      6.883001
   0.40911      6.805783      6.865621
   0.36820      6.819209      6.998991
   0.32729      6.957735      7.161151
   0.28638      7.136096      7.191072
   0.24546      7.174067      7.209489
   0.20455      7.195427      7.224695
   0.16364      7.215163      7.236780
   0.12273      7.232363      7.245932
   0.08182      7.245898      7.252342
   0.04091      7.254615      7.256142
   0.00000      7.257631      7.257401
 
# Band-Index   25
   0.00000      8.077744      8.076841
   0.04091      8.031233      8.024399
   0.08182      7.936373      7.933863
   0.12273      7.832076      7.841986
   0.16364      7.729661      7.755118
   0.20455      7.531657      7.674761
   0.24546      7.330477      7.521058
   0.28638      7.151714      7.336855
   0.32729      7.128771      7.169569
   0.36820      7.105522      7.145385
   0.40911      7.082242      7.119216
   0.45002      7.059279      7.091989
   0.49093      7.199986      7.104652
   0.53184      7.213214      7.211115
   0.57275      7.207462      7.141358
   0.61366      7.189112      6.993709
   0.65457      6.967267      6.976618
   0.69548      6.957313      6.963976
   0.73639      6.951198      6.956218
   0.77730      6.949136      6.953603
   0.77730      6.949136      6.953603
   0.81821      6.977247      6.963649
   0.85913      7.032629      6.923494
   0.90004      6.906485      6.829594
   0.94095      6.756125      6.734418
   0.98186      6.619770      6.654438
   1.02277      6.522700      6.594371
   1.06368      6.495521      6.539512
   1.10459      6.532949      6.466274
   1.14550      6.560537      6.371310
   1.18641      6.471768      6.268676
   1.22732      6.348299      6.169390
   1.26823      6.229752      6.078720
   1.30914      6.122710      5.998938
   1.35005      6.029523      5.930999
   1.39096      5.951628      5.875283
   1.43188      5.890078      5.831925
   1.47279      5.845634      5.800960
   1.51370      5.818789      5.782387
   1.55461      5.809813      5.776197
   1.55461      5.809813      5.776197
   1.59552      5.815918      5.785181
   1.63643      5.834229      5.812061
   1.67734      5.864736      5.856613
   1.71825      5.907402      5.918411
   1.75916      5.962135      5.996789
   1.80007      6.028709      6.090805
   1.84098      6.106600      6.199178
   1.88189      6.194621      6.319910
   1.92280      6.290103      6.447944
   1.96372      6.387201      6.551967
   2.00463      6.474809      6.532858
   2.04554      6.541606      6.492746
   2.08645      6.594439      6.515854
   2.12736      6.655723      6.609833
   2.16827      6.737654      6.744823
   2.20918      6.834100      6.895103
   2.25009      6.928294      7.026847
   2.29100      6.969366      6.972180
   2.33191      6.958866      6.944038
   2.33191      6.958866      6.944038
   2.37282      6.961445      6.946140
   2.41373      6.969095      6.952373
   2.45464      6.981559      6.962522
   2.49555      6.998404      7.187514
   2.53647      7.142300      7.201406
   2.57738      7.216541      7.207671
   2.61829      7.105415      7.198871
   2.65920      7.095159      7.056353
   2.70011      7.121929      7.079753
   2.74102      7.147642      7.103456
   2.78193      7.171392      7.127098
   2.82284      7.338599      7.150392
   2.86375      7.522845      7.329210
   2.90466      7.677002      7.530366
   2.94557      7.756988      7.727855
   2.98648      7.843536      7.830531
   3.02739      7.935138      7.935084
   3.06831      8.025440      8.030185
   3.10922      8.077744      8.076841
   3.10922      8.077744      8.076841
   3.16707      7.972758      7.971549
   3.22493      7.745913      7.744146
   3.28279      7.474932      7.472593
   3.34064      7.224808      7.223276
   3.39850      7.201766      7.198595
   3.45635      7.142612      7.136476
   3.51421      7.030264      7.020311
   3.57207      6.871948      6.858561
   3.62992      6.881573      6.881466
   3.68778      6.922491      6.919115
   3.74564      6.795418      6.775951
   3.80349      6.584999      6.559953
   3.86135      6.379800      6.351993
   3.91921      6.201671      6.171711
   3.97706      6.057410      6.025855
   4.03492      5.947539      5.914937
   4.09278      5.870538      5.837325
   4.15063      5.824924      5.791402
   4.20849      5.809813      5.776197
 
# Band-Index   26
   4.20849      6.276363      6.253260
   4.15063      6.302068      6.279227
   4.09278      6.379453      6.357364
   4.03492      6.508668      6.487658
   3.97706      6.687936      6.667972
   3.91921      6.878784      6.873402
   3.86135      6.942246      6.936326
   3.80349      6.987186      6.979849
   3.74564      7.025424      7.013053
   3.68778      7.125493      7.096696
   3.62992      7.329884      7.297036
   3.57207      7.563343      7.529868
   3.51421      7.816334      7.783277
   3.45635      8.081777      8.052895
   3.39850      8.248126      8.243263
   3.34064      8.273136      8.272257
   3.28279      8.280654      8.279939
   3.22493      8.281974      8.281232
   3.16707      8.273047      8.272282
   3.10922      8.257637      8.256845
   3.10922      8.257637      8.256845
   3.06831      8.315570      8.211370
   3.02739      8.237040      8.090244
   2.98648      8.078771      7.922524
   2.94557      7.899273      7.731225
   2.90466      7.711433      7.631049
   2.86375      7.603808      7.541700
   2.82284      7.536982      7.461124
   2.78193      7.475763      7.390421
   2.74102      7.419125      7.330632
   2.70011      7.365906      7.282552
   2.65920      7.314952      7.246496
   2.61829      7.265324      7.221998
   2.57738      7.360722      7.440327
   2.53647      7.168998      7.447751
   2.49555      7.124135      7.200673
   2.45464      7.084485      7.202966
   2.41373      7.053111      7.206098
   2.37282      7.032953      7.208584
   2.33191      7.026007      7.209515
   2.33191      7.026007      7.209515
   2.29100      6.999161      7.160398
   2.25009      6.990012      7.041934
   2.20918      6.997739      7.066252
   2.16827      6.976255      7.068953
   2.12736      6.926189      7.036613
   2.08645      6.858295      6.983027
   2.04554      6.783505      6.920732
   2.00463      6.709372      6.805586
   1.96372      6.640236      6.718107
   1.92280      6.578104      6.738469
   1.88189      6.523428      6.683962
   1.84098      6.475693      6.631192
   1.80007      6.433859      6.577811
   1.75916      6.396637      6.520559
   1.71825      6.362777      6.456327
   1.67734      6.331591      6.385981
   1.63643      6.304068      6.319026
   1.59552      6.283928      6.270752
   1.55461      6.276363      6.253260
   1.55461      6.276363      6.253260
   1.51370      6.293863      6.261095
   1.47279      6.342111      6.281962
   1.43188      6.408797      6.310427
   1.39096      6.478414      6.342474
   1.35005      6.541610      6.376929
   1.30914      6.597873      6.414435
   1.26823      6.650501      6.456286
   1.22732      6.702759      6.503849
   1.18641      6.756924      6.558281
   1.14550      6.740569      6.620236
   1.10459      6.836223      6.689443
   1.06368      6.937860      6.764094
   1.02277      6.998940      6.840060
   0.98186      7.050499      6.909979
   0.94095      7.079955      6.962949
   0.90004      7.074161      6.987744
   0.85913      7.052367      6.982757
   0.81821      7.169134      6.994676
   0.77730      7.216961      7.021721
   0.77730      7.216961      7.021721
   0.73639      7.215969      7.028610
   0.69548      7.213293      7.048579
   0.65457      7.209848      7.079660
   0.61366      7.207188      7.119022
   0.57275      7.450766      7.163656
   0.53184      7.442274      7.359531
   0.49093      7.227025      7.260000
   0.45002      7.251022      7.309904
   0.40911      7.286603      7.361266
   0.36820      7.334235      7.414973
   0.32729      7.393610      7.472127
   0.28638      7.463922      7.533849
   0.24546      7.544143      7.601144
   0.20455      7.633167      7.709632
   0.16364      7.732517      7.897506
   0.12273      7.923736      8.077116
   0.08182      8.091313      8.235586
   0.04091      8.212256      8.314886
   0.00000      8.257637      8.256845
 
# Band-Index   27
   0.00000      8.395886      8.394807
   0.04091      8.448545      8.351097
   0.08182      8.500276      8.421885
   0.12273      8.529005      8.520387
   0.16364      8.566588      8.534774
   0.20455      8.568771      8.529372
   0.24546      8.529608      8.496420
   0.28638      8.464786      8.436804
   0.32729      8.381919      8.356730
   0.36820      8.287656      8.261155
   0.40911      8.184571      8.146948
   0.45002      8.067980      7.989571
   0.49093      7.919006      7.747234
   0.53184      7.709195      7.445935
   0.57275      7.667007      7.610728
   0.61366      7.836007      7.825606
   0.65457      7.920562      7.896100
   0.69548      7.919436      7.832201
   0.73639      7.897999      7.795041
   0.77730      7.890962      7.782872
   0.77730      7.890962      7.782872
   0.81821      7.886977      7.725603
   0.85913      7.862467      7.606926
   0.90004      7.703556      7.463609
   0.94095      7.523758      7.309995
   0.98186      7.340978      7.157961
   1.02277      7.161892      7.020689
   1.06368      6.990974      6.915834
   1.10459      6.875033      6.858516
   1.14550      6.814279      6.838945
   1.18641      6.779664      6.830151
   1.22732      6.844428      6.813936
   1.26823      6.872415      6.786386
   1.30914      6.854405      6.751421
   1.35005      6.806270      6.714376
   1.39096      6.747741      6.679512
   1.43188      6.692842      6.649813
   1.47279      6.649747      6.627301
   1.51370      6.622661      6.613292
   1.55461      6.613459      6.608540
   1.55461      6.613459      6.608540
   1.59552      6.618261      6.617781
   1.63643      6.632424      6.644976
   1.67734      6.655200      6.688227
   1.71825      6.685287      6.743301
   1.75916      6.720701      6.801996
   1.80007      6.758530      6.850254
   1.84098      6.794646      6.868196
   1.88189      6.823951      6.839438
   1.92280      6.842912      6.771435
   1.96372      6.856036      6.796109
   2.00463      6.881730      6.857238
   2.04554      6.944525      6.961804
   2.08645      7.051048      7.134013
   2.12736      7.187339      7.313839
   2.16827      7.337519      7.496766
   2.20918      7.488853      7.676033
   2.25009      7.629122      7.833701
   2.29100      7.743144      7.866151
   2.33191      7.796326      7.870464
   2.33191      7.796326      7.870464
   2.37282      7.808345      7.877557
   2.41373      7.845574      7.899180
   2.45464      7.909740      7.906753
   2.49555      7.834007      7.828812
   2.53647      7.613496      7.662940
   2.57738      7.447900      7.702776
   2.61829      7.752125      7.907413
   2.65920      8.000437      8.053093
   2.70011      8.161646      8.168742
   2.74102      8.276342      8.272126
   2.78193      8.370908      8.367455
   2.82284      8.449108      8.452038
   2.86375      8.506242      8.519166
   2.90466      8.536497      8.560956
   2.94557      8.539548      8.563815
   2.98648      8.523508      8.526842
   3.02739      8.422427      8.498500
   3.06831      8.352303      8.447592
   3.10922      8.395885      8.394807
   3.10922      8.395885      8.394807
   3.16707      8.409930      8.408876
   3.22493      8.441524      8.440533
   3.28279      8.476567      8.474804
   3.34064      8.400759      8.388071
   3.39850      8.292957      8.275990
   3.45635      8.211488      8.191999
   3.51421      8.182709      8.161164
   3.57207      8.176805      8.151572
   3.62992      8.120291      8.091023
   3.68778      7.962708      7.933606
   3.74564      7.723716      7.698237
   3.80349      7.448073      7.426103
   3.86135      7.170043      7.150061
   3.91921      6.911722      6.892268
   3.97706      6.803283      6.798129
   4.03492      6.728942      6.723907
   4.09278      6.667525      6.662559
   4.15063      6.627384      6.622454
   4.20849      6.613459      6.608540
 
# Band-Index   28
   4.20849      6.852788      6.851601
   4.15063      6.896033      6.894857
   4.09278      7.021554      7.020373
   4.03492      7.218437      7.217139
   3.97706      7.472548      7.470803
   3.91921      7.695345      7.694709
   3.86135      7.906494      7.906477
   3.80349      8.039118      8.034522
   3.74564      8.147799      8.142726
   3.68778      8.246984      8.243605
   3.62992      8.243544      8.242275
   3.57207      8.234741      8.233613
   3.51421      8.261053      8.259131
   3.45635      8.294443      8.289318
   3.39850      8.414027      8.394431
   3.34064      8.496103      8.494135
   3.28279      8.482359      8.475653
   3.22493      8.506063      8.502494
   3.16707      8.488085      8.486312
   3.10922      8.475944      8.474450
   3.10922      8.475944      8.474450
   3.06831      8.482744      8.480588
   3.02739      8.500885      8.543512
   2.98648      8.540507      8.563837
   2.94557      8.582429      8.573914
   2.90466      8.617777      8.607577
   2.86375      8.661643      8.656535
   2.82284      8.714047      8.709314
   2.78193      8.774140      8.764410
   2.74102      8.808948      8.719734
   2.70011      8.689513      8.600598
   2.65920      8.436255      8.497864
   2.61829      8.233853      8.411336
   2.57738      8.115347      8.212767
   2.53647      8.035060      8.077668
   2.49555      7.975422      7.993193
   2.45464      7.930999      7.936620
   2.41373      7.899909      7.926148
   2.37282      7.881437      7.927134
   2.33191      7.875304      7.926167
   2.33191      7.875304      7.926167
   2.29100      7.874166      7.918328
   2.25009      7.879898      7.863387
   2.20918      7.912196      7.885215
   2.16827      7.958464      7.947460
   2.12736      7.857590      8.040271
   2.08645      7.761501      8.115988
   2.04554      7.677788      7.980350
   2.00463      7.614263      7.857247
   1.96372      7.579403      7.752571
   1.92280      7.578249      7.674359
   1.88189      7.600863      7.629449
   1.84098      7.607417      7.594255
   1.80007      7.554771      7.511792
   1.75916      7.463981      7.370292
   1.71825      7.292098      7.168078
   1.67734      7.105637      7.017026
   1.63643      6.965681      6.919807
   1.59552      6.880898      6.867763
   1.55461      6.852788      6.851601
   1.55461      6.852788      6.851601
   1.51370      6.868715      6.879474
   1.47279      6.920197      6.963491
   1.43188      7.016995      7.101961
   1.39096      7.168408      7.285574
   1.35005      7.372449      7.463031
   1.30914      7.513255      7.554404
   1.26823      7.596759      7.607383
   1.22732      7.632991      7.600317
   1.18641      7.678141      7.577097
   1.14550      7.756289      7.577784
   1.10459      7.860795      7.612160
   1.06368      7.983689      7.675089
   1.02277      8.119100      7.758004
   0.98186      8.062779      7.852924
   0.94095      7.968501      7.951873
   0.90004      7.906469      7.891353
   0.85913      7.884713      7.858781
   0.81821      7.947582      7.853202
   0.77730      7.951339      7.854513
   0.77730      7.951339      7.854513
   0.73639      7.951172      7.860687
   0.69548      7.946524      7.879290
   0.65457      7.956492      7.910621
   0.61366      8.012307      7.955456
   0.57275      8.095114      8.015814
   0.53184      8.226476      8.097555
   0.49093      8.443176      8.219572
   0.45002      8.532195      8.428753
   0.40911      8.636091      8.638348
   0.36820      8.755459      8.758958
   0.32729      8.774141      8.764488
   0.28638      8.716263      8.706972
   0.24546      8.661557      8.656351
   0.20455      8.611266      8.613747
   0.16364      8.579289      8.579302
   0.12273      8.567406      8.540086
   0.08182      8.545982      8.498748
   0.04091      8.482150      8.481101
   0.00000      8.475944      8.474450
 
# Band-Index   29
   0.00000      8.520631      8.518886
   0.04091      8.527655      8.522650
   0.08182      8.561499      8.533941
   0.12273      8.694757      8.552782
   0.16364      8.834958      8.661429
   0.20455      8.974925      8.781851
   0.24546      9.104120      8.897188
   0.28638      9.034397      8.999162
   0.32729      8.888698      8.892663
   0.36820      8.833271      8.825965
   0.40911      8.798642      8.741381
   0.45002      8.700581      8.531916
   0.49093      8.446328      8.439492
   0.53184      8.383690      8.264670
   0.57275      8.356290      8.112172
   0.61366      8.387306      7.988942
   0.65457      8.338595      7.952198
   0.69548      8.300526      7.991964
   0.73639      8.277242      7.998726
   0.77730      8.269410      7.999020
   0.77730      8.269410      7.999020
   0.81821      8.251827      8.042113
   0.85913      8.309299      8.084598
   0.90004      8.449795      8.041683
   0.94095      8.405721      7.961682
   0.98186      8.261882      8.056650
   1.02277      8.156574      8.141052
   1.06368      8.207842      8.175887
   1.10459      8.199057      8.153117
   1.14550      8.146980      8.093269
   1.18641      8.070337      8.014698
   1.22732      7.971757      7.924752
   1.26823      7.826105      7.819420
   1.30914      7.608581      7.679966
   1.35005      7.413758      7.491817
   1.39096      7.330415      7.370602
   1.43188      7.268269      7.293413
   1.47279      7.225879      7.236944
   1.51370      7.201285      7.202836
   1.55461      7.193225      7.191454
   1.55461      7.193225      7.191454
   1.59552      7.204584      7.199542
   1.63643      7.238621      7.224220
   1.67734      7.294960      7.266741
   1.71825      7.371929      7.329042
   1.75916      7.504475      7.412486
   1.80007      7.704047      7.600902
   1.84098      7.854094      7.804356
   1.88189      7.964428      7.937401
   1.92280      8.056252      8.031445
   1.96372      8.135034      8.107064
   2.00463      8.193245      8.160554
   2.04554      8.211405      8.173926
   2.08645      8.169503      8.129342
   2.12736      8.079624      8.259001
   2.16827      7.982567      8.403067
   2.20918      8.051919      8.438831
   2.25009      8.102168      8.301688
   2.29100      8.068078      8.250472
   2.33191      8.031988      8.288002
   2.33191      8.031988      8.288002
   2.37282      8.030446      8.294653
   2.41373      8.022386      8.318619
   2.45464      7.974626      8.344438
   2.49555      8.002072      8.359707
   2.53647      8.125879      8.331468
   2.57738      8.280866      8.351190
   2.61829      8.460405      8.435094
   2.65920      8.583853      8.745614
   2.70011      8.743904      8.777605
   2.74102      8.839425      8.819548
   2.78193      8.931837      8.855413
   2.82284      9.001187      9.000647
   2.86375      8.897660      9.102534
   2.90466      8.782142      8.974508
   2.94557      8.661760      8.834491
   2.98648      8.555273      8.694156
   3.02739      8.536009      8.560733
   3.06831      8.524475      8.525743
   3.10922      8.520631      8.518886
   3.10922      8.520631      8.518886
   3.16707      8.531510      8.529559
   3.22493      8.567908      8.565950
   3.28279      8.642550      8.640786
   3.34064      8.751575      8.749824
   3.39850      8.592171      8.578507
   3.45635      8.530407      8.527156
   3.51421      8.478398      8.477112
   3.57207      8.446091      8.445327
   3.62992      8.435121      8.434259
   3.68778      8.413075      8.412499
   3.74564      8.343817      8.343738
   3.80349      8.159863      8.158507
   3.86135      8.026029      8.019694
   3.91921      7.768056      7.764645
   3.97706      7.513271      7.512232
   4.03492      7.371443      7.370101
   4.09278      7.271575      7.270002
   4.15063      7.212657      7.210937
   4.20849      7.193225      7.191454
 
# Band-Index   30
   4.20849      7.767433      7.726834
   4.15063      7.780007      7.739515
   4.09278      7.817820      7.777678
   4.03492      7.881232      7.841783
   3.97706      7.971267      7.933138
   3.91921      8.074926      8.056153
   3.86135      8.078451      8.066496
   3.80349      8.335237      8.308284
   3.74564      8.556564      8.530104
   3.68778      8.801746      8.779648
   3.62992      8.933786      8.927280
   3.57207      9.128996      9.120200
   3.51421      9.246466      9.244590
   3.45635      9.056948      9.055102
   3.39850      8.890560      8.888768
   3.34064      8.820266      8.784458
   3.28279      9.165321      9.128244
   3.22493      9.527555      9.492132
   3.16707      9.727653      9.710225
   3.10922      9.686161      9.674753
   3.10922      9.686161      9.674753
   3.06831      9.716361      9.699963
   3.02739      9.758003      9.718893
   2.98648      9.700761      9.636348
   2.94557      9.558972      9.486266
   2.90466      9.395835      9.319736
   2.86375      9.232674      9.154809
   2.82284      9.076985      9.125141
   2.78193      9.050283      9.014192
   2.74102      9.101964      8.881250
   2.70011      8.904845      8.871064
   2.65920      8.729618      8.696596
   2.61829      8.512580      8.600686
   2.57738      8.413634      8.532785
   2.53647      8.364630      8.472987
   2.49555      8.364370      8.444970
   2.45464      8.455492      8.603871
   2.41373      8.560698      8.746058
   2.37282      8.605310      8.788468
   2.33191      8.613295      8.798677
   2.33191      8.613295      8.798677
   2.29100      8.475213      8.732133
   2.25009      8.430819      8.656070
   2.20918      8.502257      8.543177
   2.16827      8.633040      8.606146
   2.12736      8.772376      8.748275
   2.08645      8.878808      8.820139
   2.04554      8.870153      8.773600
   2.00463      8.729374      8.618631
   1.96372      8.545263      8.410305
   1.92280      8.360377      8.192914
   1.88189      8.205206      8.001782
   1.84098      8.125044      7.892694
   1.80007      8.120758      7.929755
   1.75916      7.975034      7.883697
   1.71825      7.887635      7.823020
   1.67734      7.831475      7.779817
   1.63643      7.795075      7.750128
   1.59552      7.774243      7.732627
   1.55461      7.767433      7.726834
   1.55461      7.767433      7.726834
   1.51370      7.773227      7.733757
   1.47279      7.790716      7.754997
   1.43188      7.820307      7.792366
   1.39096      7.863121      7.850820
   1.35005      7.922451      7.943834
   1.30914      7.932568      8.100490
   1.26823      7.894483      8.116881
   1.22732      8.002668      8.197560
   1.18641      8.193662      8.353142
   1.14550      8.411172      8.538248
   1.10459      8.619708      8.723052
   1.06368      8.775259      8.866096
   1.02277      8.823955      8.874240
   0.98186      8.754712      8.764286
   0.94095      8.615419      8.621302
   0.90004      8.546241      8.485676
   0.85913      8.655989      8.411142
   0.81821      8.697432      8.452050
   0.77730      8.674351      8.520597
   0.77730      8.674351      8.520597
   0.73639      8.654310      8.525069
   0.69548      8.588987      8.538569
   0.65457      8.483138      8.409198
   0.61366      8.390311      8.324750
   0.57275      8.453973      8.323325
   0.53184      8.527829      8.369162
   0.49093      8.610306      8.441192
   0.45002      8.749758      8.617397
   0.40911      8.890319      8.769341
   0.36820      8.904911      8.893761
   0.32729      9.019137      9.005433
   0.28638      9.131316      9.038353
   0.24546      9.190775      9.194454
   0.20455      9.354809      9.358122
   0.16364      9.519832      9.522772
   0.12273      9.666824      9.668580
   0.08182      9.740925      9.736805
   0.04091      9.713361      9.703252
   0.00000      9.686162      9.674755
 
# Band-Index   31
   0.00000      9.901166      9.885809
   0.04091      9.881190      9.861327
   0.08182      9.832772      9.801386
   0.12273      9.781028      9.733259
   0.16364      9.613140      9.579474
   0.20455      9.451923      9.422819
   0.24546      9.309077      9.278622
   0.28638      9.269083      9.149055
   0.32729      9.360464      9.102094
   0.36820      9.435488      9.101492
   0.40911      9.109966      8.885850
   0.45002      8.940318      8.876951
   0.49093      8.978020      8.770719
   0.53184      9.000818      8.694938
   0.57275      9.010382      8.637840
   0.61366      9.011047      8.594098
   0.65457      8.975724      8.561386
   0.69548      8.934688      8.547431
   0.73639      8.910988      8.652971
   0.77730      8.903244      8.688695
   0.77730      8.903244      8.688695
   0.81821      8.924531      8.796626
   0.85913      9.006304      8.958804
   0.90004      8.993860      8.945903
   0.94095      8.961874      8.915776
   0.98186      8.926771      8.886739
   1.02277      8.918667      8.890900
   1.06368      8.968366      8.956226
   1.10459      9.053945      9.059572
   1.14550      8.992519      9.081664
   1.18641      8.719552      8.903886
   1.22732      8.413332      8.623702
   1.26823      8.160715      8.337971
   1.30914      8.009471      8.151253
   1.35005      8.067676      8.271342
   1.39096      8.242642      8.430086
   1.43188      8.429414      8.599139
   1.47279      8.608002      8.757454
   1.51370      8.756786      8.838011
   1.55461      8.830559      8.830549
   1.55461      8.830559      8.830549
   1.59552      8.838025      8.752326
   1.63643      8.773265      8.603128
   1.67734      8.610626      8.425202
   1.71825      8.439331      8.239008
   1.75916      8.279597      8.064440
   1.80007      8.159376      7.975542
   1.84098      8.348147      8.140127
   1.88189      8.629471      8.404632
   1.92280      8.908728      8.714562
   1.96372      9.088406      8.986648
   2.00463      9.070683      9.042612
   2.04554      8.974280      8.949679
   2.08645      8.918651      8.890399
   2.12736      8.923326      8.890076
   2.16827      8.958680      8.919063
   2.20918      8.993583      8.946279
   2.25009      9.010382      8.954831
   2.29100      9.010310      8.948113
   2.33191      9.009105      8.951252
   2.33191      9.009105      8.951252
   2.37282      9.010285      8.947410
   2.41373      9.015345      8.950913
   2.45464      9.017824      8.955946
   2.49555      9.029966      8.961396
   2.53647      9.033446      8.963913
   2.57738      9.027245      8.959721
   2.61829      9.004690      8.944030
   2.65920      8.962661      8.914074
   2.70011      8.980409      9.107663
   2.74102      9.115605      9.456116
   2.78193      9.111853      9.392849
   2.82284      9.186467      9.272850
   2.86375      9.316976      9.278232
   2.90466      9.461322      9.419342
   2.94557      9.617381      9.581456
   2.98648      9.752047      9.762323
   3.02739      9.819009      9.815291
   3.06831      9.877442      9.865146
   3.10922      9.901173      9.885809
   3.10922      9.901173      9.885809
   3.16707      9.855738      9.838657
   3.22493      9.741402      9.719850
   3.28279      9.634017      9.608855
   3.34064      9.583020      9.554786
   3.39850      9.554338      9.520781
   3.45635      9.466750      9.443344
   3.51421      9.312104      9.303406
   3.57207      9.234652      9.200985
   3.62992      9.067231      9.043990
   3.68778      8.845497      8.844092
   3.74564      8.734906      8.733840
   3.80349      8.530546      8.524213
   3.86135      8.257507      8.232982
   3.91921      8.091287      8.068955
   3.97706      8.203957      8.197969
   4.03492      8.382010      8.375586
   4.09278      8.578309      8.571215
   4.15063      8.751977      8.745946
   4.20849      8.830559      8.830549
 
# Band-Index   32
   4.20849      8.967731      8.935084
   4.15063      8.953268      8.935848
   4.09278      8.923111      8.915391
   4.03492      8.880735      8.876583
   3.97706      8.829342      8.826775
   3.91921      8.774297      8.772516
   3.86135      8.723458      8.722045
   3.80349      8.693305      8.691980
   3.74564      8.884743      8.882393
   3.68778      9.016662      9.010735
   3.62992      9.261842      9.258923
   3.57207      9.405403      9.404408
   3.51421      9.359296      9.320871
   3.45635      9.481929      9.459721
   3.39850      9.649215      9.643684
   3.34064      9.879467      9.874657
   3.28279     10.099243     10.091502
   3.22493     10.043324     10.029330
   3.16707     10.045617     10.016299
   3.10922     10.302745     10.271715
   3.10922     10.302745     10.271715
   3.06831     10.150667     10.137093
   3.02739      9.963742      9.939064
   2.98648      9.784964      9.758551
   2.94557      9.700748      9.731980
   2.90466      9.680650      9.742008
   2.86375      9.688672      9.795578
   2.82284      9.665765      9.763471
   2.78193      9.450290      9.703163
   2.74102      9.562604      9.493734
   2.70011      9.507438      9.478127
   2.65920      9.433491      9.452368
   2.61829      9.344292      9.351558
   2.57738      9.255913      9.244185
   2.53647      9.226761      9.167168
   2.49555      9.188874      9.128495
   2.45464      9.211037      9.155402
   2.41373      9.280648      9.285568
   2.37282      9.439595      9.490060
   2.33191      9.663842      9.682960
   2.33191      9.663842      9.682960
   2.29100      9.672674      9.678814
   2.25009      9.639029      9.691820
   2.20918      9.554832      9.687457
   2.16827      9.458043      9.580741
   2.12736      9.351944      9.543470
   2.08645      9.238417      9.492307
   2.04554      9.194602      9.455425
   2.00463      9.236170      9.436248
   1.96372      9.281601      9.407724
   1.92280      9.306183      9.363602
   1.88189      9.252583      9.310205
   1.84098      9.163647      9.254238
   1.80007      9.081697      9.200056
   1.75916      9.008784      9.149953
   1.71825      8.946652      9.104608
   1.67734      8.896764      9.063024
   1.63643      8.860284      9.021767
   1.59552      8.905758      8.974605
   1.55461      8.967731      8.935084
   1.55461      8.967731      8.935084
   1.51370      9.002734      8.881829
   1.47279      9.049269      8.860270
   1.43188      9.090844      8.896754
   1.39096      9.132556      8.946643
   1.35005      9.177715      9.008776
   1.30914      9.227324      9.081690
   1.26823      9.280699      9.163640
   1.22732      9.335523      9.252574
   1.18641      9.387436      9.289948
   1.14550      9.429893      9.266700
   1.10459      9.457038      9.221179
   1.06368      9.475781      9.176883
   1.02277      9.512609      9.219816
   0.98186      9.541426      9.334607
   0.94095      9.425410      9.387031
   0.90004      9.232833      9.189679
   0.85913      9.046259      8.981965
   0.81821      9.002023      8.955622
   0.77730      8.997463      8.951559
   0.77730      8.997463      8.951559
   0.73639      8.998809      8.953718
   0.69548      9.002477      8.959860
   0.65457      9.007282      8.968891
   0.61366      9.036293      8.978721
   0.57275      9.118935      8.985843
   0.53184      9.225010      8.985002
   0.49093      9.348889      8.969880
   0.45002      9.452403      8.936229
   0.40911      9.473540      9.017351
   0.36820      9.494878      9.115926
   0.32729      9.746775      9.450110
   0.28638      9.808028      9.657523
   0.24546      9.815193      9.672807
   0.20455      9.761349      9.662413
   0.16364      9.751247      9.681690
   0.12273      9.787643      9.748095
   0.08182      9.974225      9.927756
   0.04091     10.171531     10.115744
   0.00000     10.302631     10.271391
 
# Band-Index   33
   0.00000     10.357119     10.324069
   0.04091     10.247854     10.255517
   0.08182     10.189071     10.177490
   0.12273     10.195719     10.189591
   0.16364     10.079618     10.075850
   0.20455      9.975446      9.971355
   0.24546      9.884637      9.878090
   0.28638      9.896385      9.797571
   0.32729      9.815853      9.731967
   0.36820      9.688426      9.592830
   0.40911      9.572431      9.536202
   0.45002      9.469866      9.542686
   0.49093      9.382712      9.452634
   0.53184      9.313708      9.378331
   0.57275      9.267638      9.322666
   0.61366      9.253813      9.291146
   0.65457      9.289829      9.295213
   0.69548      9.398597      9.356258
   0.73639      9.583906      9.495768
   0.77730      9.780627      9.663814
   0.77730      9.780627      9.663814
   0.81821      9.777161      9.672647
   0.85913      9.756191      9.670026
   0.90004      9.727420      9.580979
   0.94095      9.691861      9.501203
   0.98186      9.650161      9.668282
   1.02277      9.603277      9.695095
   1.06368      9.552465      9.621925
   1.10459      9.499135      9.534950
   1.14550      9.444750      9.441429
   1.18641      9.390750      9.346137
   1.22732      9.338489      9.291991
   1.26823      9.289256      9.278895
   1.30914      9.244202      9.256942
   1.35005      9.204332      9.230972
   1.39096      9.170513      9.204129
   1.43188      9.143462      9.177813
   1.47279      9.123739      9.151572
   1.51370      9.111743      9.124387
   1.55461      9.107718      9.107681
   1.55461      9.107718      9.107681
   1.59552      9.133051      9.111706
   1.63643      9.168042      9.123701
   1.67734      9.198055      9.143423
   1.71825      9.225882      9.170473
   1.75916      9.252896      9.204291
   1.80007      9.278143      9.244160
   1.84098      9.298734      9.289213
   1.88189      9.310058      9.338441
   1.92280      9.346142      9.390693
   1.96372      9.441430      9.444699
   2.00463      9.534950      9.499085
   2.04554      9.621925      9.552414
   2.08645      9.695097      9.603227
   2.12736      9.742828      9.650123
   2.16827      9.752602      9.691822
   2.20918      9.729660      9.727395
   2.25009      9.697135      9.756144
   2.29100      9.700930      9.777117
   2.33191      9.684298      9.785859
   2.33191      9.684298      9.785859
   2.37282      9.907241      9.772612
   2.41373     10.004335      9.736497
   2.45464      9.965640      9.686107
   2.49555      9.892387      9.634625
   2.53647      9.811911      9.592578
   2.57738      9.727081      9.567253
   2.61829      9.647766      9.561808
   2.65920      9.579421      9.612486
   2.70011      9.577648      9.644136
   2.74102      9.655206      9.661893
   2.78193      9.777133      9.864511
   2.82284      9.843743      9.876861
   2.86375      9.924152      9.840069
   2.90466     10.016457      9.931788
   2.94557     10.119340     10.037444
   2.98648     10.230886     10.155524
   3.02739     10.205162     10.171044
   3.06831     10.289443     10.219081
   3.10922     10.356871     10.324830
   3.10922     10.356871     10.324830
   3.16707     10.336151     10.304378
   3.22493     10.340631     10.305988
   3.28279     10.313642     10.280640
   3.34064     10.291751     10.261546
   3.39850     10.250619     10.228640
   3.45635     10.127574     10.123798
   3.51421      9.836321      9.835177
   3.57207      9.547813      9.546372
   3.62992      9.288423      9.283090
   3.68778      9.219349      9.215667
   3.74564      9.089992      9.083788
   3.80349      9.289679      9.279933
   3.86135      9.369292      9.353300
   3.91921      9.348650      9.328953
   3.97706      9.296852      9.275809
   4.03492      9.240870      9.220448
   4.09278      9.188020      9.170874
   4.15063      9.138066      9.128986
   4.20849      9.107718      9.107681
 
# Band-Index   34
   4.20849      9.968423      9.967592
   4.15063     10.019775     10.018453
   4.09278     10.138541     10.135688
   4.03492     10.263033     10.257768
   3.97706     10.343767     10.335713
   3.91921     10.328297     10.318382
   3.86135     10.162637     10.152967
   3.80349      9.939743      9.937119
   3.74564      9.659364      9.656464
   3.68778      9.490914      9.488536
   3.62992      9.721488      9.720992
   3.57207      9.573239      9.572033
   3.51421      9.846742      9.846230
   3.45635     10.137497     10.131238
   3.39850     10.337587     10.325032
   3.34064     10.394620     10.371756
   3.28279     10.380991     10.359399
   3.22493     10.355753     10.325561
   3.16707     10.417518     10.382359
   3.10922     10.404067     10.369095
   3.10922     10.404067     10.369095
   3.06831     10.450725     10.403778
   3.02739     10.346306     10.282073
   2.98648     10.252560     10.278174
   2.94557     10.387436     10.419717
   2.90466     10.361108     10.358954
   2.86375     10.248862     10.247702
   2.82284     10.061662     10.152145
   2.78193      9.799302     10.014776
   2.74102      9.727667      9.950075
   2.70011      9.700836      9.762473
   2.65920      9.717152      9.665935
   2.61829      9.769493      9.717547
   2.57738      9.851538      9.795713
   2.53647      9.943498      9.883386
   2.49555     10.057940      9.981147
   2.45464     10.091323     10.118707
   2.41373     10.120549     10.268315
   2.37282     10.044671     10.070246
   2.33191     10.037945      9.875114
   2.33191     10.037945      9.875114
   2.29100     10.016438      9.890532
   2.25009      9.998801      9.931579
   2.20918      9.949777      9.994308
   2.16827     10.082714     10.036919
   2.12736      9.798128     10.183456
   2.08645      9.948556      9.953001
   2.04554     10.201825      9.940832
   2.00463      9.969169      9.659166
   1.96372      9.836636      9.573935
   1.92280      9.930192      9.746582
   1.88189     10.150143      9.998693
   1.84098     10.388306     10.258013
   1.80007     10.359935     10.458672
   1.75916     10.284209     10.371998
   1.71825     10.206329     10.275311
   1.67734     10.126603     10.172644
   1.63643     10.050529     10.073770
   1.59552      9.991488      9.997311
   1.55461      9.968423      9.967592
   1.55461      9.968423      9.967592
   1.51370      9.998352      9.990388
   1.47279     10.075439     10.048593
   1.43188     10.175309     10.123301
   1.39096     10.279252     10.201242
   1.35005     10.377426     10.277008
   1.30914     10.465772     10.350340
   1.26823     10.262673     10.383154
   1.22732     10.002825     10.145882
   1.18641      9.750862      9.926063
   1.14550      9.577716      9.833182
   1.10459      9.660810      9.966025
   1.06368      9.942745     10.163998
   1.02277      9.952470      9.909901
   0.98186      9.795219      9.742820
   0.94095      9.786378      9.752593
   0.90004      9.825860      9.729640
   0.85913      9.827279      9.697148
   0.81821      9.797956      9.741278
   0.77730      9.785944      9.755442
   0.77730      9.785944      9.755442
   0.73639      9.774987      9.760356
   0.69548      9.746129      9.774960
   0.65457      9.708206      9.798811
   0.61366      9.670271      9.831058
   0.57275      9.639189      9.831105
   0.53184      9.619800      9.744087
   0.49093      9.619423      9.658739
   0.45002      9.671937      9.582118
   0.40911      9.680763      9.646641
   0.36820      9.703074      9.685013
   0.32729      9.865091      9.798264
   0.28638      9.952006     10.023049
   0.24546     10.092021     10.157261
   0.20455     10.223834     10.273441
   0.16364     10.302748     10.309028
   0.12273     10.245840     10.223563
   0.08182     10.319862     10.307825
   0.04091     10.438649     10.415713
   0.00000     10.404362     10.368769
 
# Band-Index   35
   0.00000     10.500135     10.467454
   0.04091     10.593154     10.522400
   0.08182     10.730273     10.675432
   0.12273     10.663488     10.664119
   0.16364     10.602097     10.552523
   0.20455     10.474166     10.425880
   0.24546     10.363059     10.279797
   0.28638     10.274519     10.061913
   0.32729     10.045597      9.889395
   0.36820     10.050959      9.762867
   0.40911      9.828446      9.662741
   0.45002      9.685294      9.673151
   0.49093      9.722103      9.723077
   0.53184      9.793431      9.813405
   0.57275      9.896410      9.870227
   0.61366      9.887639      9.914805
   0.65457      9.853477      9.988574
   0.69548      9.828364     10.043266
   0.73639      9.813040      9.981059
   0.77730      9.807893      9.772742
   0.77730      9.807893      9.772742
   0.81821      9.818502      9.767475
   0.85913      9.859094      9.811537
   0.90004      9.945134      9.901063
   0.94095     10.078208     10.036427
   0.98186     10.183421     10.173880
   1.02277     10.219082     10.269996
   1.06368     10.158032     10.195002
   1.10459     10.376478     10.427831
   1.14550     10.573044     10.654845
   1.18641     10.638942     10.586709
   1.22732     10.605079     10.501284
   1.26823     10.542603     10.423773
   1.30914     10.468308     10.543916
   1.35005     10.562952     10.591303
   1.39096     10.582064     10.587562
   1.43188     10.575978     10.571448
   1.47279     10.565107     10.555779
   1.51370     10.556775     10.545188
   1.55461     10.553751     10.541492
   1.55461     10.553751     10.541492
   1.59552     10.557421     10.544548
   1.63643     10.567927     10.552995
   1.67734     10.583407     10.564123
   1.71825     10.599113     10.570790
   1.75916     10.601855     10.553115
   1.80007     10.551982     10.461367
   1.84098     10.436017     10.533600
   1.88189     10.516416     10.593687
   1.92280     10.605098     10.623385
   1.96372     10.683737     10.547018
   2.00463     10.463922     10.343569
   2.04554     10.201030     10.123978
   2.08645     10.270004     10.210593
   2.12736     10.173889     10.196304
   2.16827     10.128229     10.078173
   2.20918     10.082399      9.923575
   2.25009     10.142670     10.257323
   2.29100     10.158119     10.299211
   2.33191     10.164029     10.331657
   2.33191     10.164029     10.331657
   2.37282     10.152983     10.331933
   2.41373     10.229953     10.329971
   2.45464     10.225606     10.348744
   2.49555     10.067664     10.330108
   2.53647     10.053548     10.307223
   2.57738     10.031642     10.268740
   2.61829     10.038401     10.212053
   2.65920     10.058845     10.160248
   2.70011     10.057577     10.054753
   2.74102     10.043132     10.043154
   2.78193     10.023211     10.074442
   2.82284     10.125156     10.320991
   2.86375     10.425863     10.711602
   2.90466     10.720655     10.839016
   2.94557     10.654884     10.648840
   2.98648     10.698877     10.686005
   3.02739     10.706331     10.748883
   3.06831     10.554100     10.562241
   3.10922     10.500144     10.467452
   3.10922     10.500144     10.467452
   3.16707     10.565960     10.533790
   3.22493     10.528127     10.516105
   3.28279     10.390755     10.364285
   3.34064     10.492434     10.463453
   3.39850     10.559899     10.531919
   3.45635     10.444151     10.433363
   3.51421     10.230016     10.226757
   3.57207     10.041670     10.040372
   3.62992      9.739196      9.737404
   3.68778      9.900002      9.893871
   3.74564      9.893123      9.883201
   3.80349      9.964409      9.953660
   3.86135     10.246281     10.242928
   3.91921     10.497187     10.490915
   3.97706     10.597799     10.587903
   4.03492     10.599672     10.588240
   4.09278     10.578423     10.566439
   4.15063     10.560405     10.548205
   4.20849     10.553751     10.541492
 
# Band-Index   36
   4.20849     11.982799     11.951742
   4.15063     12.005190     11.974434
   4.09278     12.065622     12.036226
   4.03492     11.753954     11.751511
   3.97706     11.391478     11.387601
   3.91921     11.124269     11.119817
   3.86135     10.895595     10.885443
   3.80349     10.600314     10.597921
   3.74564     10.289256     10.286930
   3.68778     10.000373      9.998123
   3.62992      9.940695      9.938099
   3.57207     10.098679     10.098469
   3.51421     10.469640     10.468681
   3.45635     10.457775     10.447711
   3.39850     10.629118     10.621848
   3.34064     10.847026     10.830243
   3.28279     10.889002     10.870545
   3.22493     10.714168     10.692325
   3.16707     10.767557     10.760092
   3.10922     10.751306     10.725952
   3.10922     10.751306     10.725952
   3.06831     10.813735     10.770441
   3.02739     10.878182     10.784969
   2.98648     10.923191     10.983134
   2.94557     10.947442     11.044531
   2.90466     10.769063     11.006990
   2.86375     10.448190     10.825005
   2.82284     10.220476     10.559348
   2.78193     10.116504     10.302257
   2.74102     10.129215     10.131285
   2.70011     10.091715     10.116310
   2.65920     11.199344     10.873755
   2.61829     11.201301     11.028649
   2.57738     11.048724     11.078326
   2.53647     10.887746     10.932014
   2.49555     10.701477     10.764467
   2.45464     10.476731     10.566775
   2.41373     10.402743     10.355649
   2.37282     10.573359     10.415184
   2.33191     10.668686     10.499177
   2.33191     10.668686     10.499177
   2.29100     10.672779     10.507255
   2.25009      9.960227     10.531327
   2.20918     10.126419     10.228059
   2.16827     10.366039     10.238512
   2.12736     10.237830     10.359069
   2.08645     10.332328     10.309916
   2.04554     10.406339     10.457176
   2.00463     10.573202     10.624682
   1.96372     10.764843     10.811588
   1.92280     10.978159     10.966036
   1.88189     10.964663     10.959006
   1.84098     10.981067     10.968413
   1.80007     11.101906     11.054787
   1.75916     11.360344     11.273003
   1.71825     11.691319     11.583949
   1.67734     12.050236     11.934345
   1.63643     12.024754     11.996712
   1.59552     11.993771     11.963251
   1.55461     11.982799     11.951742
   1.55461     11.982799     11.951742
   1.51370     11.994192     11.962890
   1.47279     12.027302     11.994403
   1.43188     11.937647     12.040757
   1.39096     11.588124     11.687086
   1.35005     11.278929     11.354799
   1.30914     11.064013     11.093497
   1.26823     10.980521     10.969219
   1.22732     10.972680     10.951089
   1.18641     10.981604     10.963054
   1.14550     10.811522     10.753213
   1.10459     10.624585     10.573137
   1.06368     10.457106     10.406326
   1.02277     10.309851     10.306650
   0.98186     10.233801     10.196432
   0.94095     10.078791     10.128445
   0.90004      9.994333     10.126410
   0.85913      9.931661     10.142677
   0.81821      9.890599     10.124164
   0.77730      9.875214     10.080714
   0.77730      9.875214     10.080714
   0.73639     10.091662     10.072490
   0.69548     10.315287     10.138232
   0.65457     10.168039     10.122395
   0.61366     10.024279     10.089113
   0.57275      9.929554      9.938331
   0.53184      9.976966      9.913814
   0.49093     10.025848      9.957512
   0.45002     10.068774      9.994013
   0.40911     10.092537     10.012351
   0.36820     10.079768     10.003754
   0.32729     10.213624      9.990039
   0.28638     10.322474     10.103982
   0.24546     10.704828     10.413057
   0.20455     10.859767     10.759597
   0.16364     10.673944     10.715506
   0.12273     10.736309     10.738443
   0.08182     10.777046     10.788594
   0.04091     10.749136     10.752853
   0.00000     10.736079     10.707509
 
# Band-Index   37
   0.00000     10.876693     10.838254
   0.04091     10.951155     10.865835
   0.08182     10.967493     10.930956
   0.12273     11.058777     10.994465
   0.16364     11.080843     10.997207
   0.20455     11.019123     10.800809
   0.24546     10.862286     10.540319
   0.28638     10.587395     10.349752
   0.32729     10.312493     10.245021
   0.36820     10.192459     10.178883
   0.40911     10.202003     10.135789
   0.45002     10.238732     10.110269
   0.49093     10.286930     10.098441
   0.53184     10.332495     10.096620
   0.57275     10.366133     10.101441
   0.61366     10.383727     10.110378
   0.65457     10.385932     10.256645
   0.69548     10.342986     10.243359
   0.73639     10.366942     10.155842
   0.77730     10.362113     10.164081
   0.77730     10.362113     10.164081
   0.81821     10.361480     10.158142
   0.85913     10.373310     10.229137
   0.90004     10.426775     10.368861
   0.94095     10.530595     10.532480
   0.98186     10.626721     10.714587
   1.02277     10.558724     10.742228
   1.06368     10.725336     10.779091
   1.10459     10.882459     10.819661
   1.14550     10.888529     10.764908
   1.18641     11.017026     10.978132
   1.22732     11.240030     11.210595
   1.26823     11.479278     11.460137
   1.30914     11.733301     11.724693
   1.35005     11.971679     12.001897
   1.39096     12.145501     12.091583
   1.43188     12.079163     12.046717
   1.47279     12.298257     12.410740
   1.51370     12.622593     12.610951
   1.55461     12.680809     12.680834
   1.55461     12.680809     12.680834
   1.59552     12.611087     12.622540
   1.63643     12.413690     12.295561
   1.67734     12.070183     12.049161
   1.71825     12.119405     12.116320
   1.75916     12.001938     11.971664
   1.80007     11.724723     11.733333
   1.84098     11.460160     11.479320
   1.88189     11.210616     11.240079
   1.92280     10.978230     11.016922
   1.96372     10.780535     10.879085
   2.00463     10.847331     10.855547
   2.04554     10.810459     10.689434
   2.08645     10.762567     10.526918
   2.12736     10.851395     10.633788
   2.16827     10.786951     10.628031
   2.20918     10.736669     10.573324
   2.25009     10.700850     10.928114
   2.29100     11.032404     10.925626
   2.33191     11.030961     10.921595
   2.33191     11.030961     10.921595
   2.37282     11.109740     10.968174
   2.41373     11.223117     11.085948
   2.45464     11.293359     11.163024
   2.49555     11.320532     11.148184
   2.53647     11.342280     11.120715
   2.57738     11.355345     11.068184
   2.61829     11.362814     11.171481
   2.65920     11.333775     11.297531
   2.70011     11.141995     11.162106
   2.74102     10.978935     11.054004
   2.78193     10.965119     10.992134
   2.82284     10.960389     11.014021
   2.86375     10.995151     11.003915
   2.90466     10.846414     11.050139
   2.94557     11.035855     11.126604
   2.98648     11.026926     11.038662
   3.02739     10.966165     10.989715
   3.06831     10.903297     10.914893
   3.10922     10.876703     10.838255
   3.10922     10.876703     10.838255
   3.16707     10.918162     10.878891
   3.22493     10.950426     10.911940
   3.28279     10.971029     10.938252
   3.34064     11.014433     11.023261
   3.39850     10.868595     10.848229
   3.45635     10.805828     10.803063
   3.51421     10.500563     10.490950
   3.57207     10.642465     10.634554
   3.62992     10.820379     10.813941
   3.68778     10.879443     10.852431
   3.74564     10.825392     10.803206
   3.80349     10.824178     10.807659
   3.86135     10.930731     10.928225
   3.91921     11.150682     11.143476
   3.97706     11.527002     11.524249
   4.03492     11.976928     11.968129
   4.09278     12.150018     12.148247
   4.15063     12.514664     12.513811
   4.20849     12.680809     12.680834
 
# Band-Index   38
   4.20849     12.812319     12.811193
   4.15063     12.697804     12.696433
   4.09278     12.391993     12.390001
   4.03492     12.023348     12.021066
   3.97706     11.648903     11.646494
   3.91921     11.284733     11.282212
   3.86135     11.095603     11.085886
   3.80349     11.119394     11.109908
   3.74564     11.118378     11.111773
   3.68778     11.000576     10.995266
   3.62992     10.985173     10.955226
   3.57207     11.084472     11.053223
   3.51421     11.000079     10.966250
   3.45635     10.887119     10.854995
   3.39850     11.030688     11.015848
   3.34064     11.078094     11.047659
   3.28279     11.138025     11.104237
   3.22493     11.164019     11.200839
   3.16707     11.067980     11.030029
   3.10922     10.953192     10.910201
   3.10922     10.953192     10.910201
   3.06831     11.014253     10.934364
   3.02739     11.152109     11.074762
   2.98648     11.316534     11.263439
   2.94557     11.121216     11.391791
   2.90466     11.040648     11.096020
   2.86375     11.089913     11.114394
   2.82284     11.375765     11.417977
   2.78193     11.652333     11.617240
   2.74102     11.564461     11.494722
   2.70011     11.453078     11.399615
   2.65920     11.374590     11.305131
   2.61829     11.467861     11.529527
   2.57738     11.727982     11.750506
   2.53647     11.899480     11.678367
   2.49555     11.777264     11.560232
   2.45464     11.649484     11.441279
   2.41373     11.538033     11.349204
   2.37282     11.466892     11.295157
   2.33191     11.445209     11.279222
   2.33191     11.445209     11.279222
   2.29100     11.440000     11.260282
   2.25009     11.345135     11.210935
   2.20918     11.226095     11.070946
   2.16827     11.077262     10.889841
   2.12736     10.910394     10.699723
   2.08645     10.930037     10.787170
   2.04554     10.970843     10.889901
   2.00463     10.923635     10.921500
   1.96372     10.977735     10.946376
   1.92280     11.041441     11.018211
   1.88189     11.337438     11.287857
   1.84098     11.638405     11.594925
   1.80007     11.838764     11.789097
   1.75916     12.004661     12.000252
   1.71825     12.171165     12.154813
   1.67734     12.332849     12.331853
   1.63643     12.482796     12.493114
   1.59552     12.746258     12.631975
   1.55461     12.812319     12.811193
   1.55461     12.812319     12.811193
   1.51370     12.633942     12.744054
   1.47279     12.493195     12.482647
   1.43188     12.331915     12.332737
   1.39096     12.154849     12.171091
   1.35005     12.000235     12.004616
   1.30914     11.789096     11.838740
   1.26823     11.611787     11.613443
   1.22732     11.314167     11.308948
   1.18641     11.044371     11.010377
   1.14550     10.966270     10.959031
   1.10459     10.883742     10.897689
   1.06368     10.889864     10.946001
   1.02277     10.787117     10.911824
   0.98186     10.665802     10.851399
   0.94095     10.627843     10.786907
   0.90004     10.571796     10.736687
   0.85913     10.531677     10.700793
   0.81821     10.507576     10.679253
   0.77730     10.499538     10.672073
   0.77730     10.499538     10.672073
   0.73639     10.442669     10.590465
   0.69548     10.377724     10.430385
   0.65457     10.571274     10.493349
   0.61366     10.764954     10.714622
   0.57275     10.924823     10.901787
   0.53184     11.059868     11.059547
   0.49093     11.180416     11.197353
   0.45002     11.294144     11.236557
   0.40911     11.102172     11.050571
   0.36820     10.965822     10.933373
   0.32729     10.913922     10.890973
   0.28638     10.931409     10.907036
   0.24546     10.988335     10.953732
   0.20455     11.093299     10.849923
   0.16364     11.174474     11.017286
   0.12273     11.077674     10.995946
   0.08182     11.031064     10.952036
   0.04091     10.976753     10.973603
   0.00000     10.953190     10.910202
 
# Band-Index   39
   0.00000     11.129125     11.121425
   0.04091     11.086751     11.031544
   0.08182     11.108097     11.114982
   0.12273     11.292095     11.282039
   0.16364     11.390571     11.088908
   0.20455     11.098866     11.002475
   0.24546     11.126272     11.091171
   0.28638     11.390967     11.373351
   0.32729     11.352948     11.476011
   0.36820     11.326183     11.453068
   0.40911     11.308785     11.433414
   0.45002     11.298392     11.323876
   0.49093     11.292648     11.399159
   0.53184     11.289406     11.381770
   0.57275     11.286706     11.361820
   0.61366     11.282021     11.335428
   0.65457     11.268127     11.293194
   0.69548     11.213864     11.218072
   0.73639     11.114083     11.110867
   0.77730     11.062161     11.044323
   0.77730     11.062161     11.044323
   0.81821     11.070769     11.058128
   0.85913     11.068604     11.087534
   0.90004     10.994081     11.094554
   0.94095     10.835994     11.028666
   0.98186     10.699683     10.884940
   1.02277     10.806104     10.930069
   1.06368     10.892174     11.022726
   1.10459     11.007520     11.129070
   1.14550     11.139518     11.248629
   1.18641     11.285059     11.380685
   1.22732     11.443015     11.524180
   1.26823     11.618350     11.677587
   1.30914     11.933517     11.907872
   1.35005     12.217661     12.103664
   1.39096     12.277598     12.288674
   1.43188     12.561651     12.580377
   1.47279     12.845789     12.868405
   1.51370     12.951274     12.859930
   1.55461     12.919255     12.917929
   1.55461     12.919255     12.917929
   1.59552     12.860899     12.950020
   1.63643     12.868523     12.845698
   1.67734     12.580461     12.561610
   1.71825     12.288732     12.277591
   1.75916     12.126503     12.190725
   1.80007     11.929139     11.913534
   1.84098     11.677595     11.611799
   1.88189     11.524177     11.443036
   1.92280     11.380673     11.285086
   1.96372     11.248611     11.139549
   2.00463     11.129046     11.007554
   2.04554     11.022698     11.023304
   2.08645     11.096391     11.146067
   2.12736     11.205271     11.268546
   2.16827     11.297716     11.370824
   2.20918     11.386715     11.451173
   2.25009     11.482693     11.533298
   2.29100     11.587947     11.621247
   2.33191     11.686039     11.719048
   2.33191     11.686039     11.719048
   2.37282     11.704876     11.725402
   2.41373     11.762035     11.761703
   2.45464     11.847678     11.819364
   2.49555     11.897363     11.905665
   2.53647     11.950726     12.016991
   2.57738     12.010043     11.837512
   2.61829     12.079250     11.886661
   2.65920     12.158081     11.970291
   2.70011     12.211917     11.988141
   2.74102     12.025442     12.040410
   2.78193     11.761026     11.741489
   2.82284     11.819066     11.723288
   2.86375     11.932791     11.806516
   2.90466     11.553265     11.723232
   2.94557     11.470153     11.467456
   2.98648     11.391937     11.537137
   3.02739     11.285086     11.254376
   3.06831     11.223716     11.196289
   3.10922     11.265606     11.219494
   3.10922     11.265606     11.219494
   3.16707     11.130698     11.107962
   3.22493     11.238465     11.229930
   3.28279     11.152433     11.293958
   3.34064     11.196209     11.125896
   3.39850     11.119647     11.043589
   3.45635     11.027173     10.991143
   3.51421     11.086825     11.050507
   3.57207     11.208931     11.173554
   3.62992     11.352376     11.318046
   3.68778     11.420480     11.402411
   3.74564     11.463510     11.449098
   3.80349     11.624814     11.615327
   3.86135     11.844238     11.837545
   3.91921     12.075432     12.070586
   3.97706     12.298578     12.295119
   4.03492     12.269951     12.249816
   4.09278     12.557403     12.556618
   4.15063     12.800457     12.798558
   4.20849     12.919255     12.917929
 
# Band-Index   40
   4.20849     13.129983     13.128350
   4.15063     13.002366     13.002125
   4.09278     12.662497     12.660572
   4.03492     12.498533     12.496060
   3.97706     12.393853     12.369240
   3.91921     12.394719     12.377759
   3.86135     12.187276     12.165504
   3.80349     11.964985     11.938763
   3.74564     11.744790     11.715135
   3.68778     11.537390     11.505098
   3.62992     11.414915     11.385684
   3.57207     11.290919     11.255157
   3.51421     11.292634     11.268527
   3.45635     11.226227     11.201652
   3.39850     11.247734     11.226394
   3.34064     11.385366     11.215782
   3.28279     11.506360     11.493411
   3.22493     11.557601     11.539863
   3.16707     11.766470     11.735062
   3.10922     11.944769     11.919349
   3.10922     11.944769     11.919349
   3.06831     11.832078     11.870639
   3.02739     11.637559     11.778092
   2.98648     11.517396     11.634904
   2.94557     11.635508     11.701598
   2.90466     11.838703     11.841782
   2.86375     11.869157     11.901016
   2.82284     12.254220     12.026024
   2.78193     12.292134     12.059261
   2.74102     12.256186     12.078738
   2.70011     12.231691     12.421535
   2.65920     12.191010     12.376275
   2.61829     12.110133     12.240489
   2.57738     12.015134     12.137239
   2.53647     12.011658     12.115237
   2.49555     12.016914     12.393068
   2.45464     11.869292     12.567603
   2.41373     11.818609     12.703229
   2.37282     11.794389     12.734000
   2.33191     11.784737     12.732453
   2.33191     11.784737     12.732453
   2.29100     11.861165     12.689800
   2.25009     12.584844     12.648083
   2.20918     12.476709     12.532576
   2.16827     12.226140     12.258086
   2.12736     12.194208     12.091257
   2.08645     11.510499     12.037568
   2.04554     11.512353     11.488728
   2.00463     11.596708     11.552419
   1.96372     11.779466     11.710258
   1.92280     12.044079     11.960970
   1.88189     12.356661     12.268295
   1.84098     12.345265     12.356546
   1.80007     12.309154     12.276746
   1.75916     12.344551     12.234021
   1.71825     12.562652     12.530228
   1.67734     12.790839     12.789920
   1.63643     12.929458     12.983951
   1.59552     13.089865     13.094722
   1.55461     13.129983     13.128350
   1.55461     13.129983     13.128350
   1.51370     13.096862     13.087658
   1.47279     12.987979     12.928493
   1.43188     12.797280     12.783397
   1.39096     12.541871     12.550149
   1.35005     12.251232     12.323086
   1.30914     12.303410     12.279110
   1.26823     12.380652     12.292086
   1.22732     12.136091     12.117147
   1.18641     11.841573     11.852491
   1.14550     11.572157     11.594559
   1.10459     11.341915     11.351731
   1.06368     11.192100     11.125115
   1.02277     11.201637     11.072830
   0.98186     11.300526     11.181224
   0.94095     11.397473     11.273467
   0.90004     11.347637     11.361394
   0.85913     11.309877     11.454858
   0.81821     11.312730     11.475034
   0.77730     11.319711     11.482544
   0.77730     11.319712     11.482544
   0.73639     11.324641     11.497857
   0.69548     11.352382     11.551441
   0.65457     11.446454     11.651352
   0.61366     11.580405     11.779643
   0.57275     11.714657     11.911876
   0.53184     11.839002     11.740825
   0.49093     11.563174     11.472777
   0.45002     11.309259     11.415904
   0.40911     11.405545     11.444734
   0.36820     11.516544     11.561682
   0.32729     11.626178     11.638302
   0.28638     11.425732     11.502092
   0.24546     11.440607     11.526037
   0.20455     11.494958     11.523264
   0.16364     11.467750     11.438088
   0.12273     11.484484     11.363607
   0.08182     11.267652     11.259724
   0.04091     11.134459     11.176022
   0.00000     11.303310     11.307903
 
# Band-Index   41
   0.00000     11.962136     11.916721
   0.04091     11.544158     11.484193
   0.08182     11.661602     11.560105
   0.12273     11.627607     11.452462
   0.16364     11.649716     11.578955
   0.20455     11.750905     11.742329
   0.24546     11.837287     11.899089
   0.28638     11.736856     11.802772
   0.32729     11.748100     11.732793
   0.36820     12.082513     12.016726
   0.40911     12.129400     12.189590
   0.45002     12.048391     12.112993
   0.49093     11.950679     12.042633
   0.53184     11.843769     11.978194
   0.57275     11.957596     11.919193
   0.61366     11.927968     11.865631
   0.65457     11.770757     11.818569
   0.69548     11.657795     11.724178
   0.73639     11.591684     11.662596
   0.77730     11.570130     11.642613
   0.77730     11.570130     11.642613
   0.81821     11.555269     11.560298
   0.85913     11.518946     11.455787
   0.90004     11.468106     11.434693
   0.94095     11.409491     11.435166
   0.98186     11.460309     11.449218
   1.02277     11.489854     11.460743
   1.06368     11.517153     11.482288
   1.10459     11.588841     11.558527
   1.14550     11.754123     11.734124
   1.18641     12.008196     11.995835
   1.22732     12.316300     12.307963
   1.26823     12.447675     12.480657
   1.30914     12.769208     12.753079
   1.35005     13.096064     13.063089
   1.39096     13.112645     13.043949
   1.43188     13.061796     12.989386
   1.47279     13.007526     12.969031
   1.51370     13.112851     13.130055
   1.55461     13.268461     13.268489
   1.55461     13.268461     13.268489
   1.59552     13.130166     13.112732
   1.63643     12.973098     13.006293
   1.67734     12.990391     13.060544
   1.71825     13.044984     13.111378
   1.75916     13.096506     13.161422
   1.80007     13.054850     12.968306
   1.84098     12.697821     12.608206
   1.88189     12.389659     12.413346
   1.92280     12.365485     12.393319
   1.96372     12.262057     12.278444
   2.00463     12.162321     12.158311
   2.04554     12.111221     12.070471
   2.08645     12.133735     12.113759
   2.12736     12.630806     12.435252
   2.16827     12.575455     12.494546
   2.20918     12.645735     12.546917
   2.25009     12.687158     12.886002
   2.29100     12.636576     13.222974
   2.33191     12.643677     13.296257
   2.33191     12.643677     13.296257
   2.37282     12.636071     13.281922
   2.41373     12.601066     13.468683
   2.45464     12.497714     13.206146
   2.49555     12.289538     13.048649
   2.53647     12.206530     13.028302
   2.57738     12.422831     13.069297
   2.61829     12.656215     13.100602
   2.65920     12.696026     12.771805
   2.70011     12.360150     12.457430
   2.74102     12.311904     12.510335
   2.78193     12.499300     12.558406
   2.82284     12.322803     12.348332
   2.86375     12.055191     12.088039
   2.90466     11.951096     11.935861
   2.94557     11.905682     11.753366
   2.98648     11.950160     11.904891
   3.02739     11.957015     11.921190
   3.06831     11.930073     11.891461
   3.10922     11.964548     11.938682
   3.10922     11.964548     11.938682
   3.16707     12.030721     11.919062
   3.22493     11.938726     11.868490
   3.28279     11.645031     11.503453
   3.34064     11.285294     11.367851
   3.39850     11.559321     11.521797
   3.45635     11.589567     11.541647
   3.51421     11.429483     11.402401
   3.57207     11.371141     11.348722
   3.62992     11.421878     11.394796
   3.68778     11.621678     11.586202
   3.74564     11.846848     11.812448
   3.80349     12.096770     12.063536
   3.86135     12.373088     12.341599
   3.91921     12.607158     12.581562
   3.97706     12.616394     12.603674
   4.03492     12.784199     12.776512
   4.09278     12.937722     12.933199
   4.15063     13.068402     13.065916
   4.20849     13.268461     13.268489
 
# Band-Index   42
   4.20849     13.453614     13.445507
   4.15063     13.649716     13.642236
   4.09278     13.684261     13.665312
   4.03492     13.363134     13.337270
   3.97706     13.014505     12.986079
   3.91921     12.690680     12.660843
   3.86135     12.824438     12.804621
   3.80349     12.864373     12.876071
   3.74564     12.631431     12.581698
   3.68778     12.361221     12.311378
   3.62992     12.117116     12.067216
   3.57207     11.901819     11.851900
   3.51421     11.720802     11.671090
   3.45635     11.641216     11.655913
   3.39850     11.698658     11.509255
   3.34064     11.692342     11.671703
   3.28279     11.877587     11.862013
   3.22493     11.998445     11.977775
   3.16707     12.031460     11.996063
   3.10922     12.019407     11.939764
   3.10922     12.019407     11.939764
   3.06831     12.125752     11.930176
   3.02739     12.076351     11.919350
   2.98648     11.973205     11.996390
   2.94557     11.967842     11.964727
   2.90466     11.979740     12.146359
   2.86375     12.107134     12.406642
   2.82284     12.589372     12.614367
   2.78193     12.785251     12.749747
   2.74102     12.936730     12.951140
   2.70011     13.086573     13.076746
   2.65920     12.919420     13.122908
   2.61829     13.056908     13.104225
   2.57738     13.019750     13.438460
   2.53647     12.998680     13.537641
   2.49555     13.017293     13.497481
   2.45464     13.119318     13.519304
   2.41373     13.335394     13.518005
   2.37282     13.595120     13.740495
   2.33191     13.735090     13.880559
   2.33191     13.735090     13.880559
   2.29100     13.718976     13.861770
   2.25009     13.489877     13.733754
   2.20918     13.311733     13.544591
   2.16827     12.710806     13.205980
   2.12736     12.609299     12.718771
   2.08645     12.694324     12.737216
   2.04554     12.731130     12.855770
   2.00463     12.743389     12.841244
   1.96372     12.725155     12.787899
   1.92280     12.714578     12.782481
   1.88189     12.751349     12.838104
   1.84098     12.944388     13.051194
   1.80007     13.147495     13.212904
   1.75916     13.398249     13.337658
   1.71825     13.539597     13.653156
   1.67734     13.563443     13.702868
   1.63643     13.557827     13.670046
   1.59552     13.512265     13.557946
   1.55461     13.453614     13.445507
   1.55461     13.453614     13.445507
   1.51370     13.565915     13.504737
   1.47279     13.678269     13.550658
   1.43188     13.684961     13.556360
   1.39096     13.419708     13.388773
   1.35005     13.162680     13.095467
   1.30914     13.015103     13.007876
   1.26823     12.655936     12.649393
   1.22732     12.436331     12.395018
   1.18641     12.420596     12.356689
   1.14550     12.308991     12.261638
   1.10459     12.173683     12.162016
   1.06368     12.072815     12.111533
   1.02277     12.038655     12.140251
   0.98186     12.093609     12.236716
   0.94095     12.201059     12.256376
   0.90004     12.162028     12.137151
   0.85913     12.045709     11.987578
   0.81821     11.953013     11.842979
   0.77730     11.917138     11.746444
   0.77730     11.917138     11.746444
   0.73639     11.917328     11.755356
   0.69548     11.918734     11.780592
   0.65457     11.923691     11.831089
   0.61366     11.935517     11.984953
   0.57275     12.117299     12.022716
   0.53184     11.992741     12.035595
   0.49093     12.042451     12.146406
   0.45002     12.106973     12.243138
   0.40911     12.185522     12.324272
   0.36820     12.185000     12.271400
   0.32729     12.190906     12.346297
   0.28638     12.107624     12.241225
   0.24546     11.942051     11.982140
   0.20455     11.840060     11.907196
   0.16364     11.728605     11.693175
   0.12273     11.716356     11.565779
   0.08182     11.795799     11.592317
   0.04091     11.912216     11.779001
   0.00000     11.968783     11.944041
 
# Band-Index   43
   0.00000     12.052984     12.042450
   0.04091     11.916370     12.035175
   0.08182     11.814831     11.979004
   0.12273     11.723371     11.892879
   0.16364     11.735719     11.853063
   0.20455     11.898489     11.912503
   0.24546     12.065549     12.074331
   0.28638     12.327873     12.261266
   0.32729     12.374314     12.381520
   0.36820     12.276371     12.381898
   0.40911     12.429544     12.351442
   0.45002     12.691005     12.681383
   0.49093     12.518387     12.621020
   0.53184     12.319936     12.399271
   0.57275     12.130792     12.179656
   0.61366     12.389287     12.291039
   0.65457     12.559674     12.493818
   0.69548     12.629455     12.593321
   0.73639     12.650672     12.627171
   0.77730     12.655155     12.634822
   0.77730     12.655155     12.634822
   0.81821     12.646031     12.627858
   0.85913     12.625510     12.613803
   0.90004     12.611605     12.610596
   0.94095     12.548893     12.640833
   0.98186     12.649460     12.638309
   1.02277     12.818733     12.726036
   1.06368     12.938844     12.797662
   1.10459     12.936857     12.813125
   1.14550     12.887423     12.804692
   1.18641     12.887893     12.836106
   1.22732     13.015566     12.968059
   1.26823     13.243924     13.189023
   1.30914     13.214133     13.146476
   1.35005     13.381951     13.360318
   1.39096     13.674559     13.530528
   1.43188     13.711442     13.699095
   1.47279     13.735843     13.697286
   1.51370     13.735325     13.647302
   1.55461     13.631642     13.629244
   1.55461     13.631641     13.629244
   1.59552     13.650106     13.731031
   1.63643     13.701919     13.727974
   1.67734     13.752639     13.691580
   1.71825     13.563903     13.644673
   1.75916     13.435680     13.538961
   1.80007     13.210143     13.286650
   1.84098     13.199516     13.267149
   1.88189     13.253350     13.324669
   1.92280     13.290906     13.385467
   1.96372     13.225714     13.358151
   2.00463     13.184207     13.302052
   2.04554     13.189432     13.267470
   2.08645     13.238164     13.282039
   2.12736     13.364647     13.352030
   2.16827     13.559312     13.500066
   2.20918     13.679128     13.722496
   2.25009     13.709521     13.847856
   2.29100     13.728603     13.871361
   2.33191     13.912074     13.891375
   2.33191     13.912074     13.891375
   2.37282     13.924024     13.896124
   2.41373     13.954014     13.947336
   2.45464     13.996266     13.968194
   2.49555     14.015754     13.977435
   2.53647     13.807408     13.956737
   2.57738     13.456534     13.797427
   2.61829     13.087148     13.655756
   2.65920     13.094471     13.467866
   2.70011     13.093451     13.193343
   2.74102     12.987994     12.969327
   2.78193     12.790922     12.764190
   2.82284     12.717113     12.665428
   2.86375     12.580972     12.560299
   2.90466     12.424656     12.396865
   2.94557     12.243971     12.246189
   2.98648     12.239561     12.244770
   3.02739     12.367742     12.278903
   3.06831     12.204500     12.214067
   3.10922     12.239196     12.207634
   3.10922     12.239196     12.207634
   3.16707     12.154434     12.123613
   3.22493     12.139352     12.094722
   3.28279     12.134217     12.185340
   3.34064     12.030250     12.050227
   3.39850     12.013483     11.906333
   3.45635     11.865750     11.845208
   3.51421     11.962298     11.994620
   3.57207     12.102163     12.150341
   3.62992     12.262466     12.316263
   3.68778     12.446613     12.495328
   3.74564     12.647595     12.687611
   3.80349     12.925490     12.899557
   3.86135     13.158246     13.155325
   3.91921     13.439857     13.423966
   3.97706     13.729174     13.695162
   4.03492     13.999183     13.966359
   4.09278     13.985049     13.975824
   4.15063     13.753215     13.749821
   4.20849     13.631641     13.629244
 
# Band-Index   44
   4.20849     13.738310     13.734997
   4.15063     13.819504     13.813504
   4.09278     13.990001     13.988017
   4.03492     14.131551     14.096152
   3.97706     13.844090     13.804050
   3.91921     13.544094     13.501887
   3.86135     13.238067     13.190245
   3.80349     13.018612     12.977976
   3.74564     12.791835     12.752726
   3.68778     12.612146     12.574995
   3.62992     12.501071     12.466233
   3.57207     12.469736     12.436463
   3.51421     12.488694     12.454214
   3.45635     12.482170     12.456348
   3.39850     12.161962     12.235132
   3.34064     12.314267     12.319477
   3.28279     12.229888     12.226033
   3.22493     12.212986     12.392334
   3.16707     12.414719     12.365521
   3.10922     12.652490     12.230540
   3.10922     12.652490     12.230540
   3.06831     12.527377     12.283032
   3.02739     12.260994     12.450128
   2.98648     12.279679     12.349062
   2.94557     12.327424     12.307764
   2.90466     12.421299     12.451310
   2.86375     12.638051     12.679282
   2.82284     12.705014     12.780629
   2.78193     12.879347     12.857821
   2.74102     13.030560     13.011700
   2.70011     13.225192     13.261879
   2.65920     13.513770     13.591569
   2.61829     13.784815     13.775099
   2.57738     14.049321     14.101350
   2.53647     14.167874     14.187340
   2.49555     14.273709     14.317038
   2.45464     14.326370     14.330364
   2.41373     14.299511     14.323051
   2.37282     14.279607     14.302876
   2.33191     14.269516     14.307135
   2.33191     14.269516     14.307135
   2.29100     14.065597     14.326105
   2.25009     14.129082     14.030093
   2.20918     13.811727     13.810648
   2.16827     13.638815     13.762756
   2.12736     13.563904     13.400640
   2.08645     13.538768     13.360278
   2.04554     13.482258     13.360558
   2.00463     13.424459     13.454997
   1.96372     13.366637     13.449014
   1.92280     13.309122     13.449327
   1.88189     13.363757     13.536536
   1.84098     13.436936     13.615722
   1.80007     13.503053     13.676667
   1.75916     13.579975     13.720559
   1.71825     13.845210     13.802662
   1.67734     13.868811     14.108561
   1.63643     14.025553     13.957223
   1.59552     13.848582     13.761766
   1.55461     13.738310     13.734997
   1.55461     13.738314     13.734998
   1.51370     13.764493     13.844844
   1.47279     13.961269     14.020304
   1.43188     13.950660     13.832134
   1.39096     13.832929     13.803046
   1.35005     13.729142     13.565257
   1.30914     13.521940     13.457288
   1.26823     13.268314     13.198535
   1.22732     13.325775     13.252401
   1.18641     13.386478     13.283274
   1.14550     13.331804     13.212938
   1.10459     13.185797     13.146599
   1.06368     12.998286     13.027590
   1.02277     12.823136     12.858719
   0.98186     12.695803     12.722450
   0.94095     12.627947     12.703107
   0.90004     12.723986     12.977035
   0.85913     13.078059     13.330354
   0.81821     13.470230     13.690358
   0.77730     13.713380     13.734942
   0.77730     13.713379     13.734942
   0.73639     13.725592     13.595138
   0.69548     13.453617     13.336378
   0.65457     13.199260     13.119024
   0.61366     13.053267     13.013773
   0.57275     13.013977     12.994151
   0.53184     13.027120     13.013933
   0.49093     13.061369     13.049792
   0.45002     12.808727     12.876160
   0.40911     12.879668     13.050385
   0.36820     12.947246     12.878502
   0.32729     12.645948     12.591396
   0.28638     12.511400     12.503574
   0.24546     12.365445     12.332312
   0.20455     12.100010     12.126302
   0.16364     12.073005     12.143119
   0.12273     12.130343     12.122958
   0.08182     12.187243     12.091936
   0.04091     12.230853     12.089257
   0.00000     12.223575     12.207824
 
# Band-Index   45
   0.00000     12.274140     12.230921
   0.04091     12.261457     12.275491
   0.08182     12.230172     12.236943
   0.12273     12.208128     12.205876
   0.16364     12.234595     12.181499
   0.20455     12.347861     12.303344
   0.24546     12.527780     12.483234
   0.28638     12.667995     12.633182
   0.32729     12.777788     12.767999
   0.36820     12.973974     12.962278
   0.40911     13.119299     13.101764
   0.45002     13.099201     13.086406
   0.49093     13.161936     13.079925
   0.53184     13.524035     13.438802
   0.57275     13.826317     13.785095
   0.61366     13.884706     13.990330
   0.65457     13.820896     13.969104
   0.69548     13.762114     13.918733
   0.73639     13.731641     13.882126
   0.77730     13.878711     13.868888
   0.77730     13.878711     13.868888
   0.81821     13.870816     13.728444
   0.85913     13.847742     13.709379
   0.90004     13.705302     13.678951
   0.94095     13.512787     13.567654
   0.98186     13.385092     13.377140
   1.02277     13.328906     13.266930
   1.06368     13.340496     13.245266
   1.10459     13.427695     13.367226
   1.14550     13.449955     13.365658
   1.18641     13.442271     13.308246
   1.22732     13.538722     13.359009
   1.26823     13.620395     13.432138
   1.30914     13.682951     13.496978
   1.35005     13.824986     13.730401
   1.39096     13.955782     13.857250
   1.43188     14.128236     14.148299
   1.47279     14.199241     14.119084
   1.51370     14.061235     14.096403
   1.55461     13.995912     13.989385
   1.55461     13.995912     13.989385
   1.59552     14.103607     14.054646
   1.63643     14.161368     14.203258
   1.67734     14.178123     14.086402
   1.71825     13.892822     13.960792
   1.75916     14.041972     14.029650
   1.80007     14.154944     14.135229
   1.84098     14.151509     14.170369
   1.88189     14.052603     14.007898
   1.92280     13.934968     13.918544
   1.96372     13.782599     13.604575
   2.00463     13.663664     13.514351
   2.04554     13.579317     13.580344
   2.08645     13.529778     13.645327
   2.12736     13.591168     13.706829
   2.16827     13.648462     14.103349
   2.20918     14.571233     14.357837
   2.25009     14.433414     14.432980
   2.29100     14.247427     14.374873
   2.33191     14.403498     14.535918
   2.33191     14.403498     14.535918
   2.37282     14.398001     14.531329
   2.41373     14.392115     14.530807
   2.45464     14.376218     14.514414
   2.49555     14.330099     14.467650
   2.53647     14.247218     14.312057
   2.57738     14.131683     14.163882
   2.61829     13.894851     14.003438
   2.65920     13.676560     13.822770
   2.70011     13.277428     13.736830
   2.74102     13.297476     13.546521
   2.78193     13.305485     13.216123
   2.82284     13.053059     12.999072
   2.86375     13.061082     12.862213
   2.90466     12.800010     12.966379
   2.94557     12.900845     13.049585
   2.98648     12.924017     12.920082
   3.02739     12.811658     12.762892
   3.06831     12.757324     12.576967
   3.10922     12.715574     12.620824
   3.10922     12.715574     12.620824
   3.16707     12.488231     12.474550
   3.22493     12.411186     12.441155
   3.28279     12.280129     12.468643
   3.34064     12.363597     12.346013
   3.39850     12.450649     12.406802
   3.45635     12.495521     12.525899
   3.51421     12.941215     12.962095
   3.57207     13.381598     13.440704
   3.62992     13.617709     13.639360
   3.68778     13.501015     13.467522
   3.74564     13.291231     13.256064
   3.80349     13.083177     13.022555
   3.86135     13.281193     13.238432
   3.91921     13.593657     13.545698
   3.97706     13.940815     13.892978
   4.03492     14.265622     14.225206
   4.09278     14.326932     14.270186
   4.15063     14.143609     14.136312
   4.20849     13.995912     13.989385
 
# Band-Index   46
   4.20849     14.553338     14.527752
   4.15063     14.524398     14.498248
   4.09278     14.376579     14.354180
   4.03492     14.299187     14.294368
   3.97706     14.557155     14.532268
   3.91921     14.579529     14.595863
   3.86135     14.512920     14.475779
   3.80349     14.325711     14.287269
   3.74564     14.223408     14.250195
   3.68778     13.909822     13.962305
   3.62992     13.682105     13.651477
   3.57207     13.444740     13.399242
   3.51421     13.192163     13.191021
   3.45635     13.050657     13.038276
   3.39850     12.896407     12.878189
   3.34064     12.665672     12.639460
   3.28279     12.501575     12.339259
   3.22493     12.469997     12.469435
   3.16707     12.674291     12.652372
   3.10922     13.075215     12.729220
   3.10922     13.075215     12.729220
   3.06831     13.009255     12.719786
   3.02739     13.061544     13.050900
   2.98648     13.000122     13.088049
   2.94557     13.104991     13.141417
   2.90466     13.329105     13.373819
   2.86375     13.591045     13.616290
   2.82284     13.692994     13.725031
   2.78193     13.744785     13.693569
   2.74102     13.528975     13.728976
   2.70011     13.941297     13.953799
   2.65920     14.186783     14.237467
   2.61829     14.211208     14.233567
   2.57738     14.297145     14.216689
   2.53647     14.393500     14.314800
   2.49555     14.423868     14.467450
   2.45464     14.640137     14.844677
   2.41373     14.798057     15.164563
   2.37282     14.778156     14.870977
   2.33191     14.616925     14.730374
   2.33191     14.616925     14.730374
   2.29100     14.615047     14.766871
   2.25009     14.616198     14.756872
   2.20918     14.596609     14.728629
   2.16827     14.535877     14.705791
   2.12736     14.531696     14.680736
   2.08645     14.499977     14.653353
   2.04554     14.485696     14.617657
   2.00463     14.475813     14.597867
   1.96372     14.467784     14.598248
   1.92280     14.473706     14.602093
   1.88189     14.497961     14.624414
   1.84098     14.526783     14.546422
   1.80007     14.497737     14.451072
   1.75916     14.396660     14.355689
   1.71825     14.297947     14.251700
   1.67734     14.188103     14.118139
   1.63643     14.339083     14.246323
   1.59552     14.525725     14.510374
   1.55461     14.553338     14.527752
   1.55461     14.553338     14.527752
   1.51370     14.536332     14.483487
   1.47279     14.257830     14.324851
   1.43188     14.149654     14.170073
   1.39096     14.186730     14.235381
   1.35005     14.082564     14.134787
   1.30914     14.173797     14.182188
   1.26823     14.217741     14.202300
   1.22732     14.147496     14.139223
   1.18641     13.873828     13.879713
   1.14550     13.616379     13.606887
   1.10459     13.515293     13.423969
   1.06368     13.378350     13.482024
   1.02277     13.390728     13.491428
   0.98186     13.489078     13.533747
   0.94095     13.613949     13.614150
   0.90004     13.743961     13.706424
   0.85913     13.864417     13.791799
   0.81821     13.954205     13.853825
   0.77730     13.982156     13.908792
   0.77730     13.982156     13.908794
   0.73639     13.987074     13.917925
   0.69548     13.998862     13.944543
   0.65457     14.010069     13.982997
   0.61366     14.013071     14.016899
   0.57275     14.003791     14.039545
   0.53184     13.977858     13.994422
   0.49093     13.743750     13.762942
   0.45002     13.478898     13.488569
   0.40911     13.216915     13.188024
   0.36820     13.028987     13.053091
   0.32729     12.944247     12.904749
   0.28638     12.677454     12.695744
   0.24546     12.620495     12.591483
   0.20455     12.622059     12.664222
   0.16364     12.589775     12.547936
   0.12273     12.521901     12.595516
   0.08182     12.424990     12.483087
   0.04091     12.331869     12.349652
   0.00000     12.632055     12.610733
 
# Band-Index   47
   0.00000     12.804116     12.783823
   0.04091     12.764703     12.740533
   0.08182     12.744898     12.707048
   0.12273     12.706250     12.676801
   0.16364     12.834662     12.673385
   0.20455     12.739448     12.704721
   0.24546     12.635076     12.701637
   0.28638     12.740063     12.697710
   0.32729     13.000411     12.954365
   0.36820     13.081094     13.193627
   0.40911     13.260536     13.215762
   0.45002     13.574711     13.500942
   0.49093     13.861777     13.795512
   0.53184     13.995209     14.018358
   0.57275     14.206117     14.213692
   0.61366     14.291204     14.294700
   0.65457     14.232109     14.290073
   0.69548     14.166279     14.263219
   0.73639     14.122964     14.241181
   0.77730     14.108089     14.233085
   0.77730     14.108088     14.233083
   0.81821     14.072709     14.220349
   0.85913     13.923818     14.089770
   0.90004     13.811190     13.823841
   0.94095     13.763558     13.638935
   0.98186     13.707591     13.591379
   1.02277     13.645986     13.538412
   1.06368     13.581190     13.522127
   1.10459     13.516870     13.639091
   1.14550     13.735919     13.811135
   1.18641     13.964620     13.993737
   1.22732     14.148239     14.152310
   1.26823     14.396551     14.385796
   1.30914     14.460654     14.480847
   1.35005     14.366024     14.388556
   1.39096     14.259407     14.288772
   1.43188     14.519487     14.531066
   1.47279     14.448406     14.434297
   1.51370     14.536698     14.513259
   1.55461     14.759779     14.729163
   1.55461     14.759785     14.729185
   1.59552     14.539208     14.518059
   1.63643     14.462577     14.420014
   1.67734     14.554842     14.499517
   1.71825     14.619040     14.583620
   1.75916     14.626633     14.596195
   1.80007     14.581479     14.561647
   1.84098     14.597436     14.662896
   1.88189     14.701393     14.643138
   1.92280     14.800790     14.753287
   1.96372     14.905579     14.842035
   2.00463     15.022397     14.941404
   2.04554     15.131298     15.051027
   2.08645     15.243313     15.178798
   2.12736     14.958467     15.306865
   2.16827     14.819376     15.434672
   2.20918     15.588318     15.542882
   2.25009     15.657984     15.567868
   2.29100     14.703263     15.268673
   2.33191     14.816857     15.095157
   2.33191     14.816857     15.095157
   2.37282     14.828295     15.093278
   2.41373     15.029174     15.216218
   2.45464     14.751688     15.264599
   2.49555     14.685823     15.192749
   2.53647     14.645943     14.928807
   2.57738     14.619978     14.754083
   2.61829     14.600931     14.604897
   2.65920     14.279151     14.365017
   2.70011     14.056760     13.994909
   2.74102     13.862323     13.761428
   2.78193     13.952145     13.737998
   2.82284     13.858342     13.722888
   2.86375     13.612324     13.667988
   2.90466     13.527120     13.535012
   2.94557     13.428548     13.380557
   2.98648     13.350756     13.287833
   3.02739     13.262764     13.202574
   3.06831     13.077612     13.075046
   3.10922     13.157314     13.085277
   3.10922     13.157314     13.085277
   3.16707     13.046446     13.040551
   3.22493     12.873222     12.889014
   3.28279     12.669005     12.668259
   3.34064     13.289697     13.112236
   3.39850     13.574788     13.471998
   3.45635     13.737827     13.829605
   3.51421     13.892270     13.913727
   3.57207     13.925687     13.885518
   3.62992     13.984909     14.015837
   3.68778     14.172893     14.178382
   3.74564     14.220318     14.235774
   3.80349     14.430116     14.403524
   3.86135     14.610263     14.574943
   3.91921     14.657472     14.622995
   3.97706     14.582216     14.593349
   4.03492     14.341237     14.323154
   4.09278     14.410679     14.384717
   4.15063     14.535400     14.498360
   4.20849     14.759785     14.729185
 
# Band-Index   48
   4.20849     14.920656     14.894519
   4.15063     14.664315     14.612240
   4.09278     14.581201     14.700300
   4.03492     14.737709     14.822846
   3.97706     14.735053     14.756451
   3.91921     14.990844     14.994670
   3.86135     15.082877     15.079823
   3.80349     15.072685     15.057024
   3.74564     14.854890     14.831801
   3.68778     14.510673     14.471858
   3.62992     14.155549     14.122216
   3.57207     13.944741     14.055157
   3.51421     14.025439     14.073623
   3.45635     13.976313     13.852454
   3.39850     13.646171     13.630276
   3.34064     13.515064     13.398374
   3.28279     13.487782     13.562064
   3.22493     14.020430     13.469532
   3.16707     14.187120     14.193243
   3.10922     14.316927     14.315719
   3.10922     14.316927     14.315719
   3.06831     14.225672     14.218586
   3.02739     14.109545     14.057625
   2.98648     14.027207     13.933591
   2.94557     13.978111     13.847516
   2.90466     13.955921     13.794896
   2.86375     13.977273     13.808648
   2.82284     14.061754     13.918378
   2.78193     14.391915     14.249292
   2.74102     14.177447     14.510745
   2.70011     14.226314     14.696070
   2.65920     14.375773     14.601044
   2.61829     14.603895     14.713950
   2.57738     14.650191     14.947454
   2.53647     14.724956     15.256808
   2.49555     14.946623     15.214189
   2.45464     15.372873     15.369850
   2.41373     15.119352     15.294305
   2.37282     15.379904     15.622208
   2.33191     15.417870     15.621865
   2.33191     15.417870     15.621865
   2.29100     15.278448     15.736964
   2.25009     15.798521     15.704304
   2.20918     15.964696     15.952602
   2.16827     15.293672     15.980351
   2.12736     15.239308     15.303482
   2.08645     15.208109     15.223654
   2.04554     15.229301     15.190899
   2.00463     15.112636     15.179881
   1.96372     15.032051     15.052976
   1.92280     15.045015     15.079467
   1.88189     15.000058     14.976909
   1.84098     14.772596     14.882369
   1.80007     14.703420     14.827880
   1.75916     14.788404     14.947336
   1.71825     14.905330     15.093276
   1.67734     15.008470     14.977857
   1.63643     15.015096     14.958804
   1.59552     14.963659     14.925452
   1.55461     14.920656     14.894519
   1.55461     14.920383     14.894709
   1.51370     14.940314     14.883726
   1.47279     14.853148     14.822879
   1.43188     14.527711     14.533888
   1.39096     14.611846     14.589424
   1.35005     14.623700     14.594148
   1.30914     14.562890     14.535487
   1.26823     14.551412     14.572418
   1.22732     14.643055     14.555580
   1.18641     14.632921     14.520774
   1.14550     14.622006     14.505956
   1.10459     14.627135     14.504605
   1.06368     14.640986     14.511135
   1.02277     14.656666     14.520969
   0.98186     14.664781     14.530032
   0.94095     14.643357     14.533346
   0.90004     14.572458     14.522953
   0.85913     14.515612     14.516394
   0.81821     14.506965     14.588754
   0.77730     14.326589     14.440426
   0.77730     14.326589     14.440425
   0.73639     14.330323     14.440303
   0.69548     14.342247     14.440471
   0.65457     14.361865     14.441708
   0.61366     14.377485     14.382597
   0.57275     14.268588     14.307454
   0.53184     14.187772     14.263202
   0.49093     14.008156     14.161811
   0.45002     13.956122     14.036322
   0.40911     13.719798     13.669729
   0.36820     13.365017     13.347843
   0.32729     13.190256     13.388192
   0.28638     13.293357     13.238538
   0.24546     13.035288     12.983523
   0.20455     12.810068     12.788907
   0.16364     12.868608     12.834606
   0.12273     12.955881     12.933005
   0.08182     13.023662     13.015044
   0.04091     13.059068     13.058417
   0.00000     13.079475     13.073668
 
# Band-Index   49
   0.00000     13.393101     13.374534
   0.04091     13.392911     13.360588
   0.08182     13.391499     13.384353
   0.12273     13.423462     13.408013
   0.16364     13.513969     13.196239
   0.20455     13.416819     13.395311
   0.24546     13.426130     13.529333
   0.28638     13.314272     13.498451
   0.32729     13.571372     13.515151
   0.36820     13.769304     13.728663
   0.40911     13.921978     13.931320
   0.45002     14.089638     14.113753
   0.49093     14.449317     14.419321
   0.53184     14.353669     14.413543
   0.57275     14.343320     14.398328
   0.61366     14.472545     14.439522
   0.65457     14.558336     14.704956
   0.69548     14.621189     14.787635
   0.73639     14.653990     14.766634
   0.77730     14.663969     14.602818
   0.77730     14.663967     14.602817
   0.81821     14.565895     14.598650
   0.85913     14.731480     14.646542
   0.90004     14.795770     14.693394
   0.94095     14.841009     14.800472
   0.98186     14.946430     14.933126
   1.02277     15.063731     15.052591
   1.06368     15.049434     15.048492
   1.10459     14.940919     14.977702
   1.14550     14.837056     14.869888
   1.18641     14.737804     14.765910
   1.22732     14.667915     14.667081
   1.26823     14.732977     14.614928
   1.30914     14.826871     14.690773
   1.35005     14.950003     14.784264
   1.39096     15.095143     14.902824
   1.43188     14.997486     15.003747
   1.47279     14.998361     15.004166
   1.51370     14.958529     14.971901
   1.55461     14.965014     14.939550
   1.55461     14.964580     14.939354
   1.59552     15.001103     14.962499
   1.63643     15.036085     14.995944
   1.67734     15.113947     15.082719
   1.71825     15.203448     15.182325
   1.75916     15.322806     15.290988
   1.80007     15.416042     15.370016
   1.84098     15.295552     15.307367
   1.88189     15.092403     14.970956
   1.92280     15.098443     15.098180
   1.96372     15.178960     15.153354
   2.00463     15.223359     15.139128
   2.04554     15.380711     15.519573
   2.08645     15.690368     15.704476
   2.12736     15.362484     15.915619
   2.16827     15.462482     16.161805
   2.20918     16.139110     16.033724
   2.25009     15.929687     15.958342
   2.29100     15.656917     15.848807
   2.33191     15.679178     15.936278
   2.33191     15.679178     15.936278
   2.37282     15.455047     15.635356
   2.41373     15.403215     15.639339
   2.45464     15.459962     15.472848
   2.49555     15.500521     15.506406
   2.53647     15.370032     15.276851
   2.57738     15.015665     15.166364
   2.61829     14.664105     14.917366
   2.65920     14.688979     15.008341
   2.70011     14.660865     14.730885
   2.74102     14.569871     14.700011
   2.78193     14.416155     14.418887
   2.82284     14.090499     14.093208
   2.86375     14.437146     14.136698
   2.90466     14.403740     14.259691
   2.94557     14.452814     14.308601
   2.98648     14.523884     14.431858
   3.02739     14.469100     14.448447
   3.06831     14.395316     14.355955
   3.10922     14.328545     14.330307
   3.10922     14.328545     14.330307
   3.16707     14.298962     14.295885
   3.22493     14.185230     14.086071
   3.28279     13.898841     13.871370
   3.34064     13.863198     13.670900
   3.39850     14.067333     13.767314
   3.45635     14.041767     13.955398
   3.51421     14.077297     14.199329
   3.57207     14.137714     14.549993
   3.62992     14.245893     14.705621
   3.68778     14.882695     14.864179
   3.74564     15.017684     15.011915
   3.80349     15.180361     15.130216
   3.86135     15.154434     15.141250
   3.91921     15.111345     15.098005
   3.97706     14.986204     14.985861
   4.03492     14.930157     14.905073
   4.09278     14.949207     14.916808
   4.15063     15.169510     15.150300
   4.20849     14.964580     14.939354
 
# Band-Index   50
   4.20849     15.162967     15.127470
   4.15063     15.205317     15.177748
   4.09278     15.078328     15.037016
   4.03492     14.978069     14.953108
   3.97706     15.051917     15.034469
   3.91921     15.126426     15.116481
   3.86135     15.395154     15.373140
   3.80349     15.218296     15.168701
   3.74564     15.269305     15.255762
   3.68778     15.278641     15.262764
   3.62992     14.703991     15.101000
   3.57207     14.545085     14.717021
   3.51421     14.460282     14.404472
   3.45635     14.401977     14.338025
   3.39850     14.530725     13.821696
   3.34064     14.225994     13.739154
   3.28279     14.173796     14.178412
   3.22493     14.289089     14.281808
   3.16707     14.534467     14.525371
   3.10922     14.476530     14.562008
   3.10922     14.476530     14.562008
   3.06831     14.569376     14.475935
   3.02739     14.630706     14.589340
   2.98648     14.664148     14.788050
   2.94557     14.806853     14.860524
   2.90466     14.891630     14.996618
   2.86375     15.142325     15.310809
   2.82284     15.370672     15.323334
   2.78193     15.395002     15.229974
   2.74102     14.627425     14.948362
   2.70011     14.972664     15.118124
   2.65920     14.897200     15.166956
   2.61829     14.786717     15.328653
   2.57738     15.022793     15.309888
   2.53647     15.474438     15.495182
   2.49555     15.654781     15.618406
   2.45464     15.507025     15.724899
   2.41373     15.738641     15.780176
   2.37282     15.761816     15.909830
   2.33191     15.774388     16.025813
   2.33191     15.774388     16.025813
   2.29100     15.901889     16.182580
   2.25009     16.226316     16.306871
   2.20918     16.317462     16.319148
   2.16827     16.331691     16.356675
   2.12736     16.304638     16.402979
   2.08645     16.318950     16.289327
   2.04554     16.214786     16.194475
   2.00463     16.109213     16.127402
   1.96372     15.985548     15.961115
   1.92280     15.879573     15.902724
   1.88189     15.783726     15.707883
   1.84098     15.716801     15.801118
   1.80007     15.656910     15.713767
   1.75916     15.585814     15.581549
   1.71825     15.373060     15.234962
   1.67734     15.132446     15.254241
   1.63643     15.103264     15.025528
   1.59552     15.204039     15.206143
   1.55461     15.162967     15.127470
   1.55461     15.163371     15.131425
   1.51370     15.249772     15.190239
   1.47279     15.034708     15.048241
   1.43188     15.094542     15.053869
   1.39096     15.175408     15.115932
   1.35005     15.219270     15.158287
   1.30914     15.164012     15.129761
   1.26823     15.009092     15.030864
   1.22732     14.921093     14.955203
   1.18641     14.931762     14.940590
   1.14550     14.988339     14.968151
   1.10459     15.050862     15.009124
   1.06368     15.099130     15.088582
   1.02277     15.116095     15.073981
   0.98186     15.088057     15.074109
   0.94095     15.011265     15.037027
   0.90004     14.892187     14.952267
   0.85913     14.784730     14.808119
   0.81821     14.770814     14.693526
   0.77730     14.737587     14.811354
   0.77730     14.737587     14.811355
   0.73639     14.900678     14.806321
   0.69548     15.082306     15.082877
   0.65457     14.841657     14.745004
   0.61366     14.473694     14.674049
   0.57275     14.484347     14.616255
   0.53184     14.560442     14.606161
   0.49093     14.608047     14.553566
   0.45002     14.275221     14.219699
   0.40911     13.982020     14.051547
   0.36820     13.865250     14.048877
   0.32729     13.673914     13.643661
   0.28638     13.658685     13.631172
   0.24546     13.656022     13.625215
   0.20455     13.613155     13.579896
   0.16364     13.581921     13.468064
   0.12273     13.472428     13.431115
   0.08182     13.418996     14.041116
   0.04091     14.062059     13.390160
   0.00000     14.189359     14.153978
 
# Band-Index   51
   0.00000     14.322853     14.322784
   0.04091     14.230971     14.009488
   0.08182     14.043407     14.099881
   0.12273     13.910075     13.978960
   0.16364     13.758262     13.512542
   0.20455     13.622986     13.586890
   0.24546     13.771755     13.738598
   0.28638     13.844022     13.926630
   0.32729     13.864211     14.019736
   0.36820     13.891559     14.299017
   0.40911     14.159008     14.146901
   0.45002     14.520025     14.439874
   0.49093     14.611001     14.602394
   0.53184     14.795581     14.734421
   0.57275     14.920948     14.844443
   0.61366     15.155073     15.093625
   0.65457     15.118958     15.399446
   0.69548     15.225708     15.106590
   0.73639     15.061462     15.438763
   0.77730     15.054470     15.592837
   0.77730     15.054462     15.592837
   0.81821     15.169833     15.619045
   0.85913     15.501004     15.572318
   0.90004     15.519849     15.500784
   0.94095     15.397907     15.410869
   0.98186     15.278494     15.308888
   1.02277     15.162145     15.199983
   1.06368     15.146462     15.129939
   1.10459     15.177959     15.156010
   1.14550     15.169123     15.144578
   1.18641     15.142607     15.118793
   1.22732     15.123225     15.104669
   1.26823     15.145535     15.140300
   1.30914     15.254489     15.270003
   1.35005     15.383792     15.431836
   1.39096     15.238821     15.340937
   1.43188     15.193341     15.114707
   1.47279     15.065506     15.085340
   1.51370     15.256945     15.217176
   1.55461     15.255623     15.252965
   1.55461     15.255623     15.252965
   1.59552     15.358935     15.288492
   1.63643     15.187036     15.377032
   1.67734     15.353335     15.315614
   1.71825     15.462530     15.452001
   1.75916     15.609087     15.686350
   1.80007     15.740609     15.736295
   1.84098     15.795901     15.770021
   1.88189     15.780432     15.904840
   1.92280     15.854190     16.007667
   1.96372     16.016264     16.097757
   2.00463     16.222869     16.126504
   2.04554     16.330365     16.267464
   2.08645     16.415332     16.391340
   2.12736     16.362662     16.494930
   2.16827     16.366538     16.492670
   2.20918     16.452965     16.494372
   2.25009     16.524573     16.535848
   2.29100     16.145844     16.682368
   2.33191     16.145405     16.709764
   2.33191     16.145405     16.709764
   2.37282     15.985117     16.473475
   2.41373     15.772413     16.107487
   2.45464     15.771735     15.855913
   2.49555     15.700542     15.752131
   2.53647     15.516863     15.627988
   2.57738     15.614940     15.534181
   2.61829     15.668326     15.414449
   2.65920     15.327956     15.529707
   2.70011     15.169160     15.235098
   2.74102     15.319483     15.269863
   2.78193     15.494614     15.437739
   2.82284     15.437047     15.630448
   2.86375     15.481112     15.389893
   2.90466     14.946197     15.235545
   2.94557     14.915242     15.016970
   2.98648     14.880374     14.899122
   3.02739     14.854069     14.768743
   3.06831     14.679860     14.722313
   3.10922     14.682507     14.548158
   3.10922     14.682507     14.548158
   3.16707     14.615728     14.676626
   3.22493     14.467324     14.788005
   3.28279     14.419945     14.408807
   3.34064     14.583218     14.204317
   3.39850     14.959854     14.294759
   3.45635     14.632488     14.565252
   3.51421     14.679485     14.860067
   3.57207     14.881962     15.446863
   3.62992     15.198830     15.683897
   3.68778     15.654588     15.724826
   3.74564     15.644801     15.632892
   3.80349     15.579260     15.550008
   3.86135     15.406899     15.539588
   3.91921     15.407062     15.425013
   3.97706     15.307052     15.303593
   4.03492     15.079401     15.065326
   4.09278     15.081579     15.083156
   4.15063     15.276622     15.236662
   4.20849     15.255623     15.252965
 
# Band-Index   52
   4.20849     15.435228     15.415552
   4.15063     15.301319     15.279288
   4.09278     15.291557     15.279647
   4.03492     15.409715     15.401315
   3.97706     15.568438     15.567265
   3.91921     15.710862     15.721372
   3.86135     15.697313     15.681186
   3.80349     15.594182     15.638894
   3.74564     15.690492     15.717756
   3.68778     15.714352     15.774780
   3.62992     15.691026     15.785109
   3.57207     15.453933     15.814946
   3.51421     14.936279     15.663995
   3.45635     14.675005     15.145894
   3.39850     14.943534     14.619296
   3.34064     15.119383     14.524472
   3.28279     14.933755     14.917626
   3.22493     14.768556     14.884495
   3.16707     14.774124     14.706576
   3.10922     14.776612     14.702953
   3.10922     14.776612     14.702953
   3.06831     14.800023     14.713435
   3.02739     14.878894     14.981009
   2.98648     15.141793     15.341746
   2.94557     15.358044     15.545056
   2.90466     15.447947     15.686816
   2.86375     15.800023     15.751341
   2.82284     15.801311     15.686098
   2.78193     15.621988     15.788576
   2.74102     15.315380     15.977073
   2.70011     15.491607     15.796471
   2.65920     15.719436     15.574536
   2.61829     15.696942     15.812068
   2.57738     15.682914     15.703714
   2.53647     15.591718     15.672336
   2.49555     15.798422     15.856553
   2.45464     15.831601     16.169691
   2.41373     16.095201     16.595255
   2.37282     16.385400     16.765520
   2.33191     16.401540     16.819541
   2.33191     16.401540     16.819541
   2.29100     16.190433     16.708412
   2.25009     16.601293     16.632592
   2.20918     16.572572     16.565961
   2.16827     16.417512     16.585655
   2.12736     16.364958     16.728489
   2.08645     16.722807     16.811493
   2.04554     16.739312     16.632439
   2.00463     16.651185     16.676617
   1.96372     16.515608     16.540115
   1.92280     16.355039     16.383590
   1.88189     16.193585     16.155703
   1.84098     16.035548     16.002573
   1.80007     15.943861     16.291263
   1.75916     15.714612     15.734832
   1.71825     15.588462     15.571199
   1.67734     15.521478     15.493824
   1.63643     15.415394     15.394195
   1.59552     15.376749     15.347998
   1.55461     15.435228     15.415552
   1.55461     15.435065     15.415552
   1.51370     15.293438     15.323794
   1.47279     15.387024     15.177881
   1.43188     15.256908     15.261794
   1.39096     15.426830     15.424557
   1.35005     15.487292     15.498401
   1.30914     15.495266     15.537790
   1.26823     15.560309     15.573186
   1.22732     15.661574     15.644278
   1.18641     15.719364     15.668688
   1.14550     15.843625     15.794717
   1.10459     15.865867     15.800536
   1.06368     15.952212     15.890966
   1.02277     15.995186     15.955581
   0.98186     16.048530     16.027523
   0.94095     16.090954     16.062206
   0.90004     15.937224     16.087740
   0.85913     15.643616     15.884874
   0.81821     15.766455     15.672008
   0.77730     15.645031     15.635339
   0.77730     15.645092     15.635584
   0.73639     15.624774     15.600918
   0.69548     15.240826     15.617564
   0.65457     15.430688     15.488423
   0.61366     15.169928     15.618905
   0.57275     15.237405     15.220903
   0.53184     14.936807     14.840166
   0.49093     14.619540     14.616960
   0.45002     14.590787     14.565048
   0.40911     14.496435     14.469756
   0.36820     14.340885     14.377044
   0.32729     14.152402     14.125671
   0.28638     13.956741     13.988629
   0.24546     13.834757     13.930551
   0.20455     13.703771     13.921673
   0.16364     13.875726     13.954447
   0.12273     13.947734     14.020509
   0.08182     14.076838     14.242215
   0.04091     14.262119     14.179256
   0.00000     14.486126     14.449023
 
# Band-Index   53
   0.00000     14.557285     14.556026
   0.04091     14.657864     14.283541
   0.08182     14.223821     14.597203
   0.12273     14.270727     14.310761
   0.16364     14.462753     14.005459
   0.20455     13.842877     13.951250
   0.24546     13.839476     13.964595
   0.28638     14.119390     14.120490
   0.32729     14.432440     14.399494
   0.36820     15.135592     15.162924
   0.40911     15.040814     15.053920
   0.45002     14.866574     14.842159
   0.49093     14.799420     14.781557
   0.53184     14.970894     14.913094
   0.57275     15.312583     15.284680
   0.61366     15.596950     15.622788
   0.65457     15.519075     15.645069
   0.69548     15.680119     15.693935
   0.73639     15.652141     15.684353
   0.77730     15.850896     15.681131
   0.77730     15.850865     15.681082
   0.81821     15.783340     15.847051
   0.85913     16.053960     16.122567
   0.90004     16.165956     16.198547
   0.94095     16.279352     16.287225
   0.98186     16.262919     16.268699
   1.02277     16.261410     16.194134
   1.06368     16.176531     16.104123
   1.10459     16.087483     16.012745
   1.14550     16.006862     15.923697
   1.18641     15.913300     15.838844
   1.22732     15.833168     15.760640
   1.26823     15.759099     15.689033
   1.30914     15.691536     15.625701
   1.35005     15.568017     15.570653
   1.39096     15.584499     15.543953
   1.43188     15.468889     15.441908
   1.47279     15.398159     15.416820
   1.51370     15.438042     15.412871
   1.55461     15.439427     15.420791
   1.55461     15.439426     15.421187
   1.59552     15.453385     15.503612
   1.63643     15.484715     15.407082
   1.67734     15.616764     15.549581
   1.71825     15.840575     15.762847
   1.75916     16.160656     16.139688
   1.80007     16.353070     16.336986
   1.84098     16.079813     16.636264
   1.88189     16.238026     16.779623
   1.92280     16.427327     17.045992
   1.96372     16.540818     17.276919
   2.00463     16.806149     16.709458
   2.04554     16.940936     16.788847
   2.08645     16.897389     16.890587
   2.12736     16.553416     16.802110
   2.16827     16.425679     16.848100
   2.20918     16.885318     16.930553
   2.25009     16.635730     16.762812
   2.29100     16.556503     16.789473
   2.33191     16.479005     16.899450
   2.33191     16.479005     16.899450
   2.37282     16.516636     16.776696
   2.41373     16.602609     16.615729
   2.45464     16.226159     16.223882
   2.49555     15.815795     16.332903
   2.53647     15.838965     16.436328
   2.57738     15.877742     16.257324
   2.61829     15.781526     15.836521
   2.65920     15.906890     15.882322
   2.70011     16.011095     15.916576
   2.74102     16.060504     16.066084
   2.78193     16.119139     16.033027
   2.82284     16.205820     16.113241
   2.86375     16.280550     15.974203
   2.90466     16.237759     16.100932
   2.94557     16.275433     16.259008
   2.98648     16.299996     16.323320
   3.02739     16.304034     16.255064
   3.06831     16.283997     16.237301
   3.10922     16.274982     16.257565
   3.10922     16.274982     16.257565
   3.16707     16.224517     16.228950
   3.22493     15.409420     16.071470
   3.28279     15.797726     15.747795
   3.34064     16.156582     14.870203
   3.39850     16.227352     15.242005
   3.45635     16.205406     16.286195
   3.51421     16.142388     16.110100
   3.57207     15.841194     15.969648
   3.62992     15.844525     15.894979
   3.68778     15.934893     15.874531
   3.74564     15.932710     15.935449
   3.80349     15.837977     15.816241
   3.86135     15.771335     15.725741
   3.91921     15.716775     15.741142
   3.97706     15.606304     15.604804
   4.03492     15.467060     15.462577
   4.09278     15.373510     15.369233
   4.15063     15.382511     15.356019
   4.20849     15.439426     15.421187
 
# Band-Index   54
   4.20849     15.595713     15.550946
   4.15063     15.564299     15.528762
   4.09278     15.579197     15.576710
   4.03492     15.626193     15.621714
   3.97706     15.695952     15.683456
   3.91921     15.865752     15.834819
   3.86135     16.172953     16.164889
   3.80349     16.313234     16.306051
   3.74564     16.068319     16.041270
   3.68778     16.044693     16.068926
   3.62992     15.898433     16.208147
   3.57207     15.952212     16.104543
   3.51421     16.221463     16.318652
   3.45635     16.290006     16.323352
   3.39850     16.271652     16.054073
   3.34064     16.207003     16.078299
   3.28279     16.136530     16.099542
   3.22493     16.159027     16.211534
   3.16707     16.492830     16.297050
   3.10922     16.453851     16.310517
   3.10922     16.453851     16.310517
   3.06831     16.452952     16.301385
   3.02739     16.463554     16.436841
   2.98648     16.432307     16.553695
   2.94557     16.461196     16.319768
   2.90466     16.282259     16.254995
   2.86375     16.392780     16.196062
   2.82284     16.279281     16.124385
   2.78193     16.444868     16.306821
   2.74102     16.167494     16.084066
   2.70011     16.020472     16.179673
   2.65920     15.970159     16.213206
   2.61829     15.923851     16.239808
   2.57738     16.132595     16.456674
   2.53647     16.487167     16.664603
   2.49555     16.131603     16.994082
   2.45464     16.353101     16.628823
   2.41373     16.660582     16.987480
   2.37282     16.721097     17.032063
   2.33191     16.599344     16.925476
   2.33191     16.599344     16.925476
   2.29100     16.590239     17.128571
   2.25009     16.971764     17.028641
   2.20918     17.102438     16.938821
   2.16827     16.764158     17.278606
   2.12736     16.793928     17.144567
   2.08645     17.043238     16.973737
   2.04554     16.992411     17.186882
   2.00463     17.153265     17.326474
   1.96372     17.352019     17.557326
   1.92280     17.063666     17.289785
   1.88189     16.814459     16.942629
   1.84098     16.715542     16.640627
   1.80007     16.558538     16.491565
   1.75916     16.163904     16.218313
   1.71825     16.114742     15.984316
   1.67734     15.929534     15.801315
   1.63643     15.764794     15.619992
   1.59552     15.543936     15.507095
   1.55461     15.595713     15.550946
   1.55461     15.595713     15.550947
   1.51370     15.513800     15.426633
   1.47279     15.396559     15.480420
   1.43188     15.500751     15.516306
   1.39096     15.568708     15.547744
   1.35005     15.629105     15.673839
   1.30914     15.771252     15.793160
   1.26823     15.946261     15.978267
   1.22732     16.131092     16.109924
   1.18641     16.186375     16.176828
   1.14550     16.417556     16.252266
   1.10459     16.114469     16.104983
   1.06368     16.335852     16.352123
   1.02277     16.268719     16.279820
   0.98186     16.336137     16.278272
   0.94095     16.326186     16.350893
   0.90004     16.242959     16.244559
   0.85913     16.207031     16.160739
   0.81821     16.067777     16.108375
   0.77730     15.977706     16.090298
   0.77730     15.977781     16.090387
   0.73639     15.893645     15.962926
   0.69548     15.695270     15.709056
   0.65457     15.772495     15.704509
   0.61366     15.601364     15.624299
   0.57275     15.339712     15.527545
   0.53184     15.325933     15.482859
   0.49093     15.313538     15.422097
   0.45002     15.237506     15.156508
   0.40911     15.195719     15.148097
   0.36820     15.172232     15.191297
   0.32729     15.140629     15.113763
   0.28638     14.922967     14.881144
   0.24546     14.738880     14.706004
   0.20455     14.632706     14.609864
   0.16364     14.872474     14.644128
   0.12273     14.731010     14.675831
   0.08182     14.700360     14.836784
   0.04091     14.691482     14.724149
   0.00000     14.755976     14.719085
 
# Band-Index   55
   0.00000     14.833426     14.823798
   0.04091     14.836758     14.782332
   0.08182     14.917342     15.013488
   0.12273     15.139192     15.321780
   0.16364     15.449380     14.773235
   0.20455     15.034355     15.029316
   0.24546     15.074815     15.023261
   0.28638     15.109744     15.094811
   0.32729     15.161819     15.122641
   0.36820     15.323961     15.374136
   0.40911     15.216914     15.240939
   0.45002     15.265261     15.323152
   0.49093     15.437096     15.558237
   0.53184     15.368655     15.546623
   0.57275     15.453750     15.623210
   0.61366     15.709680     15.699672
   0.65457     15.806108     15.804414
   0.69548     16.063824     16.056893
   0.73639     16.321510     16.323980
   0.77730     16.454539     16.362092
   0.77730     16.452656     16.355109
   0.81821     16.368415     16.292132
   0.85913     16.257964     16.200872
   0.90004     16.358689     16.272803
   0.94095     16.394157     16.351154
   0.98186     16.502777     16.468216
   1.02277     16.394716     16.363416
   1.06368     16.454918     16.424069
   1.10459     16.410507     16.329481
   1.14550     16.479068     16.407505
   1.18641     16.268969     16.200234
   1.22732     16.199812     16.169283
   1.26823     16.099106     16.038642
   1.30914     16.022330     15.967671
   1.35005     15.901251     15.895609
   1.39096     15.975467     15.997971
   1.43188     15.821799     15.914309
   1.47279     15.657458     15.772772
   1.51370     15.605991     15.567221
   1.55461     15.637616     15.614881
   1.55461     15.637616     15.614881
   1.59552     15.667847     15.565208
   1.63643     15.822288     15.802188
   1.67734     15.956559     16.018485
   1.71825     16.127076     16.147647
   1.75916     16.268750     16.285974
   1.80007     16.671467     16.489032
   1.84098     16.985629     16.859553
   1.88189     17.323088     17.222503
   1.92280     17.506510     17.714365
   1.96372     17.373557     17.570990
   2.00463     17.726034     17.578564
   2.04554     17.701298     17.748943
   2.08645     17.659485     17.682176
   2.12736     16.793152     17.561464
   2.16827     16.816369     17.368584
   2.20918     17.270975     17.312545
   2.25009     17.300106     17.241861
   2.29100     17.004845     17.564395
   2.33191     17.134982     17.592944
   2.33191     17.134982     17.592944
   2.37282     17.002832     17.319614
   2.41373     16.734557     17.148875
   2.45464     16.720175     17.284203
   2.49555     16.818268     17.175051
   2.53647     16.549039     16.745291
   2.57738     16.626983     17.030178
   2.61829     16.413263     17.262751
   2.65920     16.306262     17.273403
   2.70011     16.396661     16.986707
   2.74102     16.544576     16.719022
   2.78193     16.699032     16.463481
   2.82284     16.918095     16.809782
   2.86375     17.211871     17.223315
   2.90466     16.508756     17.320039
   2.94557     16.477956     17.095657
   2.98648     16.642177     16.966499
   3.02739     16.575471     16.604856
   3.06831     16.718827     16.499879
   3.10922     16.568453     16.456998
   3.10922     16.568453     16.456998
   3.16707     16.536479     16.523692
   3.22493     16.597055     16.525299
   3.28279     16.360217     16.410513
   3.34064     16.272108     16.097325
   3.39850     16.617081     16.197934
   3.45635     16.379879     16.397845
   3.51421     16.291227     16.414414
   3.57207     16.071585     16.331852
   3.62992     16.193524     16.245363
   3.68778     16.609200     16.590815
   3.74564     16.807864     16.755985
   3.80349     16.476981     16.339980
   3.86135     16.182579     16.224549
   3.91921     16.088098     16.163773
   3.97706     16.189042     16.263445
   4.03492     16.285369     16.321154
   4.09278     15.934017     15.898197
   4.15063     15.567715     15.560093
   4.20849     15.637616     15.614881
 
# Band-Index   56
   4.20849     15.734245     15.725003
   4.15063     15.819394     15.658555
   4.09278     16.176468     16.228389
   4.03492     16.412195     16.383484
   3.97706     16.304706     16.346156
   3.91921     16.555022     16.578591
   3.86135     16.896598     16.760136
   3.80349     16.543723     16.549679
   3.74564     16.819851     16.821260
   3.68778     17.097376     17.066284
   3.62992     16.722642     16.822864
   3.57207     16.647679     16.553925
   3.51421     16.625379     16.356954
   3.45635     16.922364     16.661494
   3.39850     17.254403     16.456005
   3.34064     16.677603     16.278604
   3.28279     16.648238     16.380349
   3.22493     16.670037     16.687080
   3.16707     16.897891     16.832172
   3.10922     16.908489     16.901995
   3.10922     16.908489     16.901995
   3.06831     16.716692     16.826566
   3.02739     17.038358     16.602172
   2.98648     17.028085     16.967991
   2.94557     17.042557     17.154500
   2.90466     17.117953     17.431119
   2.86375     17.381412     17.388796
   2.82284     17.338425     17.318940
   2.78193     17.149733     17.147342
   2.74102     16.653788     17.215946
   2.70011     16.947938     17.202851
   2.65920     17.194784     17.275754
   2.61829     17.252870     17.493060
   2.57738     17.027552     17.200922
   2.53647     16.968761     17.083104
   2.49555     16.855330     17.276004
   2.45464     17.128176     17.288371
   2.41373     16.999214     17.627350
   2.37282     17.126603     17.443581
   2.33191     17.429814     17.680756
   2.33191     17.429814     17.680756
   2.29100     17.330907     17.550750
   2.25009     17.338049     17.431399
   2.20918     17.507008     17.443206
   2.16827     17.148618     17.557362
   2.12736     17.537098     17.627377
   2.08645     18.010903     17.979414
   2.04554     18.049124     17.881234
   2.00463     17.739301     17.824626
   1.96372     17.684260     17.929873
   1.92280     17.545263     17.839921
   1.88189     17.459036     17.342920
   1.84098     17.013782     16.849739
   1.80007     16.720583     16.979289
   1.75916     16.401016     17.268053
   1.71825     17.064148     17.009086
   1.67734     16.010467     16.566119
   1.63643     15.914032     15.935077
   1.59552     15.879953     15.896860
   1.55461     15.734245     15.725003
   1.55461     15.734189     15.725914
   1.51370     15.662584     15.648382
   1.47279     15.815183     15.825337
   1.43188     15.972068     15.932922
   1.39096     15.984514     16.016672
   1.35005     15.908698     16.051817
   1.30914     16.034600     16.128919
   1.26823     16.130073     16.183872
   1.22732     16.511299     16.543632
   1.18641     16.650049     16.728529
   1.14550     16.734862     16.729002
   1.10459     16.496235     16.514573
   1.06368     16.504218     16.455373
   1.02277     16.542102     16.510172
   0.98186     16.667597     16.529737
   0.94095     16.517108     16.380367
   0.90004     16.431380     16.406945
   0.85913     16.449525     16.444097
   0.81821     16.467324     16.487668
   0.77730     16.456555     16.470022
   0.77730     16.466432     16.475942
   0.73639     16.576753     16.520864
   0.69548     16.689327     16.678370
   0.65457     16.140212     16.060431
   0.61366     15.755490     15.739154
   0.57275     15.707296     15.740280
   0.53184     15.743028     15.802775
   0.49093     15.677731     15.831271
   0.45002     15.580900     15.809933
   0.40911     15.776482     15.930720
   0.36820     15.427479     15.997936
   0.32729     15.256018     15.207399
   0.28638     15.210551     15.153536
   0.24546     15.088970     15.065452
   0.20455     15.019013     15.123966
   0.16364     15.691766     15.538831
   0.12273     15.500982     15.301786
   0.08182     14.914576     15.082626
   0.04091     15.041648     14.948559
   0.00000     16.299643     16.283122
 
# Band-Index   57
   0.00000     16.457048     16.457246
   0.04091     16.273964     16.191555
   0.08182     15.270847     16.266909
   0.12273     16.134173     15.773771
   0.16364     16.218986     16.179387
   0.20455     15.792270     15.709972
   0.24546     15.883608     15.794059
   0.28638     15.721182     15.867962
   0.32729     15.532151     15.633003
   0.36820     16.025147     16.270971
   0.40911     15.845543     16.102992
   0.45002     15.794169     16.020346
   0.49093     15.778992     15.929877
   0.53184     15.790813     15.839728
   0.57275     16.149352     15.772467
   0.61366     15.993181     15.970674
   0.65457     16.259948     16.190339
   0.69548     16.785135     16.707769
   0.73639     16.651606     16.551329
   0.77730     16.531192     16.491067
   0.77730     16.530023     16.475502
   0.81821     16.629520     16.570514
   0.85913     16.751481     16.729992
   0.90004     16.764336     16.771695
   0.94095     16.738745     16.698481
   0.98186     16.668487     16.604833
   1.02277     16.585250     16.580626
   1.06368     16.668571     16.744662
   1.10459     16.621353     16.599520
   1.14550     16.833910     16.914098
   1.18641     16.950194     16.979656
   1.22732     17.096965     17.183863
   1.26823     16.701448     16.847748
   1.30914     16.440558     16.548174
   1.35005     16.226251     16.255950
   1.39096     16.070474     16.164124
   1.43188     16.185974     16.212602
   1.47279     15.985705     16.191383
   1.51370     16.288517     15.828418
   1.55461     15.821328     15.769956
   1.55461     15.821328     15.769956
   1.59552     15.911334     15.942901
   1.63643     16.064751     16.078916
   1.67734     16.629410     17.102343
   1.71825     17.629003     17.572738
   1.75916     17.441312     17.780737
   1.80007     17.337293     17.900421
   1.84098     17.139012     17.984402
   1.88189     17.669696     18.034615
   1.92280     17.967044     17.857163
   1.96372     18.150205     18.328773
   2.00463     18.312155     18.286564
   2.04554     18.209002     18.419479
   2.08645     18.348721     18.109017
   2.12736     17.565745     18.304247
   2.16827     17.517582     18.247990
   2.20918     17.865389     17.992513
   2.25009     17.747279     17.873757
   2.29100     17.392966     17.703121
   2.33191     17.565676     17.766944
   2.33191     17.565676     17.766944
   2.37282     17.312238     17.818631
   2.41373     17.165743     17.881250
   2.45464     17.184527     17.505215
   2.49555     17.134179     17.293066
   2.53647     16.997630     17.412458
   2.57738     17.211607     17.581360
   2.61829     17.377853     17.609541
   2.65920     17.301506     17.667704
   2.70011     17.351107     17.539054
   2.74102     17.404841     17.598512
   2.78193     17.715965     17.664329
   2.82284     17.729834     17.689508
   2.86375     17.662122     17.596946
   2.90466     17.254775     17.626307
   2.94557     17.191181     17.628373
   2.98648     17.041195     17.684786
   3.02739     16.910675     17.164629
   3.06831     16.952238     16.934154
   3.10922     16.947298     16.988726
   3.10922     16.947298     16.988726
   3.16707     16.988962     16.951150
   3.22493     16.685299     17.078888
   3.28279     16.852792     16.863422
   3.34064     17.007883     16.957394
   3.39850     17.313363     16.962627
   3.45635     17.353445     17.524590
   3.51421     17.391484     17.513583
   3.57207     16.671999     17.416585
   3.62992     16.877629     17.392541
   3.68778     17.295519     17.246817
   3.74564     16.862754     16.856746
   3.80349     16.634010     16.615921
   3.86135     17.054747     17.080803
   3.91921     17.116211     17.063942
   3.97706     16.829702     16.827117
   4.03492     16.457555     16.493316
   4.09278     16.702420     16.620464
   4.15063     16.210252     16.120693
   4.20849     15.821328     15.769956
 
# Band-Index   58
   4.20849     16.013785     15.958646
   4.15063     16.551479     16.351174
   4.09278     16.778813     16.752708
   4.03492     17.025938     17.085159
   3.97706     17.423797     17.436905
   3.91921     17.667519     17.642505
   3.86135     17.727989     17.313790
   3.80349     17.434686     17.410445
   3.74564     17.193494     17.198968
   3.68778     17.443228     17.497614
   3.62992     17.366034     17.432663
   3.57207     17.396383     17.521614
   3.51421     17.441492     17.538931
   3.45635     17.452807     17.608910
   3.39850     17.562381     17.043489
   3.34064     17.613692     16.972180
   3.28279     17.471644     17.217900
   3.22493     16.979340     17.351464
   3.16707     16.971251     17.301303
   3.10922     17.173717     17.057115
   3.10922     17.173717     17.057115
   3.06831     17.167285     17.349027
   3.02739     17.023187     17.339060
   2.98648     17.230392     18.003647
   2.94557     17.579949     18.021511
   2.90466     17.577867     17.683340
   2.86375     17.800312     17.788214
   2.82284     18.015364     17.920456
   2.78193     18.245384     18.043212
   2.74102     17.783631     18.117040
   2.70011     17.730632     18.132389
   2.65920     17.590561     18.015366
   2.61829     17.405545     17.833297
   2.57738     17.220311     17.845993
   2.53647     17.177747     18.000682
   2.49555     17.197782     18.275167
   2.45464     17.726400     18.354101
   2.41373     17.778364     18.576300
   2.37282     17.677943     18.767630
   2.33191     17.601353     18.690735
   2.33191     17.601353     18.690735
   2.29100     17.597709     19.162850
   2.25009     18.637383     19.014066
   2.20918     18.824116     18.760943
   2.16827     17.580721     18.493308
   2.12736     17.878803     18.456178
   2.08645     18.565244     18.735141
   2.04554     18.785579     18.615201
   2.00463     18.604933     18.768148
   1.96372     18.482660     18.441100
   1.92280     18.241976     18.225304
   1.88189     18.016231     18.085234
   1.84098     17.987408     18.160564
   1.80007     17.894419     18.077983
   1.75916     17.812231     17.811453
   1.71825     17.654577     17.568603
   1.67734     17.227279     17.318391
   1.63643     16.638575     16.572461
   1.59552     16.255410     16.157083
   1.55461     16.013785     15.958646
   1.55461     16.013785     15.958646
   1.51370     17.229346     16.033725
   1.47279     15.967297     16.820778
   1.43188     16.364377     16.416873
   1.39096     16.141514     16.183553
   1.35005     16.233177     16.276661
   1.30914     16.467809     16.575577
   1.26823     16.840660     16.913386
   1.22732     17.130788     17.307702
   1.18641     17.188837     17.279438
   1.14550     17.270301     17.365081
   1.10459     16.737588     16.846427
   1.06368     17.094171     16.908408
   1.02277     16.806864     16.738305
   0.98186     16.738181     16.737127
   0.94095     16.771046     16.777624
   0.90004     16.865707     16.915060
   0.85913     16.753146     16.789206
   0.81821     16.768584     16.795847
   0.77730     16.777866     16.802778
   0.77730     16.785446     16.808814
   0.73639     16.764058     16.782325
   0.69548     17.138038     16.969701
   0.65457     16.386990     16.334268
   0.61366     16.243588     16.068746
   0.57275     16.625374     16.440173
   0.53184     16.417899     16.386010
   0.49093     16.268873     16.319863
   0.45002     16.220561     16.194579
   0.40911     16.209203     16.208619
   0.36820     16.040007     16.332616
   0.32729     16.087340     16.018278
   0.28638     15.974133     15.900410
   0.24546     15.891542     15.904393
   0.20455     16.106492     16.278705
   0.16364     16.296632     16.312245
   0.12273     16.323872     16.304757
   0.08182     16.308812     16.300049
   0.04091     16.298288     16.276396
   0.00000     16.603467     16.590239
 
# Band-Index   59
   0.00000     17.076738     16.994011
   0.04091     16.491740     16.496169
   0.08182     16.445869     16.614793
   0.12273     16.502766     16.616998
   0.16364     16.332620     16.549039
   0.20455     16.254119     16.369422
   0.24546     16.076960     16.232562
   0.28638     16.144282     16.185172
   0.32729     16.114725     16.135474
   0.36820     16.114189     16.422125
   0.40911     16.251706     16.344320
   0.45002     16.404352     16.346050
   0.49093     16.484387     16.977292
   0.53184     16.885071     16.874717
   0.57275     16.637373     16.547201
   0.61366     16.877146     16.866474
   0.65457     16.831188     16.802642
   0.69548     18.284089     17.803872
   0.73639     17.068253     17.028654
   0.77730     17.431813     17.373521
   0.77730     17.219467     17.186786
   0.81821     17.281572     17.232257
   0.85913     17.091039     17.062966
   0.90004     16.960020     16.941707
   0.94095     17.081638     17.119331
   0.98186     17.443773     17.452332
   1.02277     16.898462     16.792308
   1.06368     17.589257     17.540698
   1.10459     17.308864     17.127380
   1.14550     17.526956     17.465352
   1.18641     17.221402     17.298260
   1.22732     17.228634     17.357341
   1.26823     16.847162     16.974601
   1.30914     16.545890     16.658041
   1.35005     16.252026     16.391778
   1.39096     17.453658     17.517665
   1.43188     17.334819     17.349392
   1.47279     16.641757     17.339118
   1.51370     17.255616     17.245668
   1.55461     16.268694     16.278973
   1.55461     16.268351     16.277119
   1.59552     16.474297     16.485306
   1.63643     16.692784     16.657844
   1.67734     17.428906     17.645302
   1.71825     17.713605     17.884318
   1.75916     17.861808     18.238514
   1.80007     18.153925     18.346677
   1.84098     18.223677     18.401594
   1.88189     18.137809     18.411235
   1.92280     18.373713     18.635731
   1.96372     18.627939     18.750064
   2.00463     18.875339     18.933298
   2.04554     18.825390     18.857185
   2.08645     18.893817     18.752454
   2.12736     18.329270     18.764482
   2.16827     18.116997     18.840881
   2.20918     18.995259     18.924283
   2.25009     19.021243     19.040871
   2.29100     18.161713     19.178729
   2.33191     18.286713     19.367382
   2.33191     18.286713     19.367382
   2.37282     18.037238     18.890104
   2.41373     17.899480     18.689716
   2.45464     17.765385     18.421123
   2.49555     18.026382     18.705568
   2.53647     17.851496     18.657205
   2.57738     17.601762     18.261840
   2.61829     17.422319     17.845380
   2.65920     17.802254     18.024470
   2.70011     17.928795     18.405202
   2.74102     17.835710     18.736682
   2.78193     18.392637     18.598973
   2.82284     18.346066     18.672862
   2.86375     18.598656     18.665591
   2.90466     17.835371     18.584972
   2.94557     17.769999     18.389800
   2.98648     17.444129     18.375159
   3.02739     17.058015     17.532284
   3.06831     17.247981     17.401584
   3.10922     17.307777     17.557488
   3.10922     17.307777     17.557488
   3.16707     17.436232     17.464379
   3.22493     17.219737     17.420601
   3.28279     17.464733     17.538643
   3.34064     17.996493     17.660677
   3.39850     18.274963     17.604519
   3.45635     18.144017     18.309237
   3.51421     17.788174     18.058855
   3.57207     17.455771     17.835067
   3.62992     17.396734     17.663594
   3.68778     17.506984     17.538376
   3.74564     17.691753     17.704984
   3.80349     17.646383     17.694431
   3.86135     17.914795     17.959702
   3.91921     18.062519     18.161380
   3.97706     17.764327     17.687484
   4.03492     17.267324     17.171739
   4.09278     16.753420     16.816156
   4.15063     17.233590     17.207278
   4.20849     16.268351     16.277119
 
# Band-Index   60
   4.20849     17.302171     17.299486
   4.15063     17.365123     17.305048
   4.09278     17.727172     17.685363
   4.03492     17.930673     17.867788
   3.97706     18.115889     18.092517
   3.91921     18.234281     18.174376
   3.86135     18.270380     18.075981
   3.80349     17.907481     17.901507
   3.74564     17.799584     17.833780
   3.68778     17.725299     17.825444
   3.62992     17.747684     18.006260
   3.57207     17.847922     18.511373
   3.51421     18.029799     18.867325
   3.45635     18.264315     18.549437
   3.39850     18.425949     18.089408
   3.34064     18.056341     18.057816
   3.28279     17.907957     18.097304
   3.22493     17.622600     17.926335
   3.16707     17.608321     17.736650
   3.10922     17.630496     17.647533
   3.10922     17.630496     17.647533
   3.06831     17.708759     17.795335
   3.02739     17.878636     17.960392
   2.98648     18.087501     18.590311
   2.94557     18.008830     18.658177
   2.90466     18.247724     18.709579
   2.86375     18.778049     18.819316
   2.82284     18.917468     19.017028
   2.78193     18.814947     19.057230
   2.74102     18.531714     18.916240
   2.70011     18.352824     18.760951
   2.65920     18.544471     18.674309
   2.61829     18.718828     18.631800
   2.57738     18.696987     18.656231
   2.53647     18.455878     18.762282
   2.49555     18.131680     18.817929
   2.45464     17.965981     18.875729
   2.41373     18.165388     18.724880
   2.37282     18.433194     19.025452
   2.33191     18.647760     19.384551
   2.33191     18.647760     19.384551
   2.29100     18.403649     19.271323
   2.25009     19.970036     19.660870
   2.20918     20.179339     20.280215
   2.16827     18.696219     19.732286
   2.12736     18.754088     19.200794
   2.08645     19.124285     18.757439
   2.04554     19.055489     18.943055
   2.00463     19.008622     18.974329
   1.96372     18.781819     19.042487
   1.92280     18.537704     19.085290
   1.88189     18.380895     19.128559
   1.84098     18.299420     18.720287
   1.80007     18.387358     18.623107
   1.75916     18.237133     18.239210
   1.71825     17.943249     17.927149
   1.67734     17.659343     17.799726
   1.63643     17.388454     17.369591
   1.59552     17.325177     17.327231
   1.55461     17.302171     17.299486
   1.55461     17.301557     17.299239
   1.51370     17.609602     17.249098
   1.47279     16.954179     17.604912
   1.43188     17.715147     17.696506
   1.39096     17.842114     17.772537
   1.35005     17.419794     17.448208
   1.30914     17.521586     17.476561
   1.26823     17.449000     17.442120
   1.22732     17.318103     17.436087
   1.18641     17.368301     17.366543
   1.14550     17.847464     17.633876
   1.10459     17.512623     17.461327
   1.06368     17.838357     17.814000
   1.02277     17.498659     17.472262
   0.98186     17.479591     17.480741
   0.94095     17.383907     17.374001
   0.90004     17.171192     17.210665
   0.85913     17.110591     17.070729
   0.81821     17.551889     17.509673
   0.77730     17.350200     17.302927
   0.77730     17.535013     17.458954
   0.73639     17.099210     17.051979
   0.69548     18.440704     18.116451
   0.65457     16.869174     16.887971
   0.61366     16.912565     16.897169
   0.57275     16.872864     16.590829
   0.53184     17.077060     16.934896
   0.49093     17.037536     17.094175
   0.45002     16.648070     16.601696
   0.40911     17.206133     17.208463
   0.36820     16.429866     17.475206
   0.32729     16.366041     16.546106
   0.28638     16.362067     16.433126
   0.24546     16.200768     16.304457
   0.20455     16.442170     16.582381
   0.16364     16.981129     16.755467
   0.12273     16.653335     16.835391
   0.08182     16.713677     16.932438
   0.04091     16.891788     16.852585
   0.00000     16.947029     16.919222
 
# Band-Index   61
   0.00000     17.182848     17.162741
   0.04091     16.940381     17.090275
   0.08182     16.957063     16.995586
   0.12273     17.236368     17.178962
   0.16364     17.432398     17.113154
   0.20455     17.323445     17.226796
   0.24546     16.492105     16.508869
   0.28638     16.528580     16.582858
   0.32729     16.512673     16.616551
   0.36820     16.990871     17.553398
   0.40911     17.310677     17.233922
   0.45002     17.189454     17.201500
   0.49093     17.183179     17.358234
   0.53184     17.294646     17.242974
   0.57275     17.117437     16.885910
   0.61366     16.965191     16.897651
   0.65457     17.203111     17.165426
   0.69548     18.502483     18.417769
   0.73639     17.154545     17.097086
   0.77730     17.573066     17.511123
   0.77730     17.489053     17.415461
   0.81821     17.691710     17.634702
   0.85913     17.139336     17.111835
   0.90004     17.447232     17.413971
   0.94095     17.436660     17.429400
   0.98186     17.684696     17.811263
   1.02277     17.783906     17.687396
   1.06368     17.954379     17.996885
   1.10459     17.574154     17.690403
   1.14550     17.951309     17.923603
   1.18641     17.759071     17.659810
   1.22732     17.707234     17.957133
   1.26823     17.639471     17.652878
   1.30914     17.854912     17.808219
   1.35005     17.833719     17.769242
   1.39096     18.108755     17.890543
   1.43188     17.756856     17.751174
   1.47279     17.620519     17.723975
   1.51370     17.654748     17.573131
   1.55461     17.619261     17.590404
   1.55461     17.619094     17.590368
   1.59552     17.695446     17.717354
   1.63643     17.770852     17.790609
   1.67734     17.828884     18.306094
   1.71825     18.489289     18.509059
   1.75916     18.357863     18.687567
   1.80007     18.539460     18.756478
   1.84098     18.775768     19.106082
   1.88189     19.276339     19.189809
   1.92280     19.660704     19.540692
   1.96372     18.874071     19.304331
   2.00463     19.046556     19.042255
   2.04554     19.424721     19.364578
   2.08645     19.815740     19.706693
   2.12736     18.837057     20.032648
   2.16827     18.795616     20.326683
   2.20918     20.500444     20.589360
   2.25009     20.999655     20.850103
   2.29100     18.660672     21.094047
   2.33191     18.786324     21.281855
   2.33191     18.786324     21.281855
   2.37282     18.706640     20.919942
   2.41373     18.485303     20.797526
   2.45464     18.522861     18.947385
   2.49555     18.575316     20.129431
   2.53647     18.809628     18.912704
   2.57738     18.829127     20.036008
   2.61829     18.879049     20.016679
   2.65920     18.802793     19.604115
   2.70011     18.784462     19.186065
   2.74102     18.795593     18.950494
   2.78193     19.178511     19.134113
   2.82284     19.015094     19.277052
   2.86375     18.925869     19.143247
   2.90466     18.375719     18.890480
   2.94557     18.424251     18.984587
   2.98648     18.459509     19.239191
   3.02739     18.726652     18.403022
   3.06831     18.763153     18.416510
   3.10922     18.799220     18.464474
   3.10922     18.799220     18.464474
   3.16707     18.646803     18.393435
   3.22493     18.563361     18.343413
   3.28279     18.359216     18.363051
   3.34064     18.475619     18.412000
   3.39850     18.566390     18.224417
   3.45635     18.590132     18.524503
   3.51421     18.929994     18.930489
   3.57207     18.183944     18.610131
   3.62992     17.910537     18.085337
   3.68778     18.623658     19.239519
   3.74564     18.560380     18.728128
   3.80349     18.098246     18.326694
   3.86135     18.535942     18.434691
   3.91921     18.513947     18.489444
   3.97706     18.576715     18.641886
   4.03492     18.568243     18.535673
   4.09278     17.867900     18.067016
   4.15063     17.747980     17.633261
   4.20849     17.619094     17.590368
 
# Band-Index   62
   4.20849     17.704635     17.677222
   4.15063     18.078829     17.816885
   4.09278     18.260676     18.243920
   4.03492     18.979296     18.532260
   3.97706     18.704771     18.892190
   3.91921     18.590238     18.684245
   3.86135     18.809780     18.607484
   3.80349     18.906896     18.814681
   3.74564     19.137314     19.131790
   3.68778     19.054569     19.360266
   3.62992     17.981012     19.396326
   3.57207     18.471979     19.336496
   3.51421     18.961956     19.289561
   3.45635     19.238450     19.411103
   3.39850     19.294926     18.506423
   3.34064     18.586688     18.566707
   3.28279     18.566744     18.416432
   3.22493     18.695402     18.696460
   3.16707     18.971640     18.978588
   3.10922     19.091207     19.097968
   3.10922     19.091207     19.097968
   3.06831     19.010135     19.046804
   3.02739     18.773503     18.878194
   2.98648     18.668183     19.730241
   2.94557     18.552354     19.774805
   2.90466     18.756181     19.832710
   2.86375     19.842811     19.920253
   2.82284     19.702826     19.878827
   2.78193     19.624482     19.865636
   2.74102     18.915345     19.994430
   2.70011     19.031356     20.213297
   2.65920     19.232790     20.359986
   2.61829     19.021720     20.157992
   2.57738     19.010108     20.701308
   2.53647     19.115870     20.031330
   2.49555     19.200015     20.449400
   2.45464     19.229446     20.520984
   2.41373     19.257305     20.744973
   2.37282     19.275666     21.600558
   2.33191     19.318528     22.039026
   2.33191     19.318528     22.039026
   2.29100     19.206662     21.804212
   2.25009     21.033823     21.257887
   2.20918     20.828699     21.282108
   2.16827     19.814973     20.970934
   2.12736     19.516284     20.514832
   2.08645     20.260595     20.085488
   2.04554     19.802719     19.664225
   2.00463     19.398521     19.263126
   1.96372     19.679576     19.515153
   1.92280     19.825722     19.731745
   1.88189     19.563319     19.635248
   1.84098     19.303950     19.304577
   1.80007     18.880976     19.026769
   1.75916     18.714418     18.784883
   1.71825     18.612247     18.643941
   1.67734     18.315486     18.466412
   1.63643     17.967201     17.986792
   1.59552     17.837148     17.832313
   1.55461     17.704635     17.677222
   1.55461     17.701045     17.675929
   1.51370     17.805275     17.686857
   1.47279     17.772452     17.848773
   1.43188     17.813758     17.949647
   1.39096     18.188250     18.075325
   1.35005     17.948597     17.853946
   1.30914     18.034608     17.937090
   1.26823     18.051599     18.024973
   1.22732     18.063954     18.118676
   1.18641     17.940026     17.890980
   1.14550     18.445896     18.718818
   1.10459     17.700663     17.825478
   1.06368     17.988042     18.143812
   1.02277     17.844073     17.845774
   0.98186     17.951208     18.096547
   0.94095     17.504306     17.470612
   0.90004     17.627291     17.771631
   0.85913     17.449570     17.406961
   0.81821     18.366728     18.273749
   0.77730     17.491251     17.424611
   0.77730     18.328057     18.354880
   0.73639     17.340637     17.320266
   0.69548     18.547686     18.488538
   0.65457     17.406369     17.220198
   0.61366     17.018555     16.931911
   0.57275     17.454900     17.073801
   0.53184     18.206918     18.179595
   0.49093     17.518137     17.447461
   0.45002     17.725499     17.659538
   0.40911     17.522542     17.478142
   0.36820     17.284956     17.585439
   0.32729     17.318846     17.346280
   0.28638     16.840862     16.889519
   0.24546     17.215058     17.197375
   0.20455     17.300384     17.396791
   0.16364     17.429536     17.359666
   0.12273     17.379175     18.026012
   0.08182     17.396832     17.077279
   0.04091     17.496614     17.198924
   0.00000     17.639376     17.598795
 
# Band-Index   63
   0.00000     18.916362     18.718123
   0.04091     17.563490     17.677843
   0.08182     17.831276     17.812663
   0.12273     18.027404     18.289268
   0.16364     18.146342     17.953982
   0.20455     17.568945     17.581863
   0.24546     17.278586     17.316462
   0.28638     17.326097     17.341415
   0.32729     17.559908     17.557764
   0.36820     17.677086     17.973032
   0.40911     17.782400     17.749664
   0.45002     17.952770     17.801167
   0.49093     17.531934     17.806949
   0.53184     18.643511     18.669192
   0.57275     17.781505     17.378769
   0.61366     17.568407     17.659796
   0.65457     17.784468     17.708297
   0.69548     18.693078     18.875008
   0.73639     17.824922     17.785251
   0.77730     18.443696     18.367586
   0.77730     17.554963     17.547069
   0.81821     18.390281     18.369485
   0.85913     17.836567     17.816430
   0.90004     18.254991     18.166116
   0.94095     18.104347     18.105544
   0.98186     18.332283     18.458288
   1.02277     18.018303     18.169284
   1.06368     18.226858     18.208238
   1.10459     17.981959     17.934435
   1.14550     18.726359     18.729138
   1.18641     18.291497     18.298035
   1.22732     18.146506     18.194560
   1.26823     18.089261     18.028406
   1.30914     18.036367     18.058988
   1.35005     18.272301     18.296102
   1.39096     18.911304     18.862619
   1.43188     18.800072     18.802992
   1.47279     17.814465     18.809105
   1.51370     18.871439     17.862544
   1.55461     17.753654     17.685991
   1.55461     17.752541     17.698752
   1.59552     18.065884     18.088538
   1.63643     18.167947     18.202974
   1.67734     18.418964     19.128841
   1.71825     19.054466     19.608986
   1.75916     18.763191     18.915069
   1.80007     19.045704     19.063461
   1.84098     19.416786     19.470885
   1.88189     19.963018     19.835668
   1.92280     20.500119     20.380977
   1.96372     20.429688     20.366797
   2.00463     20.440358     20.476396
   2.04554     20.471169     20.275550
   2.08645     20.501460     20.435184
   2.12736     19.987350     20.868720
   2.16827     20.266999     21.337641
   2.20918     21.501128     21.363251
   2.25009     21.837093     21.684810
   2.29100     19.370112     21.904480
   2.33191     19.481950     22.261293
   2.33191     19.481950     22.261293
   2.37282     20.501505     22.240396
   2.41373     20.141025     22.237835
   2.45464     19.799888     21.680953
   2.49555     19.591701     21.702541
   2.53647     19.729545     21.119222
   2.57738     19.500471     21.109811
   2.61829     19.298005     20.830121
   2.65920     19.194629     20.598975
   2.70011     19.340974     20.466479
   2.74102     19.437666     20.385183
   2.78193     20.448558     20.296391
   2.82284     20.343532     20.220776
   2.86375     20.332450     20.435238
   2.90466     19.315549     20.533902
   2.94557     19.449700     20.114260
   2.98648     19.391247     19.940575
   3.02739     19.437280     19.454062
   3.06831     19.468214     19.402950
   3.10922     19.532572     19.414651
   3.10922     19.532572     19.414651
   3.16707     19.338855     19.258249
   3.22493     19.202058     19.128261
   3.28279     19.087566     18.972453
   3.34064     19.158817     18.686098
   3.39850     20.127967     18.787340
   3.45635     19.905984     19.836294
   3.51421     19.390826     19.306629
   3.57207     18.684521     19.567657
   3.62992     18.549563     19.685402
   3.68778     19.439706     20.371790
   3.74564     19.837959     19.879987
   3.80349     19.590589     19.525397
   3.86135     18.993159     18.940359
   3.91921     19.103537     18.982105
   3.97706     19.061479     18.944962
   4.03492     19.060576     19.020616
   4.09278     18.744908     18.660641
   4.15063     18.255041     18.148814
   4.20849     17.752541     17.698752
 
# Band-Index   64
   4.20849     18.055288     18.051195
   4.15063     19.089858     18.259299
   4.09278     19.275058     19.129082
   4.03492     19.092367     19.058795
   3.97706     19.631452     19.240128
   3.91921     19.670172     19.551353
   3.86135     19.582611     19.234093
   3.80349     19.615937     19.555069
   3.74564     20.201666     20.137411
   3.68778     20.344614     20.503910
   3.62992     19.493425     20.337475
   3.57207     19.129062     19.644754
   3.51421     20.247313     19.590195
   3.45635     20.166659     20.531900
   3.39850     20.398559     19.225792
   3.34064     19.370574     18.877974
   3.28279     19.118144     19.095873
   3.22493     19.356678     19.436609
   3.16707     19.618403     19.703672
   3.10922     19.907717     19.798051
   3.10922     19.907717     19.798051
   3.06831     19.869345     19.763345
   3.02739     19.692404     19.704434
   2.98648     19.684807     20.670921
   2.94557     19.486117     20.835375
   2.90466     19.455593     21.156356
   2.86375     21.015021     20.885939
   2.82284     21.103614     21.069233
   2.78193     21.197589     21.152686
   2.74102     19.804894     21.244729
   2.70011     20.007477     21.450374
   2.65920     20.258515     21.704253
   2.61829     20.508462     22.161615
   2.57738     20.500094     22.225308
   2.53647     19.865401     21.419440
   2.49555     20.420747     22.172124
   2.45464     20.709622     21.991117
   2.41373     20.896728     22.640142
   2.37282     21.004937     23.191135
   2.33191     20.897006     23.492560
   2.33191     20.897006     23.492560
   2.29100     20.656210     23.222641
   2.25009     22.459295     22.523792
   2.20918     22.083860     21.958349
   2.16827     20.791403     21.421154
   2.12736     20.230741     21.077061
   2.08645     21.036039     20.894399
   2.04554     21.471688     21.128265
   2.00463     20.986889     20.895138
   1.96372     21.021279     20.953598
   1.92280     20.499879     20.412052
   1.88189     20.117513     20.176788
   1.84098     19.618680     20.003171
   1.80007     19.217585     19.985961
   1.75916     18.764864     19.975033
   1.71825     19.004819     19.715492
   1.67734     19.258368     19.584767
   1.63643     18.773028     18.483957
   1.59552     18.365945     18.271526
   1.55461     18.055288     18.051195
   1.55461     18.055278     18.050897
   1.51370     19.585674     18.058651
   1.47279     18.204021     19.428473
   1.43188     19.201389     19.283563
   1.39096     18.917194     18.903097
   1.35005     18.540485     18.690188
   1.30914     18.543924     18.449091
   1.26823     18.298421     18.162976
   1.22732     18.363891     18.277540
   1.18641     18.393633     18.333028
   1.14550     18.805591     18.778780
   1.10459     18.177033     18.009867
   1.06368     18.730897     18.799594
   1.02277     18.397525     18.550191
   0.98186     18.614916     18.600985
   0.94095     18.500915     18.442289
   0.90004     18.341678     18.405601
   0.85913     17.881568     17.847154
   0.81821     18.790349     18.735763
   0.77730     17.706996     17.644035
   0.77730     18.839740     18.717872
   0.73639     18.000087     17.972808
   0.69548     19.519121     19.149794
   0.65457     18.141664     18.137199
   0.61366     17.776123     17.717297
   0.57275     18.428546     17.651898
   0.53184     19.121666     19.103223
   0.49093     18.632049     18.856804
   0.45002     18.107109     18.083184
   0.40911     18.354681     18.227329
   0.36820     17.813135     18.509306
   0.32729     17.704486     17.709915
   0.28638     17.738622     17.781493
   0.24546     17.578800     17.434039
   0.20455     17.646216     18.409633
   0.16364     18.332005     17.999988
   0.12273     18.543035     18.449140
   0.08182     18.168098     18.562904
   0.04091     18.467546     18.327217
   0.00000     19.566895     19.544679
