#K-Path(1/A)         Spin-Up(eV)   Spin-down(eV)
# NKPTS & NBANDS: 100  64
# Band-Index    1
   0.00000    -11.966782    -11.966774
   0.04284    -11.969807    -11.970377
   0.08568    -11.978772    -11.981052
   0.12851    -11.993352    -11.998399
   0.17135    -12.013032    -12.021783
   0.21419    -12.037130    -12.050374
   0.25703    -12.064844    -12.083194
   0.29986    -12.095281    -12.119172
   0.34270    -12.127508    -12.157188
   0.38554    -12.160579    -12.196122
   0.42838    -12.193568    -12.234885
   0.47122    -12.225597    -12.272450
   0.51405    -12.255852    -12.307876
   0.55689    -12.283597    -12.340313
   0.59973    -12.308184    -12.369021
   0.64257    -12.329061    -12.393369
   0.68540    -12.345772    -12.412842
   0.72824    -12.357962    -12.427037
   0.77108    -12.365378    -12.435668
   0.81392    -12.367867    -12.438564
   0.81392    -12.367867    -12.438564
   0.85676    -12.371695    -12.441794
   0.89960    -12.383036    -12.451368
   0.94244    -12.401464    -12.466943
   0.98527    -12.426301    -12.487971
   1.02811    -12.456663    -12.513733
   1.07095    -12.491509    -12.543373
   1.11379    -12.529700    -12.575944
   1.15663    -12.570045    -12.610450
   1.19947    -12.611356    -12.645881
   1.24231    -12.652478    -12.681246
   1.28515    -12.692325    -12.715602
   1.32799    -12.729895    -12.748073
   1.37083    -12.764293    -12.777866
   1.41367    -12.794733    -12.804280
   1.45651    -12.820549    -12.826717
   1.49934    -12.841193    -12.844684
   1.54218    -12.856243    -12.857793
   1.58502    -12.865393    -12.865769
   1.62786    -12.868464    -12.868446
   1.62786    -12.868464    -12.868446
   1.67070    -12.865787    -12.865376
   1.71354    -12.857812    -12.856227
   1.75638    -12.844706    -12.841180
   1.79921    -12.826743    -12.820539
   1.84205    -12.804309    -12.794727
   1.88489    -12.777900    -12.764292
   1.92773    -12.748112    -12.729900
   1.97056    -12.715647    -12.692337
   2.01340    -12.681298    -12.652497
   2.05624    -12.645939    -12.611382
   2.09908    -12.610515    -12.570079
   2.14192    -12.576016    -12.529741
   2.18475    -12.543451    -12.491558
   2.22759    -12.513817    -12.456718
   2.27043    -12.488060    -12.426362
   2.31327    -12.467036    -12.401530
   2.35610    -12.451465    -12.383106
   2.39894    -12.441893    -12.371767
   2.44178    -12.438663    -12.367939
   2.44178    -12.438663    -12.367939
   2.48462    -12.435767    -12.365450
   2.52746    -12.427134    -12.358032
   2.57030    -12.412936    -12.345840
   2.61314    -12.393460    -12.329126
   2.65598    -12.369107    -12.308245
   2.69881    -12.340394    -12.283653
   2.74165    -12.307951    -12.255903
   2.78449    -12.272519    -12.225642
   2.82733    -12.234947    -12.193606
   2.87017    -12.196176    -12.160610
   2.91301    -12.157236    -12.127533
   2.95585    -12.119212    -12.095300
   2.99869    -12.083227    -12.064856
   3.04153    -12.050400    -12.037137
   3.08437    -12.021803    -12.013033
   3.12721    -11.998414    -11.993349
   3.17005    -11.981064    -11.978765
   3.21288    -11.970387    -11.969799
   3.25572    -11.966782    -11.966774
   3.25572    -11.966782    -11.966774
   3.31631    -11.973412    -11.973403
   3.37689    -11.993075    -11.993066
   3.43747    -12.025102    -12.025092
   3.49805    -12.068420    -12.068410
   3.55864    -12.121609    -12.121598
   3.61922    -12.182972    -12.182961
   3.67980    -12.250613    -12.250600
   3.74039    -12.322510    -12.322497
   3.80097    -12.396597    -12.396583
   3.86155    -12.470817    -12.470802
   3.92213    -12.543184    -12.543169
   3.98272    -12.611826    -12.611810
   4.04330    -12.675020    -12.675004
   4.10388    -12.731224    -12.731208
   4.16446    -12.779098    -12.779081
   4.22505    -12.817521    -12.817503
   4.28563    -12.845607    -12.845589
   4.34621    -12.862717    -12.862699
   4.40680    -12.868464    -12.868446
 
# Band-Index    2
   4.40680    -11.777546    -11.777539
   4.34621    -11.776637    -11.776630
   4.28563    -11.773952    -11.773945
   4.22505    -11.769615    -11.769608
   4.16446    -11.763826    -11.763818
   4.10388    -11.756843    -11.756836
   4.04330    -11.748973    -11.748964
   3.98272    -11.740542    -11.740533
   3.92213    -11.731883    -11.731874
   3.86155    -11.723312    -11.723303
   3.80097    -11.715110    -11.715100
   3.74039    -11.707507    -11.707497
   3.67980    -11.700680    -11.700669
   3.61922    -11.694742    -11.694731
   3.55864    -11.689756    -11.689745
   3.49805    -11.685736    -11.685725
   3.43747    -11.682666    -11.682654
   3.37689    -11.680512    -11.680501
   3.31631    -11.679239    -11.679227
   3.25572    -11.678817    -11.678806
   3.25572    -11.678817    -11.678806
   3.21288    -11.678943    -11.679100
   3.17005    -11.679316    -11.679975
   3.12721    -11.679929    -11.681407
   3.08437    -11.680766    -11.683357
   3.04153    -11.681810    -11.685774
   2.99869    -11.683033    -11.688591
   2.95585    -11.684407    -11.691732
   2.91301    -11.685896    -11.695111
   2.87017    -11.687462    -11.698638
   2.82733    -11.689063    -11.702216
   2.78449    -11.690655    -11.705747
   2.74165    -11.692194    -11.709135
   2.69881    -11.693636    -11.712287
   2.65598    -11.694938    -11.715116
   2.61314    -11.696063    -11.717545
   2.57030    -11.696975    -11.719508
   2.52746    -11.697648    -11.720949
   2.48462    -11.698060    -11.721830
   2.44178    -11.698199    -11.722127
   2.44178    -11.698199    -11.722127
   2.39894    -11.698749    -11.722504
   2.35610    -11.700383    -11.723625
   2.31327    -11.703055    -11.725461
   2.27043    -11.706689    -11.727960
   2.22759    -11.711181    -11.731056
   2.18475    -11.716404    -11.734663
   2.14192    -11.722211    -11.738685
   2.09908    -11.728442    -11.743011
   2.05624    -11.734922    -11.747524
   2.01340    -11.741474    -11.752101
   1.97056    -11.747919    -11.756616
   1.92773    -11.754083    -11.760947
   1.88489    -11.759800    -11.764974
   1.84205    -11.764919    -11.768588
   1.79921    -11.769303    -11.771690
   1.75638    -11.772838    -11.774196
   1.71354    -11.775431    -11.776036
   1.67070    -11.777014    -11.777161
   1.62786    -11.777546    -11.777539
   1.62786    -11.777546    -11.777539
   1.58502    -11.777168    -11.777007
   1.54218    -11.776043    -11.775423
   1.49934    -11.774202    -11.772830
   1.45651    -11.771696    -11.769294
   1.41367    -11.768593    -11.764909
   1.37083    -11.764978    -11.759789
   1.32799    -11.760949    -11.754070
   1.28515    -11.756618    -11.747905
   1.24231    -11.752102    -11.741458
   1.19947    -11.747524    -11.734904
   1.15663    -11.743010    -11.728423
   1.11379    -11.738682    -11.722191
   1.07095    -11.734659    -11.716382
   1.02811    -11.731051    -11.711158
   0.98527    -11.727954    -11.706665
   0.94244    -11.725454    -11.703030
   0.89960    -11.723619    -11.700358
   0.85676    -11.722497    -11.698723
   0.81392    -11.722120    -11.698173
   0.81392    -11.722120    -11.698173
   0.77108    -11.721823    -11.698034
   0.72824    -11.720943    -11.697622
   0.68540    -11.719502    -11.696950
   0.64257    -11.717540    -11.696038
   0.59973    -11.715112    -11.694915
   0.55689    -11.712284    -11.693613
   0.51405    -11.709134    -11.692172
   0.47122    -11.705747    -11.690634
   0.42838    -11.702218    -11.689043
   0.38554    -11.698641    -11.687443
   0.34270    -11.695116    -11.685878
   0.29986    -11.691738    -11.684391
   0.25703    -11.688598    -11.683018
   0.21419    -11.685783    -11.681795
   0.17135    -11.683367    -11.680753
   0.12851    -11.681418    -11.679916
   0.08568    -11.679986    -11.679304
   0.04284    -11.679112    -11.678931
   0.00000    -11.678817    -11.678806
 
# Band-Index    3
   0.00000     -4.375105     -4.375109
   0.04284     -4.365591     -4.374353
   0.08568     -4.337300     -4.372119
   0.12851     -4.302446     -4.368501
   0.17135     -4.314699     -4.363645
   0.21419     -4.330314     -4.357738
   0.25703     -4.348661     -4.351008
   0.29986     -4.369272     -4.343706
   0.34270     -4.391626     -4.336098
   0.38554     -4.415132     -4.328446
   0.42838     -4.439158     -4.320999
   0.47122     -4.463036     -4.313971
   0.51405     -4.486095     -4.307545
   0.55689     -4.507671     -4.301855
   0.59973     -4.527137     -4.296994
   0.64257     -4.543918     -4.293010
   0.68540     -4.557519     -4.289925
   0.72824     -4.567534     -4.287734
   0.77108     -4.573666     -4.286428
   0.81392     -4.575730     -4.285994
   0.81392     -4.575730     -4.285994
   0.85676     -4.563417     -4.276776
   0.89960     -4.526743     -4.250429
   0.94244     -4.466535     -4.212754
   0.98527     -4.384339     -4.181818
   1.02811     -4.283027     -4.182457
   1.07095     -4.169554     -4.208898
   1.11379     -4.071901     -4.247149
   1.15663     -4.069179     -4.290919
   1.19947     -4.136915     -4.337122
   1.24231     -4.217542     -4.383734
   1.28515     -4.296962     -4.429183
   1.32799     -4.370913     -4.472157
   1.37083     -4.437374     -4.511547
   1.41367     -4.495116     -4.546415
   1.45651     -4.543298     -4.575982
   1.49934     -4.581320     -4.599619
   1.54218     -4.608760     -4.616844
   1.58502     -4.625333     -4.627316
   1.62786     -4.630875     -4.630828
   1.62786     -4.630875     -4.630828
   1.67070     -4.627364     -4.625287
   1.71354     -4.616893     -4.608716
   1.75638     -4.599671     -4.581279
   1.79921     -4.576037     -4.543261
   1.84205     -4.546474     -4.495086
   1.88489     -4.511612     -4.437351
   1.92773     -4.472228     -4.370898
   1.97056     -4.429260     -4.296958
   2.01340     -4.383819     -4.217551
   2.05624     -4.337214     -4.136941
   2.09908     -4.291018     -4.069232
   2.14192     -4.247254     -4.071969
   2.18475     -4.209006     -4.169596
   2.22759     -4.182560     -4.283047
   2.27043     -4.181893     -4.384343
   2.31327     -4.212796     -4.466528
   2.35610     -4.250454     -4.526728
   2.39894     -4.276794     -4.563397
   2.44178     -4.286009     -4.575709
   2.44178     -4.286009     -4.575709
   2.48462     -4.286443     -4.573644
   2.52746     -4.287748     -4.567511
   2.57030     -4.289938     -4.557495
   2.61314     -4.293022     -4.543890
   2.65598     -4.297003     -4.527105
   2.69881     -4.301863     -4.507636
   2.74165     -4.307551     -4.486055
   2.78449     -4.313975     -4.462991
   2.82733     -4.321001     -4.439108
   2.87017     -4.328446     -4.415078
   2.91301     -4.336097     -4.391567
   2.95585     -4.343704     -4.369209
   2.99869     -4.351005     -4.348595
   3.04153     -4.357735     -4.330245
   3.08437     -4.363641     -4.314627
   3.12721     -4.368498     -4.302374
   3.17005     -4.372115     -4.337298
   3.21288     -4.374349     -4.365593
   3.25572     -4.375105     -4.375109
   3.25572     -4.375105     -4.375109
   3.31631     -4.364965     -4.364967
   3.37689     -4.335423     -4.335420
   3.43747     -4.288931     -4.288921
   3.49805     -4.228673     -4.228654
   3.55864     -4.157549     -4.157524
   3.61922     -4.078967     -4.078938
   3.67980     -4.000552     -4.000525
   3.74039     -3.943416     -3.943393
   3.80097     -3.947903     -3.947881
   3.86155     -4.019734     -4.019706
   3.92213     -4.120239     -4.120205
   3.98272     -4.225172     -4.225134
   4.04330     -4.324578     -4.324538
   4.10388     -4.413670     -4.413627
   4.16446     -4.489598     -4.489554
   4.22505     -4.550436     -4.550391
   4.28563     -4.594820     -4.594774
   4.34621     -4.621816     -4.621769
   4.40680     -4.630875     -4.630828
 
# Band-Index    4
   4.40680     -3.017589     -3.017625
   4.34621     -3.018846     -3.018881
   4.28563     -3.022950     -3.022981
   4.22505     -3.030629     -3.030652
   4.16446     -3.042215     -3.042229
   4.10388     -3.056720     -3.056723
   4.04330     -3.075893     -3.075834
   3.98272     -3.200495     -3.200433
   3.92213     -3.327226     -3.327163
   3.86155     -3.439950     -3.439887
   3.80097     -3.511455     -3.511392
   3.74039     -3.598101     -3.598088
   3.67980     -3.754201     -3.754182
   3.61922     -3.894358     -3.894331
   3.55864     -4.015546     -4.015511
   3.49805     -4.115206     -4.115160
   3.43747     -4.191579     -4.191520
   3.37689     -4.244518     -4.244449
   3.31631     -4.275330     -4.275255
   3.25572     -4.285420     -4.285343
   3.25572     -4.285420     -4.285343
   3.21288     -4.273608     -4.287213
   3.17005     -4.238403     -4.292762
   3.12721     -4.180513     -4.290406
   3.08437     -4.101162     -4.227279
   3.04153     -4.002218     -4.148511
   2.99869     -3.886629     -4.056447
   2.95585     -3.760186     -3.953709
   2.91301     -3.640598     -3.843569
   2.87017     -3.589204     -3.730258
   2.82733     -3.630531     -3.619681
   2.78449     -3.698367     -3.520828
   2.74165     -3.767234     -3.446864
   2.69881     -3.830664     -3.408353
   2.65598     -3.886260     -3.399641
   2.61314     -3.932813     -3.405877
   2.57030     -3.969604     -3.416606
   2.52746     -3.996170     -3.426582
   2.48462     -4.012219     -3.433311
   2.44178     -4.017587     -3.435664
   2.44178     -4.017587     -3.435664
   2.39894     -4.020605     -3.448736
   2.35610     -4.028398     -3.486450
   2.31327     -4.035301     -3.544777
   2.27043     -4.023522     -3.618157
   2.22759     -3.968734     -3.699955
   2.18475     -3.877496     -3.780288
   2.14192     -3.764968     -3.829306
   2.09908     -3.639175     -3.767153
   2.05624     -3.505692     -3.618574
   2.01340     -3.370021     -3.442739
   1.97056     -3.238415     -3.257542
   1.92773     -3.118040     -3.117394
   1.88489     -3.016272     -3.097714
   1.84205     -2.977298     -3.077669
   1.79921     -2.991380     -3.058593
   1.75638     -3.002661     -3.041870
   1.71354     -3.010896     -3.028806
   1.67070     -3.015907     -3.020484
   1.62786     -3.017589     -3.017625
   1.62786     -3.017589     -3.017625
   1.58502     -3.020449     -3.015943
   1.54218     -3.028773     -3.010930
   1.49934     -3.041841     -3.002694
   1.45651     -3.058570     -2.991410
   1.41367     -3.077652     -2.977324
   1.37083     -3.097704     -3.016185
   1.32799     -3.117389     -3.117940
   1.28515     -3.257454     -3.238312
   1.24231     -3.442673     -3.369922
   1.19947     -3.618533     -3.505603
   1.15663     -3.767146     -3.639097
   1.11379     -3.829320     -3.764901
   1.07095     -3.780279     -3.877438
   1.02811     -3.699927     -3.968675
   0.98527     -3.618113     -4.023440
   0.94244     -3.544721     -4.035190
   0.89960     -3.486386     -4.028272
   0.85676     -3.448667     -4.020473
   0.81392     -3.435593     -4.017453
   0.81392     -3.435593     -4.017453
   0.77108     -3.433241     -4.012086
   0.72824     -3.426515     -3.996040
   0.68540     -3.416547     -3.969477
   0.64257     -3.405832     -3.932692
   0.59973     -3.399618     -3.886146
   0.55689     -3.408365     -3.830559
   0.51405     -3.446919     -3.767140
   0.47122     -3.520909     -3.698290
   0.42838     -3.619768     -3.630479
   0.38554     -3.730338     -3.589199
   0.34270     -3.843636     -3.640618
   0.29986     -3.953763     -3.760186
   0.25703     -4.056488     -3.886608
   0.21419     -4.148539     -4.002179
   0.17135     -4.227296     -4.101110
   0.12851     -4.290416     -4.180450
   0.08568     -4.292837     -4.238332
   0.04284     -4.287289     -4.273532
   0.00000     -4.285420     -4.285343
 
# Band-Index    5
   0.00000     -2.749890     -2.749870
   0.04284     -2.754850     -2.767359
   0.08568     -2.769461     -2.816409
   0.12851     -2.792936     -2.889077
   0.17135     -2.824059     -2.976804
   0.21419     -2.861271     -3.072283
   0.25703     -2.902765     -3.169220
   0.29986     -2.946516     -3.260139
   0.34270     -2.990207     -3.326882
   0.38554     -3.030954     -3.308614
   0.42838     -3.064610     -3.181980
   0.47122     -3.084309     -3.014972
   0.51405     -3.079341     -3.021334
   0.55689     -3.050152     -3.064789
   0.59973     -3.082711     -3.102328
   0.64257     -3.109892     -3.133543
   0.68540     -3.131361     -3.158123
   0.72824     -3.146867     -3.175836
   0.77108     -3.156239     -3.186525
   0.81392     -3.159374     -3.190099
   0.81392     -3.159374     -3.190099
   0.85676     -3.160561     -3.187615
   0.89960     -3.163836     -3.180167
   0.94244     -3.168400     -3.167770
   0.98527     -3.173144     -3.150462
   1.02811     -3.176863     -3.128324
   1.07095     -3.178462     -3.101510
   1.11379     -3.177080     -3.070273
   1.15663     -3.172157     -3.034990
   1.19947     -3.163469     -2.996201
   1.24231     -3.151116     -2.954629
   1.28515     -3.135519     -2.921837
   1.32799     -3.075983     -2.942076
   1.37083     -2.922753     -2.960752
   1.41367     -2.836325     -2.938610
   1.45651     -2.813050     -2.886360
   1.49934     -2.814964     -2.855549
   1.54218     -2.822448     -2.839675
   1.58502     -2.828574     -2.832727
   1.62786     -2.830834     -2.830843
   1.62786     -2.830834     -2.830843
   1.67070     -2.832721     -2.828584
   1.71354     -2.839679     -2.822463
   1.75638     -2.855569     -2.814988
   1.79921     -2.886403     -2.813090
   1.84205     -2.938677     -2.836396
   1.88489     -2.960731     -2.922855
   1.92773     -2.942060     -3.076087
   1.97056     -2.921828     -3.135518
   2.01340     -2.954665     -3.151110
   2.05624     -2.996230     -3.163459
   2.09908     -3.035014     -3.172145
   2.14192     -3.070292     -3.177066
   2.18475     -3.101525     -3.178448
   2.22759     -3.128336     -3.176849
   2.27043     -3.150471     -3.173131
   2.31327     -3.167778     -3.168389
   2.35610     -3.180174     -3.163826
   2.39894     -3.187621     -3.160553
   2.44178     -3.190104     -3.159366
   2.44178     -3.190104     -3.159366
   2.48462     -3.186530     -3.156230
   2.52746     -3.175840     -3.146858
   2.57030     -3.158125     -3.131350
   2.61314     -3.133542     -3.109878
   2.65598     -3.102323     -3.082692
   2.69881     -3.064779     -3.050129
   2.74165     -3.021319     -3.079313
   2.78449     -3.014942     -3.084316
   2.82733     -3.181987     -3.064632
   2.87017     -3.308677     -3.030978
   2.91301     -3.326978     -2.990228
   2.95585     -3.260222     -2.946531
   2.99869     -3.169286     -2.902773
   3.04153     -3.072335     -2.861271
   3.08437     -2.976845     -2.824053
   3.12721     -2.889109     -2.792924
   3.17005     -2.816434     -2.769444
   3.21288     -2.767381     -2.754831
   3.25572     -2.749890     -2.749870
   3.25572     -2.749890     -2.749870
   3.31631     -2.772311     -2.772290
   3.37689     -2.835277     -2.835255
   3.43747     -2.929010     -2.928985
   3.49805     -3.043122     -3.043094
   3.55864     -3.168510     -3.168477
   3.61922     -3.296432     -3.296392
   3.67980     -3.415048     -3.415000
   3.74039     -3.500072     -3.500015
   3.80097     -3.426927     -3.426924
   3.86155     -3.246692     -3.246700
   3.92213     -3.087307     -3.087284
   3.98272     -3.082980     -3.082964
   4.04330     -3.071529     -3.071521
   4.10388     -2.968058     -2.968008
   4.16446     -2.890760     -2.890727
   4.22505     -2.848935     -2.848921
   4.28563     -2.833594     -2.833594
   4.34621     -2.830747     -2.830754
   4.40680     -2.830834     -2.830843
 
# Band-Index    6
   4.40680     -2.669120     -2.669029
   4.34621     -2.671615     -2.671525
   4.28563     -2.677873     -2.677789
   4.22505     -2.684733     -2.684657
   4.16446     -2.688469     -2.688405
   4.10388     -2.686377     -2.686325
   4.04330     -2.677622     -2.677582
   3.98272     -2.865502     -2.865544
   3.92213     -3.058463     -3.058485
   3.86155     -3.081294     -3.081266
   3.80097     -3.062585     -3.062552
   3.74039     -3.029778     -3.029742
   3.67980     -2.982476     -2.982436
   3.61922     -2.921364     -2.921319
   3.55864     -2.848430     -2.848380
   3.49805     -2.767396     -2.767338
   3.43747     -2.684676     -2.684604
   3.37689     -2.611126     -2.611033
   3.31631     -2.562133     -2.562020
   3.25572     -2.546308     -2.546190
   3.25572     -2.546308     -2.546190
   3.21288     -2.554913     -2.552204
   3.17005     -2.578354     -2.569808
   3.12721     -2.611220     -2.597777
   3.08437     -2.647968     -2.634339
   3.04153     -2.684352     -2.677455
   2.99869     -2.717549     -2.725056
   2.95585     -2.746045     -2.775212
   2.91301     -2.801229     -2.826209
   2.87017     -2.861457     -2.876578
   2.82733     -2.918900     -2.925086
   2.78449     -2.972470     -2.970712
   2.74165     -2.835452     -3.012619
   2.69881     -2.791723     -3.041731
   2.65598     -2.783615     -2.979998
   2.61314     -2.774016     -2.911684
   2.57030     -2.764420     -2.849751
   2.52746     -2.756278     -2.801567
   2.48462     -2.750829     -2.771241
   2.44178     -2.748913     -2.760910
   2.44178     -2.748913     -2.760910
   2.39894     -2.750918     -2.758498
   2.35610     -2.756863     -2.751261
   2.31327     -2.766538     -2.739195
   2.27043     -2.779611     -2.722290
   2.22759     -2.795639     -2.700532
   2.18475     -2.814098     -2.673907
   2.14192     -2.834403     -2.642397
   2.09908     -2.855938     -2.605987
   2.05624     -2.878069     -2.564665
   2.01340     -2.900171     -2.518451
   1.97056     -2.911067     -2.524943
   1.92773     -2.867008     -2.553215
   1.88489     -2.823498     -2.582337
   1.84205     -2.782213     -2.607895
   1.79921     -2.744900     -2.629421
   1.75638     -2.713366     -2.646541
   1.71354     -2.689335     -2.658968
   1.67070     -2.674261     -2.666504
   1.62786     -2.669120     -2.669029
   1.62786     -2.669120     -2.669029
   1.58502     -2.666595     -2.674170
   1.54218     -2.659058     -2.689249
   1.49934     -2.646627     -2.713284
   1.45651     -2.629505     -2.744826
   1.41367     -2.607974     -2.782147
   1.37083     -2.582411     -2.823439
   1.32799     -2.553283     -2.866957
   1.28515     -2.524927     -2.911025
   1.24231     -2.518601     -2.900175
   1.19947     -2.564824     -2.878066
   1.15663     -2.606153     -2.855928
   1.11379     -2.642570     -2.834388
   1.07095     -2.674085     -2.814076
   1.02811     -2.700715     -2.795612
   0.98527     -2.722476     -2.779579
   0.94244     -2.739384     -2.766501
   0.89960     -2.751453     -2.756823
   0.85676     -2.758691     -2.750877
   0.81392     -2.761103     -2.748871
   0.81392     -2.761103     -2.748871
   0.77108     -2.771433     -2.750786
   0.72824     -2.801752     -2.756232
   0.68540     -2.849924     -2.764369
   0.64257     -2.911837     -2.773959
   0.59973     -2.980122     -2.783551
   0.55689     -3.041811     -2.791650
   0.51405     -3.012649     -2.835511
   0.47122     -2.970748     -2.972492
   0.42838     -2.925129     -2.918928
   0.38554     -2.876629     -2.861494
   0.34270     -2.826269     -2.801273
   0.29986     -2.775281     -2.745942
   0.25703     -2.725135     -2.717436
   0.21419     -2.677543     -2.684236
   0.17135     -2.634436     -2.647851
   0.12851     -2.597882     -2.611102
   0.08568     -2.569920     -2.578236
   0.04284     -2.552320     -2.554795
   0.00000     -2.546308     -2.546190
 
# Band-Index    7
   0.00000     -2.449324     -2.449427
   0.04284     -2.451989     -2.457414
   0.08568     -2.459241     -2.480643
   0.12851     -2.469182     -2.517128
   0.17135     -2.479492     -2.564125
   0.21419     -2.488009     -2.618661
   0.25703     -2.493023     -2.677908
   0.29986     -2.493319     -2.739172
   0.34270     -2.488138     -2.767923
   0.38554     -2.477118     -2.784038
   0.42838     -2.460245     -2.793900
   0.47122     -2.437827     -2.797932
   0.51405     -2.410498     -2.796854
   0.55689     -2.379252     -2.653113
   0.59973     -2.345503     -2.473936
   0.64257     -2.311183     -2.303863
   0.68540     -2.278852     -2.149710
   0.72824     -2.251720     -2.020614
   0.77108     -2.252694     -1.930233
   0.81392     -2.256661     -1.896684
   0.81392     -2.256661     -1.896684
   0.85676     -2.257690     -1.897452
   0.89960     -2.261559     -1.899714
   0.94244     -2.270094     -1.903345
   0.98527     -2.285065     -1.908146
   1.02811     -2.310938     -1.913864
   1.07095     -2.343117     -1.920204
   1.11379     -2.377902     -1.926853
   1.15663     -2.414144     -1.933495
   1.19947     -2.451878     -1.939831
   1.24231     -2.491266     -1.945601
   1.28515     -2.521163     -1.950588
   1.32799     -2.543996     -1.954642
   1.37083     -2.527093     -1.957660
   1.41367     -2.438944     -1.959615
   1.45651     -2.287610     -1.960681
   1.49934     -2.142342     -1.961052
   1.54218     -2.066777     -1.960992
   1.58502     -1.996788     -1.960797
   1.62786     -1.960639     -1.960701
   1.62786     -1.960639     -1.960701
   1.67070     -1.960733     -1.996799
   1.71354     -1.960921     -2.066737
   1.75638     -1.960970     -2.142277
   1.79921     -1.960587     -2.287741
   1.84205     -1.959508     -2.439026
   1.88489     -1.957540     -2.527126
   1.92773     -1.954510     -2.544012
   1.97056     -1.950443     -2.521101
   2.01340     -1.945444     -2.491288
   2.05624     -1.939664     -2.451907
   2.09908     -1.933318     -2.414106
   2.14192     -1.926668     -2.377872
   2.18475     -1.920011     -2.343095
   2.22759     -1.913664     -2.310924
   2.27043     -1.907941     -2.285132
   2.31327     -1.903136     -2.270167
   2.35610     -1.899502     -2.261636
   2.39894     -1.897238     -2.257769
   2.44178     -1.896469     -2.256741
   2.44178     -1.896469     -2.256741
   2.48462     -1.930029     -2.252774
   2.52746     -2.020432     -2.251732
   2.57030     -2.149552     -2.278870
   2.61314     -2.303729     -2.311208
   2.65598     -2.473827     -2.345535
   2.69881     -2.653029     -2.379292
   2.74165     -2.796934     -2.410547
   2.78449     -2.798020     -2.437883
   2.82733     -2.793994     -2.460309
   2.87017     -2.784138     -2.477189
   2.91301     -2.768029     -2.488215
   2.95585     -2.739126     -2.493402
   2.99869     -2.677845     -2.493111
   3.04153     -2.618588     -2.488102
   3.08437     -2.564043     -2.479588
   3.12721     -2.517037     -2.469281
   3.17005     -2.480546     -2.459342
   3.21288     -2.457312     -2.452092
   3.25572     -2.449324     -2.449427
   3.25572     -2.449324     -2.449427
   3.31631     -2.458150     -2.458248
   3.37689     -2.474077     -2.474153
   3.43747     -2.488451     -2.488503
   3.49805     -2.502567     -2.502604
   3.55864     -2.518109     -2.518134
   3.61922     -2.535709     -2.535724
   3.67980     -2.555408     -2.555415
   3.74039     -2.576881     -2.576881
   3.80097     -2.599482     -2.599476
   3.86155     -2.622254     -2.622241
   3.92213     -2.643929     -2.643909
   3.98272     -2.662956     -2.662926
   4.04330     -2.671000     -2.671067
   4.10388     -2.478538     -2.478636
   4.16446     -2.293675     -2.293809
   4.22505     -2.152060     -2.152087
   4.28563     -2.072506     -2.072482
   4.34621     -1.997958     -1.997971
   4.40680     -1.960639     -1.960701
 
# Band-Index    8
   4.40680     -1.792293     -1.792530
   4.34621     -1.836609     -1.836833
   4.28563     -1.951686     -1.951868
   4.22505     -2.099366     -2.099450
   4.16446     -2.179577     -2.179531
   4.10388     -2.186966     -2.186944
   4.04330     -2.152544     -2.152542
   3.98272     -2.088532     -2.088543
   3.92213     -2.006573     -2.006591
   3.86155     -1.916430     -1.916451
   3.80097     -1.826871     -1.826896
   3.74039     -1.746625     -1.746652
   3.67980     -1.684435     -1.684468
   3.61922     -1.647539     -1.647582
   3.55864     -1.638842     -1.638898
   3.49805     -1.655124     -1.655193
   3.43747     -1.702245     -1.702209
   3.37689     -1.772302     -1.772262
   3.31631     -1.824368     -1.824325
   3.25572     -1.844345     -1.844302
   3.25572     -1.844345     -1.844302
   3.21288     -1.830609     -1.837485
   3.17005     -1.792078     -1.817983
   3.12721     -1.735065     -1.788299
   3.08437     -1.666590     -1.792337
   3.04153     -1.592900     -1.808868
   2.99869     -1.519257     -1.831576
   2.95585     -1.450076     -1.861108
   2.91301     -1.389000     -1.897366
   2.87017     -1.338792     -1.939304
   2.82733     -1.336666     -1.985054
   2.78449     -1.385639     -2.032306
   2.74165     -1.429883     -2.078742
   2.69881     -1.468540     -2.122322
   2.65598     -1.501295     -2.161406
   2.61314     -1.528021     -2.194754
   2.57030     -1.548712     -2.221472
   2.52746     -1.563429     -2.240944
   2.48462     -1.572246     -2.233370
   2.44178     -1.575189     -2.226835
   2.44178     -1.575189     -2.226835
   2.39894     -1.576406     -2.230528
   2.35610     -1.580040     -2.241432
   2.31327     -1.586040     -2.259030
   2.27043     -1.594316     -2.282528
   2.22759     -1.604735     -2.307411
   2.18475     -1.617127     -2.336747
   2.14192     -1.631340     -2.371939
   2.09908     -1.683100     -2.411117
   2.05624     -1.756320     -2.450705
   2.01340     -1.823998     -2.486669
   1.97056     -1.879969     -2.467235
   1.92773     -1.918223     -2.411210
   1.88489     -1.933738     -2.350365
   1.84205     -1.924460     -2.284850
   1.79921     -1.893689     -2.214917
   1.75638     -1.850690     -2.116728
   1.71354     -1.807953     -1.958698
   1.67070     -1.790604     -1.839041
   1.62786     -1.792293     -1.792530
   1.62786     -1.792293     -1.792530
   1.58502     -1.838812     -1.790827
   1.54218     -1.958497     -1.807729
   1.49934     -2.116564     -1.850493
   1.45651     -2.215008     -1.893532
   1.41367     -2.284957     -1.924346
   1.37083     -2.350485     -1.933665
   1.32799     -2.411341     -1.918181
   1.28515     -2.467377     -1.879948
   1.24231     -2.486724     -1.823990
   1.19947     -2.450752     -1.756321
   1.15663     -2.411079     -1.683107
   1.11379     -2.371894     -1.631502
   1.07095     -2.336694     -1.617287
   1.02811     -2.307350     -1.604894
   0.98527     -2.282535     -1.594473
   0.94244     -2.259031     -1.586197
   0.89960     -2.241429     -1.580197
   0.85676     -2.230522     -1.576562
   0.81392     -2.226828     -1.575345
   0.81392     -2.226828     -1.575345
   0.77108     -2.233361     -1.572402
   0.72824     -2.240865     -1.563585
   0.68540     -2.221395     -1.548867
   0.64257     -2.194679     -1.528175
   0.59973     -2.161333     -1.501449
   0.55689     -2.122252     -1.468694
   0.51405     -2.078675     -1.430037
   0.47122     -2.032241     -1.385796
   0.42838     -1.984990     -1.336825
   0.38554     -1.939240     -1.338832
   0.34270     -1.897300     -1.389030
   0.29986     -1.861038     -1.450094
   0.25703     -1.831501     -1.519261
   0.21419     -1.808788     -1.592892
   0.17135     -1.792252     -1.666570
   0.12851     -1.788349     -1.735035
   0.08568     -1.818029     -1.792041
   0.04284     -1.837529     -1.830567
   0.00000     -1.844345     -1.844302
 
# Band-Index    9
   0.00000     -1.768333     -1.768427
   0.04284     -1.769606     -1.755226
   0.08568     -1.773608     -1.718911
   0.12851     -1.780874     -1.666999
   0.17135     -1.751787     -1.607241
   0.21419     -1.711798     -1.545565
   0.25703     -1.671636     -1.485880
   0.29986     -1.634188     -1.430571
   0.34270     -1.601905     -1.381071
   0.38554     -1.576721     -1.338436
   0.42838     -1.559976     -1.301767
   0.47122     -1.552352     -1.276642
   0.51405     -1.553824     -1.264426
   0.55689     -1.563631     -1.262745
   0.59973     -1.580274     -1.268991
   0.64257     -1.601510     -1.280096
   0.68540     -1.624339     -1.292895
   0.72824     -1.645091     -1.317175
   0.77108     -1.659797     -1.346531
   0.81392     -1.665144     -1.359352
   0.81392     -1.665144     -1.359352
   0.85676     -1.656118     -1.363974
   0.89960     -1.629581     -1.378078
   0.94244     -1.587088     -1.402322
   0.98527     -1.531037     -1.437571
   1.02811     -1.464455     -1.484436
   1.07095     -1.390811     -1.542568
   1.11379     -1.313858     -1.609915
   1.15663     -1.237485     -1.646826
   1.19947     -1.165499     -1.663565
   1.24231     -1.101343     -1.681013
   1.28515     -1.047714     -1.698788
   1.32799     -1.074793     -1.716441
   1.37083     -1.198151     -1.733482
   1.41367     -1.317149     -1.749380
   1.45651     -1.431144     -1.763574
   1.49934     -1.539167     -1.775461
   1.54218     -1.639088     -1.784309
   1.58502     -1.723911     -1.775648
   1.62786     -1.764746     -1.764494
   1.62786     -1.764746     -1.764494
   1.67070     -1.775882     -1.723705
   1.71354     -1.784080     -1.638932
   1.75638     -1.775235     -1.539042
   1.79921     -1.763358     -1.431041
   1.84205     -1.749173     -1.317063
   1.88489     -1.733285     -1.198079
   1.92773     -1.716252     -1.074734
   1.97056     -1.698607     -1.047712
   2.01340     -1.680838     -1.101335
   2.05624     -1.663395     -1.165483
   2.09908     -1.646660     -1.237460
   2.14192     -1.609903     -1.313822
   2.18475     -1.542553     -1.390764
   2.22759     -1.484416     -1.464397
   2.27043     -1.437547     -1.530969
   2.31327     -1.402295     -1.587010
   2.35610     -1.378048     -1.629496
   2.39894     -1.363943     -1.656029
   2.44178     -1.359321     -1.665053
   2.44178     -1.359321     -1.665053
   2.48462     -1.346494     -1.659705
   2.52746     -1.317126     -1.644997
   2.57030     -1.292839     -1.624243
   2.61314     -1.280037     -1.601411
   2.65598     -1.268930     -1.580173
   2.69881     -1.262684     -1.563528
   2.74165     -1.264365     -1.553722
   2.78449     -1.276585     -1.552253
   2.82733     -1.301712     -1.559881
   2.87017     -1.338380     -1.576631
   2.91301     -1.381012     -1.601821
   2.95585     -1.430509     -1.634112
   2.99869     -1.485812     -1.671567
   3.04153     -1.545490     -1.711737
   3.08437     -1.607161     -1.751732
   3.12721     -1.666913     -1.780963
   3.17005     -1.718821     -1.773699
   3.21288     -1.755133     -1.769699
   3.25572     -1.768333     -1.768427
   3.25572     -1.768333     -1.768427
   3.31631     -1.756569     -1.756662
   3.37689     -1.726047     -1.726134
   3.43747     -1.687999     -1.688079
   3.49805     -1.623927     -1.623896
   3.55864     -1.542085     -1.542059
   3.61922     -1.458908     -1.458888
   3.67980     -1.375836     -1.375822
   3.74039     -1.294429     -1.294420
   3.80097     -1.216679     -1.216673
   3.86155     -1.226948     -1.227051
   3.92213     -1.286506     -1.286590
   3.98272     -1.348187     -1.348251
   4.04330     -1.411297     -1.411337
   4.10388     -1.475344     -1.475355
   4.16446     -1.540218     -1.540195
   4.22505     -1.606066     -1.606000
   4.28563     -1.672382     -1.672261
   4.34621     -1.733954     -1.733758
   4.40680     -1.764746     -1.764494
 
# Band-Index   10
   4.40680     -1.045372     -1.045455
   4.34621     -1.011913     -1.012006
   4.28563     -0.946315     -0.946303
   4.22505     -0.945621     -0.945611
   4.16446     -0.950480     -0.950472
   4.10388     -0.964622     -0.964615
   4.04330     -0.990742     -0.990738
   3.98272     -1.029998     -1.029995
   3.92213     -1.081970     -1.081968
   3.86155     -1.144993     -1.144990
   3.80097     -1.170081     -1.170201
   3.74039     -1.115985     -1.116120
   3.67980     -1.064290     -1.064440
   3.61922     -1.015244     -1.015408
   3.55864     -0.971376     -0.971557
   3.49805     -0.936803     -0.937004
   3.43747     -0.913464     -0.913684
   3.37689     -0.899724     -0.899957
   3.31631     -0.892789     -0.893029
   3.25572     -0.890695     -0.890938
   3.25572     -0.890695     -0.890938
   3.21288     -0.898114     -0.885590
   3.17005     -0.919779     -0.869663
   3.12721     -0.954044     -0.843499
   3.08437     -0.998527     -0.807668
   3.04153     -1.050494     -0.764395
   2.99869     -1.107194     -0.812755
   2.95585     -1.166081     -0.883179
   2.91301     -1.224929     -0.939233
   2.87017     -1.281740     -0.980574
   2.82733     -1.301152     -1.008523
   2.78449     -1.274685     -1.025288
   2.74165     -1.256123     -1.033399
   2.69881     -1.247312     -1.035318
   2.65598     -1.249200     -1.033240
   2.61314     -1.262338     -1.029026
   2.57030     -1.286113     -1.024186
   2.52746     -1.304411     -1.019893
   2.48462     -1.312388     -1.016981
   2.44178     -1.315227     -1.015955
   2.44178     -1.315227     -1.015955
   2.39894     -1.310938     -1.008152
   2.35610     -1.298268     -0.985341
   2.31327     -1.277802     -0.949322
   2.27043     -1.250502     -0.903022
   2.22759     -1.217666     -0.850268
   2.18475     -1.180884     -0.795378
   2.14192     -1.141968     -0.742766
   2.09908     -1.102862     -0.696757
   2.05624     -1.065512     -0.687978
   2.01340     -1.031722     -0.817495
   1.97056     -1.002979     -0.947625
   1.92773     -0.980283     -1.006194
   1.88489     -0.967247     -0.977007
   1.84205     -0.988593     -0.959023
   1.79921     -1.006897     -0.950040
   1.75638     -1.022340     -0.947249
   1.71354     -1.034526     -0.947779
   1.67070     -1.042545     -1.014444
   1.62786     -1.045372     -1.045455
   1.62786     -1.045372     -1.045455
   1.58502     -1.014350     -1.042627
   1.54218     -0.947789     -1.034605
   1.49934     -0.947256     -1.022415
   1.45651     -0.950043     -1.006969
   1.41367     -0.959024     -0.988662
   1.37083     -0.977006     -0.967314
   1.32799     -1.006193     -0.980267
   1.28515     -0.947671     -1.002966
   1.24231     -0.817529     -1.031714
   1.19947     -0.687978     -1.065511
   1.15663     -0.696583     -1.102869
   1.11379     -0.742593     -1.141983
   1.07095     -0.795209     -1.180907
   1.02811     -0.850104     -1.217696
   0.98527     -0.902865     -1.250539
   0.94244     -0.949171     -1.277845
   0.89960     -0.985196     -1.298314
   0.85676     -1.008011     -1.310987
   0.81392     -1.015815     -1.315277
   0.81392     -1.015815     -1.315277
   0.77108     -1.016841     -1.312439
   0.72824     -1.019753     -1.304464
   0.68540     -1.024047     -1.286169
   0.64257     -1.028887     -1.262397
   0.59973     -1.033103     -1.249258
   0.55689     -1.035184     -1.247369
   0.51405     -1.033269     -1.256178
   0.47122     -1.025164     -1.274739
   0.42838     -1.008408     -1.301202
   0.38554     -0.980472     -1.281905
   0.34270     -0.939148     -1.225102
   0.29986     -0.883114     -1.166262
   0.25703     -0.812714     -1.107385
   0.21419     -0.764182     -1.050697
   0.17135     -0.807435     -0.998741
   0.12851     -0.843261     -0.954269
   0.08568     -0.869423     -0.920013
   0.04284     -0.885348     -0.898355
   0.00000     -0.890695     -0.890938
 
# Band-Index   11
   0.00000     -0.459960     -0.460049
   0.04284     -0.450850     -0.447646
   0.08568     -0.453589     -0.411220
   0.12851     -0.540264     -0.352913
   0.17135     -0.634870     -0.279572
   0.21419     -0.725409     -0.235455
   0.25703     -0.706610     -0.185787
   0.29986     -0.644957     -0.132910
   0.34270     -0.575375     -0.079261
   0.38554     -0.498753     -0.027173
   0.42838     -0.415850      0.021295
   0.47122     -0.327620      0.064488
   0.51405     -0.235413      0.101245
   0.55689     -0.141191      0.130951
   0.59973     -0.047790      0.153561
   0.64257      0.040854      0.169580
   0.68540      0.119621      0.179982
   0.72824      0.182488      0.186035
   0.77108      0.223375      0.189020
   0.81392      0.237597      0.189896
   0.81392      0.237597      0.189896
   0.85676      0.217435      0.092216
   0.89960      0.160211     -0.066993
   0.94244      0.073723     -0.225133
   0.98527     -0.033370     -0.371013
   1.02811     -0.153818     -0.499996
   1.07095     -0.282267     -0.609768
   1.11379     -0.414932     -0.700063
   1.15663     -0.548978     -0.772505
   1.19947     -0.655392     -0.829938
   1.24231     -0.635164     -0.875547
   1.28515     -0.627354     -0.912208
   1.32799     -0.636710     -0.942225
   1.37083     -0.664593     -0.963991
   1.41367     -0.711406     -0.953826
   1.45651     -0.776173     -0.948806
   1.49934     -0.855449     -0.947479
   1.54218     -0.940878     -0.948171
   1.58502     -0.949198     -0.949326
   1.62786     -0.949856     -0.949843
   1.62786     -0.949856     -0.949843
   1.67070     -0.949340     -0.949186
   1.71354     -0.948186     -0.940993
   1.75638     -0.947496     -0.855582
   1.79921     -0.948825     -0.776319
   1.84205     -0.953845     -0.711562
   1.88489     -0.964010     -0.664757
   1.92773     -0.942162     -0.636879
   1.97056     -0.912148     -0.627528
   2.01340     -0.875491     -0.635340
   2.05624     -0.829888     -0.655547
   2.09908     -0.772462     -0.548970
   2.14192     -0.700030     -0.414937
   2.18475     -0.609746     -0.282286
   2.22759     -0.499988     -0.153852
   2.27043     -0.371020     -0.033420
   2.31327     -0.225155      0.073657
   2.35610     -0.067033      0.160128
   2.39894      0.092149      0.217340
   2.44178      0.189791      0.237498
   2.44178      0.189791      0.237498
   2.48462      0.188917      0.223273
   2.52746      0.185938      0.182379
   2.57030      0.179892      0.119501
   2.61314      0.169500      0.040721
   2.65598      0.153490     -0.047937
   2.69881      0.130889     -0.141352
   2.74165      0.101189     -0.235586
   2.78449      0.064435     -0.327805
   2.82733      0.021243     -0.416046
   2.87017     -0.027226     -0.498958
   2.91301     -0.079319     -0.575588
   2.95585     -0.132976     -0.645177
   2.99869     -0.185863     -0.706835
   3.04153     -0.235542     -0.725439
   3.08437     -0.279669     -0.634853
   3.12721     -0.352810     -0.540214
   3.17005     -0.411125     -0.453506
   3.21288     -0.447556     -0.450937
   3.25572     -0.459960     -0.460049
   3.25572     -0.459960     -0.460049
   3.31631     -0.438486     -0.438575
   3.37689     -0.432229     -0.432153
   3.43747     -0.491719     -0.491686
   3.49805     -0.545744     -0.545759
   3.55864     -0.582226     -0.582287
   3.61922     -0.597077     -0.597175
   3.67980     -0.593809     -0.593932
   3.74039     -0.579935     -0.580073
   3.80097     -0.563937     -0.564083
   3.86155     -0.553664     -0.553813
   3.92213     -0.555515     -0.555664
   3.98272     -0.574053     -0.574201
   4.04330     -0.611923     -0.612067
   4.10388     -0.669813     -0.669953
   4.16446     -0.746246     -0.746379
   4.22505     -0.836771     -0.836895
   4.28563     -0.931797     -0.931907
   4.34621     -0.948700     -0.948687
   4.40680     -0.949856     -0.949843
 
# Band-Index   12
   4.40680      1.415293      1.415103
   4.34621      1.409707      1.409518
   4.28563      1.392520      1.392332
   4.22505      1.362510      1.362325
   4.16446      1.317898      1.317717
   4.10388      1.256709      1.256534
   4.04330      1.177209      1.177042
   3.98272      1.078340      1.078183
   3.92213      0.960087      0.959938
   3.86155      0.823714      0.823576
   3.80097      0.671854      0.671725
   3.74039      0.508409      0.508289
   3.67980      0.338392      0.338279
   3.61922      0.167758      0.167652
   3.55864      0.003304      0.003203
   3.49805     -0.147432     -0.147528
   3.43747     -0.276424     -0.276517
   3.37689     -0.375736     -0.375826
   3.31631     -0.384486     -0.384376
   3.25572     -0.365902     -0.365780
   3.25572     -0.365902     -0.365780
   3.21288     -0.360226     -0.389759
   3.17005     -0.343423     -0.424091
   3.12721     -0.316180     -0.380886
   3.08437     -0.275620     -0.323349
   3.04153     -0.182901     -0.253877
   2.99869     -0.077960     -0.174996
   2.95585      0.036133     -0.089202
   2.91301      0.156589      0.001113
   2.87017      0.280865      0.093685
   2.82733      0.406587      0.186360
   2.78449      0.531463      0.277070
   2.74165      0.543114      0.363798
   2.69881      0.519786      0.444553
   2.65598      0.498365      0.517371
   2.61314      0.479682      0.580329
   2.57030      0.464427      0.631605
   2.52746      0.453141      0.669572
   2.48462      0.446215      0.692925
   2.44178      0.443879      0.700808
   2.44178      0.443879      0.700808
   2.39894      0.547079      0.706354
   2.35610      0.722932      0.722765
   2.31327      0.908800      0.749377
   2.27043      1.093295      0.785152
   2.22759      1.220946      0.828757
   2.18475      1.240728      0.878657
   2.14192      1.262075      0.933202
   2.09908      1.284051      0.990701
   2.05624      1.305713      1.049483
   2.01340      1.326213      1.107940
   1.97056      1.344910      1.164556
   1.92773      1.361424      1.217940
   1.88489      1.375634      1.266830
   1.84205      1.387591      1.310118
   1.79921      1.397396      1.346853
   1.75638      1.405113      1.376247
   1.71354      1.410720      1.397686
   1.67070      1.414141      1.410726
   1.62786      1.415293      1.415103
   1.62786      1.415293      1.415103
   1.58502      1.410915      1.413951
   1.54218      1.397873      1.410529
   1.49934      1.376430      1.404921
   1.45651      1.347031      1.397203
   1.41367      1.310290      1.387395
   1.37083      1.266994      1.375436
   1.32799      1.218094      1.361224
   1.28515      1.164701      1.344707
   1.24231      1.108073      1.326007
   1.19947      1.049606      1.305503
   1.15663      0.990812      1.283838
   1.11379      0.933300      1.261858
   1.07095      0.878744      1.240507
   1.02811      0.828833      1.220721
   0.98527      0.785219      1.093307
   0.94244      0.749436      0.908815
   0.89960      0.722817      0.722943
   0.85676      0.706403      0.547072
   0.81392      0.700855      0.443836
   0.81392      0.700855      0.443836
   0.77108      0.692972      0.446171
   0.72824      0.669619      0.453096
   0.68540      0.631649      0.464380
   0.64257      0.580371      0.479633
   0.59973      0.517412      0.498313
   0.55689      0.444593      0.519731
   0.51405      0.363836      0.543056
   0.47122      0.277110      0.531272
   0.42838      0.186401      0.406406
   0.38554      0.093729      0.280695
   0.34270      0.001161      0.156430
   0.29986     -0.089149      0.035986
   0.25703     -0.174937     -0.078096
   0.21419     -0.253812     -0.183025
   0.17135     -0.323277     -0.275732
   0.12851     -0.380808     -0.316072
   0.08568     -0.424008     -0.343307
   0.04284     -0.389870     -0.360105
   0.00000     -0.365902     -0.365780
 
# Band-Index   13
   0.00000      0.686140      0.686114
   0.04284      0.715328      0.686295
   0.08568      0.794503      0.686482
   0.12851      0.906270      0.685748
   0.17135      1.034676      0.682913
   0.21419      1.167976      0.676907
   0.25703      1.297698      0.667039
   0.29986      1.417634      0.653113
   0.34270      1.523431      0.635405
   0.38554      1.612568      0.614577
   0.42838      1.684301      0.591538
   0.47122      1.739458      0.567338
   0.51405      1.779962      0.652977
   0.55689      1.808321      0.769069
   0.59973      1.827175      0.876833
   0.64257      1.838999      0.973163
   0.68540      1.845916      1.054484
   0.72824      1.849625      1.116838
   0.77108      1.851354      1.156304
   0.81392      1.851846      1.169847
   0.81392      1.851846      1.169847
   0.85676      1.874757      1.172038
   0.89960      1.940177      1.178534
   0.94244      2.040168      1.189101
   0.98527      2.165829      1.203349
   1.02811      2.309535      1.271155
   1.07095      2.357207      1.438539
   1.11379      2.314348      1.592452
   1.15663      2.281038      1.730706
   1.19947      2.262142      1.852017
   1.24231      2.261928      1.955999
   1.28515      2.283551      2.043048
   1.32799      2.328498      2.114132
   1.37083      2.396048      2.170570
   1.41367      2.465677      2.213854
   1.45651      2.408675      2.245562
   1.49934      2.359876      2.267347
   1.54218      2.322366      2.280970
   1.58502      2.298721      2.288189
   1.62786      2.290642      2.290411
   1.62786      2.290642      2.290411
   1.67070      2.288418      2.298491
   1.71354      2.281195      2.322138
   1.75638      2.267565      2.359650
   1.79921      2.245768      2.408454
   1.84205      2.214046      2.465462
   1.88489      2.170744      2.395893
   1.92773      2.114284      2.328338
   1.97056      2.043176      2.283382
   2.01340      1.956102      2.261749
   2.05624      1.852095      2.261950
   2.09908      1.730759      2.280831
   2.14192      1.592482      2.314125
   2.18475      1.438550      2.356968
   2.22759      1.271153      2.309668
   2.27043      1.203576      2.165977
   2.31327      1.189332      2.040331
   2.35610      1.178766      1.940355
   2.39894      1.172272      1.874946
   2.44178      1.170081      1.852041
   2.44178      1.170081      1.852041
   2.48462      1.156537      1.851548
   2.52746      1.117069      1.849821
   2.57030      1.054711      1.846114
   2.61314      0.973384      1.839199
   2.65598      0.877048      1.827378
   2.69881      0.769277      1.808526
   2.74165      0.653177      1.780169
   2.78449      0.567399      1.739664
   2.82733      0.591601      1.684503
   2.87017      0.614640      1.612761
   2.91301      0.635469      1.523611
   2.95585      0.653174      1.417795
   2.99869      0.667097      1.297837
   3.04153      0.676959      1.168088
   3.08437      0.682958      1.034756
   3.12721      0.685786      0.906317
   3.17005      0.686514      0.794516
   3.21288      0.686322      0.715314
   3.25572      0.686140      0.686114
   3.25572      0.686140      0.686114
   3.31631      0.716044      0.716028
   3.37689      0.798080      0.798087
   3.43747      0.916124      0.916156
   3.49805      1.055432      1.055486
   3.55864      1.205949      1.206017
   3.61922      1.361824      1.361899
   3.67980      1.520076      1.520146
   3.74039      1.678974      1.679032
   3.80097      1.836182      1.836218
   3.86155      1.986855      1.986860
   3.92213      2.122350      2.122315
   3.98272      2.231196      2.231115
   4.04330      2.303960      2.303834
   4.10388      2.339277      2.339113
   4.16446      2.344562      2.344369
   4.22505      2.331614      2.331403
   4.28563      2.312384      2.312161
   4.34621      2.296622      2.296394
   4.40680      2.290642      2.290411
 
# Band-Index   14
   4.40680      2.857148      2.857022
   4.34621      2.834218      2.834090
   4.28563      2.772527      2.772394
   4.22505      2.688627      2.688488
   4.16446      2.598871      2.598727
   4.10388      2.513425      2.513276
   4.04330      2.435798      2.435644
   3.98272      2.365058      2.364899
   3.92213      2.298773      2.298611
   3.86155      2.235481      2.235316
   3.80097      2.175578      2.175411
   3.74039      2.120663      2.120492
   3.67980      2.072414      2.072238
   3.61922      2.031898      2.031716
   3.55864      1.999401      1.999213
   3.49805      1.974561      1.974367
   3.43747      1.956615      1.956416
   3.37689      1.944656      1.944452
   3.31631      1.937858      1.937652
   3.25572      1.935660      1.935452
   3.25572      1.935660      1.935452
   3.21288      1.935151      1.938176
   3.17005      1.934023      1.946427
   3.12721      1.933445      1.960431
   3.08437      1.935330      1.980521
   3.04153      1.942236      2.007070
   2.99869      1.957210      2.040382
   2.95585      1.983549      2.080550
   2.91301      2.024448      2.127280
   2.87017      2.082587      2.179716
   2.82733      2.159679      2.236291
   2.78449      2.256093      2.294709
   2.74165      2.370584      2.352098
   2.69881      2.500153      2.405423
   2.65598      2.606969      2.452043
   2.61314      2.560129      2.490202
   2.57030      2.518222      2.519215
   2.52746      2.484522      2.539254
   2.48462      2.462451      2.550904
   2.44178      2.454740      2.554714
   2.44178      2.454740      2.554714
   2.39894      2.458611      2.547430
   2.35610      2.470067      2.526261
   2.31327      2.488640      2.493175
   2.27043      2.513563      2.451221
   2.22759      2.543796      2.404308
   2.18475      2.578055      2.465504
   2.14192      2.614859      2.628710
   2.09908      2.652597      2.787610
   2.05624      2.689628      2.774069
   2.01340      2.724418      2.717348
   1.97056      2.755703      2.655671
   1.92773      2.782641      2.591707
   1.88489      2.804880      2.527506
   1.84205      2.822511      2.482634
   1.79921      2.835926      2.581954
   1.75638      2.845646      2.683500
   1.71354      2.852178      2.773097
   1.67070      2.855927      2.834971
   1.62786      2.857148      2.857022
   1.62786      2.857148      2.857022
   1.58502      2.835100      2.855802
   1.54218      2.773233      2.852055
   1.49934      2.683643      2.845527
   1.45651      2.582102      2.835812
   1.41367      2.482785      2.822402
   1.37083      2.527713      2.804777
   1.32799      2.591905      2.782544
   1.28515      2.655859      2.755609
   1.24231      2.717524      2.724326
   1.19947      2.774226      2.689536
   1.15663      2.787564      2.652502
   1.11379      2.628604      2.614760
   1.07095      2.465384      2.577951
   1.02811      2.404562      2.543686
   0.98527      2.451490      2.513447
   0.94244      2.493455      2.488519
   0.89960      2.526551      2.469943
   0.85676      2.547725      2.458485
   0.81392      2.555012      2.454613
   0.81392      2.555012      2.454613
   0.77108      2.551200      2.462324
   0.72824      2.539547      2.484396
   0.68540      2.519503      2.518097
   0.64257      2.490484      2.560007
   0.59973      2.452316      2.606850
   0.55689      2.405687      2.500025
   0.51405      2.352352      2.370459
   0.47122      2.294955      2.255967
   0.42838      2.236529      2.159549
   0.38554      2.179947      2.082450
   0.34270      2.127506      2.024301
   0.29986      2.080772      1.983391
   0.25703      2.040600      1.957041
   0.21419      2.007285      1.942056
   0.17135      1.980733      1.935141
   0.12851      1.960640      1.933249
   0.08568      1.946635      1.933820
   0.04284      1.938384      1.934945
   0.00000      1.935660      1.935452
 
# Band-Index   15
   0.00000      3.028177      3.028116
   0.04284      3.027393      3.025763
   0.08568      3.025010      3.018708
   0.12851      3.020929      3.006958
   0.17135      3.015001      2.990530
   0.21419      3.007049      2.969461
   0.25703      2.996895      2.943810
   0.29986      2.984396      2.913680
   0.34270      2.969481      2.879230
   0.38554      2.952193      2.840703
   0.42838      2.932721      2.798458
   0.47122      2.911437      2.753022
   0.51405      2.888919      2.705151
   0.55689      2.865951      2.655924
   0.59973      2.843517      2.639794
   0.64257      2.822756      2.782810
   0.68540      2.804884      2.919598
   0.72824      2.791081      3.037425
   0.77108      2.782346      3.119936
   0.81392      2.779354      3.126928
   0.81392      2.779354      3.126928
   0.85676      2.781983      3.132720
   0.89960      2.789807      3.149684
   0.94244      2.802670      3.152349
   0.98527      2.820360      3.154405
   1.02811      2.842614      3.157467
   1.07095      2.869110      3.161848
   1.11379      2.868684      3.167921
   1.15663      2.838893      3.176080
   1.19947      2.969651      3.186691
   1.24231      3.001334      3.199978
   1.28515      3.002313      3.215903
   1.32799      3.005130      3.234043
   1.37083      3.008692      3.253559
   1.41367      3.012248      3.218377
   1.45651      3.015360      3.159838
   1.49934      3.017815      3.104953
   1.54218      3.019544      3.060225
   1.58502      3.020560      3.031054
   1.62786      3.020894      3.020933
   1.62786      3.020894      3.020933
   1.67070      3.031013      3.020598
   1.71354      3.060178      3.019580
   1.75638      3.104897      3.017848
   1.79921      3.159772      3.015388
   1.84205      3.218300      3.012271
   1.88489      3.253686      3.008708
   1.92773      3.234184      3.005139
   1.97056      3.216057      3.002312
   2.01340      3.200144      3.001321
   2.05624      3.186866      2.969701
   2.09908      3.176263      2.838806
   2.14192      3.168109      2.868582
   2.18475      3.162041      2.869190
   2.22759      3.157662      2.842700
   2.27043      3.154602      2.820450
   2.31327      3.152547      2.802764
   2.35610      3.149491      2.789902
   2.39894      3.132525      2.782079
   2.44178      3.126733      2.779451
   2.44178      3.126733      2.779451
   2.48462      3.120129      2.782441
   2.52746      3.037601      2.791172
   2.57030      2.919758      2.804969
   2.61314      2.782956      2.822832
   2.65598      2.639930      2.843584
   2.69881      2.656037      2.866006
   2.74165      2.705260      2.888962
   2.78449      2.753125      2.911469
   2.82733      2.798555      2.932739
   2.87017      2.840794      2.952199
   2.91301      2.879316      2.969475
   2.95585      2.913761      2.984378
   2.99869      2.943886      2.996866
   3.04153      2.969532      3.007011
   3.08437      2.990598      3.014955
   3.12721      3.007022      3.020877
   3.17005      3.018770      3.024953
   3.21288      3.025824      3.027334
   3.25572      3.028177      3.028116
   3.25572      3.028177      3.028116
   3.31631      3.025071      3.025011
   3.37689      3.016022      3.015963
   3.43747      3.001814      3.001759
   3.49805      2.983729      2.983676
   3.55864      2.963498      2.963450
   3.61922      2.943285      2.943244
   3.67980      2.925673      2.925639
   3.74039      2.913670      2.913644
   3.80097      2.910648      2.910630
   3.86155      2.920026      2.920016
   3.92213      2.944451      2.944445
   3.98272      2.984484      2.984477
   4.04330      3.037633      3.037620
   4.10388      3.098838      3.098816
   4.16446      3.150045      3.150100
   4.22505      3.101457      3.101506
   4.28563      3.059170      3.059214
   4.34621      3.030836      3.030876
   4.40680      3.020894      3.020933
 
# Band-Index   16
   4.40680      3.330647      3.330566
   4.34621      3.315377      3.315303
   4.28563      3.275959      3.275897
   4.22505      3.222768      3.222721
   4.16446      3.162243      3.162209
   4.10388      3.192440      3.192499
   4.04330      3.210246      3.210303
   3.98272      3.195454      3.195498
   3.92213      3.169383      3.169413
   3.86155      3.153334      3.153353
   3.80097      3.153038      3.153051
   3.74039      3.167021      3.167031
   3.67980      3.192034      3.192041
   3.61922      3.224454      3.224460
   3.55864      3.260502      3.260505
   3.49805      3.296328      3.296329
   3.43747      3.328137      3.328136
   3.37689      3.352134      3.352131
   3.31631      3.364007      3.364003
   3.25572      3.364947      3.364944
   3.25572      3.364947      3.364944
   3.21288      3.363742      3.367412
   3.17005      3.360145      3.375074
   3.12721      3.354236      3.388677
   3.08437      3.346159      3.409376
   3.04153      3.336116      3.438561
   2.99869      3.324344      3.477517
   2.95585      3.311115      3.500663
   2.91301      3.296726      3.512568
   2.87017      3.281502      3.518777
   2.82733      3.265780      3.518464
   2.78449      3.249889      3.510809
   2.74165      3.234063      3.476473
   2.69881      3.218149      3.371111
   2.65598      3.200673      3.260691
   2.61314      3.179513      3.155840
   2.57030      3.158160      3.062893
   2.52746      3.141135      2.988911
   2.48462      3.130392      2.940904
   2.44178      3.150318      2.924226
   2.44178      3.150318      2.924226
   2.39894      3.150543      2.923747
   2.35610      3.151252      2.922248
   2.31327      3.176409      2.919499
   2.27043      3.211240      2.914904
   2.22759      3.251086      2.907073
   2.18475      3.292052      2.893080
   2.14192      3.329300      2.899521
   2.09908      3.357727      2.933215
   2.05624      3.372975      2.969823
   2.01340      3.372205      3.008359
   1.97056      3.354469      3.048471
   1.92773      3.320764      3.089323
   1.88489      3.273894      3.130248
   1.84205      3.273379      3.170751
   1.79921      3.291901      3.210629
   1.75638      3.307909      3.249865
   1.71354      3.320236      3.287436
   1.67070      3.327998      3.318039
   1.62786      3.330647      3.330566
   1.62786      3.330647      3.330566
   1.58502      3.318112      3.327916
   1.54218      3.287492      3.320150
   1.49934      3.249902      3.307815
   1.45651      3.210648      3.291798
   1.41367      3.170754      3.273264
   1.37083      3.130237      3.273984
   1.32799      3.089299      3.320868
   1.28515      3.048435      3.354589
   1.24231      3.008313      3.372339
   1.19947      2.969744      3.373125
   1.15663      2.933149      3.357890
   1.11379      2.899448      3.329473
   1.07095      2.893152      3.292229
   1.02811      2.907126      3.251267
   0.98527      2.914949      3.211425
   0.94244      2.919540      3.176597
   0.89960      2.922287      3.151053
   0.85676      2.923786      3.150344
   0.81392      2.924265      3.150118
   0.81392      2.924265      3.150118
   0.77108      2.940941      3.130585
   0.72824      2.988944      3.141322
   0.68540      3.062920      3.158332
   0.64257      3.155859      3.179650
   0.59973      3.260701      3.200747
   0.55689      3.371110      3.218181
   0.51405      3.476453      3.234079
   0.47122      3.510896      3.249897
   0.42838      3.518546      3.265784
   0.38554      3.518843      3.281504
   0.34270      3.512619      3.296726
   0.29986      3.500699      3.311114
   0.25703      3.477559      3.324342
   0.21419      3.438593      3.336114
   0.17135      3.409398      3.346157
   0.12851      3.388691      3.354234
   0.08568      3.375082      3.360143
   0.04284      3.367416      3.363740
   0.00000      3.364947      3.364944
 
# Band-Index   17
   0.00000      3.402201      3.402200
   0.04284      3.405371      3.405642
   0.08568      3.414541      3.415019
   0.12851      3.428733      3.427639
   0.17135      3.446428      3.439617
   0.21419      3.465721      3.446902
   0.25703      3.484582      3.446416
   0.29986      3.527424      3.436768
   0.34270      3.587723      3.418226
   0.38554      3.656904      3.392208
   0.42838      3.703798      3.360717
   0.47122      3.600955      3.325977
   0.51405      3.512231      3.290294
   0.55689      3.488583      3.256235
   0.59973      3.469219      3.227469
   0.64257      3.450017      3.208076
   0.68540      3.432581      3.196242
   0.72824      3.418664      3.188702
   0.77108      3.409697      3.184369
   0.81392      3.406602      3.182947
   0.81392      3.406602      3.182947
   0.85676      3.387445      3.188152
   0.89960      3.338092      3.203683
   0.94244      3.273569      3.229260
   0.98527      3.205309      3.264370
   1.02811      3.140432      3.308273
   1.07095      3.084393      3.360163
   1.11379      3.042577      3.419339
   1.15663      3.017682      3.485019
   1.19947      3.008080      3.556078
   1.24231      3.141171      3.550595
   1.28515      3.306593      3.561524
   1.32799      3.466311      3.594423
   1.37083      3.616974      3.649453
   1.41367      3.755068      3.725457
   1.45651      3.876702      3.820077
   1.49934      3.977670      3.929886
   1.54218      4.053741      4.050277
   1.58502      4.101158      4.108886
   1.62786      4.117282      4.117273
   1.62786      4.117282      4.117273
   1.67070      4.108896      4.101151
   1.71354      4.050166      4.053740
   1.75638      3.929769      3.977678
   1.79921      3.819956      3.876720
   1.84205      3.725332      3.755098
   1.88489      3.649325      3.617016
   1.92773      3.594292      3.466365
   1.97056      3.561388      3.306658
   2.01340      3.550452      3.141246
   2.05624      3.556084      3.008060
   2.09908      3.485019      3.017627
   2.14192      3.419330      3.042484
   2.18475      3.360146      3.084262
   2.22759      3.308246      3.140273
   2.27043      3.264338      3.205129
   2.31327      3.229223      3.273370
   2.35610      3.203644      3.337875
   2.39894      3.188113      3.387212
   2.44178      3.182907      3.406362
   2.44178      3.182907      3.406362
   2.48462      3.184329      3.409459
   2.52746      3.188660      3.418433
   2.57030      3.196194      3.432360
   2.61314      3.208005      3.449809
   2.65598      3.227348      3.469027
   2.69881      3.256086      3.488404
   2.74165      3.290146      3.512060
   2.78449      3.325838      3.600919
   2.82733      3.360592      3.703775
   2.87017      3.392098      3.656833
   2.91301      3.418132      3.587660
   2.95585      3.436691      3.527371
   2.99869      3.446356      3.484557
   3.04153      3.446859      3.465705
   3.08437      3.439589      3.446418
   3.12721      3.427623      3.428728
   3.17005      3.415013      3.414538
   3.21288      3.405641      3.405369
   3.25572      3.402201      3.402200
   3.25572      3.402201      3.402200
   3.31631      3.410921      3.410921
   3.37689      3.445763      3.445764
   3.43747      3.506119      3.506121
   3.49805      3.582429      3.582435
   3.55864      3.659729      3.659745
   3.61922      3.718831      3.718859
   3.67980      3.746640      3.746676
   3.74039      3.743493      3.743530
   3.80097      3.717101      3.717136
   3.86155      3.676358      3.676388
   3.92213      3.631821      3.631846
   3.98272      3.600661      3.600678
   4.04330      3.611200      3.611211
   4.10388      3.682535      3.682545
   4.16446      3.795655      3.795662
   4.22505      3.917662      3.917665
   4.28563      4.022635      4.022632
   4.34621      4.092728      4.092721
   4.40680      4.117282      4.117273
 
# Band-Index   18
   4.40680      4.254634      4.254783
   4.34621      4.180186      4.180306
   4.28563      4.076488      4.076610
   4.22505      3.973687      3.973812
   4.16446      3.876905      3.877029
   4.10388      3.794670      3.794790
   4.04330      3.735379      3.735493
   3.98272      3.704850      3.704960
   3.92213      3.705559      3.705665
   3.86155      3.736785      3.736890
   3.80097      3.795106      3.795213
   3.74039      3.875027      3.875137
   3.67980      3.969633      3.969748
   3.61922      4.071259      4.071379
   3.55864      4.172097      4.172223
   3.49805      4.264798      4.264929
   3.43747      4.320833      4.320851
   3.37689      4.317559      4.317588
   3.31631      4.318917      4.318951
   3.25572      4.319897      4.319933
   3.25572      4.319897      4.319933
   3.21288      4.325988      4.312780
   3.17005      4.345071      4.291482
   3.12721      4.379375      4.256503
   3.08437      4.391598      4.208575
   3.04153      4.362665      4.148642
   2.99869      4.330783      4.077793
   2.95585      4.297200      3.997201
   2.91301      4.262914      3.908092
   2.87017      4.228621      3.811905
   2.82733      4.194701      3.738109
   2.78449      4.161228      3.812283
   2.74165      4.127978      3.887720
   2.69881      4.094475      3.956934
   2.65598      4.060083      4.016757
   2.61314      4.024276      4.065461
   2.57030      3.987312      4.102542
   2.52746      3.951599      4.128308
   2.48462      3.923457      4.143392
   2.44178      3.912345      4.148348
   2.44178      3.912345      4.148348
   2.39894      3.903686      4.179549
   2.35610      3.878571      4.264842
   2.31327      3.839463      4.324321
   2.27043      3.790109      4.320723
   2.22759      3.735127      4.316301
   2.18475      3.679589      4.311196
   2.14192      3.628663      4.305567
   2.09908      3.587306      4.299585
   2.05624      3.559995      4.293427
   2.01340      3.631029      4.287271
   1.97056      3.708063      4.281288
   1.92773      3.785130      4.275634
   1.88489      3.859925      4.270452
   1.84205      3.929917      4.265867
   1.79921      3.992414      4.261980
   1.75638      4.044701      4.258876
   1.71354      4.084232      4.256615
   1.67070      4.173212      4.255243
   1.62786      4.254634      4.254783
   1.62786      4.254634      4.254783
   1.58502      4.255094      4.173326
   1.54218      4.256467      4.084222
   1.49934      4.258728      4.044689
   1.45651      4.261833      3.992401
   1.41367      4.265720      3.929902
   1.37083      4.270306      3.859909
   1.32799      4.275489      3.785115
   1.28515      4.281143      3.708049
   1.24231      4.287128      3.631019
   1.19947      4.293285      3.560147
   1.15663      4.299443      3.587468
   1.11379      4.305427      3.628837
   1.07095      4.311057      3.679776
   1.02811      4.316163      3.735328
   0.98527      4.320586      3.790322
   0.94244      4.324184      3.839686
   0.89960      4.264990      3.878803
   0.85676      4.179681      3.903924
   0.81392      4.148472      3.912584
   0.81392      4.148472      3.912584
   0.77108      4.143515      3.923693
   0.72824      4.128429      3.951827
   0.68540      4.102660      3.987535
   0.64257      4.065573      4.024495
   0.59973      4.016863      4.060301
   0.55689      3.957034      4.094693
   0.51405      3.887813      4.128194
   0.47122      3.812369      4.161441
   0.42838      3.738181      4.194910
   0.38554      3.811912      4.228824
   0.34270      3.908090      4.263110
   0.29986      3.997193      4.297389
   0.25703      4.077779      4.330964
   0.21419      4.148622      4.362838
   0.17135      4.208549      4.391762
   0.12851      4.256473      4.379400
   0.08568      4.291449      4.345103
   0.04284      4.312745      4.326023
   0.00000      4.319897      4.319933
 
# Band-Index   19
   0.00000      4.450898      4.451043
   0.04284      4.442656      4.446996
   0.08568      4.418649      4.435150
   0.12851      4.380919      4.416334
   0.17135      4.332545      4.431915
   0.21419      4.277271      4.505304
   0.25703      4.219165      4.600613
   0.29986      4.162362      4.716399
   0.34270      4.110910      4.848528
   0.38554      4.068676      4.990387
   0.42838      4.039258      5.133222
   0.47122      4.025813      5.266861
   0.51405      4.030698      5.381511
   0.55689      4.054867      5.470787
   0.59973      4.097057      5.533946
   0.64257      4.153018      5.575046
   0.68540      4.215112      5.599982
   0.72824      4.272724      5.578037
   0.77108      4.313973      5.501850
   0.81392      4.329021      5.476144
   0.81392      4.329021      5.476144
   0.85676      4.328471      5.459113
   0.89960      4.326841      5.424755
   0.94244      4.388828      5.390421
   0.98527      4.539041      5.363511
   1.02811      4.707982      5.348031
   1.07095      4.890410      5.346239
   1.11379      5.081173      5.357618
   1.15663      5.269250      5.375800
   1.19947      5.386425      5.384982
   1.24231      5.334535      5.365359
   1.28515      5.246068      5.311791
   1.32799      5.160229      5.236147
   1.37083      5.083236      5.137261
   1.41367      5.017223      5.005406
   1.45651      4.856190      4.874042
   1.49934      4.687045      4.742445
   1.54218      4.541172      4.610734
   1.58502      4.438107      4.482791
   1.62786      4.400105      4.400040
   1.62786      4.400105      4.400040
   1.67070      4.482826      4.438043
   1.71354      4.610782      4.541111
   1.75638      4.742521      4.686992
   1.79921      4.874149      4.856149
   1.84205      5.005541      5.017020
   1.88489      5.137420      5.083041
   1.92773      5.236398      5.160047
   1.97056      5.312042      5.245908
   2.01340      5.365589      5.334412
   2.05624      5.385167      5.386329
   2.09908      5.375936      5.269054
   2.14192      5.357730      5.080960
   2.18475      5.346348      4.890203
   2.22759      5.348151      4.707786
   2.27043      5.363652      4.538859
   2.31327      5.390589      4.388663
   2.35610      5.424964      4.326977
   2.39894      5.459381      4.328607
   2.44178      5.476459      4.329157
   2.44178      5.476459      4.329157
   2.48462      5.502166      4.314106
   2.52746      5.578356      4.272847
   2.57030      5.599888      4.215220
   2.61314      5.574961      4.153111
   2.65598      5.533874      4.097135
   2.69881      5.470734      4.054931
   2.74165      5.381478      4.030753
   2.78449      5.266848      4.025863
   2.82733      5.133224      4.039307
   2.87017      4.990396      4.068729
   2.91301      4.848539      4.110971
   2.95585      4.716407      4.162434
   2.99869      4.600613      4.219249
   3.04153      4.505295      4.277370
   3.08437      4.431897      4.332658
   3.12721      4.416178      4.381044
   3.17005      4.435000      4.418785
   3.21288      4.446850      4.442799
   3.25572      4.450898      4.451043
   3.25572      4.450898      4.451043
   3.31631      4.438551      4.438695
   3.37689      4.402033      4.402174
   3.43747      4.343052      4.343189
   3.49805      4.338056      4.338058
   3.55864      4.383754      4.383736
   3.61922      4.474540      4.474503
   3.67980      4.618042      4.617994
   3.74039      4.806048      4.806000
   3.80097      5.021800      5.021762
   3.86155      5.246701      5.246682
   3.92213      5.452036      5.452047
   3.98272      5.533930      5.533879
   4.04330      5.411265      5.411060
   4.10388      5.250304      5.250072
   4.16446      5.110289      5.110062
   4.22505      4.998289      4.998210
   4.28563      4.728886      4.728830
   4.34621      4.514377      4.514335
   4.40680      4.400105      4.400040
 
# Band-Index   20
   4.40680      4.868073      4.867864
   4.34621      4.882490      4.882281
   4.28563      4.926501      4.926289
   4.22505      5.001926      5.001708
   4.16446      5.307219      5.307113
   4.10388      5.639374      5.639222
   4.04330      5.972373      5.972116
   3.98272      5.915429      5.914593
   3.92213      6.004549      6.003765
   3.86155      6.223438      6.222685
   3.80097      6.464589      6.463886
   3.74039      6.686518      6.685968
   3.67980      6.854494      6.854192
   3.61922      6.965336      6.965221
   3.55864      7.057239      7.057203
   3.49805      7.162345      7.162334
   3.43747      7.289384      7.289374
   3.37689      7.425858      7.425836
   3.31631      7.500372      7.500354
   3.25572      7.501112      7.501094
   3.25572      7.501112      7.501094
   3.21288      7.501489      7.499852
   3.17005      7.440750      7.496171
   3.12721      7.323181      7.490177
   3.08437      7.201780      7.482059
   3.04153      7.086951      7.367661
   2.99869      6.984431      7.258422
   2.95585      6.898170      7.166922
   2.91301      6.831833      7.095430
   2.87017      6.789677      7.045989
   2.82733      6.777025      7.020261
   2.78449      6.799978      7.019152
   2.74165      6.577785      7.042231
   2.69881      6.314802      6.949903
   2.65598      6.076542      6.771005
   2.61314      5.870320      6.619702
   2.57030      5.702494      6.499492
   2.52746      5.614032      6.412534
   2.48462      5.621030      6.360004
   2.44178      5.623138      6.342443
   2.44178      5.623138      6.342443
   2.39894      5.643390      6.320905
   2.35610      5.687220      6.261026
   2.31327      5.736877      6.173305
   2.27043      5.784178      6.068195
   2.22759      5.823728      5.953722
   2.18475      5.851276      5.835854
   2.14192      5.865368      5.720080
   2.09908      5.825931      5.617031
   2.05624      5.683380      5.593282
   2.01340      5.543321      5.736528
   1.97056      5.405785      5.568685
   1.92773      5.270617      5.395168
   1.88489      5.153050      5.216635
   1.84205      5.072500      5.035403
   1.79921      5.001465      4.962919
   1.75638      4.943915      4.921057
   1.71354      4.901962      4.891393
   1.67070      4.876564      4.873727
   1.62786      4.868073      4.867864
   1.62786      4.868073      4.867864
   1.58502      4.873935      4.876355
   1.54218      4.891601      4.901750
   1.49934      4.921265      4.943699
   1.45651      4.963126      5.001242
   1.41367      5.035432      5.072269
   1.37083      5.216654      5.152807
   1.32799      5.395182      5.270439
   1.28515      5.568702      5.405593
   1.24231      5.736553      5.543120
   1.19947      5.593669      5.683174
   1.15663      5.617231      5.825725
   1.11379      5.720194      5.865480
   1.07095      5.835906      5.851337
   1.02811      5.953715      5.823751
   0.98527      6.068132      5.784179
   0.94244      6.173187      5.736874
   0.89960      6.260859      5.687235
   0.85676      6.320702      5.643451
   0.81392      6.342226      5.623241
   0.81392      6.342226      5.623241
   0.77108      6.359786      5.621132
   0.72824      6.412314      5.614131
   0.68540      6.499269      5.702171
   0.64257      6.619474      5.869989
   0.59973      6.770774      6.076204
   0.55689      6.949672      6.314458
   0.51405      7.042228      6.577435
   0.47122      7.019139      6.799907
   0.42838      7.020242      6.776979
   0.38554      7.045968      6.789648
   0.34270      7.095408      6.831816
   0.29986      7.166899      6.898159
   0.25703      7.258398      6.984422
   0.21419      7.367635      7.086941
   0.17135      7.482091      7.201766
   0.12851      7.490204      7.323161
   0.08568      7.496192      7.440720
   0.04284      7.499871      7.501472
   0.00000      7.501112      7.501094
 
# Band-Index   21
   0.00000      7.571882      7.571836
   0.04284      7.574454      7.534197
   0.08568      7.582626      7.502473
   0.12851      7.597543      7.503697
   0.17135      7.491934      7.504498
   0.21419      7.472083      7.504035
   0.25703      7.460420      7.501363
   0.29986      7.447349      7.495590
   0.34270      7.433110      7.486062
   0.38554      7.417962      7.421098
   0.42838      7.402199      7.142249
   0.47122      7.367083      6.856798
   0.51405      7.150961      6.863897
   0.55689      7.087117      6.969906
   0.59973      7.148851      7.112422
   0.64257      7.219832      7.278909
   0.68540      7.290314      7.193598
   0.72824      7.311113      7.020368
   0.77108      7.306454      6.911198
   0.81392      7.281100      6.873847
   0.81392      7.281100      6.873847
   0.85676      7.140731      6.821526
   0.89960      6.985459      6.703747
   0.94244      6.829841      6.562995
   0.98527      6.675039      6.415259
   1.02811      6.521071      6.266071
   1.07095      6.367440      6.117549
   1.11379      6.213331      5.970610
   1.15663      6.057670      5.872027
   1.19947      5.899183      5.888837
   1.24231      5.743711      5.938853
   1.28515      5.925304      6.025823
   1.32799      6.076528      6.119737
   1.37083      6.155852      6.165618
   1.41367      6.146003      6.131405
   1.45651      6.076787      6.067424
   1.49934      6.023213      6.017526
   1.54218      5.985113      5.981819
   1.58502      5.962326      5.960370
   1.62786      5.954744      5.953216
   1.62786      5.954744      5.953216
   1.67070      5.961896      5.960799
   1.71354      5.983342      5.983587
   1.75638      6.019043      6.021689
   1.79921      6.068932      6.075266
   1.84205      6.132902      6.144491
   1.88489      6.170780      6.150438
   1.92773      6.121288      6.074230
   1.97056      6.025895      5.924398
   2.01340      5.938628      5.743196
   2.05624      5.888604      5.899144
   2.09908      5.871853      6.057617
   2.14192      5.970812      6.213267
   2.18475      6.117743      6.367368
   2.22759      6.266254      6.520996
   2.27043      6.415429      6.674967
   2.31327      6.563151      6.829776
   2.35610      6.703894      6.985404
   2.39894      6.821672      7.140691
   2.44178      6.873999      7.281206
   2.44178      6.873999      7.281206
   2.48462      6.911355      7.306260
   2.52746      7.020540      7.310924
   2.57030      7.193791      7.290130
   2.61314      7.279099      7.219723
   2.65598      7.112576      7.148797
   2.69881      6.970032      7.087099
   2.74165      6.863994      7.151190
   2.78449      6.857149      7.367308
   2.82733      7.142597      7.402102
   2.87017      7.421433      7.417880
   2.91301      7.486019      7.433040
   2.95585      7.495557      7.447290
   2.99869      7.501340      7.460372
   3.04153      7.504023      7.472043
   3.08437      7.504497      7.491964
   3.12721      7.503704      7.597508
   3.17005      7.502486      7.582584
   3.21288      7.534238      7.574410
   3.25572      7.571882      7.571836
   3.25572      7.571882      7.571836
   3.31631      7.533561      7.533523
   3.37689      7.499307      7.499290
   3.43747      7.499674      7.499656
   3.49805      7.499569      7.499545
   3.55864      7.488235      7.488184
   3.61922      7.443695      7.443567
   3.67980      7.343133      7.342856
   3.74039      7.185139      7.184678
   3.80097      6.988973      6.988367
   3.86155      6.772222      6.771552
   3.92213      6.538851      6.538230
   3.98272      6.276852      6.276404
   4.04330      6.028941      6.027655
   4.10388      6.147516      6.144058
   4.16446      6.177429      6.170273
   4.22505      6.088552      6.087041
   4.28563      6.013862      6.012340
   4.34621      5.969486      5.967960
   4.40680      5.954744      5.953216
 
# Band-Index   22
   4.40680      6.060865      6.049488
   4.34621      6.071597      6.060358
   4.28563      6.102063      6.091313
   4.22505      6.144894      6.135279
   4.16446      6.195567      6.194077
   4.10388      6.340092      6.338651
   4.04330      6.534004      6.532674
   3.98272      6.794714      6.793583
   3.92213      7.119568      7.118612
   3.86155      7.405439      7.389920
   3.80097      7.656719      7.643819
   3.74039      7.681556      7.679631
   3.67980      7.730661      7.729299
   3.61922      7.810637      7.810561
   3.55864      7.816395      7.816387
   3.49805      7.817858      7.817861
   3.43747      7.824187      7.824202
   3.37689      7.846970      7.847002
   3.31631      7.901344      7.901397
   3.25572      7.946960      7.947024
   3.25572      7.946960      7.947024
   3.21288      7.948359      7.890320
   3.17005      7.952394      7.766869
   3.12721      7.958426      7.627695
   3.08437      7.964714      7.621258
   3.04153      7.966433      7.654968
   2.99869      7.948119      7.699608
   2.95585      7.863465      7.753519
   2.91301      7.674221      7.804842
   2.87017      7.472496      7.771291
   2.82733      7.455277      7.586103
   2.78449      7.435157      7.386068
   2.74165      7.413299      7.370202
   2.69881      7.391046      7.354994
   2.65598      7.369742      7.340965
   2.61314      7.350609      7.328634
   2.57030      7.334671      7.318485
   2.52746      7.322727      7.349608
   2.48462      7.315337      7.319462
   2.44178      7.312837      7.304683
   2.44178      7.312837      7.304683
   2.39894      7.348503      7.414705
   2.35610      7.403756      7.439509
   2.31327      7.344936      7.448214
   2.27043      7.186356      7.405778
   2.22759      7.038976      7.309442
   2.18475      6.907035      7.186210
   2.14192      6.793468      7.031241
   2.09908      6.698769      6.871414
   2.05624      6.620438      6.718540
   2.01340      6.524144      6.575919
   1.97056      6.406976      6.445896
   1.92773      6.302286      6.330084
   1.88489      6.210779      6.229463
   1.84205      6.163743      6.154571
   1.79921      6.135330      6.128329
   1.75638      6.105410      6.097355
   1.71354      6.081334      6.071636
   1.67070      6.066070      6.055138
   1.62786      6.060865      6.049488
   1.62786      6.060865      6.049488
   1.58502      6.066456      6.054769
   1.54218      6.082755      6.070277
   1.49934      6.108064      6.094822
   1.45651      6.138239      6.125583
   1.41367      6.162894      6.155569
   1.37083      6.230962      6.209300
   1.32799      6.331562      6.300828
   1.28515      6.447345      6.405547
   1.24231      6.577330      6.522751
   1.19947      6.719904      6.612695
   1.15663      6.872718      6.692191
   1.11379      7.032470      6.787899
   1.07095      7.194181      6.902311
   1.02811      7.317429      7.034971
   0.98527      7.410885      7.182992
   0.94244      7.450541      7.342180
   0.89960      7.440435      7.403628
   0.85676      7.415174      7.348497
   0.81392      7.304879      7.312867
   0.81392      7.304879      7.312867
   0.77108      7.319354      7.315368
   0.72824      7.349877      7.322759
   0.68540      7.318665      7.334707
   0.64257      7.328804      7.350649
   0.59973      7.341121      7.369787
   0.55689      7.355136      7.391096
   0.51405      7.370329      7.413352
   0.47122      7.386179      7.435212
   0.42838      7.585871      7.455330
   0.38554      7.771019      7.472546
   0.34270      7.804720      7.673917
   0.29986      7.753484      7.863247
   0.25703      7.699604      7.948026
   0.21419      7.654982      7.966415
   0.17135      7.621284      7.964734
   0.12851      7.627660      7.958469
   0.08568      7.766825      7.952450
   0.04284      7.890265      7.948421
   0.00000      7.946960      7.947024
 
# Band-Index   23
   0.00000      8.544770      8.544757
   0.04284      8.616133      8.598923
   0.08568      8.783061      8.741493
   0.12851      8.749767      8.692512
   0.17135      8.683058      8.592369
   0.21419      8.583234      8.462532
   0.25703      8.448551      8.315910
   0.29986      8.283539      8.198770
   0.34270      8.105456      8.152562
   0.38554      8.002605      8.142512
   0.42838      8.046443      8.139282
   0.47122      8.121694      8.132640
   0.51405      8.191941      8.119707
   0.55689      8.244346      7.978092
   0.59973      8.048527      7.687130
   0.64257      7.815364      7.420093
   0.68540      7.600877      7.451229
   0.72824      7.429815      7.605920
   0.77108      7.389510      7.715196
   0.81392      7.403376      7.754769
   0.81392      7.403376      7.754769
   0.85676      7.431731      7.664349
   0.89960      7.531906      7.506777
   0.94244      7.552928      7.408093
   0.98527      7.480152      7.340106
   1.02811      7.349205      7.222316
   1.07095      7.196223      7.081756
   1.11379      7.068003      6.934631
   1.15663      6.943173      6.789568
   1.19947      6.827680      6.651338
   1.24231      6.727086      6.546548
   1.28515      6.650619      6.496797
   1.32799      6.618508      6.483823
   1.37083      6.660489      6.548730
   1.41367      6.764926      6.684088
   1.45651      6.876745      6.831354
   1.49934      6.959570      6.940644
   1.54218      7.006888      6.996368
   1.58502      7.028515      7.018501
   1.62786      7.034508      7.024216
   1.62786      7.034508      7.024216
   1.67070      7.028718      7.018314
   1.71354      7.006197      6.996996
   1.75638      6.949261      6.950245
   1.79921      6.838091      6.868004
   1.84205      6.690075      6.755999
   1.88489      6.556122      6.649767
   1.92773      6.493523      6.605494
   1.97056      6.506722      6.636869
   2.01340      6.555506      6.713538
   2.05624      6.652684      6.814649
   2.09908      6.790852      6.930852
   2.14192      6.935831      7.056638
   2.18475      7.082838      7.193057
   2.22759      7.223229      7.348239
   2.27043      7.340779      7.479435
   2.31327      7.408468      7.552544
   2.35610      7.508913      7.531769
   2.39894      7.665773      7.431667
   2.44178      7.755502      7.403006
   2.44178      7.755502      7.403006
   2.48462      7.715809      7.389169
   2.52746      7.606318      7.429923
   2.57030      7.451486      7.600974
   2.61314      7.420314      7.815415
   2.65598      7.687386      8.048438
   2.69881      7.978400      8.242440
   2.74165      8.120864      8.190823
   2.78449      8.133466      8.121060
   2.82733      8.139831      8.046034
   2.87017      8.142853      8.002237
   2.91301      8.152772      8.105241
   2.95585      8.198941      8.283385
   2.99869      8.316104      8.448412
   3.04153      8.462707      8.583118
   3.08437      8.592497      8.682979
   3.12721      8.692588      8.749723
   3.17005      8.741529      8.783065
   3.21288      8.598942      8.616128
   3.25572      8.544770      8.544757
   3.25572      8.544770      8.544757
   3.31631      8.663598      8.663587
   3.37689      8.727353      8.727269
   3.43747      8.592696      8.592407
   3.49805      8.388402      8.387749
   3.55864      8.144087      8.143040
   3.61922      7.911172      7.909905
   3.67980      7.813683      7.813554
   3.74039      7.793307      7.793224
   3.80097      7.765085      7.761712
   3.86155      7.468421      7.467500
   3.92213      7.163176      7.147740
   3.98272      6.959107      6.943801
   4.04330      6.808636      6.793777
   4.10388      6.743571      6.730470
   4.16446      6.790474      6.780188
   4.22505      6.893976      6.884740
   4.28563      6.979182      6.969543
   4.34621      7.022588      7.012456
   4.40680      7.034508      7.024216
 
# Band-Index   24
   4.40680      7.262391      7.262391
   4.34621      7.306431      7.306428
   4.28563      7.433910      7.433898
   4.22505      7.528826      7.528046
   4.16446      7.501932      7.500885
   4.10388      7.511635      7.510728
   4.04330      7.545880      7.545221
   3.98272      7.596052      7.595586
   3.92213      7.653435      7.653076
   3.86155      7.709110      7.708706
   3.80097      7.788286      7.787272
   3.74039      8.006369      7.991772
   3.67980      8.217126      8.215962
   3.61922      8.379913      8.378862
   3.55864      8.559540      8.558719
   3.49805      8.746012      8.745476
   3.43747      8.908816      8.908542
   3.37689      8.926654      8.926630
   3.31631      8.795611      8.795595
   3.25572      8.815342      8.815340
   3.25572      8.815342      8.815340
   3.21288      8.802158      8.809383
   3.17005      8.761903      8.789701
   3.12721      8.939013      8.994374
   3.08437      9.024084      9.019375
   3.04153      8.985977      8.992196
   2.99869      8.952139      8.968087
   2.95585      8.926692      8.950211
   2.91301      8.879453      8.898787
   2.87017      8.771074      8.792341
   2.82733      8.647788      8.681075
   2.78449      8.490646      8.563840
   2.74165      8.263302      8.431396
   2.69881      8.102636      8.263214
   2.65598      8.081146      8.271398
   2.61314      8.059263      8.281124
   2.57030      8.039592      8.279230
   2.52746      8.024167      8.272995
   2.48462      8.014380      8.267439
   2.44178      8.011029      8.265302
   2.44178      8.011029      8.265302
   2.39894      8.089325      8.204276
   2.35610      8.187914      8.084216
   2.31327      8.157869      7.977368
   2.27043      8.023949      7.921372
   2.22759      7.873683      7.908800
   2.18475      7.730399      7.902240
   2.14192      7.601838      7.879443
   2.09908      7.492589      7.839123
   2.05624      7.405569      7.788549
   2.01340      7.341382      7.735241
   1.97056      7.297986      7.685226
   1.92773      7.271943      7.643993
   1.88489      7.261077      7.618070
   1.84205      7.268057      7.616409
   1.79921      7.305720      7.558090
   1.75638      7.397261      7.430937
   1.71354      7.362198      7.337962
   1.67070      7.287689      7.281379
   1.62786      7.262391      7.262391
   1.62786      7.262391      7.262391
   1.58502      7.281389      7.287696
   1.54218      7.337999      7.362224
   1.49934      7.431022      7.395339
   1.45651      7.558244      7.301217
   1.41367      7.621530      7.261413
   1.37083      7.624188      7.253038
   1.32799      7.650757      7.262829
   1.28515      7.692402      7.287844
   1.24231      7.742695      7.330177
   1.19947      7.796194      7.393319
   1.15663      7.846882      7.479422
   1.11379      7.887232      7.587969
   1.07095      7.910069      7.716085
   1.02811      7.917036      7.859235
   0.98527      7.930754      8.009947
   0.94244      7.987730      8.146330
   0.89960      8.093924      8.183089
   0.85676      8.211842      8.086862
   0.81392      8.271073      8.008324
   0.81392      8.271073      8.008324
   0.77108      8.273100      8.011710
   0.72824      8.278320      8.021603
   0.68540      8.283974      8.037203
   0.64257      8.285041      8.057115
   0.59973      8.274309      8.079297
   0.55689      8.263601      8.101126
   0.51405      8.432089      8.262889
   0.47122      8.564684      8.490066
   0.42838      8.681951      8.647120
   0.38554      8.793183      8.770415
   0.34270      8.899550      8.878858
   0.29986      8.950410      8.926466
   0.25703      8.968216      8.951959
   0.21419      8.992267      8.985837
   0.17135      9.019399      9.023976
   0.12851      8.994371      8.938952
   0.08568      8.789719      8.761868
   0.04284      8.809389      8.802148
   0.00000      8.815342      8.815340
 
# Band-Index   25
   0.00000      9.088814      9.088874
   0.04284      9.083530      9.094689
   0.08568      9.068503      9.093269
   0.12851      9.046033      9.061508
   0.17135      9.162780      9.126376
   0.21419      9.136564      9.103951
   0.25703      9.079437      9.052001
   0.29986      8.997398      8.974466
   0.34270      8.941411      8.912425
   0.38554      8.943029      8.911655
   0.42838      8.956252      8.924629
   0.47122      8.903817      8.861783
   0.51405      8.821634      8.721729
   0.55689      8.756797      8.582541
   0.59973      8.598522      8.489981
   0.64257      8.491559      8.422310
   0.68540      8.422626      8.372331
   0.72824      8.378234      8.337513
   0.77108      8.352968      8.316875
   0.81392      8.344731      8.310030
   0.81392      8.344731      8.310030
   0.85676      8.318678      8.290953
   0.89960      8.273430      8.263071
   0.94244      8.276153      8.281150
   0.98527      8.354479      8.363829
   1.02811      8.468052      8.476646
   1.07095      8.558887      8.563521
   1.11379      8.580315      8.577755
   1.15663      8.531831      8.524217
   1.19947      8.447041      8.438071
   1.24231      8.350330      8.342532
   1.28515      8.248857      8.248015
   1.32799      8.096319      8.157890
   1.37083      7.899171      8.034890
   1.41367      7.716125      7.830281
   1.45651      7.653077      7.640776
   1.49934      7.722623      7.481991
   1.54218      7.816488      7.543977
   1.58502      7.825174      7.709716
   1.62786      7.809123      7.809632
   1.62786      7.809123      7.809632
   1.67070      7.709433      7.825678
   1.71354      7.544306      7.815188
   1.75638      7.481938      7.720257
   1.79921      7.640709      7.649308
   1.84205      7.830271      7.715855
   1.88489      8.036284      7.898651
   1.92773      8.166213      8.094454
   1.97056      8.256526      8.240872
   2.01340      8.350875      8.341859
   2.05624      8.446055      8.438901
   2.09908      8.531475      8.524466
   2.14192      8.583567      8.574474
   2.18475      8.567261      8.555072
   2.22759      8.478842      8.465657
   2.27043      8.365358      8.352673
   2.31327      8.282483      8.274479
   2.35610      8.264313      8.271834
   2.39894      8.292055      8.317258
   2.44178      8.311049      8.343414
   2.44178      8.311049      8.343414
   2.48462      8.317893      8.351657
   2.52746      8.338526      8.376941
   2.57030      8.373336      8.421372
   2.61314      8.423301      8.490388
   2.65598      8.490950      8.597535
   2.69881      8.583464      8.746798
   2.74165      8.722549      8.812142
   2.78449      8.869872      8.894772
   2.82733      8.925053      8.955741
   2.87017      8.912000      8.942644
   2.91301      8.912706      8.941127
   2.95585      8.974961      8.996752
   2.99869      9.052367      9.078937
   3.04153      9.104180      9.136220
   3.08437      9.126484      9.162571
   3.12721      9.061591      9.046046
   3.17005      9.093333      9.068543
   3.21288      9.094636      9.083585
   3.25572      9.088814      9.088874
   3.25572      9.088814      9.088874
   3.31631      9.080157      9.080176
   3.37689      9.022701      9.022610
   3.43747      9.234828      9.234690
   3.49805      9.341490      9.328070
   3.55864      9.013883      8.998390
   3.61922      8.669341      8.653653
   3.67980      8.329193      8.313754
   3.74039      8.036734      8.035598
   3.80097      7.799294      7.799158
   3.86155      7.940607      7.939856
   3.92213      8.085761      8.083315
   3.98272      8.086219      8.081502
   4.04330      7.991674      7.986383
   4.10388      7.899505      7.894640
   4.16446      7.844058      7.840180
   4.22505      7.633030      7.632978
   4.28563      7.605710      7.605540
   4.34621      7.724601      7.724889
   4.40680      7.809123      7.809632
 
# Band-Index   26
   4.40680      7.869369      7.860404
   4.34621      7.882270      7.873315
   4.28563      7.871539      7.870013
   4.22505      7.836704      7.834056
   4.16446      7.888244      7.887961
   4.10388      8.154593      8.148882
   4.04330      8.309605      8.301140
   3.98272      8.466293      8.457907
   3.92213      8.640455      8.632368
   3.86155      8.831757      8.825186
   3.80097      9.046948      9.040032
   3.74039      9.287492      9.281191
   3.67980      9.537621      9.531659
   3.61922      9.717375      9.716391
   3.55864      9.543760      9.543758
   3.49805      9.390345      9.390348
   3.43747      9.268155      9.268157
   3.37689      9.180007      9.180003
   3.31631      9.130407      9.130375
   3.25572      9.122280      9.122230
   3.25572      9.122280      9.122230
   3.21288      9.114768      9.128857
   3.17005      9.109348      9.145280
   3.12721      9.124155      9.161371
   3.08437      9.164981      9.224986
   3.04153      9.381460      9.440170
   2.99869      9.452380      9.480199
   2.95585      9.352158      9.363254
   2.91301      9.221389      9.230955
   2.87017      9.093620      9.106002
   2.82733      8.975665      8.993236
   2.78449      8.950993      8.980443
   2.74165      8.777552      9.015671
   2.69881      8.699896      8.769938
   2.65598      8.638495      8.700157
   2.61314      8.595968      8.673198
   2.57030      8.576913      8.665351
   2.52746      8.588802      8.672513
   2.48462      8.639259      8.685350
   2.44178      8.701969      8.691674
   2.44178      8.701969      8.691674
   2.39894      8.674291      8.723763
   2.35610      8.543680      8.747752
   2.31327      8.544218      8.721976
   2.27043      8.643640      8.676291
   2.22759      8.747829      8.639185
   2.18475      8.759319      8.624605
   2.14192      8.746052      8.630308
   2.09908      8.713150      8.640422
   2.05624      8.659283      8.636318
   2.01340      8.586454      8.541900
   1.97056      8.499244      8.334444
   1.92773      8.278163      8.178017
   1.88489      8.104183      8.090801
   1.84205      8.029178      8.020742
   1.79921      7.971742      7.963358
   1.75638      7.927087      7.918479
   1.71354      7.895072      7.873238
   1.67070      7.875802      7.866878
   1.62786      7.869369      7.860404
   1.62786      7.869369      7.860404
   1.58502      7.875838      7.866842
   1.54218      7.872744      7.886127
   1.49934      7.927391      7.918174
   1.45651      7.972215      7.962886
   1.41367      8.029495      8.020468
   1.37083      8.099302      8.096982
   1.32799      8.185147      8.278014
   1.28515      8.335389      8.498826
   1.24231      8.542229      8.586043
   1.19947      8.638391      8.658877
   1.15663      8.642981      8.712745
   1.11379      8.633585      8.745645
   1.07095      8.628930      8.758907
   1.02811      8.644809      8.745714
   0.98527      8.683258      8.640883
   0.94244      8.730283      8.538727
   0.89960      8.757786      8.531105
   0.85676      8.736725      8.658904
   0.81392      8.706922      8.701528
   0.81392      8.706922      8.701528
   0.77108      8.700082      8.633241
   0.72824      8.686090      8.581281
   0.68540      8.677727      8.568808
   0.64257      8.684581      8.587634
   0.59973      8.710766      8.630105
   0.55689      8.770580      8.691545
   0.51405      9.016546      8.769305
   0.47122      8.981112      8.950466
   0.42838      9.001855      8.967791
   0.38554      9.114179      9.086041
   0.34270      9.238615      9.214244
   0.29986      9.370160      9.345806
   0.25703      9.485224      9.448224
   0.21419      9.440964      9.380752
   0.17135      9.225043      9.164847
   0.12851      9.161491      9.124132
   0.08568      9.145354      9.109375
   0.04284      9.128912      9.114714
   0.00000      9.122280      9.122230
 
# Band-Index   27
   0.00000     10.490320     10.488213
   0.04284     10.424713     10.452764
   0.08568     10.276786     10.315338
   0.12851     10.104256     10.129890
   0.17135      9.935071      9.954010
   0.21419      9.804277      9.819931
   0.25703      9.863454      9.848922
   0.29986      9.717640      9.701371
   0.34270      9.569658      9.559189
   0.38554      9.433090      9.434219
   0.42838      9.316463      9.276991
   0.47122      9.226193      8.951487
   0.51405      9.028015      8.987086
   0.55689      9.060291      9.031158
   0.59973      9.108655      9.078410
   0.64257      9.151048      9.055453
   0.68540      9.168192      9.028891
   0.72824      9.181969      9.000686
   0.77108      9.190162      8.867151
   0.81392      9.192807      8.769360
   0.81392      9.192807      8.769360
   0.85676      9.220173      8.705139
   0.89960      9.268685      8.715176
   0.94244      9.262201      8.729670
   0.98527      9.245882      8.745176
   1.02811      9.213537      8.757005
   1.07095      9.120225      8.826214
   1.11379      9.024268      8.871381
   1.15663      8.903596      8.879616
   1.19947      8.739052      8.857174
   1.24231      8.608384      8.713299
   1.28515      8.552346      8.501481
   1.32799      8.439134      8.403105
   1.37083      8.298340      8.305031
   1.41367      8.166049      8.210465
   1.45651      8.047560      8.124743
   1.49934      7.948101      8.052572
   1.54218      7.895212      7.997915
   1.58502      7.907148      7.963841
   1.62786      7.952825      7.952340
   1.62786      7.952825      7.952340
   1.67070      7.964326      7.906464
   1.71354      7.998395      7.886268
   1.75638      8.053044      7.948587
   1.79921      8.125206      8.048032
   1.84205      8.210916      8.166505
   1.88489      8.305471      8.298777
   1.92773      8.403533      8.439551
   1.97056      8.501293      8.550992
   2.01340      8.713098      8.606688
   2.05624      8.860437      8.738614
   2.09908      8.882595      8.902701
   2.14192      8.873942      9.022131
   2.18475      8.828419      9.116088
   2.22759      8.757457      9.213884
   2.27043      8.745602      9.246232
   2.31327      8.730102      9.262556
   2.35610      8.715613      9.269038
   2.39894      8.705594      9.204990
   2.44178      8.784871      9.177725
   2.44178      8.784871      9.177725
   2.48462      8.877365      9.175070
   2.52746      9.010102      9.166857
   2.57030      9.045603      9.153007
   2.61314      9.072183      9.135742
   2.65598      9.079505      9.107148
   2.69881      9.032001      9.059144
   2.74165      8.987745      9.027732
   2.78449      8.952129      9.210317
   2.82733      9.277526      9.300624
   2.87017      9.449966      9.417290
   2.91301      9.574814      9.553930
   2.95585      9.716774      9.702190
   2.99869      9.858942      9.852169
   3.04153      9.827217      9.797648
   3.08437      9.961064      9.928554
   3.12721     10.136224     10.098569
   3.17005     10.320679     10.272228
   3.21288     10.455666     10.421630
   3.25572     10.490320     10.488213
   3.25572     10.490320     10.488213
   3.31631     10.336033     10.330782
   3.37689     10.012803     10.003763
   3.43747      9.689386      9.677138
   3.49805      9.550916      9.549530
   3.55864      9.729573      9.729295
   3.61922      9.758819      9.758347
   3.67980      9.594619      9.592104
   3.74039      9.327059      9.322686
   3.80097      9.056096      9.050805
   3.86155      8.832780      8.826327
   3.92213      8.729495      8.725374
   3.98272      8.865204      8.863247
   4.04330      8.539867      8.539737
   4.10388      8.224289      8.221269
   4.16446      8.076049      8.067507
   4.22505      7.985197      7.976360
   4.28563      7.920909      7.911989
   4.34621      7.922420      7.921676
   4.40680      7.952825      7.952340
 
# Band-Index   28
   4.40680      8.056972      8.056947
   4.34621      8.167794      8.167808
   4.28563      8.349840      8.349818
   4.22505      8.535112      8.535002
   4.16446      8.707417      8.707198
   4.10388      8.861153      8.860826
   4.04330      8.997680      8.997305
   3.98272      8.898472      8.898462
   3.92213      9.254089      9.253332
   3.86155      9.394827      9.393860
   3.80097      9.557002      9.555655
   3.74039      9.746067      9.743937
   3.67980      9.933948      9.933883
   3.61922      9.772593      9.768016
   3.55864      9.944148      9.939485
   3.49805     10.089858     10.086292
   3.43747     10.227531     10.224990
   3.37689     10.372384     10.370749
   3.31631     10.493179     10.492224
   3.25572     10.537911     10.537169
   3.25572     10.537911     10.537169
   3.21288     10.488809     10.516892
   3.17005     10.367495     10.404772
   3.12721     10.253210     10.270466
   3.08437     10.129972     10.134092
   3.04153     10.001455      9.996310
   2.99869      9.863361      9.859947
   2.95585     10.027986     10.046840
   2.91301     10.000576     10.034208
   2.87017      9.654648      9.928948
   2.82733      9.347060      9.716445
   2.78449      9.265080      9.352634
   2.74165      9.200225      9.150856
   2.69881      9.148311      9.123210
   2.65598      9.106205      9.121958
   2.61314      9.125311      9.154754
   2.57030      9.140621      9.196476
   2.52746      9.026500      9.227810
   2.48462      9.014825      9.246611
   2.44178      9.010931      9.252786
   2.44178      9.010931      9.252786
   2.39894      9.141143      9.270875
   2.35610      9.345454      9.308840
   2.31327      9.416650      9.418619
   2.27043      9.343967      9.334308
   2.22759      9.239917      9.219339
   2.18475      9.158610      9.159999
   2.14192      9.102246      9.081838
   2.09908      9.026021      8.980447
   2.05624      8.894367      8.859892
   2.01340      8.817689      8.725721
   1.97056      8.763594      8.583829
   1.92773      8.703840      8.477173
   1.88489      8.640145      8.395228
   1.84205      8.570615      8.314707
   1.79921      8.490436      8.241803
   1.75638      8.393495      8.179427
   1.71354      8.275863      8.127306
   1.67070      8.143580      8.082975
   1.62786      8.056972      8.056947
   1.62786      8.056972      8.056947
   1.58502      8.083025      8.143553
   1.54218      8.127414      8.275587
   1.49934      8.179634      8.392765
   1.45651      8.242150      8.489131
   1.41367      8.315239      8.568716
   1.37083      8.395994      8.637704
   1.32799      8.478214      8.700956
   1.28515      8.583431      8.760400
   1.24231      8.725335      8.814355
   1.19947      8.859521      8.894426
   1.15663      8.980089      9.025571
   1.11379      9.081489      9.100444
   1.07095      9.159653      9.154650
   1.02811      9.225073      9.234265
   0.98527      9.340934      9.337453
   0.94244      9.425094      9.410877
   0.89960      9.323605      9.337597
   0.85676      9.270526      9.124934
   0.81392      9.256302      8.994281
   0.81392      9.256302      8.994281
   0.77108      9.249993      8.998170
   0.72824      9.230820      9.009890
   0.68540      9.198973      9.131141
   0.64257      9.156720      9.123887
   0.59973      9.137458      9.089489
   0.55689      9.138937      9.131671
   0.51405      9.166716      9.183742
   0.47122      9.352713      9.248838
   0.42838      9.716453      9.331093
   0.38554      9.940673      9.654140
   0.34270     10.045909     10.000317
   0.29986     10.053566     10.020776
   0.25703      9.866983      9.853817
   0.21419     10.009384      9.989300
   0.17135     10.145003     10.120507
   0.12851     10.279043     10.246224
   0.08568     10.410975     10.362742
   0.04284     10.517724     10.484968
   0.00000     10.537911     10.537169
 
# Band-Index   29
   0.00000     10.570824     10.568282
   0.04284     10.522702     10.515067
   0.08568     10.469726     10.461778
   0.12851     10.421460     10.405143
   0.17135     10.399945     10.372046
   0.21419     10.421173     10.336512
   0.25703     10.408328     10.187063
   0.29986     10.333920     10.075602
   0.34270     10.235030     10.027002
   0.38554     10.098891      9.926271
   0.42838      9.830890      9.810389
   0.47122      9.727933      9.695318
   0.51405      9.634252      9.583670
   0.55689      9.550509      9.474561
   0.59973      9.476715      9.365342
   0.64257      9.412569      9.252179
   0.68540      9.357835      9.162749
   0.72824      9.313282      9.191459
   0.77108      9.282261      9.208571
   0.81392      9.270755      9.214186
   0.81392      9.270755      9.214186
   0.85676      9.293304      9.252173
   0.89960      9.377157      9.342517
   0.94244      9.503709      9.547680
   0.98527      9.614024      9.605862
   1.02811      9.655610      9.682456
   1.07095      9.686946      9.748484
   1.11379      9.750318      9.776097
   1.15663      9.885428      9.785592
   1.19947     10.057815      9.817781
   1.24231      9.990229      9.865615
   1.28515      9.902427      9.921295
   1.32799      9.801923      9.894990
   1.37083      9.696684      9.732316
   1.41367      9.590763      9.583092
   1.45651      9.485858      9.451670
   1.49934      9.384688      9.343331
   1.54218      9.294383      9.263278
   1.58502      9.228533      9.214725
   1.62786      9.203834      9.198548
   1.62786      9.203834      9.198548
   1.67070      9.219933      9.223285
   1.71354      9.268249      9.289208
   1.75638      9.347922      9.379564
   1.79921      9.455795      9.480759
   1.84205      9.586746      9.585687
   1.88489      9.735554      9.691653
   1.92773      9.897998      9.796975
   1.97056      9.922538      9.897616
   2.01340      9.867108      9.985619
   2.05624      9.819736     10.053427
   2.09908      9.788197      9.883397
   2.14192      9.779504      9.748277
   2.18475      9.749300      9.685129
   2.22759      9.682978      9.654200
   2.27043      9.606086      9.613087
   2.31327      9.548722      9.490303
   2.35610      9.353134      9.373104
   2.39894      9.254749      9.289759
   2.44178      9.216761      9.271110
   2.44178      9.216761      9.271110
   2.48462      9.211044      9.281722
   2.52746      9.193652      9.310671
   2.57030      9.164561      9.352973
   2.61314      9.262072      9.405831
   2.65598      9.375705      9.468561
   2.69881      9.485334      9.541245
   2.74165      9.594804      9.624160
   2.78449      9.706773      9.717170
   2.82733      9.822114      9.819568
   2.87017      9.938151     10.098789
   2.91301     10.038452     10.230156
   2.95585     10.075842     10.327770
   2.99869     10.188243     10.397406
   3.04153     10.340061     10.419316
   3.08437     10.373547     10.398398
   3.12721     10.406403     10.420166
   3.17005     10.462806     10.468680
   3.21288     10.515896     10.518873
   3.25572     10.570824     10.568282
   3.25572     10.570824     10.568282
   3.31631     10.527367     10.524906
   3.37689     10.493658     10.491523
   3.43747     10.408630     10.405394
   3.49805     10.323846     10.321831
   3.55864     10.246431     10.245780
   3.61922     10.125554     10.123411
   3.67980      9.966152      9.962226
   3.74039     10.013206     10.011424
   3.80097      9.902160      9.900942
   3.86155      9.641743      9.641584
   3.92213      9.272579      9.272563
   3.98272      9.125850      9.125206
   4.04330      9.156923      9.155378
   4.10388      9.432898      9.430681
   4.16446      9.528895      9.525049
   4.22505      9.457884      9.453266
   4.28563      9.342132      9.337187
   4.34621      9.243317      9.238138
   4.40680      9.203834      9.198548
 
# Band-Index   30
   4.40680     10.188134     10.187578
   4.34621     10.193529     10.193007
   4.28563     10.199841     10.199384
   4.22505     10.175144     10.174659
   4.16446     10.089422     10.088420
   4.10388     10.031537     10.029128
   4.04330     10.077761     10.074767
   3.98272     10.149353     10.146591
   3.92213     10.200437     10.198184
   3.86155     10.118816     10.117557
   3.80097     10.136022     10.135607
   3.74039     10.141222     10.141213
   3.67980     10.106450     10.105491
   3.61922     10.217246     10.212602
   3.55864     10.371649     10.366634
   3.49805     10.406917     10.403842
   3.43747     10.515726     10.511332
   3.37689     10.709753     10.700889
   3.31631     10.950728     10.939605
   3.25572     11.035196     11.024107
   3.25572     11.035196     11.024107
   3.21288     10.997118     11.013152
   3.17005     10.863529     10.926357
   3.12721     10.698065     10.815389
   3.08437     10.517419     10.681259
   3.04153     10.381750     10.533462
   2.99869     10.432838     10.453253
   2.95585     10.364764     10.338304
   2.91301     10.055225     10.456260
   2.87017      9.956657     10.130284
   2.82733      9.941745     10.039887
   2.78449      9.957228      9.960065
   2.74165      9.902232      9.891919
   2.69881      9.843227      9.836656
   2.65598      9.798078      9.795582
   2.61314      9.767456      9.769767
   2.57030      9.750798      9.759033
   2.52746      9.745279      9.760250
   2.48462      9.745709      9.766525
   2.44178      9.746643      9.769843
   2.44178      9.746643      9.769843
   2.39894      9.709162      9.730887
   2.35610      9.621317      9.641747
   2.31327      9.576936      9.576340
   2.27043      9.768468      9.712171
   2.22759      9.817863      9.932276
   2.18475      9.794604     10.081504
   2.14192      9.834805     10.119869
   2.09908      9.977865     10.099669
   2.05624     10.182377     10.084574
   2.01340     10.251363     10.321598
   1.97056     10.071629     10.561421
   1.92773      9.980300     10.522327
   1.88489     10.034433     10.459252
   1.84205     10.082311     10.394526
   1.79921     10.121665     10.330545
   1.75638     10.151614     10.272777
   1.71354     10.172263     10.226963
   1.67070     10.184227     10.197646
   1.62786     10.188134     10.187578
   1.62786     10.188134     10.187578
   1.58502     10.198166     10.183670
   1.54218     10.227385     10.171704
   1.49934     10.273066     10.151046
   1.45651     10.330698     10.121074
   1.41367     10.394570     10.081678
   1.37083     10.459230     10.033734
   1.32799     10.522299      9.979611
   1.28515     10.564741     10.069281
   1.24231     10.323991     10.249213
   1.19947     10.086633     10.180953
   1.15663     10.103921      9.976612
   1.11379     10.124248      9.833713
   1.07095     10.087107      9.790286
   1.02811      9.941043      9.812036
   0.98527      9.723651      9.757679
   0.94244      9.577428      9.562616
   0.89960      9.644985      9.617688
   0.85676      9.734114      9.705683
   0.81392      9.772735      9.743517
   0.81392      9.772735      9.743517
   0.77108      9.769536      9.742475
   0.72824      9.763586      9.741748
   0.68540      9.762819      9.746871
   0.64257      9.774007      9.763133
   0.59973      9.800191      9.793431
   0.55689      9.841522      9.838353
   0.51405      9.896936      9.897224
   0.47122      9.965147      9.956876
   0.42838     10.044961      9.941301
   0.38554     10.135288      9.956227
   0.34270     10.457522     10.054704
   0.29986     10.342988     10.360072
   0.25703     10.457679     10.430579
   0.21419     10.545414     10.379957
   0.17135     10.693635     10.510942
   0.12851     10.818549     10.688970
   0.08568     10.928891     10.852447
   0.04284     11.015027     10.985044
   0.00000     11.035196     11.024107
 
# Band-Index   31
   0.00000     11.049993     11.046879
   0.04284     11.027790     11.017842
   0.08568     10.960813     10.939485
   0.12851     10.838546     10.835027
   0.17135     10.698882     10.718411
   0.21419     10.577218     10.597450
   0.25703     10.481415     10.464294
   0.29986     10.487274     10.403983
   0.34270     10.461126     10.249222
   0.38554     10.433157     10.146154
   0.42838     10.391158     10.052306
   0.47122     10.343232      9.968935
   0.51405     10.305803     10.004147
   0.55689     10.291534     10.081940
   0.59973     10.307835     10.184839
   0.64257     10.356398     10.300748
   0.68540     10.328377     10.310995
   0.72824     10.217504     10.283275
   0.77108     10.136084     10.266406
   0.81392     10.107348     10.260745
   0.81392     10.107348     10.260745
   0.85676     10.135490     10.229180
   0.89960     10.207134     10.145773
   0.94244     10.292495     10.069611
   0.98527     10.364361     10.046227
   1.02811     10.428955     10.189915
   1.07095     10.550634     10.435490
   1.11379     10.589940     10.643432
   1.15663     10.658970     10.590373
   1.19947     10.756628     10.428760
   1.24231     10.675926     10.419839
   1.28515     10.589092     10.655853
   1.32799     10.767806     10.838971
   1.37083     10.891561     10.931293
   1.41367     10.938015     10.953775
   1.45651     10.942977     10.945525
   1.49934     10.932830     10.928394
   1.54218     10.920276     10.912109
   1.58502     10.911085     10.901061
   1.62786     10.907782     10.897193
   1.62786     10.907782     10.897193
   1.67070     10.911627     10.900522
   1.71354     10.922599     10.909799
   1.75638     10.938726     10.922535
   1.79921     10.955543     10.933055
   1.84205     10.963135     10.928882
   1.88489     10.939234     10.884028
   1.92773     10.844436     10.762616
   1.97056     10.658971     10.589041
   2.01340     10.421739     10.675669
   2.05624     10.430691     10.756958
   2.09908     10.592180     10.659307
   2.14192     10.648449     10.590279
   2.18475     10.446248     10.540682
   2.22759     10.201794     10.418456
   2.27043     10.054854     10.354844
   2.31327     10.076017     10.283241
   2.35610     10.152097     10.198159
   2.39894     10.236044     10.126885
   2.44178     10.269715     10.098921
   2.44178     10.269715     10.098921
   2.48462     10.275371     10.127985
   2.52746     10.292220     10.210184
   2.57030     10.319868     10.319342
   2.61314     10.301026     10.354251
   2.65598     10.184884     10.304964
   2.69881     10.082014     10.288139
   2.74165     10.004350     10.302275
   2.78449      9.974001     10.340139
   2.82733     10.057365     10.389166
   2.87017     10.151147     10.432566
   2.91301     10.254094     10.461328
   2.95585     10.410407     10.487259
   2.99869     10.474807     10.479050
   3.04153     10.601568     10.573122
   3.08437     10.722106     10.695204
   3.12721     10.838186     10.826049
   3.17005     10.941997     10.948768
   3.21288     11.019695     11.016379
   3.25572     11.049993     11.046879
   3.25572     11.049993     11.046879
   3.31631     10.999382     10.997363
   3.37689     10.941841     10.939371
   3.43747     10.914093     10.911304
   3.49805     10.885261     10.882181
   3.55864     10.820282     10.817291
   3.61922     10.546163     10.544547
   3.67980     10.224947     10.223376
   3.74039     10.148871     10.147725
   3.80097     10.193747     10.192400
   3.86155     10.215128     10.213397
   3.92213     10.283910     10.282493
   3.98272     10.517239     10.515342
   4.04330     10.757760     10.754378
   4.10388     10.924465     10.917995
   4.16446     10.972648     10.963699
   4.22505     10.959895     10.949934
   4.28563     10.934496     10.924127
   4.34621     10.914895     10.904355
   4.40680     10.907782     10.897193
 
# Band-Index   32
   4.40680     12.353236     12.353245
   4.34621     12.282760     12.282813
   4.28563     11.925094     11.925031
   4.22505     11.552332     11.552178
   4.16446     11.299590     11.299283
   4.10388     11.205889     11.205293
   4.04330     11.217644     11.216571
   3.98272     11.284040     11.282307
   3.92213     11.081762     11.081783
   3.86155     10.781452     10.781481
   3.80097     10.534959     10.535007
   3.74039     10.609348     10.609419
   3.67980     10.935057     10.934112
   3.61922     10.943266     10.941638
   3.55864     10.891458     10.889089
   3.49805     11.125734     11.120084
   3.43747     11.179254     11.167856
   3.37689     11.119597     11.107911
   3.31631     11.072298     11.060882
   3.25572     11.058884     11.048461
   3.25572     11.058884     11.048461
   3.21288     11.064479     11.026293
   3.17005     11.034304     10.952344
   3.12721     10.914776     10.838171
   3.08437     10.764391     10.714597
   3.04153     10.611500     10.606996
   2.99869     10.481376     10.531038
   2.95585     10.463450     10.544523
   2.91301     10.573887     10.509433
   2.87017     10.620826     10.688470
   2.82733     10.611165     10.651299
   2.78449     10.570294     10.594193
   2.74165     10.515617     10.529729
   2.69881     10.458282     10.466258
   2.65598     10.404484     10.408447
   2.61314     10.357674     10.358969
   2.57030     10.406933     10.333107
   2.52746     10.377838     10.290494
   2.48462     10.307365     10.272967
   2.44178     10.283204     10.267092
   2.44178     10.283204     10.267092
   2.39894     10.308204     10.303319
   2.35610     10.405838     10.393512
   2.31327     10.541703     10.518797
   2.27043     10.709230     10.548248
   2.22759     10.768922     10.539071
   2.18475     10.743212     10.550972
   2.14192     10.740908     10.768062
   2.09908     10.769849     10.953017
   2.05624     10.834487     10.801106
   2.01340     10.935621     10.880969
   1.97056     11.071148     11.027568
   1.92773     11.237413     11.193775
   1.88489     11.430244     11.376450
   1.84205     11.645423     11.572247
   1.79921     11.878586     11.777003
   1.75638     12.124493     11.984365
   1.71354     12.279935     12.182216
   1.67070     12.333944     12.331386
   1.62786     12.353236     12.353245
   1.62786     12.353236     12.353245
   1.58502     12.331368     12.333943
   1.54218     12.181936     12.279909
   1.49934     11.984090     12.124259
   1.45651     11.776726     11.878350
   1.41367     11.571963     11.645181
   1.37083     11.376156     11.429992
   1.32799     11.193470     11.237153
   1.28515     11.027252     11.070882
   1.24231     10.880643     10.935352
   1.19947     10.801732     10.834219
   1.15663     10.955950     10.769586
   1.11379     10.779951     10.740654
   1.07095     10.552800     10.742973
   1.02811     10.538747     10.768699
   0.98527     10.547937     10.702855
   0.94244     10.525850     10.534835
   0.89960     10.401253     10.398286
   0.85676     10.311886     10.299765
   0.81392     10.276203     10.275647
   0.81392     10.276203     10.275647
   0.77108     10.282065     10.299952
   0.72824     10.299555     10.370810
   0.68540     10.339587     10.405772
   0.64257     10.367970     10.348885
   0.59973     10.417390     10.395781
   0.55689     10.475065     10.449718
   0.51405     10.538317     10.507289
   0.47122     10.602403     10.562380
   0.42838     10.658820     10.603996
   0.38554     10.694695     10.614898
   0.34270     10.509918     10.572436
   0.29986     10.547661     10.462612
   0.25703     10.532219     10.476931
   0.21419     10.610223     10.599880
   0.17135     10.720329     10.752355
   0.12851     10.846252     10.902688
   0.08568     10.962446     11.022762
   0.04284     11.037566     11.053832
   0.00000     11.058883     11.048461
 
# Band-Index   33
   0.00000     11.418831     11.402502
   0.04284     11.460904     11.478044
   0.08568     11.599339     11.590759
   0.12851     11.720685     11.676975
   0.17135     11.686039     11.590414
   0.21419     11.508405     11.267632
   0.25703     11.305588     10.874236
   0.29986     10.975898     10.510325
   0.34270     10.722134     10.580113
   0.38554     10.812886     10.881652
   0.42838     10.859074     10.815601
   0.47122     10.866779     10.760850
   0.51405     10.895562     10.720263
   0.55689     10.818736     10.692117
   0.59973     10.650844     10.676734
   0.64257     10.488167     10.623296
   0.68540     10.431140     10.481923
   0.72824     10.516432     10.470908
   0.77108     10.587578     10.497425
   0.81392     10.616087     10.503973
   0.81392     10.616087     10.503973
   0.85676     10.609692     10.560011
   0.89960     10.592274     10.672206
   0.94244     10.569010     10.797575
   0.98527     10.683716     10.808112
   1.02811     10.874389     10.898514
   1.07095     11.067441     10.940530
   1.11379     11.145738     10.910264
   1.15663     11.088933     11.116640
   1.19947     11.327937     11.419155
   1.24231     11.444086     11.521001
   1.28515     11.518379     11.542879
   1.32799     11.614972     11.631115
   1.37083     11.771840     11.825117
   1.41367     11.941698     12.000241
   1.45651     12.065258     12.104302
   1.49934     12.177530     12.200151
   1.54218     12.269687     12.314192
   1.58502     12.342849     12.380395
   1.62786     12.410699     12.411006
   1.62786     12.410699     12.411006
   1.67070     12.380450     12.343144
   1.71354     12.314403     12.269728
   1.75638     12.200209     12.177601
   1.79921     12.104393     12.065361
   1.84205     12.000363     11.941831
   1.88489     11.827909     11.767837
   1.92773     11.636312     11.608712
   1.97056     11.550290     11.517948
   2.01340     11.529351     11.442806
   2.05624     11.428531     11.322225
   2.09908     11.127880     11.080973
   2.14192     10.919765     11.146006
   2.18475     10.945786     11.067717
   2.22759     10.904557     10.868067
   2.27043     10.808317     10.677053
   2.31327     10.803275     10.569308
   2.35610     10.677458     10.592561
   2.39894     10.564512     10.609972
   2.44178     10.507702     10.616364
   2.44178     10.507702     10.616364
   2.48462     10.500906     10.587582
   2.52746     10.473494     10.515812
   2.57030     10.488451     10.429772
   2.61314     10.629337     10.482359
   2.65598     10.682375     10.645477
   2.69881     10.698141     10.813620
   2.74165     10.726642     10.891831
   2.78449     10.767611     10.862213
   2.82733     10.822779     10.853194
   2.87017     10.882382     10.812957
   2.91301     10.584462     10.718755
   2.95585     10.513046     10.975971
   2.99869     10.874725     11.297834
   3.04153     11.268095     11.501128
   3.08437     11.591987     11.679929
   3.12721     11.681176     11.715264
   3.17005     11.602355     11.587760
   3.21288     11.493011     11.446204
   3.25572     11.418832     11.402502
   3.25572     11.418832     11.402502
   3.31631     11.451080     11.434998
   3.37689     11.443087     11.427258
   3.43747     11.419109     11.405378
   3.49805     11.313309     11.302062
   3.55864     11.073645     11.073208
   3.61922     11.029106     11.028783
   3.67980     11.017174     11.016600
   3.74039     11.062618     11.060953
   3.80097     11.162077     11.160077
   3.86155     11.265193     11.262426
   3.92213     11.347487     11.343372
   3.98272     11.392464     11.386985
   4.04330     11.424994     11.419528
   4.10388     11.523997     11.520785
   4.16446     11.731737     11.730580
   4.22505     11.975817     11.975465
   4.28563     12.182180     12.182112
   4.34621     12.310955     12.310958
   4.40680     12.410699     12.411006
 
# Band-Index   34
   4.40680     12.504300     12.500776
   4.34621     12.526355     12.523005
   4.28563     12.569927     12.566836
   4.22505     12.624105     12.622384
   4.16446     12.461152     12.460899
   4.10388     12.105418     12.105375
   4.04330     11.750060     11.750058
   3.98272     11.406911     11.406912
   3.92213     11.389872     11.387382
   3.86155     11.536664     11.533466
   3.80097     11.723979     11.720233
   3.74039     11.810996     11.806495
   3.67980     11.412949     11.412607
   3.61922     11.357253     11.357469
   3.55864     11.407618     11.396037
   3.49805     11.449565     11.449077
   3.43747     11.576169     11.568524
   3.37689     11.680040     11.676334
   3.31631     11.610204     11.598142
   3.25572     11.484293     11.468244
   3.25572     11.484293     11.468244
   3.21288     11.496314     11.515415
   3.17005     11.647227     11.640461
   3.12721     11.745219     11.755825
   3.08437     11.616565     11.689863
   3.04153     11.427039     11.605177
   2.99869     11.252718     11.361104
   2.95585     11.106397     11.116103
   2.91301     10.988288     10.974007
   2.87017     10.895157     10.885343
   2.82733     11.225861     11.138267
   2.78449     11.291280     11.143114
   2.74165     11.128490     10.981147
   2.69881     10.958189     10.928125
   2.65598     10.789261     10.963134
   2.61314     10.683776     10.992358
   2.57030     10.715391     11.001715
   2.52746     10.790600     10.920954
   2.48462     10.881524     10.866962
   2.44178     10.924250     10.847828
   2.44178     10.924250     10.847828
   2.39894     10.915147     10.853989
   2.35610     10.889385     10.872445
   2.31327     10.851447     10.903164
   2.27043     10.915755     10.946042
   2.22759     10.972410     11.000962
   2.18475     11.115885     11.080731
   2.14192     11.315294     11.174061
   2.09908     11.430268     11.235369
   2.05624     11.508181     11.335166
   2.01340     11.594565     11.444472
   1.97056     11.688609     11.543955
   1.92773     11.789025     11.628014
   1.88489     11.893880     11.781611
   1.84205     12.056941     11.968318
   1.79921     12.142640     12.170875
   1.75638     12.231625     12.366670
   1.71354     12.374368     12.499535
   1.67070     12.522558     12.504983
   1.62786     12.504300     12.500776
   1.62786     12.504300     12.500776
   1.58502     12.508463     12.519387
   1.54218     12.502007     12.374127
   1.49934     12.367195     12.231408
   1.45651     12.171192     12.142433
   1.41367     11.968570     12.056732
   1.37083     11.781843     11.893731
   1.32799     11.628276     11.788851
   1.28515     11.551938     11.688414
   1.24231     11.444250     11.594352
   1.19947     11.334925     11.507928
   1.15663     11.235114     11.430026
   1.11379     11.174929     11.309000
   1.07095     11.086913     11.109948
   1.02811     11.000676     10.967212
   0.98527     10.945750     10.910029
   0.94244     10.902867     10.851256
   0.89960     10.872145     10.889208
   0.85676     10.853686     10.914978
   0.81392     10.847524     10.924084
   0.81392     10.847524     10.924084
   0.77108     10.866696     10.880863
   0.72824     10.920799     10.788602
   0.68540     11.001736     10.711576
   0.64257     10.995396     10.678729
   0.59973     10.966203     10.783610
   0.55689     10.931403     10.952804
   0.51405     10.986122     11.123259
   0.47122     11.147879     11.286149
   0.42838     11.138119     11.224895
   0.38554     10.892683     10.887615
   0.34270     10.982170     10.980281
   0.29986     11.124268     11.098090
   0.25703     11.361051     11.244289
   0.21419     11.610879     11.418685
   0.17135     11.696964     11.608394
   0.12851     11.764714     11.736239
   0.08568     11.652843     11.634701
   0.04284     11.530389     11.481515
   0.00000     11.484292     11.468244
 
# Band-Index   35
   0.00000     11.610365     11.606593
   0.04284     11.648073     11.626222
   0.08568     11.709292     11.664749
   0.12851     11.794040     11.792443
   0.17135     11.958429     11.742632
   0.21419     11.790718     11.628555
   0.25703     11.576165     11.552623
   0.29986     11.527098     11.501306
   0.34270     11.547499     11.502012
   0.38554     11.476016     11.581630
   0.42838     11.328276     11.481533
   0.47122     11.506650     11.630854
   0.51405     11.443407     11.737357
   0.55689     11.325527     11.613737
   0.59973     11.210237     11.493805
   0.64257     11.100634     11.381843
   0.68540     11.016261     11.283474
   0.72824     11.027522     11.205448
   0.77108     11.030369     11.154796
   0.81392     11.029973     11.137173
   0.81392     11.029973     11.137173
   0.85676     11.032678     11.141694
   0.89960     11.046846     11.155266
   0.94244     11.090293     11.177950
   0.98527     11.185330     11.209797
   1.02811     11.333493     11.250902
   1.07095     11.344034     11.301327
   1.11379     11.294063     11.361066
   1.15663     11.449542     11.449336
   1.19947     11.521283     11.507958
   1.24231     11.537975     11.707841
   1.28515     11.561797     11.859466
   1.32799     11.685748     11.920027
   1.37083     11.813560     11.981648
   1.41367     12.019821     12.102301
   1.45651     12.319782     12.419494
   1.49934     12.578274     12.586956
   1.54218     12.586210     12.552281
   1.58502     12.680658     12.603929
   1.62786     12.721649     12.721340
   1.62786     12.721649     12.721340
   1.67070     12.604199     12.680316
   1.71354     12.555322     12.584889
   1.75638     12.590021     12.575051
   1.79921     12.420303     12.318063
   1.84205     12.103722     12.017360
   1.88489     11.981879     11.813720
   1.92773     11.920354     11.685933
   1.97056     11.860535     11.562002
   2.01340     11.713540     11.529355
   2.05624     11.516151     11.512934
   2.09908     11.456624     11.442174
   2.14192     11.361319     11.287603
   2.18475     11.301589     11.342862
   2.22759     11.251172     11.326657
   2.27043     11.210073     11.178857
   2.31327     11.178229     11.084986
   2.35610     11.155549     11.042379
   2.39894     11.141978     11.028650
   2.44178     11.137458     11.026079
   2.44178     11.137458     11.026079
   2.48462     11.155084     11.026648
   2.52746     11.205755     11.024122
   2.57030     11.283837     11.013107
   2.61314     11.382332     11.100380
   2.65598     11.494514     11.209702
   2.69881     11.614806     11.324666
   2.74165     11.738954     11.442207
   2.78449     11.631144     11.506379
   2.82733     11.485974     11.323041
   2.87017     11.585260     11.470708
   2.91301     11.507095     11.542949
   2.95585     11.507576     11.521122
   2.99869     11.559524     11.569631
   3.04153     11.635639     11.789734
   3.08437     11.748400     11.952030
   3.12721     11.801479     11.785129
   3.17005     11.668782     11.704645
   3.21288     11.630041     11.644607
   3.25572     11.610365     11.606593
   3.25572     11.610365     11.606593
   3.31631     11.640699     11.636904
   3.37689     11.795684     11.789257
   3.43747     11.706508     11.703914
   3.49805     11.485556     11.471293
   3.55864     11.527304     11.513680
   3.61922     11.541754     11.530527
   3.67980     11.699076     11.688593
   3.74039     11.872297     11.865948
   3.80097     12.045390     12.036937
   3.86155     12.076360     12.069916
   3.92213     12.088366     12.082852
   3.98272     12.147601     12.143687
   4.04330     12.265033     12.262450
   4.10388     12.422670     12.420877
   4.16446     12.606461     12.605244
   4.22505     12.686192     12.684543
   4.28563     12.615202     12.614855
   4.34621     12.627620     12.627411
   4.40680     12.721649     12.721340
 
# Band-Index   36
   4.40680     13.333758     13.333785
   4.34621     13.240982     13.239875
   4.28563     12.987691     12.986393
   4.22505     12.757157     12.755905
   4.16446     12.692401     12.691561
   4.10388     12.750552     12.749980
   4.04330     12.746209     12.744902
   3.98272     12.640884     12.637648
   3.92213     12.460994     12.455550
   3.86155     12.253796     12.246543
   3.80097     12.067339     12.061030
   3.74039     11.911070     11.901508
   3.67980     11.749128     11.737701
   3.61922     11.616046     11.603531
   3.55864     11.700035     11.699732
   3.49805     11.765578     11.760484
   3.43747     11.794090     11.789150
   3.37689     11.805402     11.801092
   3.31631     11.718714     11.714868
   3.25572     11.655840     11.651717
   3.25572     11.655840     11.651717
   3.21288     11.689019     11.669893
   3.17005     11.775498     11.739312
   3.12721     11.893395     11.861951
   3.08437     12.010285     11.992682
   3.04153     12.110020     11.974323
   2.99869     12.054547     11.888133
   2.95585     11.933769     11.762431
   2.91301     11.790074     11.620478
   2.87017     11.636848     11.654128
   2.82733     11.745944     11.678863
   2.78449     11.863916     11.560602
   2.74165     12.016806     11.860058
   2.69881     12.056424     12.027284
   2.65598     11.989531     11.960345
   2.61314     11.932263     11.900958
   2.57030     11.886280     11.852205
   2.52746     11.852863     11.816094
   2.48462     11.810439     11.793954
   2.44178     11.757014     11.786498
   2.44178     11.757014     11.786498
   2.39894     11.738257     11.805641
   2.35610     11.689789     11.857913
   2.31327     11.630549     11.765963
   2.27043     11.589066     11.647090
   2.22759     11.610753     11.529387
   2.18475     11.728533     11.571605
   2.14192     11.918882     11.702596
   2.09908     12.044768     11.633928
   2.05624     11.996781     11.653875
   2.01340     12.017582     11.878392
   1.97056     12.209778     12.211513
   1.92773     12.474355     12.536307
   1.88489     12.619368     12.668434
   1.84205     12.642297     12.649793
   1.79921     12.622327     12.609785
   1.75638     12.748486     12.637944
   1.71354     13.067611     12.954815
   1.67070     13.357773     13.246499
   1.62786     13.333758     13.333785
   1.62786     13.333758     13.333785
   1.58502     13.247536     13.357237
   1.54218     12.956026     13.067118
   1.49934     12.639326     12.747930
   1.45651     12.613160     12.619237
   1.41367     12.653158     12.639216
   1.37083     12.671880     12.616150
   1.32799     12.542405     12.469500
   1.28515     12.220063     12.203094
   1.24231     11.887339     12.013707
   1.19947     11.659360     11.995027
   1.15663     11.636394     12.042352
   1.11379     11.707206     11.909334
   1.07095     11.581469     11.720225
   1.02811     11.532584     11.604048
   0.98527     11.649498     11.583804
   0.94244     11.768520     11.626025
   0.89960     11.867610     11.685537
   0.85676     11.815156     11.734090
   0.81392     11.795948     11.752866
   0.81392     11.795948     11.752866
   0.77108     11.803383     11.806483
   0.72824     11.825459     11.843748
   0.68540     11.861451     11.877284
   0.64257     11.910029     11.923395
   0.59973     11.969115     11.981014
   0.55689     12.035765     12.048403
   0.51405     11.860179     12.016510
   0.47122     11.562131     11.861617
   0.42838     11.680687     11.743429
   0.38554     11.657138     11.631964
   0.34270     11.625835     11.785136
   0.29986     11.767846     11.928830
   0.25703     11.893579     12.049662
   0.21419     11.979789     12.105015
   0.17135     11.994864     12.003526
   0.12851     11.864428     11.890403
   0.08568     11.742228     11.772151
   0.04284     11.674119     11.685169
   0.00000     11.655840     11.651717
 
# Band-Index   37
   0.00000     12.164681     12.153753
   0.04284     12.195918     12.203774
   0.08568     12.217665     12.118543
   0.12851     12.179172     12.015939
   0.17135     12.151261     12.022076
   0.21419     12.112043     12.148895
   0.25703     12.124337     12.245795
   0.29986     12.025358     12.274883
   0.34270     11.913831     12.209911
   0.38554     11.798272     12.102668
   0.42838     11.848277     11.984253
   0.47122     12.095045     11.967334
   0.51405     12.106086     12.122799
   0.55689     12.209732     12.417303
   0.59973     12.498741     12.436697
   0.64257     12.387431     12.270515
   0.68540     12.260274     12.100178
   0.72824     12.147745     11.937101
   0.77108     12.067119     11.823408
   0.81392     12.037311     11.816594
   0.81392     12.037311     11.816594
   0.85676     11.988902     11.834267
   0.89960     11.885458     11.881915
   0.94244     11.938765     11.944761
   0.98527     12.008419     12.003534
   1.02811     12.059597     12.044570
   1.07095     11.941609     12.072176
   1.11379     11.879289     12.116303
   1.15663     12.133253     12.157209
   1.19947     12.419431     12.394962
   1.24231     12.678767     12.621424
   1.28515     12.826901     12.791144
   1.32799     12.890673     12.927143
   1.37083     13.118895     13.162739
   1.41367     13.498652     13.514188
   1.45651     13.738731     13.604547
   1.49934     13.681132     13.541656
   1.54218     13.582025     13.487041
   1.58502     13.406521     13.448783
   1.62786     13.435309     13.434828
   1.62786     13.435309     13.434828
   1.67070     13.449257     13.406561
   1.71354     13.487499     13.582086
   1.75638     13.542094     13.681633
   1.79921     13.604968     13.739218
   1.84205     13.522517     13.489908
   1.88489     13.172457     13.109206
   1.92773     12.937048     12.882327
   1.97056     12.801021     12.818645
   2.01340     12.631975     12.668296
   2.05624     12.405481     12.408395
   2.09908     12.165952     12.122863
   2.14192     12.125658     11.872444
   2.18475     12.082141     11.941213
   2.22759     12.054622     12.049209
   2.27043     12.013423     11.998260
   2.31327     11.954470     11.928817
   2.35610     11.891379     11.882659
   2.39894     11.843517     11.985926
   2.44178     11.825788     12.034300
   2.44178     11.825788     12.034300
   2.48462     11.832583     12.064072
   2.52746     11.940786     12.144598
   2.57030     12.103754     12.256957
   2.61314     12.274140     12.383897
   2.65598     12.440469     12.497304
   2.69881     12.417689     12.209409
   2.74165     12.130236     12.097952
   2.78449     11.969263     12.093557
   2.82733     11.987450     11.846293
   2.87017     12.107034     11.796220
   2.91301     12.215929     11.911656
   2.95585     12.282015     12.023271
   2.99869     12.250740     12.123156
   3.04153     12.152378     12.110476
   3.08437     12.025044     12.150747
   3.12721     12.018741     12.166861
   3.17005     12.129598     12.206204
   3.21288     12.214946     12.184928
   3.25572     12.164736     12.153782
   3.25572     12.164736     12.153782
   3.31631     12.215740     12.204507
   3.37689     12.224714     12.213142
   3.43747     11.937224     11.934464
   3.49805     11.858558     11.855282
   3.55864     11.796613     11.791830
   3.61922     11.856445     11.851595
   3.67980     11.944200     11.939152
   3.74039     12.023390     12.017771
   3.80097     12.110235     12.101117
   3.86155     12.344069     12.335318
   3.92213     12.601570     12.593456
   3.98272     12.877637     12.870530
   4.04330     13.079275     13.075565
   4.10388     12.953335     12.950517
   4.16446     12.801873     12.799402
   4.22505     12.859568     12.859521
   4.28563     13.175336     13.175456
   4.34621     13.429511     13.429590
   4.40680     13.435309     13.434828
 
# Band-Index   38
   4.40680     13.584061     13.584598
   4.34621     13.496485     13.496489
   4.28563     13.725667     13.725643
   4.22505     13.859677     13.859416
   4.16446     13.822098     13.819595
   4.10388     13.567173     13.561063
   4.04330     13.316469     13.309555
   3.98272     13.390137     13.382383
   3.92213     13.286204     13.281403
   3.86155     12.881775     12.881531
   3.80097     12.418573     12.417565
   3.74039     12.060987     12.056776
   3.67980     12.259976     12.255614
   3.61922     12.219456     12.214916
   3.55864     12.095348     12.091067
   3.49805     12.194810     12.193336
   3.43747     12.349817     12.339223
   3.37689     12.227151     12.224574
   3.31631     12.235850     12.224570
   3.25572     12.243323     12.231994
   3.25572     12.243323     12.231994
   3.21288     12.218058     12.232132
   3.17005     12.282107     12.249803
   3.12721     12.066505     12.300747
   3.08437     12.232014     12.281640
   3.04153     12.492089     12.253504
   2.99869     12.501098     12.236740
   2.95585     12.421233     12.286029
   2.91301     12.382218     12.298935
   2.87017     12.340202     12.276669
   2.82733     12.279160     12.229609
   2.78449     12.206424     12.167474
   2.74165     12.232503     12.373475
   2.69881     12.517543     12.644975
   2.65598     12.795842     12.514855
   2.61314     12.881633     12.594843
   2.57030     12.806117     12.565194
   2.52746     12.741354     12.520320
   2.48462     12.700897     12.488830
   2.44178     12.687242     12.477813
   2.44178     12.687242     12.477813
   2.39894     12.701570     12.530430
   2.35610     12.727655     12.631151
   2.31327     12.719218     12.658165
   2.27043     12.629990     12.474438
   2.22759     12.473937     12.192072
   2.18475     12.304896     12.081464
   2.14192     12.162476     12.121151
   2.09908     12.237795     12.221105
   2.05624     12.450735     12.422186
   2.01340     12.740664     12.706413
   1.97056     13.073998     13.038771
   1.92773     13.428933     13.397303
   1.88489     13.734067     13.763504
   1.84205     13.670188     13.799660
   1.79921     13.914816     13.901655
   1.75638     13.989730     13.803732
   1.71354     13.707576     13.631926
   1.67070     13.457895     13.597203
   1.62786     13.584061     13.584598
   1.62786     13.584061     13.584598
   1.58502     13.596672     13.457880
   1.54218     13.631409     13.707522
   1.49934     13.803657     13.988973
   1.45651     13.909266     13.907998
   1.41367     13.799183     13.669779
   1.37083     13.768356     13.733668
   1.32799     13.402571     13.424327
   1.28515     13.044429     13.068934
   1.24231     12.712635     12.735003
   1.19947     12.429355     12.444133
   1.15663     12.229689     12.229772
   1.11379     12.130961     12.161915
   1.07095     12.091798     12.304314
   1.02811     12.192593     12.473095
   0.98527     12.475421     12.628415
   0.94244     12.660730     12.716451
   0.89960     12.635189     12.723914
   0.85676     12.534911     12.697382
   0.81392     12.482394     12.682945
   0.81392     12.482394     12.682945
   0.77108     12.493382     12.696616
   0.72824     12.524771     12.737116
   0.68540     12.569387     12.801973
   0.64257     12.598289     12.877825
   0.59973     12.518624     12.794743
   0.55689     12.649006     12.515626
   0.51405     12.374855     12.230735
   0.47122     12.175166     12.200002
   0.42838     12.236834     12.273902
   0.38554     12.283352     12.336490
   0.34270     12.304992     12.380707
   0.29986     12.291471     12.421399
   0.25703     12.242302     12.499427
   0.21419     12.258058     12.481756
   0.17135     12.293858     12.220411
   0.12851     12.311662     12.054188
   0.08568     12.260841     12.279121
   0.04284     12.243505     12.206843
   0.00000     12.243306     12.231977
 
# Band-Index   39
   0.00000     12.573029     12.570999
   0.04284     12.551803     12.468094
   0.08568     12.499116     12.313539
   0.12851     12.428201     12.410702
   0.17135     12.345296     12.464694
   0.21419     12.536442     12.578670
   0.25703     12.820203     12.774382
   0.29986     13.134645     13.086104
   0.34270     13.323021     13.299061
   0.38554     13.178747     13.162745
   0.42838     13.040975     13.025037
   0.47122     12.908246     12.886271
   0.51405     12.778365     12.743707
   0.55689     12.669692     12.594514
   0.59973     12.957220     12.803812
   0.64257     13.190580     13.064273
   0.68540     13.306166     13.237050
   0.72824     13.335895     13.301379
   0.77108     13.339906     13.316929
   0.81392     13.339734     13.319458
   0.81392     13.339734     13.319458
   0.85676     13.330880     13.311998
   0.89960     13.312209     13.297533
   0.94244     13.269023     13.296474
   0.98527     13.255300     13.333846
   1.02811     13.337835     13.422316
   1.07095     13.385502     13.417289
   1.11379     13.372337     13.400062
   1.15663     13.325437     13.378537
   1.19947     13.278233     13.371040
   1.24231     13.278404     13.409805
   1.28515     13.417599     13.542404
   1.32799     13.705899     13.784124
   1.37083     13.859601     13.774943
   1.41367     14.055426     14.007155
   1.45651     14.043262     14.033568
   1.49934     14.008931     13.989653
   1.54218     13.901787     13.907030
   1.58502     13.753600     13.782077
   1.62786     13.617267     13.615032
   1.62786     13.617267     13.615032
   1.67070     13.783289     13.751930
   1.71354     13.908413     13.900293
   1.75638     13.990482     14.007532
   1.79921     14.035189     14.043348
   1.84205     14.009460     14.052532
   1.88489     13.778946     13.860069
   1.92773     13.793882     13.694491
   1.97056     13.550034     13.408555
   2.01340     13.415355     13.272667
   2.05624     13.375429     13.273975
   2.09908     13.382515     13.321562
   2.14192     13.403922     13.368455
   2.18475     13.421133     13.381320
   2.22759     13.426047     13.333238
   2.27043     13.343751     13.250723
   2.31327     13.306653     13.265850
   2.35610     13.307958     13.301530
   2.39894     13.322587     13.320042
   2.44178     13.330105     13.328848
   2.44178     13.330105     13.328848
   2.48462     13.327456     13.329069
   2.52746     13.311301     13.325401
   2.57030     13.244830     13.296965
   2.61314     13.068653     13.184817
   2.65598     12.806361     12.954427
   2.69881     12.598478     12.668021
   2.74165     12.747883     12.774104
   2.78449     12.890642     12.903794
   2.82733     13.029590     13.036374
   2.87017     13.167437     13.174042
   2.91301     13.303848     13.318269
   2.95585     13.094365     13.126247
   2.99869     12.783642     12.810860
   3.04153     12.589493     12.525494
   3.08437     12.475517     12.341687
   3.12721     12.421731     12.424958
   3.17005     12.324910     12.496242
   3.21288     12.471834     12.549432
   3.25572     12.573029     12.570999
   3.25572     12.573029     12.570999
   3.31631     12.454098     12.450474
   3.37689     12.353792     12.342046
   3.43747     12.481411     12.480572
   3.49805     12.439359     12.428556
   3.55864     12.537378     12.526344
   3.61922     12.549411     12.543939
   3.67980     12.398236     12.393694
   3.74039     12.610004     12.605459
   3.80097     12.850285     12.845730
   3.86155     13.116550     13.111961
   3.92213     13.330394     13.321035
   3.98272     13.503486     13.493118
   4.04330     13.624453     13.611772
   4.10388     13.824591     13.814106
   4.16446     14.083807     14.076065
   4.22505     14.370861     14.365722
   4.28563     14.189995     14.188895
   4.34621     13.884398     13.883211
   4.40680     13.617267     13.615032
 
# Band-Index   40
   4.40680     14.915974     14.915602
   4.34621     14.840015     14.839050
   4.28563     14.639221     14.636513
   4.22505     14.454935     14.453833
   4.16446     14.187655     14.181399
   4.10388     14.039320     14.035967
   4.04330     13.896534     13.894304
   3.98272     13.648198     13.643710
   3.92213     13.398007     13.393087
   3.86155     13.170411     13.156814
   3.80097     13.019291     13.006367
   3.74039     12.879546     12.867333
   3.67980     12.759006     12.747454
   3.61922     12.657808     12.647465
   3.55864     12.680509     12.671791
   3.49805     12.703438     12.695717
   3.43747     12.718881     12.709147
   3.37689     12.662126     12.657584
   3.31631     12.632678     12.626109
   3.25572     12.599708     12.591167
   3.25572     12.599708     12.591167
   3.21288     12.638677     12.582574
   3.17005     12.664126     12.562277
   3.12721     12.722013     12.448750
   3.08437     12.684310     12.358630
   3.04153     12.596134     12.535494
   2.99869     12.837288     12.815035
   2.95585     13.147547     13.128698
   2.91301     13.424270     13.458904
   2.87017     13.740189     13.657087
   2.82733     13.710609     13.491473
   2.78449     13.533278     13.329495
   2.74165     13.363158     13.182017
   2.69881     13.210624     13.065403
   2.65598     13.112029     13.035948
   2.61314     13.338487     13.222297
   2.57030     13.722036     13.556533
   2.52746     13.692236     13.891575
   2.48462     13.673290     13.874820
   2.44178     13.666803     13.868886
   2.44178     13.666803     13.868886
   2.39894     13.639417     13.751931
   2.35610     13.565102     13.489256
   2.31327     13.479028     13.293600
   2.27043     13.432913     13.321686
   2.22759     13.438478     13.407030
   2.18475     13.594578     13.557288
   2.14192     13.737096     13.765227
   2.09908     13.710096     13.804403
   2.05624     13.740370     13.862328
   2.01340     13.821953     13.955597
   1.97056     13.850774     13.975824
   1.92773     13.794602     13.919009
   1.88489     14.107949     14.046323
   1.84205     14.322318     14.287414
   1.79921     14.279306     14.074893
   1.75638     14.311572     14.311607
   1.71354     14.662958     14.670818
   1.67070     14.866826     14.871400
   1.62786     14.915974     14.915602
   1.62786     14.915974     14.915602
   1.58502     14.872331     14.866156
   1.54218     14.674303     14.660359
   1.49934     14.317674     14.306529
   1.45651     14.076326     14.279208
   1.41367     14.287741     14.319592
   1.37083     14.058924     14.096768
   1.32799     13.918547     13.794210
   1.28515     13.975368     13.850387
   1.24231     13.955666     13.821826
   1.19947     13.862379     13.740264
   1.15663     13.804485     13.709959
   1.11379     13.774823     13.735604
   1.07095     13.567059     13.585353
   1.02811     13.416969     13.428864
   0.98527     13.331863     13.429728
   0.94244     13.304050     13.476892
   0.89960     13.491013     13.563735
   0.85676     13.753482     13.638279
   0.81392     13.870576     13.665691
   0.81392     13.870576     13.665691
   0.77108     13.876479     13.672228
   0.72824     13.893132     13.691302
   0.68540     13.556889     13.721312
   0.64257     13.223274     13.337779
   0.59973     13.038845     13.108714
   0.55689     13.069325     13.206698
   0.51405     13.186117     13.359230
   0.47122     13.333619     13.529409
   0.42838     13.495609     13.706763
   0.38554     13.661285     13.734903
   0.34270     13.466809     13.416960
   0.29986     13.137575     13.138659
   0.25703     12.824885     12.827499
   0.21419     12.546009     12.592911
   0.17135     12.369828     12.679973
   0.12851     12.450890     12.715830
   0.08568     12.569016     12.657492
   0.04284     12.590807     12.632113
   0.00000     12.599708     12.591167
 
# Band-Index   41
   0.00000     12.829114     12.821013
   0.04284     12.851206     12.816919
   0.08568     12.856340     12.796753
   0.12851     12.766583     12.750523
   0.17135     12.864193     12.843625
   0.21419     13.054761     13.036502
   0.25703     13.233550     13.270838
   0.29986     13.378488     13.421607
   0.34270     13.469888     13.476917
   0.38554     13.795527     13.812896
   0.42838     13.820597     13.804722
   0.47122     13.772945     13.757598
   0.51405     13.718740     13.702357
   0.55689     13.673193     13.652864
   0.59973     13.653102     13.620827
   0.64257     13.697434     13.628824
   0.68540     13.857420     13.724134
   0.72824     13.911895     13.905853
   0.77108     14.211397     14.076275
   0.81392     14.337512     14.145967
   0.81392     14.337512     14.145967
   0.85676     14.303033     14.143525
   0.89960     14.237802     14.136212
   0.94244     14.170885     14.124019
   0.98527     14.121546     14.106948
   1.02811     14.000727     14.054045
   1.07095     13.863745     13.867910
   1.11379     13.800672     13.817148
   1.15663     14.026432     13.989810
   1.19947     14.081343     13.948272
   1.24231     14.029727     13.901796
   1.28515     14.060374     13.933985
   1.32799     14.147711     14.049263
   1.37083     14.199473     14.148215
   1.41367     14.290083     14.440808
   1.45651     14.607556     14.649869
   1.49934     14.952514     14.980601
   1.54218     15.176273     15.168717
   1.58502     15.231134     15.218903
   1.62786     15.237152     15.228150
   1.62786     15.237152     15.228150
   1.67070     15.227571     15.222124
   1.71354     15.175708     15.168961
   1.75638     14.984657     14.947911
   1.79921     14.653260     14.603409
   1.84205     14.452808     14.287835
   1.88489     14.149213     14.198768
   1.92773     14.049685     14.147381
   1.97056     13.934191     14.060225
   2.01340     13.902178     14.030178
   2.05624     13.948651     14.081789
   2.09908     13.990186     14.016845
   2.14192     13.825163     13.800476
   2.18475     13.868299     13.863444
   2.22759     14.054353     14.000233
   2.27043     14.107312     14.118438
   2.31327     14.124381     14.168273
   2.35610     14.136573     14.235684
   2.39894     14.143884     14.301632
   2.44178     14.146326     14.336720
   2.44178     14.146326     14.336720
   2.48462     14.076745     14.210854
   2.52746     13.906914     13.911590
   2.57030     13.727327     13.856007
   2.61314     13.635427     13.692527
   2.65598     13.629274     13.645175
   2.69881     13.662017     13.664091
   2.74165     13.711746     13.709245
   2.78449     13.766965     13.763429
   2.82733     13.813748     13.811417
   2.87017     13.819035     13.790594
   2.91301     13.485050     13.462345
   2.95585     13.425257     13.374679
   2.99869     13.275417     13.228836
   3.04153     13.041342     13.050056
   3.08437     12.849063     12.858989
   3.12721     12.755956     12.761828
   3.17005     12.803421     12.854756
   3.21288     12.824640     12.843475
   3.25572     12.829114     12.821013
   3.25572     12.829114     12.821013
   3.31631     12.843247     12.836019
   3.37689     12.794318     12.790031
   3.43747     12.801757     12.794280
   3.49805     12.990801     12.982760
   3.55864     12.906420     12.902056
   3.61922     12.740464     12.730870
   3.67980     12.845993     12.835305
   3.74039     12.998395     12.987118
   3.80097     13.131040     13.124139
   3.86155     13.235425     13.229762
   3.92213     13.426477     13.421995
   3.98272     13.709931     13.709031
   4.04330     13.925986     13.921888
   4.10388     14.227672     14.223900
   4.16446     14.501874     14.498993
   4.22505     14.493517     14.485762
   4.28563     14.906122     14.898743
   4.34621     15.224651     15.215771
   4.40680     15.237152     15.228150
 
# Band-Index   42
   4.40680     15.366810     15.366347
   4.34621     15.357854     15.351118
   4.28563     15.168540     15.160651
   4.22505     14.971149     14.966597
   4.16446     14.756863     14.753219
   4.10388     14.412246     14.408130
   4.04330     14.062531     14.058256
   3.98272     13.728300     13.723960
   3.92213     13.598495     13.586455
   3.86155     13.380245     13.367707
   3.80097     13.177798     13.165940
   3.74039     13.111895     13.103705
   3.67980     13.145994     13.136921
   3.61922     13.164581     13.155296
   3.55864     13.108193     13.099390
   3.49805     13.196920     13.191415
   3.43747     12.854450     12.847270
   3.37689     12.921253     12.914750
   3.31631     13.001670     12.999808
   3.25572     13.039693     13.032535
   3.25572     13.039693     13.032535
   3.21288     13.018397     12.992539
   3.17005     13.028498     12.897330
   3.12721     13.109008     12.964774
   3.08437     13.160091     13.038411
   3.04153     13.220415     13.121875
   2.99869     13.302137     13.285991
   2.95585     13.451344     13.470907
   2.91301     13.600294     13.564844
   2.87017     13.821059     13.793018
   2.82733     13.917240     13.987715
   2.78449     13.917766     14.010060
   2.74165     13.886712     14.007270
   2.69881     13.846548     13.993545
   2.65598     13.802980     13.971693
   2.61314     13.760174     13.944598
   2.57030     13.759045     13.916310
   2.52746     14.197342     14.079624
   2.48462     14.618143     14.266394
   2.44178     14.860903     14.340750
   2.44178     14.860903     14.340750
   2.39894     14.698768     14.337026
   2.35610     14.478670     14.325968
   2.31327     14.327389     14.307851
   2.27043     14.262580     14.209147
   2.22759     14.085369     14.118334
   2.18475     14.058537     14.206101
   2.14192     14.026820     14.175318
   2.09908     14.066526     14.130327
   2.05624     14.341311     14.296217
   2.01340     14.613709     14.585113
   1.97056     14.791218     14.841795
   1.92773     14.831639     14.763605
   1.88489     14.844048     14.529754
   1.84205     14.566220     14.419958
   1.79921     14.792876     14.784938
   1.75638     15.066439     15.080444
   1.71354     15.244126     15.260944
   1.67070     15.388455     15.377100
   1.62786     15.366810     15.366347
   1.62786     15.366810     15.366347
   1.58502     15.377728     15.387630
   1.54218     15.269139     15.236264
   1.49934     15.091347     15.056375
   1.45651     14.798041     14.780900
   1.41367     14.433124     14.566093
   1.37083     14.529654     14.843882
   1.32799     14.763499     14.827281
   1.28515     14.851104     14.784374
   1.24231     14.594931     14.604509
   1.19947     14.305937     14.332039
   1.15663     14.129887     14.057300
   1.11379     14.174883     14.026448
   1.07095     14.210670     14.058168
   1.02811     14.122109     14.085003
   0.98527     14.209887     14.259415
   0.94244     14.307433     14.324669
   0.89960     14.325552     14.476449
   0.85676     14.336612     14.697193
   0.81392     14.340335     14.860203
   0.81392     14.340335     14.860203
   0.77108     14.266075     14.617631
   0.72824     14.079694     14.196890
   0.68540     13.917726     13.758585
   0.64257     13.945844     13.759693
   0.59973     13.972787     13.802770
   0.55689     13.994518     13.846593
   0.51405     14.008161     13.886967
   0.47122     14.010907     13.918148
   0.42838     13.988955     13.916989
   0.38554     13.796780     13.813158
   0.34270     13.567872     13.597170
   0.29986     13.475675     13.446377
   0.25703     13.290420     13.298053
   0.21419     13.127403     13.216214
   0.17135     13.044560     13.156112
   0.12851     12.971420     13.105560
   0.08568     12.904475     13.019948
   0.04284     12.993833     13.010998
   0.00000     13.039690     13.032519
 
# Band-Index   43
   0.00000     13.043289     13.041801
   0.04284     13.039251     13.046814
   0.08568     13.056333     13.066938
   0.12851     13.132127     13.124127
   0.17135     13.287721     13.301747
   0.21419     13.505888     13.505989
   0.25703     13.635048     13.586234
   0.29986     13.537432     13.516666
   0.34270     13.741986     13.721659
   0.38554     13.825743     13.818567
   0.42838     14.049628     14.071508
   0.47122     14.315900     14.339451
   0.51405     14.575046     14.600747
   0.55689     14.797120     14.821503
   0.59973     14.946389     14.964334
   0.64257     15.015345     15.029503
   0.68540     15.005386     15.050054
   0.72824     14.994356     15.052266
   0.77108     15.023484     15.049593
   0.81392     15.020378     15.048116
   0.81392     15.020378     15.048116
   0.85676     15.009883     15.059380
   0.89960     14.791454     14.928893
   0.94244     14.481313     14.612581
   0.98527     14.282707     14.308050
   1.02811     14.251941     14.280993
   1.07095     14.215779     14.384492
   1.11379     14.390606     14.553823
   1.15663     14.630663     14.767454
   1.19947     14.901934     15.005073
   1.24231     15.155753     15.024120
   1.28515     14.983963     15.064972
   1.32799     14.982657     15.107559
   1.37083     15.067258     14.891114
   1.41367     15.167836     15.013200
   1.45651     15.253064     15.158677
   1.49934     15.309337     15.289934
   1.54218     15.365639     15.398068
   1.58502     15.501378     15.475775
   1.62786     15.819826     15.813667
   1.62786     15.819826     15.813667
   1.67070     15.482661     15.493826
   1.71354     15.401349     15.362040
   1.75638     15.296704     15.301439
   1.79921     15.164116     15.245138
   1.84205     15.017267     15.161334
   1.88489     14.894892     15.061714
   1.92773     15.107780     14.976319
   1.97056     15.069176     14.984074
   2.01340     15.026030     15.154276
   2.05624     15.009872     14.896342
   2.09908     14.772171     14.625190
   2.14192     14.558305     14.385441
   2.18475     14.388596     14.216209
   2.22759     14.284623     14.252366
   2.27043     14.308441     14.283127
   2.31327     14.613259     14.480201
   2.35610     14.931261     14.789246
   2.39894     15.068539     15.001556
   2.44178     15.058031     15.010437
   2.44178     15.058031     15.010437
   2.48462     15.059475     15.013378
   2.52746     15.062029     14.993252
   2.57030     15.059520     15.004222
   2.61314     15.038263     15.006407
   2.65598     14.971588     14.939250
   2.69881     14.826613     14.792325
   2.74165     14.604232     14.571886
   2.78449     14.342200     14.313464
   2.82733     14.074080     14.047337
   2.87017     13.821369     13.818918
   2.91301     13.727690     13.735964
   2.95585     13.521464     13.532764
   2.99869     13.591377     13.630324
   3.04153     13.517241     13.494611
   3.08437     13.311853     13.277312
   3.12721     13.134108     13.122941
   3.17005     13.069541     13.048367
   3.21288     13.048602     13.031937
   3.25572     13.043289     13.041801
   3.25572     13.043289     13.041801
   3.31631     13.017147     13.009888
   3.37689     12.996042     12.990303
   3.43747     13.173277     13.167850
   3.49805     13.348264     13.340339
   3.55864     13.653904     13.648636
   3.61922     13.791619     13.785434
   3.67980     13.953247     13.946418
   3.74039     14.163606     14.156274
   3.80097     14.402986     14.395300
   3.86155     14.133794     14.130878
   3.92213     13.857841     13.853606
   3.98272     13.963033     13.950560
   4.04330     14.310530     14.298502
   4.10388     14.680443     14.667971
   4.16446     14.826933     14.825173
   4.22505     15.106080     15.102924
   4.28563     15.341186     15.339177
   4.34621     15.392835     15.392091
   4.40680     15.819826     15.813667
 
# Band-Index   44
   4.40680     15.819930     15.814230
   4.34621     15.715195     15.704607
   4.28563     15.475231     15.460883
   4.22505     15.203698     15.189436
   4.16446     14.946327     14.933584
   4.10388     14.729846     14.719248
   4.04330     14.584867     14.576760
   3.98272     14.546371     14.540612
   3.92213     14.612240     14.607948
   3.86155     14.653603     14.645783
   3.80097     14.451849     14.449085
   3.74039     14.734085     14.730891
   3.67980     14.569694     14.560234
   3.61922     14.394360     14.384864
   3.55864     13.892986     13.885225
   3.49805     13.438160     13.433500
   3.43747     13.561928     13.555064
   3.37689     13.335032     13.324993
   3.31631     13.183499     13.176435
   3.25572     13.216754     13.210170
   3.25572     13.216754     13.210170
   3.21288     13.201066     13.176338
   3.17005     13.175294     13.146396
   3.12721     13.195072     13.211585
   3.08437     13.315380     13.371653
   3.04153     13.537630     13.587267
   2.99869     13.771906     13.744326
   2.95585     13.980500     13.926452
   2.91301     14.030715     13.827688
   2.87017     13.919960     13.822867
   2.82733     14.207457     14.172731
   2.78449     14.544520     14.521076
   2.74165     14.910215     14.823929
   2.69881     15.207306     15.007883
   2.65598     15.314131     15.054869
   2.61314     15.278140     15.035485
   2.57030     15.207738     15.023667
   2.52746     15.154160     15.020445
   2.48462     15.121595     15.044417
   2.44178     15.110743     15.099952
   2.44178     15.110743     15.099952
   2.39894     15.141650     15.058975
   2.35610     15.198253     15.089520
   2.31327     15.279849     15.169860
   2.27043     15.380746     15.277625
   2.22759     15.493376     15.402237
   2.18475     15.512241     15.531011
   2.14192     15.363932     15.508746
   2.09908     15.225135     15.366061
   2.05624     15.105944     15.243272
   2.01340     15.249056     15.176082
   1.97056     15.353042     15.136783
   1.92773     15.260995     15.269267
   1.88489     15.412326     15.442350
   1.84205     15.482175     15.556568
   1.79921     15.519944     15.593281
   1.75638     15.561648     15.655563
   1.71354     15.679003     15.763393
   1.67070     15.827555     15.828718
   1.62786     15.819930     15.814230
   1.62786     15.819930     15.814230
   1.58502     15.833821     15.821395
   1.54218     15.764927     15.677559
   1.49934     15.662215     15.560176
   1.45651     15.596500     15.515750
   1.41367     15.560028     15.475952
   1.37083     15.447464     15.405382
   1.32799     15.274033     15.254413
   1.28515     15.138727     15.352758
   1.24231     15.181503     15.244390
   1.19947     15.244813     15.104056
   1.15663     15.367672     15.223162
   1.11379     15.510556     15.361846
   1.07095     15.530782     15.509733
   1.02811     15.402905     15.492507
   0.98527     15.278271     15.379954
   0.94244     15.170574     15.279080
   0.89960     15.090453     15.197428
   0.85676     15.060470     15.140485
   0.81392     15.102820     15.108423
   0.81392     15.102820     15.108423
   0.77108     15.045203     15.119265
   0.72824     15.030481     15.151759
   0.68540     15.033419     15.205244
   0.64257     15.036550     15.275548
   0.59973     15.055803     15.312867
   0.55689     15.009034     15.205066
   0.51405     14.826520     14.904867
   0.47122     14.525525     14.538365
   0.42838     14.178545     14.201208
   0.38554     13.830966     13.914394
   0.34270     13.832332     14.029009
   0.29986     13.934216     13.974494
   0.25703     13.755892     13.760075
   0.21419     13.597928     13.526093
   0.17135     13.381715     13.304281
   0.12851     13.220368     13.186617
   0.08568     13.153698     13.168047
   0.04284     13.182912     13.194344
   0.00000     13.216765     13.210177
 
# Band-Index   45
   0.00000     13.886382     13.885853
   0.04284     13.906273     13.929253
   0.08568     13.940301     13.990141
   0.12851     13.969139     13.980781
   0.17135     13.967037     13.883665
   0.21419     13.801410     13.750607
   0.25703     13.824132     13.788414
   0.29986     13.960542     14.013254
   0.34270     14.009099     14.049313
   0.38554     14.046574     14.047168
   0.42838     14.224642     14.209958
   0.47122     14.574770     14.579919
   0.51405     14.943774     14.933304
   0.55689     15.275072     15.238517
   0.59973     15.362698     15.338852
   0.64257     15.288412     15.311212
   0.68540     15.209675     15.278920
   0.72824     15.150398     15.248802
   0.77108     15.114677     15.241937
   0.81392     15.202657     15.327058
   0.81392     15.202657     15.327058
   0.85676     15.275167     15.375505
   0.89960     15.227232     15.255074
   0.94244     15.348234     15.361386
   0.98527     15.427070     15.513045
   1.02811     15.488211     15.622664
   1.07095     15.537104     15.609399
   1.11379     15.532911     15.724122
   1.15663     15.474364     15.831887
   1.19947     15.353091     15.760332
   1.24231     15.184208     15.574309
   1.28515     15.437225     15.450803
   1.32799     15.607631     15.575469
   1.37083     15.650691     15.602289
   1.41367     15.621795     15.577270
   1.45651     15.639325     15.563684
   1.49934     15.689591     15.642856
   1.54218     15.854763     15.844436
   1.58502     16.002222     15.972482
   1.62786     15.826778     15.821668
   1.62786     15.826778     15.821668
   1.67070     15.974344     15.999902
   1.71354     15.850593     15.849681
   1.75638     15.650010     15.689270
   1.79921     15.567631     15.638062
   1.84205     15.580252     15.619386
   1.88489     15.605195     15.648100
   1.92773     15.578836     15.604062
   1.97056     15.454953     15.432402
   2.01340     15.574639     15.184280
   2.05624     15.760647     15.353226
   2.09908     15.833365     15.474529
   2.14192     15.725325     15.533117
   2.18475     15.610403     15.536363
   2.22759     15.629833     15.488507
   2.27043     15.523177     15.427402
   2.31327     15.371035     15.338232
   2.35610     15.262916     15.218472
   2.39894     15.376556     15.272462
   2.44178     15.328250     15.201917
   2.44178     15.328250     15.201917
   2.48462     15.243250     15.111780
   2.52746     15.250174     15.147481
   2.57030     15.280259     15.206756
   2.61314     15.312465     15.285590
   2.65598     15.341517     15.360052
   2.69881     15.242372     15.271499
   2.74165     14.937736     14.938549
   2.78449     14.585921     14.568560
   2.82733     14.216986     14.217985
   2.87017     14.049224     14.043972
   2.91301     14.054502     14.007028
   2.95585     14.024064     13.956772
   2.99869     13.799740     13.815089
   3.04153     13.755928     13.796932
   3.08437     13.888384     13.962873
   3.12721     13.984355     13.967973
   3.17005     13.992074     13.939269
   3.21288     13.930226     13.905506
   3.25572     13.886382     13.885853
   3.25572     13.886382     13.885853
   3.31631     13.951756     13.950470
   3.37689     13.963460     13.960207
   3.43747     13.842834     13.833941
   3.49805     14.140887     14.131408
   3.55864     14.250221     14.240714
   3.61922     14.503910     14.497826
   3.67980     14.741617     14.737201
   3.74039     14.773350     14.763943
   3.80097     14.803405     14.799326
   3.86155     14.722436     14.718552
   3.92213     14.892365     14.885125
   3.98272     15.029564     15.026321
   4.04330     14.978421     14.977339
   4.10388     14.892626     14.891813
   4.16446     15.067570     15.054451
   4.22505     15.329504     15.322729
   4.28563     15.510379     15.507188
   4.34621     15.878059     15.875882
   4.40680     15.826778     15.821668
 
# Band-Index   46
   4.40680     16.056462     16.053460
   4.34621     16.062473     16.059439
   4.28563     15.904444     15.890952
   4.22505     15.477049     15.463412
   4.16446     15.343120     15.334457
   4.10388     15.421779     15.411730
   4.04330     15.404391     15.394170
   3.98272     15.295243     15.287638
   3.92213     15.343507     15.340196
   3.86155     15.254563     15.245334
   3.80097     15.002708     14.993374
   3.74039     14.842653     14.838831
   3.67980     14.965473     14.962449
   3.61922     14.656979     14.652598
   3.55864     14.548570     14.544489
   3.49805     14.294765     14.282463
   3.43747     14.069186     14.059803
   3.37689     14.035086     14.025856
   3.31631     14.022988     14.013705
   3.25572     14.005770     13.996432
   3.25572     14.005770     13.996432
   3.21288     14.025953     14.005424
   3.17005     14.087476     14.035286
   3.12721     14.141172     14.092913
   3.08437     14.158285     13.994515
   3.04153     14.153117     14.024810
   2.99869     14.165778     14.082615
   2.95585     14.260393     14.173363
   2.91301     14.372503     14.375706
   2.87017     14.538863     14.548811
   2.82733     14.823788     14.838419
   2.78449     15.168316     15.185569
   2.74165     15.462117     15.430488
   2.69881     15.558080     15.498000
   2.65598     15.699046     15.577812
   2.61314     15.731466     15.654289
   2.57030     15.682514     15.626281
   2.52746     15.627323     15.580411
   2.48462     15.573239     15.536972
   2.44178     15.388009     15.266244
   2.44178     15.388009     15.266244
   2.39894     15.404462     15.278184
   2.35610     15.452374     15.312551
   2.31327     15.527458     15.364850
   2.27043     15.622642     15.497587
   2.22759     15.727543     15.656765
   2.18475     15.826474     15.656721
   2.14192     15.892278     15.672072
   2.09908     15.878817     15.801876
   2.05624     15.933186     15.918502
   2.01340     15.950963     15.947451
   1.97056     15.935590     15.929454
   1.92773     15.963497     15.944983
   1.88489     16.074274     16.029157
   1.84205     16.004284     15.986104
   1.79921     15.940363     15.930052
   1.75638     15.888512     15.883881
   1.71354     15.883187     15.874520
   1.67070     16.054565     16.002543
   1.62786     16.056462     16.053460
   1.62786     16.056462     16.053460
   1.58502     16.008978     16.050824
   1.54218     15.885789     15.871955
   1.49934     15.888913     15.882373
   1.45651     15.934981     15.934280
   1.41367     15.990844     15.998331
   1.37083     16.036835     16.066614
   1.32799     15.953079     15.955002
   1.28515     15.938041     15.926624
   1.24231     15.956387     15.941729
   1.19947     15.920072     15.931331
   1.15663     15.803078     15.878570
   1.11379     15.673016     15.892009
   1.07095     15.659934     15.826146
   1.02811     15.667540     15.727172
   0.98527     15.508032     15.622240
   0.94244     15.364487     15.527033
   0.89960     15.312160     15.451931
   0.85676     15.277789     15.404009
   0.81392     15.265842     15.387553
   0.81392     15.265842     15.387553
   0.77108     15.538469     15.572748
   0.72824     15.582105     15.626609
   0.68540     15.628173     15.681573
   0.64257     15.655196     15.730344
   0.59973     15.580669     15.695750
   0.55689     15.503519     15.552385
   0.51405     15.437831     15.454734
   0.47122     15.188784     15.164669
   0.42838     14.842227     14.819619
   0.38554     14.553904     14.533492
   0.34270     14.383062     14.365021
   0.29986     14.182346     14.252855
   0.25703     14.086802     14.164553
   0.21419     14.026601     14.153223
   0.17135     13.995786     14.158587
   0.12851     14.101966     14.132648
   0.08568     14.044391     14.077794
   0.04284     14.014650     14.016540
   0.00000     14.005672     13.996411
 
# Band-Index   47
   0.00000     14.067135     14.058807
   0.04284     14.078629     14.064859
   0.08568     14.124739     14.086455
   0.12851     14.121796     14.169075
   0.17135     14.194902     14.214266
   0.21419     14.326566     14.314616
   0.25703     14.238875     14.326726
   0.29986     14.262013     14.322981
   0.34270     14.417162     14.460806
   0.38554     14.720167     14.756537
   0.42838     15.022256     15.074354
   0.47122     15.294140     15.368763
   0.51405     15.522156     15.538513
   0.55689     15.672898     15.642989
   0.59973     15.713265     15.774870
   0.64257     15.671398     15.861306
   0.68540     15.700958     15.985139
   0.72824     15.720676     16.046862
   0.77108     15.563776     15.728359
   0.81392     15.518261     15.547649
   0.81392     15.518261     15.547649
   0.85676     15.405914     15.509915
   0.89960     15.739685     15.828315
   0.94244     16.070721     15.996238
   0.98527     16.007985     15.854504
   1.02811     15.856439     15.750615
   1.07095     15.847688     15.847012
   1.11379     15.940050     15.936565
   1.15663     15.981366     15.971978
   1.19947     15.978974     15.965571
   1.24231     16.021600     16.027094
   1.28515     16.117874     16.131150
   1.32799     16.117635     16.139640
   1.37083     16.053250     16.071097
   1.41367     16.124941     16.100451
   1.45651     16.112357     16.092754
   1.49934     16.096323     16.082395
   1.54218     16.081203     16.071187
   1.58502     16.088976     16.073771
   1.62786     16.223969     16.222274
   1.62786     16.223969     16.222274
   1.67070     16.083196     16.083907
   1.71354     16.074586     16.078129
   1.75638     16.085300     16.093472
   1.79921     16.095549     16.109442
   1.84205     16.103428     16.121839
   1.88489     16.076807     16.048816
   1.92773     16.143981     16.113724
   1.97056     16.135272     16.114771
   2.01340     16.029577     16.019485
   2.05624     15.974975     15.969783
   2.09908     15.981490     15.972031
   2.14192     15.945983     15.930786
   2.18475     15.855908     15.839797
   2.22759     15.754648     15.856291
   2.27043     15.855233     16.007858
   2.31327     15.996868     16.068101
   2.35610     15.830156     15.737448
   2.39894     15.511583     15.404073
   2.44178     15.548042     15.516886
   2.44178     15.548042     15.516886
   2.48462     15.728879     15.563949
   2.52746     16.046788     15.720515
   2.57030     15.985485     15.700736
   2.61314     15.862704     15.669369
   2.65598     15.776131     15.711148
   2.69881     15.648495     15.667165
   2.74165     15.541880     15.510092
   2.78449     15.376815     15.281468
   2.82733     15.087662     15.009250
   2.87017     14.769424     14.707247
   2.91301     14.472479     14.404769
   2.95585     14.331912     14.251751
   2.99869     14.336184     14.234081
   3.04153     14.324325     14.317903
   3.08437     14.222833     14.186020
   3.12721     14.178889     14.118377
   3.17005     14.094886     14.115695
   3.21288     14.073218     14.070043
   3.25572     14.067139     14.058852
   3.25572     14.067139     14.058852
   3.31631     14.094812     14.086018
   3.37689     14.155241     14.153581
   3.43747     14.287482     14.284723
   3.49805     14.409088     14.400813
   3.55864     14.578802     14.572444
   3.61922     14.922396     14.917895
   3.67980     15.100509     15.097193
   3.74039     15.219270     15.215426
   3.80097     15.382924     15.379080
   3.86155     15.509580     15.507091
   3.92213     15.527993     15.518933
   3.98272     15.811481     15.802531
   4.04330     16.011143     16.005603
   4.10388     15.987060     15.982826
   4.16446     16.076265     16.071975
   4.22505     16.121061     16.118232
   4.28563     16.098366     16.094906
   4.34621     16.267431     16.262380
   4.40680     16.223969     16.222274
 
# Band-Index   48
   4.40680     16.334865     16.317924
   4.34621     16.325512     16.315739
   4.28563     16.294444     16.291306
   4.22505     16.211634     16.207687
   4.16446     16.147766     16.145107
   4.10388     16.168365     16.166006
   4.04330     16.111664     16.103549
   3.98272     16.053982     16.051951
   3.92213     15.802439     15.799195
   3.86155     15.573878     15.570209
   3.80097     15.711210     15.708777
   3.74039     15.773967     15.770067
   3.67980     15.299387     15.292614
   3.61922     14.980613     14.974844
   3.55864     14.774258     14.764232
   3.49805     14.425521     14.421942
   3.43747     14.325386     14.316301
   3.37689     14.208246     14.198988
   3.31631     14.235250     14.234242
   3.25572     14.272368     14.272485
   3.25572     14.272368     14.272485
   3.21288     14.266371     14.274330
   3.17005     14.233783     14.233436
   3.12721     14.182489     14.196067
   3.08437     14.269065     14.279598
   3.04153     14.346175     14.329758
   2.99869     14.493338     14.337954
   2.95585     14.367730     14.332238
   2.91301     14.511190     14.533280
   2.87017     14.827475     14.853729
   2.82733     15.166040     15.189884
   2.78449     15.385368     15.353705
   2.74165     15.622873     15.561840
   2.69881     15.815387     15.753539
   2.65598     15.842229     15.863215
   2.61314     16.219710     16.238711
   2.57030     16.618691     16.334782
   2.52746     16.179350     15.954787
   2.48462     16.069970     15.727112
   2.44178     16.075570     15.728554
   2.44178     16.075570     15.728554
   2.39894     16.135591     15.983770
   2.35610     16.108295     16.172424
   2.31327     16.144234     16.139666
   2.27043     16.405908     16.337062
   2.22759     16.586544     16.533414
   2.18475     16.629397     16.579308
   2.14192     16.463555     16.440850
   2.09908     16.352608     16.344375
   2.05624     16.304553     16.281232
   2.01340     16.270829     16.230051
   1.97056     16.219842     16.175343
   1.92773     16.151794     16.157871
   1.88489     16.114481     16.133444
   1.84205     16.237350     16.169318
   1.79921     16.347079     16.291463
   1.75638     16.406208     16.374272
   1.71354     16.381271     16.296733
   1.67070     16.312075     16.287053
   1.62786     16.334865     16.317924
   1.62786     16.334865     16.317924
   1.58502     16.298317     16.302838
   1.54218     16.305328     16.369846
   1.49934     16.385961     16.402890
   1.45651     16.296937     16.342654
   1.41367     16.176057     16.231084
   1.37083     16.136933     16.111004
   1.32799     16.162048     16.146555
   1.28515     16.178658     16.215330
   1.24231     16.232676     16.267148
   1.19947     16.283175     16.301576
   1.15663     16.345793     16.350008
   1.11379     16.441993     16.461181
   1.07095     16.580245     16.627139
   1.02811     16.536104     16.584182
   0.98527     16.339950     16.403590
   0.94244     16.139666     16.142151
   0.89960     16.172441     16.107895
   0.85676     15.984215     16.135569
   0.81392     15.728818     16.075791
   0.81392     15.728818     16.075791
   0.77108     15.727355     16.070167
   0.72824     15.954629     16.178844
   0.68540     16.335462     16.617729
   0.64257     16.242917     16.215102
   0.59973     15.868586     15.836784
   0.55689     15.755711     15.812059
   0.51405     15.564689     15.610964
   0.47122     15.361728     15.372560
   0.42838     15.203882     15.150913
   0.38554     14.867316     14.813199
   0.34270     14.545939     14.498419
   0.29986     14.341161     14.362044
   0.25703     14.347380     14.489059
   0.21419     14.339314     14.337651
   0.17135     14.289126     14.259272
   0.12851     14.205487     14.182260
   0.08568     14.235574     14.233021
   0.04284     14.274875     14.266168
   0.00000     14.272370     14.272487
 
# Band-Index   49
   0.00000     14.466571     14.461738
   0.04284     14.485602     14.495338
   0.08568     14.525959     14.579330
   0.12851     14.542039     14.667384
   0.17135     14.490910     14.692251
   0.21419     14.377795     14.620357
   0.25703     14.493666     14.500519
   0.29986     14.686737     14.692561
   0.34270     14.891033     14.897476
   0.38554     15.086050     15.093052
   0.42838     15.247729     15.254128
   0.47122     15.529164     15.483601
   0.51405     15.694354     15.662000
   0.55689     15.770404     15.813762
   0.59973     16.099249     16.101681
   0.64257     16.411391     16.470789
   0.68540     16.569235     16.624578
   0.72824     16.515857     16.732367
   0.77108     16.497124     16.593339
   0.81392     16.491240     16.539387
   0.81392     16.491240     16.539387
   0.85676     16.522240     16.640133
   0.89960     16.616858     16.895002
   0.94244     16.777840     17.077274
   0.98527     16.943712     17.020028
   1.02811     16.751870     16.818243
   1.07095     16.655416     16.677386
   1.11379     16.659888     16.663209
   1.15663     16.567951     16.561442
   1.19947     16.447234     16.436218
   1.24231     16.329067     16.316125
   1.28515     16.231202     16.220177
   1.32799     16.253202     16.287016
   1.37083     16.420520     16.427765
   1.41367     16.497726     16.472848
   1.45651     16.459115     16.446911
   1.49934     16.414626     16.409120
   1.54218     16.473700     16.465612
   1.58502     16.455164     16.450860
   1.62786     16.448701     16.445921
   1.62786     16.448701     16.445921
   1.67070     16.454199     16.453358
   1.71354     16.468923     16.471829
   1.75638     16.423673     16.410132
   1.79921     16.461777     16.446040
   1.84205     16.486033     16.485581
   1.88489     16.436336     16.412608
   1.92773     16.291524     16.249001
   1.97056     16.223410     16.227751
   2.01340     16.320226     16.325302
   2.05624     16.440473     16.443524
   2.09908     16.565508     16.564622
   2.14192     16.666429     16.657194
   2.18475     16.679788     16.653257
   2.22759     16.820481     16.751068
   2.27043     17.022346     16.942894
   2.31327     17.079155     16.775793
   2.35610     16.898897     16.614447
   2.39894     16.642390     16.519573
   2.44178     16.541280     16.488537
   2.44178     16.541280     16.488537
   2.48462     16.595114     16.494334
   2.52746     16.733821     16.513143
   2.57030     16.628484     16.567261
   2.61314     16.478816     16.406498
   2.65598     16.111670     16.089907
   2.69881     15.823109     15.759290
   2.74165     15.669812     15.686691
   2.78449     15.498179     15.515700
   2.82733     15.262261     15.239652
   2.87017     15.101142     15.078057
   2.91301     14.905605     14.882999
   2.95585     14.700813     14.678590
   2.99869     14.508921     14.485255
   3.04153     14.624669     14.373208
   3.08437     14.696902     14.486187
   3.12721     14.672273     14.537176
   3.17005     14.584263     14.521061
   3.21288     14.500211     14.480764
   3.25572     14.466577     14.461752
   3.25572     14.466577     14.461752
   3.31631     14.543509     14.538860
   3.37689     14.695804     14.690583
   3.43747     14.773289     14.768152
   3.49805     14.851825     14.846692
   3.55864     15.016253     15.008102
   3.61922     15.324564     15.321003
   3.67980     15.371526     15.367947
   3.74039     15.854656     15.851109
   3.80097     16.067105     16.064739
   3.86155     16.185080     16.182538
   3.92213     16.245002     16.241925
   3.98272     16.169080     16.162576
   4.04330     16.168512     16.166757
   4.10388     16.376111     16.368023
   4.16446     16.555810     16.549334
   4.22505     16.490462     16.487193
   4.28563     16.394567     16.389642
   4.34621     16.361975     16.358850
   4.40680     16.448701     16.445921
 
# Band-Index   50
   4.40680     16.449339     16.446993
   4.34621     16.375639     16.361855
   4.28563     16.486003     16.482865
   4.22505     16.524948     16.521276
   4.16446     16.624835     16.620801
   4.10388     16.621988     16.617236
   4.04330     16.530183     16.524962
   3.98272     16.302644     16.298129
   3.92213     16.307569     16.302962
   3.86155     16.265002     16.261010
   3.80097     16.306088     16.302740
   3.74039     15.930805     15.928452
   3.67980     15.987067     15.975195
   3.61922     15.501895     15.489462
   3.55864     15.435206     15.432708
   3.49805     15.421413     15.419300
   3.43747     15.284772     15.282652
   3.37689     15.046974     15.044121
   3.31631     14.920498     14.915787
   3.25572     14.923887     14.918386
   3.25572     14.923887     14.918386
   3.21288     14.914580     14.925853
   3.17005     14.967942     15.007064
   3.12721     15.142466     15.194553
   3.08437     15.291985     15.292683
   3.04153     15.391288     15.395737
   2.99869     15.566918     15.575937
   2.95585     15.802113     15.817333
   2.91301     16.003336     15.977092
   2.87017     16.002210     15.938440
   2.82733     15.958964     15.890836
   2.78449     15.913255     15.843487
   2.74165     15.868823     15.797575
   2.69881     15.941418     15.954104
   2.65598     16.328927     16.350109
   2.61314     16.683050     16.613501
   2.57030     16.845366     16.639472
   2.52746     17.015177     16.915913
   2.48462     17.044463     16.784810
   2.44178     17.049723     16.729068
   2.44178     17.049723     16.729068
   2.39894     17.050053     16.730502
   2.35610     17.055907     16.811401
   2.31327     17.088963     16.983060
   2.27043     17.123853     16.985329
   2.22759     17.109826     17.070951
   2.18475     17.047558     17.083766
   2.14192     17.026675     17.076085
   2.09908     17.049703     17.080188
   2.05624     16.944936     16.975034
   2.01340     16.850164     16.879027
   1.97056     16.765511     16.792145
   1.92773     16.691003     16.714738
   1.88489     16.626608     16.646980
   1.84205     16.572271     16.588773
   1.79921     16.527916     16.540110
   1.75638     16.493484     16.501044
   1.71354     16.522601     16.568123
   1.67070     16.577581     16.595791
   1.62786     16.449339     16.446993
   1.62786     16.449339     16.446993
   1.58502     16.598974     16.563622
   1.54218     16.572012     16.519855
   1.49934     16.502975     16.490220
   1.45651     16.542071     16.524715
   1.41367     16.590685     16.569145
   1.37083     16.648812     16.623575
   1.32799     16.716498     16.688075
   1.28515     16.793741     16.762698
   1.24231     16.880459     16.847478
   1.19947     16.976470     16.942387
   1.15663     17.081460     17.047302
   1.11379     17.081701     17.021987
   1.07095     17.089021     17.042454
   1.02811     17.080188     17.100679
   0.98527     16.987199     17.114998
   0.94244     16.989854     17.081766
   0.89960     16.815301     17.053934
   0.85676     16.732436     17.048036
   0.81392     16.730361     17.047689
   0.81392     16.730361     17.047689
   0.77108     16.785996     17.042388
   0.72824     16.916665     17.012871
   0.68540     16.642613     16.844166
   0.64257     16.615016     16.680991
   0.59973     16.352308     16.326269
   0.55689     15.956651     15.938716
   0.51405     15.799788     15.867543
   0.47122     15.845722     15.911853
   0.42838     15.893106     15.957433
   0.38554     15.940775     16.000345
   0.34270     15.983519     15.993338
   0.29986     15.826736     15.792343
   0.25703     15.585296     15.557193
   0.21419     15.405014     15.381683
   0.17135     15.301660     15.282704
   0.12851     15.198186     15.138446
   0.08568     15.011182     14.963553
   0.04284     14.930970     14.909413
   0.00000     14.923876     14.918377
 
# Band-Index   51
   0.00000     15.272347     15.264288
   0.04284     15.270082     15.260583
   0.08568     15.263835     15.251497
   0.12851     15.265070     15.249675
   0.17135     15.437504     15.387069
   0.21419     15.582216     15.616506
   0.25703     15.770204     15.802585
   0.29986     15.927928     15.934793
   0.34270     15.987006     16.007171
   0.38554     16.062947     16.072832
   0.42838     16.114481     16.075880
   0.47122     16.018868     15.969931
   0.51405     16.094061     16.036875
   0.55689     16.405904     16.372029
   0.59973     16.464781     16.695850
   0.64257     16.648062     16.776560
   0.68540     16.868595     16.881184
   0.72824     17.033344     17.033006
   0.77108     17.379828     17.412059
   0.81392     17.566828     17.650201
   0.81392     17.566828     17.650201
   0.85676     17.498411     17.581037
   0.89960     17.338191     17.419914
   0.94244     17.143948     17.224306
   0.98527     17.072026     17.122878
   1.02811     17.129890     17.122594
   1.07095     17.095935     17.111661
   1.11379     17.162308     17.161932
   1.15663     17.145591     17.091881
   1.19947     17.197017     17.179604
   1.24231     17.152746     17.137412
   1.28515     17.048558     17.023469
   1.32799     16.947097     16.930490
   1.37083     16.903991     16.920168
   1.41367     16.936925     16.916469
   1.45651     16.891395     16.866318
   1.49934     16.853390     16.824504
   1.54218     16.733923     16.704770
   1.58502     16.631959     16.640186
   1.62786     16.748039     16.735945
   1.62786     16.748041     16.735951
   1.67070     16.642828     16.617228
   1.71354     16.710950     16.724007
   1.75638     16.840123     16.839019
   1.79921     16.881917     16.877023
   1.84205     16.922107     16.922511
   1.88489     16.933625     16.891469
   1.92773     16.946461     16.933021
   1.97056     17.039593     17.034188
   2.01340     17.152479     17.139291
   2.05624     17.187087     17.187931
   2.09908     17.096082     17.139848
   2.14192     17.164184     17.153469
   2.18475     17.120729     17.086763
   2.22759     17.126313     17.126905
   2.27043     17.124880     17.063256
   2.31327     17.226388     17.143592
   2.35610     17.421787     17.338070
   2.39894     17.582548     17.498273
   2.44178     17.651416     17.567098
   2.44178     17.651416     17.567100
   2.48462     17.414289     17.379089
   2.52746     17.036024     17.031330
   2.57030     16.886274     16.867251
   2.61314     16.777812     16.640690
   2.65598     16.697132     16.463276
   2.69881     16.387577     16.404213
   2.74165     16.049072     16.082736
   2.78449     15.974629     16.014022
   2.82733     16.079642     16.110780
   2.87017     16.082496     16.053507
   2.91301     16.012551     15.980533
   2.95585     15.944886     15.917912
   2.99869     15.807118     15.765873
   3.04153     15.620897     15.577917
   3.08437     15.391136     15.433310
   3.12721     15.258718     15.256304
   3.17005     15.260014     15.255380
   3.21288     15.268791     15.262190
   3.25572     15.272498     15.264368
   3.25572     15.272498     15.264368
   3.31631     15.266424     15.258026
   3.37689     15.257228     15.248270
   3.43747     15.302281     15.293177
   3.49805     15.462301     15.453299
   3.55864     15.715836     15.707203
   3.61922     16.003373     15.995594
   3.67980     16.111559     16.107589
   3.74039     16.354731     16.345628
   3.80097     16.321214     16.318018
   3.86155     16.489279     16.482583
   3.92213     16.342164     16.334819
   3.98272     16.411317     16.406328
   4.04330     16.547595     16.542788
   4.10388     16.950584     16.945748
   4.16446     16.869782     16.868782
   4.22505     16.910018     16.907421
   4.28563     16.707329     16.705013
   4.34621     16.697250     16.694734
   4.40680     16.748041     16.735951
 
# Band-Index   52
   4.40680     16.783173     16.767524
   4.34621     16.840334     16.838935
   4.28563     16.968483     16.966481
   4.22505     17.130154     17.128695
   4.16446     17.347635     17.342954
   4.10388     16.974709     16.973769
   4.04330     17.101828     17.100014
   3.98272     17.207163     17.203038
   3.92213     17.120020     17.114081
   3.86155     16.836951     16.830232
   3.80097     16.708540     16.698818
   3.74039     16.420148     16.416589
   3.67980     16.496020     16.488776
   3.61922     16.446934     16.441209
   3.55864     16.352264     16.343107
   3.49805     16.097467     16.087666
   3.43747     15.860484     15.850587
   3.37689     15.687200     15.677554
   3.31631     15.543581     15.539031
   3.25572     15.480982     15.476377
   3.25572     15.480982     15.476377
   3.21288     15.571769     15.447325
   3.17005     15.607532     15.390144
   3.12721     15.514624     15.368679
   3.08437     15.509291     15.441042
   3.04153     15.662677     15.704290
   2.99869     15.888206     15.860819
   2.95585     16.017898     15.962440
   2.91301     16.150769     16.118795
   2.87017     16.182400     16.202595
   2.82733     16.205456     16.161711
   2.78449     16.370452     16.289155
   2.74165     16.437494     16.373120
   2.69881     16.627153     16.406613
   2.65598     16.784312     16.583542
   2.61314     17.004505     16.721733
   2.57030     16.958900     16.961323
   2.52746     17.243276     17.196332
   2.48462     17.592622     17.568418
   2.44178     17.775997     17.722200
   2.44178     17.775997     17.722200
   2.39894     17.719491     17.682693
   2.35610     17.688196     17.653504
   2.31327     17.593736     17.598030
   2.27043     17.455039     17.444681
   2.22759     17.419528     17.391068
   2.18475     17.287813     17.315257
   2.14192     17.191667     17.194073
   2.09908     17.315516     17.269324
   2.05624     17.270799     17.251301
   2.01340     17.180113     17.161700
   1.97056     17.108736     17.089982
   1.92773     17.046741     17.028985
   1.88489     16.963480     16.973495
   1.84205     16.932063     17.000677
   1.79921     16.956992     17.061130
   1.75638     16.981055     16.918419
   1.71354     16.808931     16.810452
   1.67070     16.739873     16.792803
   1.62786     16.783173     16.767524
   1.62786     16.783186     16.767515
   1.58502     16.807136     16.738739
   1.54218     16.824824     16.793298
   1.49934     16.924320     16.978009
   1.45651     17.066632     16.951045
   1.41367     17.005604     16.916877
   1.37083     16.988010     16.958841
   1.32799     17.043585     17.030679
   1.28515     17.105213     17.092548
   1.24231     17.177364     17.163466
   1.19947     17.267096     17.253595
   1.15663     17.277320     17.307568
   1.11379     17.194930     17.182849
   1.07095     17.316068     17.285719
   1.02811     17.395915     17.417408
   0.98527     17.450392     17.447814
   0.94244     17.600264     17.587980
   0.89960     17.660054     17.682635
   0.85676     17.690914     17.711965
   0.81392     17.731536     17.767037
   0.81392     17.731536     17.767037
   0.77108     17.569505     17.590955
   0.72824     17.197476     17.241718
   0.68540     16.961943     16.957447
   0.64257     16.723346     16.997886
   0.59973     16.588921     16.767709
   0.55689     16.421132     16.618088
   0.51405     16.376287     16.430313
   0.47122     16.295291     16.365438
   0.42838     16.170073     16.196445
   0.38554     16.206061     16.178684
   0.34270     16.127370     16.144978
   0.29986     15.966696     16.013373
   0.25703     15.870878     15.878125
   0.21419     15.707931     15.658446
   0.17135     15.444633     15.505230
   0.12851     15.372782     15.510760
   0.08568     15.394256     15.603604
   0.04284     15.451821     15.562091
   0.00000     15.480970     15.476360
 
# Band-Index   53
   0.00000     15.556393     15.546752
   0.04284     15.570674     15.568076
   0.08568     15.610916     15.605300
   0.12851     15.670230     15.668693
   0.17135     15.739073     15.741720
   0.21419     15.807988     15.813839
   0.25703     15.956629     15.918382
   0.29986     16.041570     16.117256
   0.34270     16.136744     16.206712
   0.38554     16.243444     16.333911
   0.42838     16.279992     16.367845
   0.47122     16.307162     16.370064
   0.51405     16.400779     16.550381
   0.55689     16.533063     16.652627
   0.59973     16.807083     16.854996
   0.64257     16.879686     17.181879
   0.68540     17.016419     17.211083
   0.72824     17.467915     17.528032
   0.77108     17.721428     17.756569
   0.81392     17.891990     17.867218
   0.81392     17.891990     17.867218
   0.85676     17.855649     17.835941
   0.89960     17.749608     17.735043
   0.94244     17.706600     17.695876
   0.98527     17.575161     17.555622
   1.02811     17.443570     17.417605
   1.07095     17.533598     17.520143
   1.11379     17.515828     17.513634
   1.15663     17.379554     17.370401
   1.19947     17.343650     17.354085
   1.24231     17.280793     17.261814
   1.28515     17.181656     17.150095
   1.32799     17.087668     17.045126
   1.37083     17.018694     16.972102
   1.41367     17.029158     17.068597
   1.45651     17.167218     17.253600
   1.49934     17.058946     16.978709
   1.54218     16.935123     16.883074
   1.58502     16.859217     16.773999
   1.62786     16.801133     16.786783
   1.62786     16.801132     16.786778
   1.67070     16.789693     16.858191
   1.71354     16.886267     16.934114
   1.75638     16.983115     17.057920
   1.79921     17.257130     17.163724
   1.84205     17.078270     17.020646
   1.88489     16.987886     17.014505
   1.92773     17.049556     17.083877
   1.97056     17.154562     17.178045
   2.01340     17.266360     17.277204
   2.05624     17.359252     17.338560
   2.09908     17.388251     17.364312
   2.14192     17.531367     17.499814
   2.18475     17.527063     17.528827
   2.22759     17.423464     17.443002
   2.27043     17.557339     17.574606
   2.31327     17.697412     17.706326
   2.35610     17.739548     17.748582
   2.39894     17.839590     17.854908
   2.44178     17.870297     17.893459
   2.44178     17.870296     17.893466
   2.48462     17.765453     17.712035
   2.52746     17.537761     17.460147
   2.57030     17.219551     17.007712
   2.61314     17.199069     16.879320
   2.65598     16.864228     16.791777
   2.69881     16.655036     16.526231
   2.74165     16.555746     16.393776
   2.78449     16.377871     16.301685
   2.82733     16.372057     16.275775
   2.87017     16.338064     16.239537
   2.91301     16.211133     16.132697
   2.95585     16.118553     16.039555
   2.99869     15.922692     15.953003
   3.04153     15.823855     15.798001
   3.08437     15.751627     15.729214
   3.12721     15.678507     15.660445
   3.17005     15.615042     15.601230
   3.21288     15.572715     15.561074
   3.25572     15.556426     15.546794
   3.25572     15.556426     15.546794
   3.31631     15.587447     15.577786
   3.37689     15.700907     15.696513
   3.43747     15.944583     15.940453
   3.49805     16.191652     16.188386
   3.55864     16.371567     16.368564
   3.61922     16.469014     16.465964
   3.67980     16.509331     16.506463
   3.74039     16.705455     16.696574
   3.80097     16.847528     16.840060
   3.86155     17.206434     17.203795
   3.92213     17.240325     17.237912
   3.98272     17.285765     17.283819
   4.04330     17.259913     17.255658
   4.10388     17.257875     17.252039
   4.16446     17.359171     17.351930
   4.22505     17.570390     17.562656
   4.28563     17.322998     17.311162
   4.34621     16.957370     16.943622
   4.40680     16.801132     16.786777
 
# Band-Index   54
   4.40680     16.833722     16.832682
   4.34621     17.084343     17.072955
   4.28563     17.391271     17.389063
   4.22505     17.604976     17.598535
   4.16446     17.554993     17.553587
   4.10388     17.529827     17.528440
   4.04330     17.394743     17.392689
   3.98272     17.286471     17.283870
   3.92213     17.358056     17.357326
   3.86155     17.416793     17.415574
   3.80097     17.410848     17.408616
   3.74039     17.096674     17.086663
   3.67980     16.698147     16.692478
   3.61922     16.596085     16.592789
   3.55864     16.545993     16.542449
   3.49805     16.325073     16.320747
   3.43747     16.034428     16.030392
   3.37689     15.873555     15.869585
   3.31631     15.791865     15.787766
   3.25572     15.766967     15.762627
   3.25572     15.766968     15.762627
   3.21288     15.716295     15.838161
   3.17005     15.788826     16.025332
   3.12721     16.059854     16.110241
   3.08437     16.179020     16.122546
   3.04153     16.174575     16.108268
   2.99869     16.150072     16.077583
   2.95585     16.128172     16.145608
   2.91301     16.217927     16.230245
   2.87017     16.431474     16.431202
   2.82733     16.764408     16.768087
   2.78449     17.109464     16.902869
   2.74165     17.119318     16.898886
   2.69881     17.263886     16.970747
   2.65598     17.523297     17.199544
   2.61314     17.218768     17.193854
   2.57030     17.541583     17.600816
   2.52746     17.699937     17.663365
   2.48462     17.990946     17.944182
   2.44178     17.952320     17.949069
   2.44178     17.952320     17.949070
   2.39894     17.939590     17.927211
   2.35610     17.831244     17.829784
   2.31327     17.816333     17.741389
   2.27043     18.071798     18.020595
   2.22759     17.878080     17.835632
   2.18475     17.696500     17.658528
   2.14192     17.572911     17.625548
   2.09908     17.491351     17.575722
   2.05624     17.391020     17.516722
   2.01340     17.439553     17.567055
   1.97056     17.589834     17.687573
   1.92773     17.726089     17.772303
   1.88489     17.734218     17.646883
   1.84205     17.544286     17.424304
   1.79921     17.333819     17.224151
   1.75638     17.385924     17.087036
   1.71354     17.284600     17.015387
   1.67070     17.062437     16.954250
   1.62786     16.833722     16.832682
   1.62786     16.833722     16.832682
   1.58502     16.964957     17.051598
   1.54218     17.018151     17.283138
   1.49934     17.091291     17.384288
   1.45651     17.225277     17.328113
   1.41367     17.425609     17.543822
   1.37083     17.648497     17.733617
   1.32799     17.774642     17.725158
   1.28515     17.689979     17.588439
   1.24231     17.570889     17.436851
   1.19947     17.524736     17.380459
   1.15663     17.586629     17.477500
   1.11379     17.634336     17.561328
   1.07095     17.673691     17.678652
   1.02811     17.849082     17.859724
   0.98527     18.022408     18.050711
   0.94244     17.745144     17.813961
   0.89960     17.829305     17.829974
   0.85676     17.925315     17.938583
   0.81392     17.950847     17.949359
   0.81392     17.950847     17.949359
   0.77108     17.947155     17.980804
   0.72824     17.672213     17.691864
   0.68540     17.608569     17.535460
   0.64257     17.209507     17.216879
   0.59973     17.207522     17.517399
   0.55689     16.977212     17.258322
   0.51405     16.903021     17.116106
   0.47122     16.905492     17.100023
   0.42838     16.777334     16.754831
   0.38554     16.440397     16.422208
   0.34270     16.233605     16.214036
   0.29986     16.149110     16.124024
   0.25703     16.079566     16.148871
   0.21419     16.110120     16.173452
   0.17135     16.124117     16.178115
   0.12851     16.111344     16.055382
   0.08568     16.029377     15.784254
   0.04284     15.842342     15.712077
   0.00000     15.766845     15.762574
 
# Band-Index   55
   0.00000     15.987154     15.987099
   0.04284     16.012628     16.017423
   0.08568     16.067547     16.086934
   0.12851     16.265432     16.149997
   0.17135     16.502282     16.338222
   0.21419     16.700384     16.588058
   0.25703     16.839894     16.763444
   0.29986     16.951805     16.880625
   0.34270     17.078916     17.031164
   0.38554     16.980801     17.189422
   0.42838     16.933439     17.215973
   0.47122     16.909358     17.128204
   0.51405     16.985484     17.365241
   0.55689     17.215795     17.422535
   0.59973     17.314573     17.536171
   0.64257     17.592492     17.595672
   0.68540     17.616396     17.603708
   0.72824     18.009585     18.020732
   0.77108     17.986573     17.998799
   0.81392     17.963990     17.983923
   0.81392     17.963990     17.983923
   0.85676     18.041723     18.052168
   0.89960     18.218623     18.229153
   0.94244     18.225581     18.241438
   0.98527     18.036484     18.106237
   1.02811     18.110705     18.052492
   1.07095     17.955234     17.897187
   1.11379     17.808354     17.747797
   1.15663     17.693698     17.628015
   1.19947     17.695125     17.653954
   1.24231     17.858208     17.852294
   1.28515     18.027359     18.045374
   1.32799     17.879662     18.023473
   1.37083     17.682449     17.848406
   1.41367     17.440917     17.676171
   1.45651     17.303999     17.518016
   1.49934     17.581186     17.523438
   1.54218     17.287822     17.343270
   1.58502     17.045527     17.220244
   1.62786     17.200257     17.198920
   1.62786     17.200257     17.198920
   1.67070     17.221613     17.043251
   1.71354     17.350547     17.278235
   1.75638     17.531208     17.574875
   1.79921     17.519939     17.296247
   1.84205     17.678558     17.437604
   1.88489     17.851566     17.679625
   1.92773     18.027324     17.877594
   1.97056     18.053418     18.019500
   2.01340     17.861313     17.849400
   2.05624     17.662505     17.687200
   2.09908     17.633949     17.688669
   2.14192     17.752808     17.804839
   2.18475     17.901934     17.952046
   2.22759     18.056952     18.108148
   2.27043     18.107774     18.021460
   2.31327     18.259400     18.226818
   2.35610     18.232730     18.216605
   2.39894     18.055976     18.039066
   2.44178     17.984800     17.964552
   2.44178     17.984800     17.964549
   2.48462     18.001369     17.986803
   2.52746     18.037960     17.995966
   2.57030     17.622277     17.601145
   2.61314     17.600685     17.581441
   2.65598     17.543158     17.313198
   2.69881     17.426632     17.208901
   2.74165     17.369215     16.980244
   2.78449     17.129459     16.905654
   2.82733     17.216551     16.929694
   2.87017     17.193439     16.977052
   2.91301     17.036725     17.075381
   2.95585     16.885729     16.946810
   2.99869     16.768136     16.835341
   3.04153     16.592586     16.696255
   3.08437     16.342673     16.498352
   3.12721     16.150559     16.261542
   3.17005     16.087157     16.067005
   3.21288     16.017497     16.012467
   3.25572     15.987155     15.987099
   3.25572     15.987155     15.987099
   3.31631     16.045281     16.045115
   3.37689     16.201096     16.200629
   3.43747     16.414558     16.413587
   3.49805     16.646110     16.644462
   3.55864     16.862385     16.859634
   3.61922     16.858738     16.851665
   3.67980     16.982445     16.974310
   3.74039     17.118779     17.111915
   3.80097     17.443511     17.434805
   3.86155     17.765839     17.756240
   3.92213     18.380712     18.379419
   3.98272     18.518561     18.515830
   4.04330     18.199919     18.198519
   4.10388     17.937477     17.935644
   4.16446     17.752155     17.749586
   4.22505     17.816053     17.811395
   4.28563     17.452789     17.442843
   4.34621     17.089907     17.087623
   4.40680     17.200256     17.198920
 
# Band-Index   56
   4.40680     17.308339     17.303135
   4.34621     17.489369     17.483126
   4.28563     17.698869     17.693318
   4.22505     17.831861     17.827569
   4.16446     17.993958     17.990062
   4.10388     18.268805     18.265225
   4.04330     18.550247     18.545271
   3.98272     18.666489     18.659912
   3.92213     18.465200     18.460091
   3.86155     17.909699     17.906225
   3.80097     17.467442     17.462457
   3.74039     17.354750     17.352035
   3.67980     17.231088     17.228041
   3.61922     17.065666     17.062733
   3.55864     16.888342     16.884865
   3.49805     17.047016     17.043115
   3.43747     17.158495     17.153163
   3.37689     17.000499     16.997933
   3.31631     16.709249     16.707280
   3.25572     16.588429     16.586691
   3.25572     16.588429     16.586691
   3.21288     16.655739     16.640556
   3.17005     16.819894     16.781779
   3.12721     17.028479     16.973866
   3.08437     17.248495     17.187953
   3.04153     17.368919     17.335953
   2.99869     17.458415     17.398944
   2.95585     17.374387     17.223297
   2.91301     17.251978     17.103204
   2.87017     17.271114     17.093405
   2.82733     17.225812     16.964800
   2.78449     17.302131     17.113936
   2.74165     17.443417     17.447097
   2.69881     17.713439     17.708735
   2.65598     17.656683     17.519771
   2.61314     17.750037     17.716872
   2.57030     17.920297     17.945458
   2.52746     18.055474     18.101439
   2.48462     18.318116     18.313842
   2.44178     18.434854     18.421905
   2.44178     18.434857     18.421908
   2.39894     18.425822     18.393401
   2.35610     18.371511     18.306878
   2.31327     18.323979     18.250698
   2.27043     18.254377     18.201396
   2.22759     18.142991     18.112651
   2.18475     18.035472     18.004443
   2.14192     18.039481     17.968925
   2.09908     18.183846     18.097875
   2.05624     18.358059     18.293049
   2.01340     18.354492     18.303656
   1.97056     18.196618     18.100633
   1.92773     18.104716     18.048946
   1.88489     17.981835     17.915073
   1.84205     17.798742     17.726093
   1.79921     17.656151     17.581343
   1.75638     17.630253     17.580840
   1.71354     17.545437     17.549939
   1.67070     17.387078     17.414135
   1.62786     17.308339     17.303135
   1.62786     17.308344     17.303124
   1.58502     17.420834     17.380206
   1.54218     17.556060     17.540117
   1.49934     17.588167     17.624973
   1.45651     17.586623     17.650956
   1.41367     17.730997     17.793740
   1.37083     17.919538     17.976080
   1.32799     18.055192     18.098166
   1.28515     18.103375     18.191933
   1.24231     18.306573     18.348752
   1.19947     18.297657     18.352956
   1.15663     18.102806     18.178033
   1.11379     17.977040     18.031504
   1.07095     18.015674     18.022472
   1.02811     18.123894     18.127828
   0.98527     18.213008     18.248438
   0.94244     18.261065     18.320188
   0.89960     18.304954     18.358459
   0.85676     18.394713     18.414484
   0.81392     18.389828     18.424152
   0.81392     18.389828     18.424152
   0.77108     18.315131     18.315158
   0.72824     18.104705     18.051126
   0.68540     17.950332     17.913585
   0.64257     17.725458     17.740853
   0.59973     17.526633     17.656045
   0.55689     17.722732     17.705831
   0.51405     17.456014     17.434205
   0.47122     17.123204     17.298137
   0.42838     16.965812     17.221533
   0.38554     17.093786     17.265308
   0.34270     17.108449     17.248353
   0.29986     17.226677     17.371024
   0.25703     17.402107     17.449890
   0.21419     17.344948     17.359492
   0.17135     17.190380     17.245773
   0.12851     16.976116     17.025930
   0.08568     16.783833     16.817638
   0.04284     16.642420     16.654157
   0.00000     16.588402     16.586664
 
# Band-Index   57
   0.00000     17.223372     17.217488
   0.04284     17.189670     17.156072
   0.08568     17.210859     17.155611
   0.12851     17.260158     17.240172
   0.17135     17.287820     17.303790
   0.21419     17.400882     17.436454
   0.25703     17.424918     17.482909
   0.29986     17.392581     17.532303
   0.34270     17.246099     17.453048
   0.38554     17.339677     17.332115
   0.42838     17.618936     17.554855
   0.47122     17.919663     17.871196
   0.51405     18.047237     18.056514
   0.55689     17.718394     18.006651
   0.59973     17.813752     17.825269
   0.64257     17.871617     17.870942
   0.68540     18.009185     18.090419
   0.72824     18.114800     18.117284
   0.77108     18.394947     18.387042
   0.81392     18.505238     18.525013
   0.81392     18.505238     18.525012
   0.85676     18.420834     18.449544
   0.89960     18.384300     18.402181
   0.94244     18.342681     18.328249
   0.98527     18.269622     18.250644
   1.02811     18.430149     18.538835
   1.07095     18.857251     18.857135
   1.11379     18.764656     18.749423
   1.15663     18.635340     18.626915
   1.19947     18.483554     18.493138
   1.24231     18.486212     18.477752
   1.28515     18.564996     18.490416
   1.32799     18.463792     18.404437
   1.37083     18.481528     18.284311
   1.41367     18.454773     18.140447
   1.45651     18.177258     17.960837
   1.49934     17.736249     17.706659
   1.54218     17.762240     17.587121
   1.58502     17.498731     17.403693
   1.62786     17.325913     17.318552
   1.62786     17.325908     17.318551
   1.67070     17.411548     17.490792
   1.71354     17.597969     17.754778
   1.75638     17.712476     17.728571
   1.79921     17.964789     18.172330
   1.84205     18.145255     18.450923
   1.88489     18.289766     18.479674
   1.92773     18.410331     18.460846
   1.97056     18.496125     18.560254
   2.01340     18.483142     18.481475
   2.05624     18.499878     18.479248
   2.09908     18.634016     18.630383
   2.14192     18.756280     18.760037
   2.18475     18.863867     18.856358
   2.22759     18.540168     18.429116
   2.27043     18.263913     18.267037
   2.31327     18.341527     18.340693
   2.35610     18.417758     18.396212
   2.39894     18.460549     18.442713
   2.44178     18.541643     18.540438
   2.44178     18.541629     18.540543
   2.48462     18.390120     18.389856
   2.52746     18.119746     18.112814
   2.57030     18.102840     17.997903
   2.61314     17.878072     17.864816
   2.65598     17.829140     17.803733
   2.69881     18.015563     17.722951
   2.74165     18.066015     18.037522
   2.78449     17.877054     17.914407
   2.82733     17.560871     17.613616
   2.87017     17.332431     17.334317
   2.91301     17.453314     17.245987
   2.95585     17.535188     17.392308
   2.99869     17.486139     17.418240
   3.04153     17.439194     17.398359
   3.08437     17.313613     17.278182
   3.12721     17.246501     17.250075
   3.17005     17.162523     17.204563
   3.21288     17.163456     17.183021
   3.25572     17.223453     17.217520
   3.25572     17.223453     17.217520
   3.31631     17.156208     17.148937
   3.37689     17.160856     17.154279
   3.43747     17.264728     17.261628
   3.49805     17.233520     17.229896
   3.55864     17.317197     17.312941
   3.61922     17.657205     17.652938
   3.67980     17.853241     17.849939
   3.74039     17.840241     17.836637
   3.80097     18.036787     18.028269
   3.86155     18.524389     18.515436
   3.92213     18.650201     18.641792
   3.98272     18.784537     18.781674
   4.04330     18.883761     18.882543
   4.10388     18.436506     18.434527
   4.16446     18.146492     18.142466
   4.22505     17.909742     17.900148
   4.28563     17.878252     17.870532
   4.34621     17.577952     17.569043
   4.40680     17.325905     17.318551
 
# Band-Index   58
   4.40680     17.644990     17.639092
   4.34621     17.869563     17.864172
   4.28563     17.986120     17.974926
   4.22505     17.974936     17.972858
   4.16446     18.514145     18.511987
   4.10388     18.984268     18.981379
   4.04330     19.004584     18.999447
   3.98272     19.100333     19.094204
   3.92213     18.797476     18.795556
   3.86155     18.623937     18.613721
   3.80097     18.387754     18.378977
   3.74039     18.247185     18.238915
   3.67980     18.004725     17.995486
   3.61922     17.810937     17.802351
   3.55864     17.712180     17.704160
   3.49805     17.574111     17.564827
   3.43747     17.444071     17.434193
   3.37689     17.350625     17.340312
   3.31631     17.294106     17.283609
   3.25572     17.257280     17.246512
   3.25572     17.257280     17.246512
   3.21288     17.287716     17.244708
   3.17005     17.284093     17.242730
   3.12721     17.288899     17.307023
   3.08437     17.401442     17.466761
   3.04153     17.587801     17.620083
   2.99869     17.716876     17.597849
   2.95585     17.669748     17.614677
   2.91301     17.804989     17.777882
   2.87017     18.005033     17.980636
   2.82733     18.081230     18.054924
   2.78449     18.080537     18.048064
   2.74165     18.203474     18.124216
   2.69881     18.123971     18.038822
   2.65598     17.855656     18.002850
   2.61314     17.888832     17.927007
   2.57030     18.208249     18.205000
   2.52746     18.451670     18.443360
   2.48462     18.418838     18.427421
   2.44178     18.615247     18.684966
   2.44178     18.615258     18.684972
   2.39894     18.709359     18.721700
   2.35610     18.771409     18.777570
   2.31327     18.774071     18.733442
   2.27043     18.966192     18.932443
   2.22759     18.942597     18.936039
   2.18475     18.930165     18.865471
   2.14192     19.308993     19.273737
   2.09908     19.239205     19.198830
   2.05624     19.123341     19.099323
   2.01340     19.053785     19.030326
   1.97056     18.915613     18.830699
   1.92773     18.690509     18.745877
   1.88489     18.536467     18.620710
   1.84205     18.597192     18.639092
   1.79921     18.250799     18.322861
   1.75638     17.937084     18.050838
   1.71354     17.835366     17.964166
   1.67070     17.747775     17.805790
   1.62786     17.644992     17.639092
   1.62786     17.644993     17.639092
   1.58502     17.810909     17.742108
   1.54218     17.971200     17.828923
   1.49934     18.056061     17.932118
   1.45651     18.326979     18.247326
   1.41367     18.641328     18.595370
   1.37083     18.624320     18.535361
   1.32799     18.748630     18.689812
   1.28515     18.831915     18.907286
   1.24231     19.032987     19.046122
   1.19947     19.103275     19.116516
   1.15663     19.203272     19.232177
   1.11379     19.274569     19.306655
   1.07095     18.869582     18.928349
   1.02811     18.939145     18.936538
   0.98527     18.936014     18.961353
   0.94244     18.737449     18.768862
   0.89960     18.780606     18.765813
   0.85676     18.722073     18.706755
   0.81392     18.634740     18.601414
   0.81392     18.634746     18.601401
   0.77108     18.429355     18.399986
   0.72824     18.452795     18.445816
   0.68540     18.206683     18.205693
   0.64257     17.930966     17.881392
   0.59973     18.007201     17.845930
   0.55689     18.048587     18.123446
   0.51405     18.124175     18.197398
   0.47122     18.057398     18.071568
   0.42838     18.063836     18.072806
   0.38554     17.987333     17.995372
   0.34270     17.787528     17.795102
   0.29986     17.624281     17.662461
   0.25703     17.601307     17.714913
   0.21419     17.623319     17.582001
   0.17135     17.472352     17.395601
   0.12851     17.312845     17.278690
   0.08568     17.253113     17.273703
   0.04284     17.255244     17.277167
   0.00000     17.257268     17.246488
 
# Band-Index   59
   0.00000     17.290218     17.279603
   0.04284     17.388755     17.365630
   0.08568     17.564255     17.544017
   0.12851     17.784327     17.761793
   0.17135     17.799691     17.853042
   0.21419     17.649359     17.794995
   0.25703     17.618334     17.759232
   0.29986     17.771779     17.901481
   0.34270     17.886709     17.998440
   0.38554     17.990146     18.052357
   0.42838     18.120923     18.218314
   0.47122     18.292890     18.448252
   0.51405     18.224778     18.588842
   0.55689     18.511298     18.470816
   0.59973     18.425198     18.389717
   0.64257     18.308496     18.292711
   0.68540     18.213673     18.209024
   0.72824     18.455257     18.509751
   0.77108     18.869404     18.912593
   0.81392     18.684618     18.661773
   0.81392     18.684618     18.661772
   0.85676     18.801918     18.780546
   0.89960     18.809903     18.808937
   0.94244     18.901651     18.911048
   0.98527     18.953079     19.012108
   1.02811     19.090539     19.355847
   1.07095     19.344772     19.556761
   1.11379     19.335288     19.383958
   1.15663     19.433859     19.422420
   1.19947     19.241283     19.230779
   1.24231     19.041279     19.047797
   1.28515     18.925132     18.969966
   1.32799     18.947473     18.907444
   1.37083     18.973424     18.949550
   1.41367     18.654793     18.609636
   1.45651     18.442119     18.437681
   1.49934     18.210188     18.142461
   1.54218     17.974885     18.018057
   1.58502     18.001814     18.014653
   1.62786     18.024336     18.016234
   1.62786     18.024324     18.016212
   1.67070     18.022724     17.993487
   1.71354     18.026866     17.965404
   1.75638     18.154543     18.199457
   1.79921     18.448790     18.431761
   1.84205     18.612730     18.651241
   1.88489     18.955087     18.968691
   1.92773     18.917084     18.940302
   1.97056     18.970824     18.920336
   2.01340     19.053877     19.036693
   2.05624     19.239249     19.235561
   2.09908     19.429911     19.427804
   2.14192     19.391817     19.331987
   2.18475     19.566297     19.344432
   2.22759     19.358842     19.091040
   2.27043     19.016059     18.949965
   2.31327     18.914329     18.900720
   2.35610     18.811440     18.808711
   2.39894     18.879966     18.840930
   2.44178     18.664314     18.657395
   2.44178     18.664312     18.657535
   2.48462     18.955448     18.875859
   2.52746     18.522485     18.447656
   2.57030     18.215978     18.207364
   2.61314     18.295087     18.306400
   2.65598     18.392020     18.423177
   2.69881     18.472627     18.498789
   2.74165     18.589366     18.219782
   2.78449     18.457798     18.289270
   2.82733     18.227981     18.117353
   2.87017     18.060162     17.983988
   2.91301     18.005695     17.883886
   2.95585     17.908052     17.768982
   2.99869     17.765323     17.615595
   3.04153     17.796351     17.643558
   3.08437     17.854294     17.798501
   3.12721     17.771597     17.774941
   3.17005     17.553554     17.554747
   3.21288     17.374825     17.379293
   3.25572     17.290240     17.279606
   3.25572     17.290240     17.279605
   3.31631     17.428067     17.418988
   3.37689     17.567914     17.560900
   3.43747     17.598185     17.592443
   3.49805     17.653363     17.646467
   3.55864     17.752618     17.744281
   3.61922     17.924186     17.916103
   3.67980     18.095857     18.087876
   3.74039     18.360251     18.350896
   3.80097     18.831895     18.823048
   3.86155     18.925854     18.923400
   3.92213     19.005035     18.998547
   3.98272     19.236681     19.230231
   4.04330     19.662320     19.659569
   4.10388     19.180771     19.166824
   4.16446     18.651035     18.637533
   4.22505     18.208047     18.193460
   4.28563     18.032643     18.023736
   4.34621     18.006613     17.998287
   4.40680     18.024324     18.016212
 
# Band-Index   60
   4.40680     18.656838     18.647982
   4.34621     18.474076     18.465428
   4.28563     18.422216     18.414909
   4.22505     18.588462     18.578325
   4.16446     18.765609     18.757237
   4.10388     19.303061     19.295455
   4.04330     19.736684     19.734154
   3.98272     19.400232     19.328745
   3.92213     19.105666     19.104708
   3.86155     19.109928     19.105510
   3.80097     18.896661     18.893703
   3.74039     18.832372     18.829810
   3.67980     18.579671     18.575839
   3.61922     18.352427     18.349147
   3.55864     18.228144     18.225045
   3.49805     17.992390     17.989363
   3.43747     17.812583     17.809537
   3.37689     18.008740     18.005311
   3.31631     17.904586     17.903145
   3.25572     17.898080     17.896837
   3.25572     17.898080     17.896838
   3.21288     17.899226     17.895341
   3.17005     17.898647     17.885941
   3.12721     17.886817     17.857211
   3.08437     18.023622     17.829411
   3.04153     17.935982     17.706890
   2.99869     17.919706     17.803395
   2.95585     18.057921     17.926296
   2.91301     18.207063     18.005345
   2.87017     18.326911     18.044864
   2.82733     18.438095     18.203068
   2.78449     18.586594     18.431137
   2.74165     18.657514     18.647682
   2.69881     18.583180     18.594723
   2.65598     18.720270     18.807564
   2.61314     19.029540     19.043984
   2.57030     19.061789     19.038423
   2.52746     18.962725     18.942893
   2.48462     19.010495     18.985918
   2.44178     18.938098     18.896917
   2.44178     18.938098     18.896856
   2.39894     18.916019     18.923286
   2.35610     18.935670     18.890632
   2.31327     19.137801     18.989836
   2.27043     19.247626     18.961416
   2.22759     19.461165     19.242288
   2.18475     19.673728     19.487499
   2.14192     19.618296     19.607995
   2.09908     19.576340     19.551760
   2.05624     19.394953     19.296116
   2.01340     19.213817     19.051362
   1.97056     19.031579     19.013293
   1.92773     19.046043     19.022797
   1.88489     19.042173     18.992787
   1.84205     18.910803     18.857275
   1.79921     18.812986     18.776872
   1.75638     18.742971     18.718413
   1.71354     18.568341     18.454356
   1.67070     18.556900     18.494501
   1.62786     18.656771     18.647985
   1.62786     18.656732     18.647810
   1.58502     18.503897     18.547958
   1.54218     18.461525     18.561557
   1.49934     18.726210     18.733094
   1.45651     18.784379     18.804878
   1.41367     18.864853     18.901639
   1.37083     18.997469     19.033235
   1.32799     19.026278     19.040068
   1.28515     19.017813     19.025871
   1.24231     19.055267     19.211004
   1.19947     19.299137     19.389292
   1.15663     19.555864     19.570180
   1.11379     19.613568     19.610475
   1.07095     19.489728     19.668312
   1.02811     19.245126     19.456178
   0.98527     18.966344     19.240685
   0.94244     18.994644     19.109520
   0.89960     18.881645     18.925143
   0.85676     18.848513     18.875805
   0.81392     18.903610     18.919434
   0.81392     18.903639     18.919338
   0.77108     18.989161     19.004759
   0.72824     18.945044     18.958257
   0.68540     19.043310     19.055246
   0.64257     19.048515     19.020816
   0.59973     18.812567     18.713200
   0.55689     18.598709     18.579389
   0.51405     18.656788     18.655034
   0.47122     18.440640     18.583276
   0.42838     18.212404     18.434528
   0.38554     18.053203     18.323874
   0.34270     18.013008     18.203877
   0.29986     17.933183     18.054837
   0.25703     17.809716     17.916636
   0.21419     17.708358     17.932900
   0.17135     17.832588     18.013884
   0.12851     17.858409     17.885538
   0.08568     17.887197     17.897320
   0.04284     17.896573     17.897919
   0.00000     17.898069     17.896776
 
# Band-Index   61
   0.00000     18.698776     18.694635
   0.04284     18.541889     18.538740
   0.08568     18.295780     18.373231
   0.12851     18.058587     18.232207
   0.17135     18.041899     18.095803
   0.21419     18.330415     18.115459
   0.25703     18.441198     18.215164
   0.29986     18.633402     18.440432
   0.34270     18.879194     18.745917
   0.38554     19.122667     19.045299
   0.42838     18.930587     18.972548
   0.47122     18.614490     18.806553
   0.51405     18.665117     18.666994
   0.55689     18.853829     18.633296
   0.59973     18.832416     18.859143
   0.64257     19.053499     19.067883
   0.68540     19.211626     19.296204
   0.72824     19.240904     19.234423
   0.77108     19.032412     19.034379
   0.81392     19.047020     19.064730
   0.81392     19.047020     19.064728
   0.85676     18.928316     18.910446
   0.89960     19.050938     19.036434
   0.94244     19.066908     19.130362
   0.98527     19.314004     19.350834
   1.02811     19.561513     19.591942
   1.07095     19.566811     19.669231
   1.11379     19.618623     19.706851
   1.15663     19.663925     19.673427
   1.19947     19.840158     19.874076
   1.24231     19.551518     19.591178
   1.28515     19.309236     19.417820
   1.32799     19.118346     19.204286
   1.37083     19.052961     19.064046
   1.41367     18.895341     18.946779
   1.45651     18.951415     18.880045
   1.49934     18.803524     18.869992
   1.54218     18.686863     18.685796
   1.58502     18.664051     18.658551
   1.62786     18.659466     18.649618
   1.62786     18.659383     18.649445
   1.67070     18.668205     18.655594
   1.71354     18.695612     18.678597
   1.75638     18.875530     18.797546
   1.79921     18.882530     18.949218
   1.84205     18.955498     18.886670
   1.88489     19.070327     19.048481
   1.92773     19.212332     19.113088
   1.97056     19.424701     19.305527
   2.01340     19.593669     19.549514
   2.05624     19.875925     19.835953
   2.09908     19.676436     19.662707
   2.14192     19.714228     19.617795
   2.18475     19.673409     19.564528
   2.22759     19.600401     19.590787
   2.27043     19.364685     19.326142
   2.31327     19.128279     19.094095
   2.35610     19.094715     19.075813
   2.39894     18.859716     18.868605
   2.44178     19.071361     19.045002
   2.44178     19.071361     19.044993
   2.48462     19.046658     19.080602
   2.52746     19.246603     19.252738
   2.57030     19.302419     19.210388
   2.61314     19.076048     19.045578
   2.65598     18.865250     18.827190
   2.69881     18.636023     18.833382
   2.74165     18.676440     18.660955
   2.78449     18.808807     18.613443
   2.82733     18.974752     18.930395
   2.87017     19.048021     19.120062
   2.91301     18.748597     18.876815
   2.95585     18.443158     18.630895
   2.99869     18.218161     18.438561
   3.04153     18.118625     18.321189
   3.08437     18.098867     18.032617
   3.12721     18.235892     18.055454
   3.17005     18.377049     18.292687
   3.21288     18.542660     18.538791
   3.25572     18.698684     18.694631
   3.25572     18.698684     18.694632
   3.31631     18.395615     18.392163
   3.37689     18.027516     18.024196
   3.43747     18.294686     18.289152
   3.49805     18.639691     18.632970
   3.55864     18.961520     18.954166
   3.61922     18.956823     18.954762
   3.67980     18.843742     18.841583
   3.74039     18.910439     18.906928
   3.80097     19.103537     19.099878
   3.86155     19.237780     19.233173
   3.92213     19.568952     19.568531
   3.98272     19.798060     19.797420
   4.04330     19.741951     19.736958
   4.10388     19.573758     19.565469
   4.16446     19.262748     19.255225
   4.22505     18.881924     18.878407
   4.28563     18.591531     18.583759
   4.34621     18.634055     18.625105
   4.40680     18.659362     18.649447
 
# Band-Index   62
   4.40680     19.004301     18.997923
   4.34621     18.773898     18.768184
   4.28563     18.718455     18.711798
   4.22505     18.900232     18.893343
   4.16446     19.273909     19.266362
   4.10388     19.623731     19.616029
   4.04330     19.766502     19.759934
   3.98272     19.975272     19.968655
   3.92213     19.782159     19.780342
   3.86155     19.380138     19.373085
   3.80097     19.325328     19.321662
   3.74039     19.472638     19.467865
   3.67980     19.431201     19.425088
   3.61922     19.233024     19.225289
   3.55864     19.033479     19.030159
   3.49805     18.878623     18.875131
   3.43747     18.807681     18.804308
   3.37689     18.773695     18.770322
   3.31631     18.757082     18.753870
   3.25572     18.754634     18.751182
   3.25572     18.754634     18.751181
   3.21288     18.730889     18.633333
   3.17005     18.520051     18.512728
   3.12721     18.303307     18.399558
   3.08437     18.138413     18.329944
   3.04153     18.306023     18.335541
   2.99869     18.613714     18.633320
   2.95585     18.941261     18.962423
   2.91301     19.283817     19.303786
   2.87017     19.237592     19.195982
   2.82733     19.396165     19.130155
   2.78449     19.042644     18.933933
   2.74165     18.806315     18.742057
   2.69881     18.864450     18.852327
   2.65598     19.002527     18.970338
   2.61314     19.139228     19.079052
   2.57030     19.406857     19.434837
   2.52746     19.566167     19.645369
   2.48462     19.125016     19.113887
   2.44178     19.123844     19.181133
   2.44178     19.123845     19.181130
   2.39894     19.291404     19.301490
   2.35610     19.166574     19.169579
   2.31327     19.378975     19.381225
   2.27043     19.735811     19.631506
   2.22759     19.781832     19.691019
   2.18475     19.860733     19.871222
   2.14192     20.012909     19.913107
   2.09908     20.056189     19.933182
   2.05624     19.945262     19.896164
   2.01340     19.675862     19.726776
   1.97056     19.486540     19.582452
   1.92773     19.427540     19.364687
   1.88489     19.167601     19.133693
   1.84205     19.079186     19.074515
   1.79921     19.067305     19.085582
   1.75638     18.941508     18.859960
   1.71354     18.848978     18.757504
   1.67070     18.951664     18.875308
   1.62786     19.004301     18.997923
   1.62786     19.004304     18.997860
   1.58502     18.881831     18.945955
   1.54218     18.764819     18.842482
   1.49934     18.870031     18.934069
   1.45651     19.090880     19.060530
   1.41367     19.078909     19.072463
   1.37083     19.142016     19.160564
   1.32799     19.367425     19.425251
   1.28515     19.585969     19.482698
   1.24231     19.729674     19.669417
   1.19947     19.896193     19.938477
   1.15663     19.934506     20.050080
   1.11379     19.915222     20.004859
   1.07095     19.844079     19.849836
   1.02811     19.690164     19.771541
   0.98527     19.615625     19.598358
   0.94244     19.325317     19.305438
   0.89960     19.144167     19.170697
   0.85676     19.304811     19.284368
   0.81392     19.180162     19.118756
   0.81392     19.180162     19.118776
   0.77108     19.087013     19.054917
   0.72824     19.500515     19.526170
   0.68540     19.442571     19.398261
   0.64257     19.086553     19.133379
   0.59973     18.978944     18.993599
   0.55689     18.846790     18.856447
   0.51405     18.744141     18.801730
   0.47122     18.935884     19.042204
   0.42838     19.132249     19.393082
   0.38554     19.196501     19.236427
   0.34270     19.313406     19.273551
   0.29986     18.971808     18.931559
   0.25703     18.642595     18.604351
   0.21419     18.338530     18.296240
   0.17135     18.333303     18.134898
   0.12851     18.403173     18.300327
   0.08568     18.516549     18.517095
   0.04284     18.637366     18.728048
   0.00000     18.754663     18.751225
 
# Band-Index   63
   0.00000     18.854316     18.851668
   0.04284     19.074503     18.916622
   0.08568     19.323804     19.111659
   0.12851     19.356300     19.305244
   0.17135     19.407708     19.439456
   0.21419     19.480827     19.520185
   0.25703     19.570344     19.611593
   0.29986     19.447150     19.536773
   0.34270     19.347919     19.377142
   0.38554     19.504611     19.589269
   0.42838     19.524113     19.468899
   0.47122     19.375873     19.121359
   0.51405     19.093981     18.833547
   0.55689     18.982088     19.093328
   0.59973     19.347045     19.437123
   0.64257     19.733138     19.816497
   0.68540     19.816207     19.831537
   0.72824     19.649201     19.667294
   0.77108     19.450378     19.407938
   0.81392     19.336327     19.375922
   0.81392     19.336384     19.375928
   0.85676     19.331038     19.318549
   0.89960     19.485012     19.482319
   0.94244     19.675120     19.685488
   0.98527     19.770059     19.750335
   1.02811     19.861500     19.853820
   1.07095     19.910706     19.942277
   1.11379     20.046312     20.166265
   1.15663     20.131786     20.139224
   1.19947     19.958362     19.972349
   1.24231     19.987527     19.902731
   1.28515     19.718593     19.794823
   1.32799     19.559384     19.537073
   1.37083     19.345784     19.360740
   1.41367     19.357921     19.324002
   1.45651     19.207847     19.252264
   1.49934     19.087304     19.038880
   1.54218     19.077311     19.018074
   1.58502     19.067899     19.003184
   1.62786     19.064343     19.058876
   1.62786     19.064247     19.058988
   1.67070     19.009789     19.062270
   1.71354     19.024305     19.071453
   1.75638     19.045351     19.082175
   1.79921     19.261537     19.196159
   1.84205     19.333523     19.348907
   1.88489     19.366266     19.339491
   1.92773     19.540160     19.556543
   1.97056     19.797185     19.715742
   2.01340     19.906814     19.984967
   2.05624     19.975347     19.956041
   2.09908     20.141516     20.129914
   2.14192     20.171373     20.067129
   2.18475     19.949619     19.906226
   2.22759     19.860135     19.869029
   2.27043     19.691445     19.773254
   2.31327     19.694133     19.671871
   2.35610     19.489758     19.480411
   2.39894     19.331630     19.336566
   2.44178     19.403791     19.423772
   2.44178     19.403783     19.423766
   2.48462     19.412897     19.453987
   2.52746     19.675665     19.618079
   2.57030     19.838531     19.818853
   2.61314     19.822455     19.728961
   2.65598     19.442385     19.342365
   2.69881     19.096817     18.977074
   2.74165     18.835376     19.093027
   2.78449     19.123499     19.374522
   2.82733     19.470697     19.522483
   2.87017     19.596728     19.503662
   2.91301     19.378642     19.347129
   2.95585     19.538222     19.445884
   2.99869     19.621597     19.560226
   3.04153     19.530330     19.470781
   3.08437     19.449340     19.396860
   3.12721     19.308498     19.344611
   3.17005     19.115232     19.314199
   3.21288     18.920205     19.071301
   3.25572     18.854294     18.851628
   3.25572     18.854293     18.851628
   3.31631     18.973846     18.970745
   3.37689     19.048193     19.044952
   3.43747     19.130588     19.127319
   3.49805     19.197929     19.194686
   3.55864     19.131430     19.128838
   3.61922     19.262472     19.258565
   3.67980     19.462701     19.458722
   3.74039     19.736493     19.732224
   3.80097     20.149062     20.148568
   3.86155     19.890895     19.890135
   3.92213     19.973102     19.965924
   3.98272     20.026802     20.024371
   4.04330     19.921673     19.918961
   4.10388     19.652226     19.643939
   4.16446     19.664100     19.656574
   4.22505     19.199688     19.195595
   4.28563     19.162471     19.161278
   4.34621     19.098053     19.091961
   4.40680     19.064246     19.058988
 
# Band-Index   64
   4.40680     19.166495     19.157635
   4.34621     19.434904     19.425892
   4.28563     19.254562     19.248351
   4.22505     19.472652     19.465887
   4.16446     19.719077     19.712234
   4.10388     19.968533     19.957486
   4.04330     20.014493     20.012692
   3.98272     20.414002     20.279846
   3.92213     20.437357     20.436461
   3.86155     20.567403     20.567554
   3.80097     20.198461     20.218267
   3.74039     20.329684     20.323480
   3.67980     20.069659     20.065682
   3.61922     19.895015     19.889849
   3.55864     19.765586     19.757662
   3.49805     19.637604     19.628272
   3.43747     19.487316     19.477480
   3.37689     19.373336     19.363647
   3.31631     19.319137     19.309585
   3.25572     19.225700     19.222366
   3.25572     19.225700     19.222366
   3.21288     19.313992     19.301268
   3.17005     19.340265     19.336015
   3.12721     19.385361     19.587020
   3.08437     19.484903     19.755637
   3.04153     19.610961     19.717753
   2.99869     19.632981     19.573056
   2.95585     19.714658     19.655572
   2.91301     19.779786     19.732542
   2.87017     19.664458     19.646713
   2.82733     19.474992     19.620471
   2.78449     19.796982     19.761217
   2.74165     20.092486     20.006445
   2.69881     20.258269     20.226551
   2.65598     20.427787     20.400052
   2.61314     20.182124     20.170303
   2.57030     20.074891     20.018139
   2.52746     19.689805     19.701589
   2.48462     19.680398     19.706372
   2.44178     19.518106     19.596050
   2.44178     19.518184     19.595772
   2.39894     19.504485     19.522323
   2.35610     19.787583     19.811397
   2.31327     19.741160     19.758922
   2.27043     19.888215     19.837311
   2.22759     19.984521     19.962930
   2.18475     20.017044     20.019126
   2.14192     20.226939     20.066443
   2.09908     20.167373     20.154953
   2.05624     20.002261     20.138519
   2.01340     20.056976     20.053238
   1.97056     19.812547     19.950259
   1.92773     19.749270     19.860300
   1.88489     19.738286     19.797421
   1.84205     19.613037     19.592170
   1.79921     19.288902     19.237187
   1.75638     19.154681     19.233507
   1.71354     19.412717     19.514228
   1.67070     19.283776     19.321275
   1.62786     19.166460     19.157634
   1.62786     19.166446     19.157614
   1.58502     19.330735     19.275014
   1.54218     19.516148     19.411485
   1.49934     19.235146     19.152854
   1.45651     19.243344     19.293579
   1.41367     19.605256     19.602467
   1.37083     19.798019     19.737191
   1.32799     19.860054     19.747147
   1.28515     19.951376     19.809694
   1.24231     20.052696     20.053153
   1.19947     20.134853     19.995990
   1.15663     20.149468     20.163116
   1.11379     20.068419     20.224083
   1.07095     20.012472     20.012930
   1.02811     19.917949     19.902834
   0.98527     19.835146     19.879435
   0.94244     19.753979     19.732004
   0.89960     19.698847     19.712407
   0.85676     19.454289     19.483902
   0.81392     19.537136     19.492853
   0.81392     19.537048     19.492599
   0.77108     19.651049     19.647860
   0.72824     19.706194     19.679561
   0.68540     19.968594     20.026901
   0.64257     20.166494     20.176386
   0.59973     20.407700     20.451462
   0.55689     20.236773     20.253326
   0.51405     20.007906     20.088130
   0.47122     19.763048     19.794430
   0.42838     19.623344     19.473598
   0.38554     19.656051     19.658596
   0.34270     19.733583     19.774699
   0.29986     19.665587     19.704473
   0.25703     19.574268     19.631479
   0.21419     19.718911     19.609877
   0.17135     19.758298     19.482081
   0.12851     19.589869     19.375230
   0.08568     19.338914     19.330456
   0.04284     19.304872     19.304671
   0.00000     19.225813     19.222449
