#K-Path(1/A)         Spin-Up(eV)   Spin-down(eV)
# NKPTS & NBANDS: 100  64
# Band-Index    1
   0.00000    -18.662180    -18.662196
   0.04116    -18.664725    -18.664510
   0.08231    -18.672260    -18.671364
   0.12347    -18.684550    -18.682547
   0.16462    -18.701199    -18.697703
   0.20578    -18.721680    -18.716359
   0.24694    -18.745359    -18.737946
   0.28809    -18.771519    -18.761814
   0.32925    -18.799385    -18.787260
   0.37040    -18.828163    -18.813563
   0.41156    -18.857048    -18.839988
   0.45271    -18.885254    -18.865816
   0.49387    -18.912053    -18.890376
   0.53503    -18.936749    -18.913026
   0.57618    -18.958730    -18.933200
   0.61734    -18.977471    -18.950410
   0.65849    -18.992517    -18.964233
   0.69965    -19.003519    -18.974346
   0.74081    -19.010220    -18.980507
   0.78196    -19.012470    -18.982576
   0.78196    -19.012470    -18.982576
   0.82312    -19.014817    -18.985155
   0.86427    -19.021779    -18.992806
   0.90543    -19.033136    -19.005281
   0.94658    -19.048533    -19.022183
   0.98774    -19.067485    -19.042973
   1.02890    -19.089411    -19.067005
   1.07005    -19.113659    -19.093556
   1.11121    -19.139519    -19.121842
   1.15236    -19.166243    -19.151044
   1.19352    -19.193100    -19.180359
   1.23468    -19.219360    -19.208993
   1.27583    -19.244328    -19.236191
   1.31699    -19.267360    -19.261259
   1.35814    -19.287877    -19.283572
   1.39930    -19.305379    -19.302592
   1.44046    -19.319441    -19.317864
   1.48161    -19.329723    -19.329027
   1.52277    -19.335993    -19.335832
   1.56392    -19.338098    -19.338116
   1.56392    -19.338098    -19.338116
   1.60508    -19.335814    -19.336011
   1.64623    -19.329009    -19.329741
   1.68739    -19.317846    -19.319459
   1.72855    -19.302574    -19.305397
   1.76970    -19.283554    -19.287895
   1.81086    -19.261242    -19.267378
   1.85201    -19.236174    -19.244346
   1.89317    -19.208976    -19.219378
   1.93433    -19.180342    -19.193118
   1.97548    -19.151027    -19.166261
   2.01664    -19.121826    -19.139537
   2.05779    -19.093539    -19.113677
   2.09895    -19.066989    -19.089429
   2.14010    -19.042957    -19.067503
   2.18126    -19.022167    -19.048551
   2.22242    -19.005265    -19.033154
   2.26357    -18.992791    -19.021797
   2.30473    -18.985140    -19.014834
   2.34588    -18.982560    -19.012488
   2.34588    -18.982560    -19.012488
   2.38704    -18.980491    -19.010238
   2.42820    -18.974330    -19.003536
   2.46935    -18.964218    -18.992534
   2.51051    -18.950394    -18.977488
   2.55166    -18.933184    -18.958748
   2.59282    -18.913010    -18.936766
   2.63398    -18.890360    -18.912070
   2.67513    -18.865801    -18.885271
   2.71629    -18.839973    -18.857065
   2.75744    -18.813547    -18.828179
   2.79860    -18.787245    -18.799402
   2.83975    -18.761799    -18.771536
   2.88091    -18.737930    -18.745375
   2.92207    -18.716344    -18.721696
   2.96322    -18.697687    -18.701215
   3.00438    -18.682531    -18.684566
   3.04553    -18.671349    -18.672276
   3.08669    -18.664495    -18.664740
   3.12785    -18.662180    -18.662196
   3.12785    -18.662180    -18.662196
   3.18605    -18.667035    -18.667051
   3.24425    -18.681428    -18.681444
   3.30245    -18.704917    -18.704933
   3.36066    -18.736763    -18.736779
   3.41886    -18.775986    -18.776002
   3.47706    -18.821390    -18.821406
   3.53527    -18.871621    -18.871638
   3.59347    -18.925225    -18.925241
   3.65167    -18.980672    -18.980689
   3.70988    -19.036416    -19.036433
   3.76808    -19.090957    -19.090974
   3.82628    -19.142849    -19.142866
   3.88449    -19.190758    -19.190775
   3.94269    -19.233462    -19.233480
   4.00089    -19.269909    -19.269927
   4.05910    -19.299207    -19.299224
   4.11730    -19.320641    -19.320659
   4.17550    -19.333707    -19.333724
   4.23371    -19.338098    -19.338116
 
# Band-Index    2
   4.23371    -12.436825    -12.436795
   4.17550    -12.433434    -12.433405
   4.11730    -12.423309    -12.423279
   4.05910    -12.406585    -12.406555
   4.00089    -12.383493    -12.383463
   3.94269    -12.354360    -12.354330
   3.88449    -12.319615    -12.319584
   3.82628    -12.279795    -12.279764
   3.76808    -12.235564    -12.235533
   3.70988    -12.187723    -12.187691
   3.65167    -12.137236    -12.137204
   3.59347    -12.085251    -12.085218
   3.53527    -12.033122    -12.033088
   3.47706    -11.982408    -11.982374
   3.41886    -11.934862    -11.934827
   3.36066    -11.892360    -11.892325
   3.30245    -11.856802    -11.856766
   3.24425    -11.829940    -11.829904
   3.18605    -11.813200    -11.813164
   3.12785    -11.807513    -11.807476
   3.12785    -11.807513    -11.807476
   3.08669    -11.810470    -11.810217
   3.04553    -11.819236    -11.818338
   3.00438    -11.833507    -11.831555
   2.96322    -11.852785    -11.849402
   2.92207    -11.876415    -11.871267
   2.88091    -11.903610    -11.896419
   2.83975    -11.933494    -11.924048
   2.79860    -11.965142    -11.953299
   2.75744    -11.997619    -11.983310
   2.71629    -12.030010    -12.013238
   2.67513    -12.061448    -12.042283
   2.63398    -12.091133    -12.069706
   2.59282    -12.118343    -12.094842
   2.55166    -12.142445    -12.117108
   2.51051    -12.162902    -12.136006
   2.46935    -12.179271    -12.151127
   2.42820    -12.191209    -12.162155
   2.38704    -12.198469    -12.168862
   2.34588    -12.200905    -12.171113
   2.34588    -12.200905    -12.171113
   2.30473    -12.202484    -12.172942
   2.26357    -12.207183    -12.178377
   2.22242    -12.214890    -12.187274
   2.18126    -12.225414    -12.199389
   2.14010    -12.238491    -12.214390
   2.09895    -12.253782    -12.231860
   2.05779    -12.270879    -12.251314
   2.01664    -12.289318    -12.272205
   1.97548    -12.308590    -12.293950
   1.93433    -12.328158    -12.315943
   1.89317    -12.347474    -12.337576
   1.85201    -12.365999    -12.358256
   1.81086    -12.383220    -12.377425
   1.76970    -12.398661    -12.394572
   1.72855    -12.411903    -12.409246
   1.68739    -12.422586    -12.421067
   1.64623    -12.430426    -12.429731
   1.60508    -12.435215    -12.435018
   1.56392    -12.436825    -12.436795
   1.56392    -12.436825    -12.436795
   1.52277    -12.435048    -12.435186
   1.48161    -12.429760    -12.430397
   1.44046    -12.421096    -12.422557
   1.39930    -12.409275    -12.411873
   1.35814    -12.394601    -12.398631
   1.31699    -12.377454    -12.383190
   1.27583    -12.358286    -12.365969
   1.23468    -12.337606    -12.347443
   1.19352    -12.315973    -12.328126
   1.15236    -12.293980    -12.308558
   1.11121    -12.272235    -12.289287
   1.07005    -12.251344    -12.270847
   1.02890    -12.231890    -12.253749
   0.98774    -12.214420    -12.238458
   0.94658    -12.199419    -12.225381
   0.90543    -12.187304    -12.214857
   0.86427    -12.178408    -12.207150
   0.82312    -12.172972    -12.202451
   0.78196    -12.171144    -12.200872
   0.78196    -12.171144    -12.200872
   0.74081    -12.168893    -12.198435
   0.69965    -12.162186    -12.191175
   0.65849    -12.151158    -12.179238
   0.61734    -12.136037    -12.162869
   0.57618    -12.117139    -12.142412
   0.53503    -12.094874    -12.118309
   0.49387    -12.069738    -12.091099
   0.45271    -12.042315    -12.061413
   0.41156    -12.013271    -12.029975
   0.37040    -11.983344    -11.997583
   0.32925    -11.953334    -11.965106
   0.28809    -11.924082    -11.933458
   0.24694    -11.896454    -11.903574
   0.20578    -11.871302    -11.876379
   0.16462    -11.849438    -11.852749
   0.12347    -11.831591    -11.833470
   0.08231    -11.818375    -11.819200
   0.04116    -11.810253    -11.810433
   0.00000    -11.807513    -11.807476
 
# Band-Index    3
   0.00000    -11.443347    -11.443302
   0.04116    -11.443764    -11.443564
   0.08231    -11.444996    -11.444336
   0.12347    -11.446995    -11.445576
   0.16462    -11.449684    -11.447223
   0.20578    -11.452970    -11.449208
   0.24694    -11.456744    -11.451456
   0.28809    -11.460893    -11.453896
   0.32925    -11.465297    -11.456458
   0.37040    -11.469836    -11.459075
   0.41156    -11.474392    -11.461683
   0.45271    -11.478845    -11.464220
   0.49387    -11.483083    -11.466626
   0.53503    -11.487000    -11.468844
   0.57618    -11.490496    -11.470821
   0.61734    -11.493484    -11.472510
   0.65849    -11.495889    -11.473868
   0.69965    -11.497651    -11.474864
   0.74081    -11.498727    -11.475471
   0.78196    -11.499088    -11.475675
   0.78196    -11.499088    -11.475675
   0.82312    -11.499549    -11.476306
   0.86427    -11.500919    -11.478182
   0.90543    -11.503162    -11.481247
   0.94658    -11.506214    -11.485415
   0.98774    -11.509993    -11.490565
   1.02890    -11.514394    -11.496549
   1.07005    -11.519297    -11.503200
   1.11121    -11.524566    -11.510331
   1.15236    -11.530056    -11.517741
   1.19352    -11.535617    -11.525230
   1.23468    -11.541097    -11.532590
   1.27583    -11.546346    -11.539624
   1.31699    -11.551222    -11.546143
   1.35814    -11.555591    -11.551976
   1.39930    -11.559338    -11.556968
   1.44046    -11.562361    -11.560991
   1.48161    -11.564580    -11.563941
   1.52277    -11.565936    -11.565741
   1.56392    -11.566391    -11.566347
   1.56392    -11.566391    -11.566347
   1.60508    -11.565786    -11.565891
   1.64623    -11.563986    -11.564535
   1.68739    -11.561036    -11.562317
   1.72855    -11.557013    -11.559294
   1.76970    -11.552021    -11.555547
   1.81086    -11.546189    -11.551177
   1.85201    -11.539669    -11.546302
   1.89317    -11.532636    -11.541053
   1.93433    -11.525275    -11.535573
   1.97548    -11.517787    -11.530012
   2.01664    -11.510377    -11.524522
   2.05779    -11.503246    -11.519254
   2.09895    -11.496595    -11.514351
   2.14010    -11.490611    -11.509950
   2.18126    -11.485461    -11.506172
   2.22242    -11.481294    -11.503119
   2.26357    -11.478228    -11.500877
   2.30473    -11.476353    -11.499507
   2.34588    -11.475721    -11.499046
   2.34588    -11.475721    -11.499046
   2.38704    -11.475518    -11.498684
   2.42820    -11.474910    -11.497609
   2.46935    -11.473915    -11.495847
   2.51051    -11.472556    -11.493442
   2.55166    -11.470867    -11.490453
   2.59282    -11.468890    -11.486957
   2.63398    -11.466672    -11.483041
   2.67513    -11.464266    -11.478802
   2.71629    -11.461729    -11.474348
   2.75744    -11.459120    -11.469793
   2.79860    -11.456503    -11.465253
   2.83975    -11.453941    -11.460849
   2.88091    -11.451501    -11.456700
   2.92207    -11.449252    -11.452926
   2.96322    -11.447268    -11.449640
   3.00438    -11.445620    -11.446950
   3.04553    -11.444381    -11.444951
   3.08669    -11.443609    -11.443719
   3.12785    -11.443347    -11.443302
   3.12785    -11.443347    -11.443302
   3.18605    -11.444026    -11.443982
   3.24425    -11.446037    -11.445992
   3.30245    -11.449313    -11.449269
   3.36066    -11.453784    -11.453739
   3.41886    -11.459390    -11.459345
   3.47706    -11.466085    -11.466041
   3.53527    -11.473812    -11.473768
   3.59347    -11.482482    -11.482438
   3.65167    -11.491950    -11.491906
   3.70988    -11.502011    -11.501967
   3.76808    -11.512397    -11.512352
   3.82628    -11.522787    -11.522743
   3.88449    -11.532824    -11.532779
   3.94269    -11.542134    -11.542089
   4.00089    -11.550350    -11.550305
   4.05910    -11.557135    -11.557090
   4.11730    -11.562201    -11.562156
   4.17550    -11.565332    -11.565288
   4.23371    -11.566391    -11.566347
 
# Band-Index    4
   4.23371     -4.701727     -4.701716
   4.17550     -4.721673     -4.721662
   4.11730     -4.779728     -4.779719
   4.05910     -4.872472     -4.872467
   4.00089     -4.995864     -4.995865
   3.94269     -5.144058     -5.144066
   3.88449     -5.310244     -5.310258
   3.82628     -5.487960     -5.487977
   3.76808     -5.671453     -5.671473
   3.70988     -5.855677     -5.855700
   3.65167     -6.036250     -6.036274
   3.59347     -6.209417     -6.209441
   3.53527     -6.371987     -6.372010
   3.47706     -6.521201     -6.521222
   3.41886     -6.654542     -6.654561
   3.36066     -6.769513     -6.769531
   3.30245     -6.863421     -6.863436
   3.24425     -6.933340     -6.933353
   3.18605     -6.976596     -6.976608
   3.12785     -6.991234     -6.991247
   3.12785     -6.991234     -6.991247
   3.08669     -6.982149     -6.985687
   3.04553     -6.954999     -6.969085
   3.00438     -6.910351     -6.941858
   2.96322     -6.849014     -6.904638
   2.92207     -6.772146     -6.858268
   2.88091     -6.681243     -6.803796
   2.83975     -6.638210     -6.742442
   2.79860     -6.604478     -6.675531
   2.75744     -6.570239     -6.604603
   2.71629     -6.536453     -6.531284
   2.67513     -6.503981     -6.457328
   2.63398     -6.473606     -6.384634
   2.59282     -6.446000     -6.315241
   2.55166     -6.421704     -6.251252
   2.51051     -6.401237     -6.194898
   2.46935     -6.384933     -6.148279
   2.42820     -6.373097     -6.113357
   2.38704     -6.365906     -6.091696
   2.34588     -6.363492     -6.084352
   2.34588     -6.363492     -6.084352
   2.30473     -6.354357     -6.076744
   2.26357     -6.327004     -6.053947
   2.22242     -6.281834     -6.016290
   2.18126     -6.219468     -5.964298
   2.14010     -6.140768     -5.898694
   2.09895     -6.046947     -5.820543
   2.05779     -5.939565     -5.731239
   2.01664     -5.820489     -5.632470
   1.97548     -5.691960     -5.526280
   1.93433     -5.556646     -5.415094
   1.89317     -5.417557     -5.301627
   1.85201     -5.278059     -5.188865
   1.81086     -5.141848     -5.080014
   1.76970     -5.012907     -4.978431
   1.72855     -4.895482     -4.887570
   1.68739     -4.794126     -4.810924
   1.64623     -4.729655     -4.752049
   1.60508     -4.708843     -4.714622
   1.56392     -4.701727     -4.701716
   1.56392     -4.701727     -4.701716
   1.52277     -4.714634     -4.708832
   1.48161     -4.752060     -4.729646
   1.44046     -4.810936     -4.794178
   1.39930     -4.887582     -4.895535
   1.35814     -4.978445     -5.012962
   1.31699     -5.080029     -5.141905
   1.27583     -5.188881     -5.278119
   1.23468     -5.301645     -5.417620
   1.19352     -5.415113     -5.556711
   1.15236     -5.526301     -5.692027
   1.11121     -5.632492     -5.820558
   1.07005     -5.731263     -5.939635
   1.02890     -5.820568     -6.047019
   0.98774     -5.898719     -6.140841
   0.94658     -5.964324     -6.219542
   0.90543     -6.016317     -6.281909
   0.86427     -6.053974     -6.327079
   0.82312     -6.076771     -6.354433
   0.78196     -6.084380     -6.363568
   0.78196     -6.084380     -6.363568
   0.74081     -6.091724     -6.365981
   0.69965     -6.113383     -6.373172
   0.65849     -6.148303     -6.385007
   0.61734     -6.194919     -6.401311
   0.57618     -6.251270     -6.421777
   0.53503     -6.315256     -6.446072
   0.49387     -6.384645     -6.473678
   0.45271     -6.457336     -6.504052
   0.41156     -6.531289     -6.536522
   0.37040     -6.604605     -6.570306
   0.32925     -6.675530     -6.604544
   0.28809     -6.742439     -6.638276
   0.24694     -6.803790     -6.681258
   0.20578     -6.858260     -6.772160
   0.16462     -6.904629     -6.849028
   0.12347     -6.941848     -6.910364
   0.08231     -6.969074     -6.955011
   0.04116     -6.985675     -6.982161
   0.00000     -6.991234     -6.991247
 
# Band-Index    5
   0.00000     -6.776226     -6.776287
   0.04116     -6.765263     -6.772985
   0.08231     -6.732490     -6.763169
   0.12347     -6.678489     -6.747271
   0.16462     -6.604113     -6.725939
   0.20578     -6.510579     -6.700007
   0.24694     -6.399474     -6.670437
   0.28809     -6.272701     -6.578103
   0.32925     -6.132478     -6.464731
   0.37040     -5.981437     -6.343512
   0.41156     -5.822524     -6.217047
   0.45271     -5.659127     -6.088227
   0.49387     -5.495171     -5.960324
   0.53503     -5.334953     -5.836779
   0.57618     -5.183455     -5.721454
   0.61734     -5.046229     -5.618468
   0.65849     -4.929335     -5.532093
   0.69965     -4.839207     -5.466544
   0.74081     -4.781920     -5.425477
   0.78196     -4.762189     -5.411465
   0.78196     -4.762189     -5.411465
   0.82312     -4.761353     -5.407870
   0.86427     -4.758890     -5.397147
   0.90543     -4.754833     -5.379368
   0.94658     -4.749327     -5.354757
   0.98774     -4.742524     -5.323584
   1.02890     -4.734600     -5.286210
   1.07005     -4.725823     -5.243159
   1.11121     -4.716401     -5.195004
   1.15236     -4.706583     -5.142495
   1.19352     -4.696698     -5.086609
   1.23468     -4.686979     -5.028460
   1.27583     -4.677702     -4.969449
   1.31699     -4.669094     -4.911232
   1.35814     -4.661399     -4.855793
   1.39930     -4.654823     -4.805400
   1.44046     -4.649522     -4.762484
   1.48161     -4.645634     -4.713887
   1.52277     -4.643270     -4.661185
   1.56392     -4.642464     -4.642513
   1.56392     -4.642464     -4.642513
   1.60508     -4.661136     -4.643319
   1.64623     -4.713837     -4.645682
   1.68739     -4.762490     -4.649570
   1.72855     -4.805403     -4.654871
   1.76970     -4.855792     -4.661445
   1.81086     -4.911227     -4.669140
   1.85201     -4.969441     -4.677747
   1.89317     -5.028449     -4.687024
   1.93433     -5.086596     -4.696741
   1.97548     -5.142479     -4.706626
   2.01664     -5.194986     -4.716443
   2.05779     -5.243140     -4.725863
   2.09895     -5.286189     -4.734640
   2.14010     -5.323562     -4.742564
   2.18126     -5.354734     -4.749366
   2.22242     -5.379344     -4.754871
   2.26357     -5.397123     -4.758928
   2.30473     -5.407846     -4.761391
   2.34588     -5.411441     -4.762227
   2.34588     -5.411441     -4.762227
   2.38704     -5.425452     -4.781958
   2.42820     -5.466519     -4.839245
   2.46935     -5.532069     -4.929374
   2.51051     -5.618445     -5.046268
   2.55166     -5.721431     -5.183497
   2.59282     -5.836757     -5.334996
   2.63398     -5.960303     -5.495216
   2.67513     -6.088207     -5.659175
   2.71629     -6.217027     -5.822573
   2.75744     -6.343494     -5.981488
   2.79860     -6.464714     -6.132531
   2.83975     -6.578087     -6.272756
   2.88091     -6.670373     -6.399531
   2.92207     -6.699944     -6.510637
   2.96322     -6.725877     -6.604172
   3.00438     -6.747210     -6.678549
   3.04553     -6.763108     -6.732550
   3.08669     -6.772925     -6.765324
   3.12785     -6.776226     -6.776287
   3.12785     -6.776226     -6.776287
   3.18605     -6.761938     -6.761998
   3.24425     -6.719190     -6.719249
   3.30245     -6.648635     -6.648691
   3.36066     -6.551625     -6.551678
   3.41886     -6.430635     -6.430684
   3.47706     -6.289314     -6.289359
   3.53527     -6.132362     -6.132405
   3.59347     -5.965128     -5.965168
   3.65167     -5.793036     -5.793074
   3.70988     -5.621282     -5.621320
   3.76808     -5.454486     -5.454524
   3.82628     -5.296443     -5.296482
   3.88449     -5.150022     -5.150062
   3.94269     -5.017178     -5.017221
   4.00089     -4.899273     -4.899319
   4.05910     -4.797869     -4.797918
   4.11730     -4.716426     -4.716476
   4.17550     -4.661918     -4.661967
   4.23371     -4.642464     -4.642513
 
# Band-Index    6
   4.23371     -4.246733     -4.246770
   4.17550     -4.232891     -4.232927
   4.11730     -4.195533     -4.195569
   4.05910     -4.142777     -4.142812
   4.00089     -4.088818     -4.088850
   3.94269     -4.113078     -4.113106
   3.88449     -4.207159     -4.207187
   3.82628     -4.302491     -4.302518
   3.76808     -4.388547     -4.388575
   3.70988     -4.462187     -4.462215
   3.65167     -4.522197     -4.522225
   3.59347     -4.568448     -4.568476
   3.53527     -4.601701     -4.601729
   3.47706     -4.623351     -4.623379
   3.41886     -4.635356     -4.635383
   3.36066     -4.640073     -4.640100
   3.30245     -4.640081     -4.640109
   3.24425     -4.637878     -4.637906
   3.18605     -4.635608     -4.635636
   3.12785     -4.634659     -4.634687
   3.12785     -4.634659     -4.634687
   3.08669     -4.635521     -4.634854
   3.04553     -4.638015     -4.635293
   3.00438     -4.642093     -4.636036
   2.96322     -4.647640     -4.637103
   2.92207     -4.654482     -4.638488
   2.88091     -4.662415     -4.640193
   2.83975     -4.671219     -4.642214
   2.79860     -4.680626     -4.644507
   2.75744     -4.690380     -4.647041
   2.71629     -4.700213     -4.649752
   2.67513     -4.709847     -4.652555
   2.63398     -4.719045     -4.655375
   2.59282     -4.727558     -4.658109
   2.55166     -4.735149     -4.660640
   2.51051     -4.741660     -4.662905
   2.46935     -4.746895     -4.664792
   2.42820     -4.750720     -4.666233
   2.38704     -4.753056     -4.667190
   2.34588     -4.753845     -4.667548
   2.34588     -4.753845     -4.667548
   2.30473     -4.748725     -4.663050
   2.26357     -4.733424     -4.649603
   2.22242     -4.708114     -4.627340
   2.18126     -4.673084     -4.596488
   2.14010     -4.628727     -4.557349
   2.09895     -4.575567     -4.510333
   2.05779     -4.514304     -4.455993
   2.01664     -4.445867     -4.395070
   1.97548     -4.371406     -4.328470
   1.93433     -4.292694     -4.257597
   1.89317     -4.212876     -4.184810
   1.85201     -4.141533     -4.116581
   1.81086     -4.114059     -4.082939
   1.76970     -4.134016     -4.111379
   1.72855     -4.164006     -4.153502
   1.68739     -4.193885     -4.191352
   1.64623     -4.220268     -4.220976
   1.60508     -4.239473     -4.240103
   1.56392     -4.246733     -4.246770
   1.56392     -4.246733     -4.246770
   1.52277     -4.240066     -4.239511
   1.48161     -4.220940     -4.220306
   1.44046     -4.191317     -4.193923
   1.39930     -4.153468     -4.164044
   1.35814     -4.111347     -4.134056
   1.31699     -4.082913     -4.114098
   1.27583     -4.116566     -4.141570
   1.23468     -4.184799     -4.212913
   1.19352     -4.257588     -4.292732
   1.15236     -4.328463     -4.371445
   1.11121     -4.395065     -4.445907
   1.07005     -4.455989     -4.514345
   1.02890     -4.510331     -4.575608
   0.98774     -4.557348     -4.628769
   0.94658     -4.596489     -4.673127
   0.90543     -4.627341     -4.708157
   0.86427     -4.649605     -4.733467
   0.82312     -4.663052     -4.748768
   0.78196     -4.667550     -4.753888
   0.78196     -4.667550     -4.753888
   0.74081     -4.667192     -4.753100
   0.69965     -4.666235     -4.750763
   0.65849     -4.664793     -4.746938
   0.61734     -4.662905     -4.741702
   0.57618     -4.660638     -4.735191
   0.53503     -4.658105     -4.727599
   0.49387     -4.655369     -4.719084
   0.45271     -4.652547     -4.709886
   0.41156     -4.649742     -4.700250
   0.37040     -4.647027     -4.690416
   0.32925     -4.644492     -4.680661
   0.28809     -4.642196     -4.671252
   0.24694     -4.640173     -4.662447
   0.20578     -4.638466     -4.654512
   0.16462     -4.637078     -4.647670
   0.12347     -4.636010     -4.642122
   0.08231     -4.635266     -4.638044
   0.04116     -4.634826     -4.635549
   0.00000     -4.634659     -4.634687
 
# Band-Index    7
   0.00000     -3.578642     -3.578640
   0.04116     -3.579502     -3.570506
   0.08231     -3.582067     -3.546192
   0.12347     -3.586307     -3.505971
   0.16462     -3.592163     -3.450341
   0.20578     -3.599557     -3.380099
   0.24694     -3.608393     -3.296533
   0.28809     -3.618555     -3.202349
   0.32925     -3.629916     -3.198049
   0.37040     -3.642345     -3.205418
   0.41156     -3.655712     -3.259036
   0.45271     -3.669896     -3.330285
   0.49387     -3.684780     -3.394731
   0.53503     -3.700218     -3.451604
   0.57618     -3.715986     -3.500392
   0.61734     -3.731663     -3.540730
   0.65849     -3.746467     -3.572348
   0.69965     -3.759101     -3.595056
   0.74081     -3.767819     -3.608727
   0.78196     -3.770961     -3.613293
   0.78196     -3.770961     -3.613293
   0.82312     -3.759206     -3.620585
   0.86427     -3.724175     -3.639634
   0.90543     -3.666599     -3.666183
   0.94658     -3.587899     -3.697927
   0.98774     -3.492157     -3.733779
   1.02890     -3.456269     -3.772946
   1.07005     -3.542675     -3.814583
   1.11121     -3.634657     -3.857716
   1.15236     -3.723806     -3.901223
   1.19352     -3.807600     -3.943699
   1.23468     -3.883562     -3.982657
   1.27583     -3.945754     -4.009633
   1.31699     -3.965359     -3.990969
   1.35814     -3.916680     -3.925449
   1.39930     -3.850666     -3.853505
   1.44046     -3.788478     -3.788640
   1.48161     -3.737723     -3.737181
   1.52277     -3.704228     -3.703987
   1.56392     -3.692460     -3.692486
   1.56392     -3.692460     -3.692486
   1.60508     -3.703961     -3.704253
   1.64623     -3.737154     -3.737747
   1.68739     -3.788611     -3.788500
   1.72855     -3.853474     -3.850686
   1.76970     -3.925417     -3.916699
   1.81086     -3.990933     -3.965381
   1.85201     -4.009593     -3.945782
   1.89317     -3.982614     -3.883590
   1.93433     -3.943655     -3.807626
   1.97548     -3.901179     -3.723830
   2.01664     -3.857670     -3.634678
   2.05779     -3.814536     -3.542691
   2.09895     -3.772898     -3.456273
   2.14010     -3.733729     -3.492136
   2.18126     -3.697876     -3.587879
   2.22242     -3.666131     -3.666579
   2.26357     -3.639581     -3.724155
   2.30473     -3.620531     -3.759186
   2.34588     -3.613238     -3.770941
   2.34588     -3.613238     -3.770941
   2.38704     -3.608673     -3.767800
   2.42820     -3.595001     -3.759083
   2.46935     -3.572294     -3.746451
   2.51051     -3.540677     -3.731650
   2.55166     -3.500339     -3.715975
   2.59282     -3.451552     -3.700209
   2.63398     -3.394680     -3.684773
   2.67513     -3.330235     -3.669891
   2.71629     -3.258988     -3.655708
   2.75744     -3.205392     -3.642341
   2.79860     -3.198025     -3.629913
   2.83975     -3.202363     -3.618553
   2.88091     -3.296543     -3.608391
   2.92207     -3.380106     -3.599554
   2.96322     -3.450346     -3.592160
   3.00438     -3.505975     -3.586305
   3.04553     -3.546195     -3.582065
   3.08669     -3.570509     -3.579500
   3.12785     -3.578642     -3.578640
   3.12785     -3.578642     -3.578640
   3.18605     -3.571383     -3.571381
   3.24425     -3.549814     -3.549813
   3.30245     -3.514557     -3.514557
   3.36066     -3.466574     -3.466576
   3.41886     -3.407042     -3.407046
   3.47706     -3.337137     -3.337144
   3.53527     -3.257914     -3.257925
   3.59347     -3.310630     -3.310661
   3.65167     -3.435834     -3.435865
   3.70988     -3.557682     -3.557714
   3.76808     -3.673727     -3.673759
   3.82628     -3.781925     -3.781958
   3.88449     -3.879753     -3.879787
   3.94269     -3.958882     -3.958916
   4.00089     -3.954838     -3.954867
   4.05910     -3.865298     -3.865325
   4.11730     -3.777793     -3.777820
   4.17550     -3.715346     -3.715372
   4.23371     -3.692460     -3.692486
 
# Band-Index    8
   4.23371     -2.770276     -2.770288
   4.17550     -2.763901     -2.763915
   4.11730     -2.747615     -2.747635
   4.05910     -2.727521     -2.727548
   4.00089     -2.711246     -2.711280
   3.94269     -2.710340     -2.710385
   3.88449     -2.738499     -2.738549
   3.82628     -2.798812     -2.798858
   3.76808     -2.882467     -2.882506
   3.70988     -2.977923     -2.977954
   3.65167     -3.075834     -3.075857
   3.59347     -3.170195     -3.170212
   3.53527     -3.186209     -3.186239
   3.47706     -3.081869     -3.081897
   3.41886     -3.081235     -3.081259
   3.36066     -3.124876     -3.124899
   3.30245     -3.161557     -3.161579
   3.24425     -3.187272     -3.187294
   3.18605     -3.202299     -3.202321
   3.12785     -3.207225     -3.207247
   3.12785     -3.207225     -3.207247
   3.08669     -3.206562     -3.203042
   3.04553     -3.204671     -3.190704
   3.00438     -3.201882     -3.171092
   2.96322     -3.198706     -3.145626
   2.92207     -3.195846     -3.116266
   2.88091     -3.194150     -3.085430
   2.83975     -3.194459     -3.055835
   2.79860     -3.122340     -3.030239
   2.75744     -3.182635     -3.011092
   2.71629     -3.217335     -3.000174
   2.67513     -3.234172     -2.998320
   2.63398     -3.255767     -3.005360
   2.59282     -3.281388     -3.020201
   2.55166     -3.309674     -3.040900
   2.51051     -3.338603     -3.064494
   2.46935     -3.365604     -3.087350
   2.42820     -3.387804     -3.106151
   2.38704     -3.402472     -3.118437
   2.34588     -3.407608     -3.122702
   2.34588     -3.407608     -3.122702
   2.30473     -3.392573     -3.120586
   2.26357     -3.350312     -3.114306
   2.22242     -3.285164     -3.178149
   2.18126     -3.199596     -3.257042
   2.14010     -3.094989     -3.341991
   2.09895     -2.972662     -3.353136
   2.05779     -2.834369     -3.226687
   2.01664     -2.682740     -3.079399
   1.97548     -2.687335     -2.959594
   1.93433     -2.705825     -2.924298
   1.89317     -2.723422     -2.887113
   1.85201     -2.739500     -2.848728
   1.81086     -2.753426     -2.810090
   1.76970     -2.764558     -2.772372
   1.72855     -2.772256     -2.737020
   1.68739     -2.775971     -2.705804
   1.64623     -2.775586     -2.735310
   1.60508     -2.772385     -2.761144
   1.56392     -2.770276     -2.770288
   1.56392     -2.770276     -2.770288
   1.52277     -2.761133     -2.772399
   1.48161     -2.735298     -2.775603
   1.44046     -2.705683     -2.775987
   1.39930     -2.736900     -2.772271
   1.35814     -2.772253     -2.764571
   1.31699     -2.809972     -2.753437
   1.27583     -2.848611     -2.739509
   1.23468     -2.886995     -2.723431
   1.19352     -2.924180     -2.705833
   1.15236     -2.959474     -2.687342
   1.11121     -3.079411     -2.682794
   1.07005     -3.226701     -2.834422
   1.02890     -3.353143     -2.972713
   0.98774     -3.341980     -3.095039
   0.94658     -3.257039     -3.199646
   0.90543     -3.178154     -3.285214
   0.86427     -3.114218     -3.350361
   0.82312     -3.120467     -3.392621
   0.78196     -3.122584     -3.407656
   0.78196     -3.122584     -3.407656
   0.74081     -3.118320     -3.402520
   0.69965     -3.106036     -3.387850
   0.65849     -3.087240     -3.365648
   0.61734     -3.064390     -3.338645
   0.57618     -3.040804     -3.309713
   0.53503     -3.020117     -3.281424
   0.49387     -3.005286     -3.255800
   0.45271     -2.998256     -3.234203
   0.41156     -3.000118     -3.217363
   0.37040     -3.011044     -3.182681
   0.32925     -3.030196     -3.122359
   0.28809     -3.055798     -3.194485
   0.24694     -3.085398     -3.194173
   0.20578     -3.116237     -3.195869
   0.16462     -3.145600     -3.198728
   0.12347     -3.171068     -3.201904
   0.08231     -3.190681     -3.204693
   0.04116     -3.203020     -3.206584
   0.00000     -3.207225     -3.207247
 
# Band-Index    9
   0.00000     -2.502296     -2.502286
   0.04116     -2.506877     -2.521417
   0.08231     -2.520395     -2.573072
   0.12347     -2.542207     -2.645998
   0.16462     -2.571341     -2.730756
   0.20578     -2.606603     -2.821057
   0.24694     -2.646676     -2.912685
   0.28809     -2.690194     -3.001886
   0.32925     -2.735800     -3.063992
   0.37040     -2.782181     -2.975541
   0.41156     -2.828086     -2.866075
   0.45271     -2.872316     -2.766849
   0.49387     -2.913677     -2.692122
   0.53503     -2.950927     -2.645655
   0.57618     -2.982932     -2.618530
   0.61734     -3.009150     -2.601587
   0.65849     -3.029651     -2.590127
   0.69965     -3.044497     -2.582343
   0.74081     -3.053532     -2.577711
   0.78196     -3.056569     -2.576163
   0.78196     -3.056569     -2.576163
   0.82312     -3.071500     -2.577906
   0.86427     -3.113870     -2.583075
   0.90543     -3.103606     -2.591482
   0.94658     -3.088966     -2.602827
   0.98774     -3.070307     -2.616715
   1.02890     -3.047775     -2.632666
   1.07005     -3.021570     -2.650141
   1.11121     -2.991944     -2.668511
   1.15236     -2.921047     -2.521977
   1.19352     -2.759097     -2.361552
   1.23468     -2.611079     -2.229368
   1.27583     -2.536698     -2.243118
   1.31699     -2.554827     -2.331127
   1.35814     -2.600399     -2.414470
   1.39930     -2.650105     -2.490519
   1.44046     -2.696706     -2.556524
   1.48161     -2.680697     -2.609476
   1.52277     -2.664308     -2.645438
   1.56392     -2.658559     -2.658683
   1.56392     -2.658559     -2.658683
   1.60508     -2.645318     -2.664431
   1.64623     -2.609362     -2.680819
   1.68739     -2.556415     -2.696718
   1.72855     -2.490414     -2.650116
   1.76970     -2.414371     -2.600408
   1.81086     -2.331036     -2.554832
   1.85201     -2.243036     -2.536692
   1.89317     -2.229305     -2.611067
   1.93433     -2.361491     -2.759085
   1.97548     -2.521920     -2.921032
   2.01664     -2.668505     -2.992060
   2.05779     -2.650135     -3.021686
   2.09895     -2.632660     -3.047892
   2.14010     -2.616709     -3.070425
   2.18126     -2.602822     -3.089083
   2.22242     -2.591476     -3.103724
   2.26357     -2.583070     -3.113888
   2.30473     -2.577901     -3.071482
   2.34588     -2.576157     -3.056549
   2.34588     -2.576157     -3.056549
   2.38704     -2.577707     -3.053512
   2.42820     -2.582341     -3.044477
   2.46935     -2.590128     -3.029632
   2.51051     -2.601593     -3.009132
   2.55166     -2.618544     -2.982915
   2.59282     -2.645678     -2.950914
   2.63398     -2.692153     -2.913668
   2.67513     -2.766882     -2.872308
   2.71629     -2.866104     -2.828078
   2.75744     -2.975564     -2.782173
   2.79860     -3.063986     -2.735792
   2.83975     -3.001849     -2.690185
   2.88091     -2.912650     -2.646667
   2.92207     -2.821028     -2.606594
   2.96322     -2.730733     -2.571332
   3.00438     -2.645985     -2.542197
   3.04553     -2.573069     -2.520385
   3.08669     -2.521423     -2.506867
   3.12785     -2.502296     -2.502286
   3.12785     -2.502296     -2.502286
   3.18605     -2.525874     -2.525868
   3.24425     -2.589603     -2.589605
   3.30245     -2.680313     -2.680324
   3.36066     -2.786810     -2.786827
   3.41886     -2.897002     -2.897022
   3.47706     -2.954045     -2.954062
   3.53527     -2.895042     -2.895059
   3.59347     -2.802868     -2.802883
   3.65167     -2.699559     -2.699573
   3.70988     -2.603266     -2.603276
   3.76808     -2.553390     -2.553398
   3.82628     -2.553948     -2.553965
   3.88449     -2.569028     -2.569058
   3.94269     -2.582982     -2.583033
   4.00089     -2.595283     -2.595357
   4.05910     -2.611834     -2.611926
   4.11730     -2.632688     -2.632795
   4.17550     -2.651108     -2.651227
   4.23371     -2.658559     -2.658683
 
# Band-Index   10
   4.23371     -2.366073     -2.366121
   4.17550     -2.354571     -2.354619
   4.11730     -2.321581     -2.321631
   4.05910     -2.272255     -2.272305
   4.00089     -2.215083     -2.215133
   3.94269     -2.159819     -2.159868
   3.88449     -2.127404     -2.127450
   3.82628     -2.227563     -2.227595
   3.76808     -2.336480     -2.336507
   3.70988     -2.388442     -2.388460
   3.65167     -2.384338     -2.384345
   3.59347     -2.360469     -2.360467
   3.53527     -2.330459     -2.330447
   3.47706     -2.297960     -2.297939
   3.41886     -2.264205     -2.264174
   3.36066     -2.230216     -2.230174
   3.30245     -2.198174     -2.198121
   3.24425     -2.172336     -2.172275
   3.18605     -2.157325     -2.157261
   3.12785     -2.153071     -2.153007
   3.12785     -2.153071     -2.153007
   3.08669     -2.159751     -2.150469
   3.04553     -2.181121     -2.142862
   3.00438     -2.215895     -2.130229
   2.96322     -2.258070     -2.113086
   2.92207     -2.301328     -2.115200
   2.88091     -2.341144     -2.118476
   2.83975     -2.374463     -2.117237
   2.79860     -2.398829     -2.111068
   2.75744     -2.411366     -2.100053
   2.71629     -2.407245     -2.084597
   2.67513     -2.377793     -2.065246
   2.63398     -2.312655     -2.042584
   2.59282     -2.211707     -2.017261
   2.55166     -2.087860     -1.990146
   2.51051     -1.954709     -1.962527
   2.46935     -1.821902     -1.936302
   2.42820     -1.697221     -1.914060
   2.38704     -1.591243     -1.898856
   2.34588     -1.538423     -1.893411
   2.34588     -1.538423     -1.893411
   2.30473     -1.544352     -1.897122
   2.26357     -1.562101     -1.908068
   2.22242     -1.601457     -1.925715
   2.18126     -1.654603     -1.949251
   2.14010     -1.708773     -1.977703
   2.09895     -1.762043     -2.030924
   2.05779     -1.814697     -2.103825
   2.01664     -1.891597     -2.173015
   1.97548     -1.975060     -2.237325
   1.93433     -2.062794     -2.293617
   1.89317     -2.152824     -2.327937
   1.85201     -2.178154     -2.284870
   1.81086     -2.192445     -2.255905
   1.76970     -2.227740     -2.285050
   1.72855     -2.267828     -2.311053
   1.68739     -2.306036     -2.333263
   1.64623     -2.337671     -2.350724
   1.60508     -2.358687     -2.362123
   1.56392     -2.366073     -2.366121
   1.56392     -2.366073     -2.366121
   1.52277     -2.362074     -2.358735
   1.48161     -2.350675     -2.337717
   1.44046     -2.333214     -2.306082
   1.39930     -2.311004     -2.267873
   1.35814     -2.285002     -2.227785
   1.31699     -2.255857     -2.192492
   1.27583     -2.284832     -2.178208
   1.23468     -2.327904     -2.152896
   1.19352     -2.293591     -2.062854
   1.15236     -2.237304     -1.975106
   1.11121     -2.172998     -1.891629
   1.07005     -2.103812     -1.814716
   1.02890     -2.030914     -1.762072
   0.98774     -1.977667     -1.708805
   0.94658     -1.949215     -1.654639
   0.90543     -1.925681     -1.601497
   0.86427     -1.908035     -1.562047
   0.82312     -1.897089     -1.544291
   0.78196     -1.893379     -1.538360
   0.78196     -1.893379     -1.538360
   0.74081     -1.898823     -1.591211
   0.69965     -1.914026     -1.697211
   0.65849     -1.936269     -1.821903
   0.61734     -1.962493     -1.954717
   0.57618     -1.990112     -2.087875
   0.53503     -2.017228     -2.211729
   0.49387     -2.042551     -2.312683
   0.45271     -2.065212     -2.377820
   0.41156     -2.084564     -2.407264
   0.37040     -2.100020     -2.411374
   0.32925     -2.111034     -2.398828
   0.28809     -2.117201     -2.374452
   0.24694     -2.118438     -2.341123
   0.20578     -2.115161     -2.301296
   0.16462     -2.113134     -2.258027
   0.12347     -2.130289     -2.215842
   0.08231     -2.142925     -2.181059
   0.04116     -2.150533     -2.159686
   0.00000     -2.153071     -2.153007
 
# Band-Index   11
   0.00000     -2.080514     -2.080565
   0.04116     -2.083045     -2.077506
   0.08231     -2.089836     -2.068349
   0.12347     -2.098896     -2.053177
   0.16462     -2.107444     -2.032150
   0.20578     -2.089842     -2.005517
   0.24694     -2.062732     -1.973618
   0.28809     -2.031362     -1.936915
   0.32925     -1.996451     -1.895999
   0.37040     -1.959071     -1.851630
   0.41156     -1.920804     -1.804739
   0.45271     -1.883875     -1.756444
   0.49387     -1.851108     -1.708068
   0.53503     -1.825383     -1.661102
   0.57618     -1.808516     -1.617180
   0.61734     -1.800293     -1.578030
   0.65849     -1.798585     -1.545347
   0.69965     -1.800385     -1.520690
   0.74081     -1.802824     -1.505334
   0.78196     -1.803880     -1.500113
   0.78196     -1.803880     -1.500113
   0.82312     -1.797086     -1.515239
   0.86427     -1.789398     -1.552733
   0.90543     -1.816437     -1.591257
   0.94658     -1.880261     -1.631830
   0.98774     -1.955196     -1.683048
   1.02890     -2.009644     -1.744128
   1.07005     -2.044497     -1.812588
   1.11121     -2.080867     -1.861160
   1.15236     -2.117811     -1.903912
   1.19352     -2.154467     -1.934867
   1.23468     -2.190093     -1.929654
   1.27583     -2.224064     -1.840034
   1.31699     -2.150103     -1.689532
   1.35814     -1.993729     -1.553042
   1.39930     -1.844221     -1.514250
   1.44046     -1.713999     -1.515171
   1.48161     -1.612612     -1.520439
   1.52277     -1.548092     -1.524579
   1.56392     -1.525938     -1.526088
   1.56392     -1.525938     -1.526088
   1.60508     -1.524429     -1.548233
   1.64623     -1.520290     -1.612732
   1.68739     -1.515024     -1.714093
   1.72855     -1.514108     -1.844292
   1.76970     -1.552945     -1.993781
   1.81086     -1.689483     -2.150143
   1.85201     -1.840003     -2.224111
   1.89317     -1.929635     -2.190138
   1.93433     -1.934848     -2.154511
   1.97548     -1.903889     -2.117854
   2.01664     -1.861135     -2.080909
   2.05779     -1.812564     -2.044537
   2.09895     -1.744128     -2.009683
   2.14010     -1.683064     -1.955204
   2.18126     -1.631861     -1.880269
   2.22242     -1.591301     -1.816458
   2.26357     -1.552689     -1.789471
   2.30473     -1.515192     -1.797201
   2.34588     -1.500065     -1.804007
   2.34588     -1.500065     -1.804007
   2.38704     -1.505285     -1.802950
   2.42820     -1.520642     -1.800505
   2.46935     -1.545299     -1.798694
   2.51051     -1.577983     -1.800386
   2.55166     -1.617134     -1.808588
   2.59282     -1.661056     -1.825429
   2.63398     -1.708022     -1.851130
   2.67513     -1.756398     -1.883875
   2.71629     -1.804693     -1.920788
   2.75744     -1.851583     -1.959043
   2.79860     -1.895952     -1.996414
   2.83975     -1.936867     -2.031318
   2.88091     -1.973570     -2.062682
   2.92207     -2.005468     -2.089788
   2.96322     -2.032101     -2.107478
   3.00438     -2.053126     -2.098942
   3.04553     -2.068299     -2.089885
   3.08669     -2.077455     -2.083096
   3.12785     -2.080514     -2.080565
   3.12785     -2.080514     -2.080565
   3.18605     -2.080108     -2.080159
   3.24425     -2.078385     -2.078432
   3.30245     -2.074584     -2.074628
   3.36066     -2.068648     -2.068688
   3.41886     -2.060989     -2.061026
   3.47706     -2.052272     -2.052306
   3.53527     -2.043503     -2.043534
   3.59347     -2.036138     -2.036168
   3.65167     -2.032151     -2.032180
   3.70988     -2.034029     -2.034060
   3.76808     -2.044561     -2.044593
   3.82628     -2.065443     -2.065480
   3.88449     -2.069274     -2.069307
   3.94269     -1.948247     -1.948293
   4.00089     -1.817231     -1.817296
   4.05910     -1.699578     -1.699668
   4.11730     -1.606300     -1.606418
   4.17550     -1.546498     -1.546638
   4.23371     -1.525938     -1.526088
 
# Band-Index   12
   4.23371     -0.923741     -0.923783
   4.17550     -0.944834     -0.944881
   4.11730     -1.003163     -1.003213
   4.05910     -1.085075     -1.085128
   4.00089     -1.173128     -1.173187
   3.94269     -1.249967     -1.250034
   3.88449     -1.301860     -1.301939
   3.82628     -1.322648     -1.322741
   3.76808     -1.316050     -1.316156
   3.70988     -1.294436     -1.294555
   3.65167     -1.275961     -1.276089
   3.59347     -1.278919     -1.279052
   3.53527     -1.309791     -1.309925
   3.47706     -1.362013     -1.362149
   3.41886     -1.426664     -1.426802
   3.36066     -1.495854     -1.495993
   3.30245     -1.560778     -1.560917
   3.24425     -1.609649     -1.609785
   3.18605     -1.628833     -1.628962
   3.12785     -1.615739     -1.615896
   3.12785     -1.615739     -1.615896
   3.08669     -1.631473     -1.615258
   3.04553     -1.619488     -1.613364
   3.00438     -1.578711     -1.610284
   2.96322     -1.519846     -1.606125
   2.92207     -1.452933     -1.601027
   2.88091     -1.385216     -1.595136
   2.83975     -1.321643     -1.588577
   2.79860     -1.265623     -1.581381
   2.75744     -1.219494     -1.573396
   2.71629     -1.184761     -1.564143
   2.67513     -1.162209     -1.552680
   2.63398     -1.151985     -1.537621
   2.59282     -1.153764     -1.517610
   2.55166     -1.167068     -1.492372
   2.51051     -1.191719     -1.463630
   2.46935     -1.228153     -1.434886
   2.42820     -1.276815     -1.431687
   2.38704     -1.334026     -1.445329
   2.34588     -1.370042     -1.450289
   2.34588     -1.370042     -1.450289
   2.30473     -1.365871     -1.517446
   2.26357     -1.358897     -1.582090
   2.22242     -1.355083     -1.589970
   2.18126     -1.355608     -1.543974
   2.14010     -1.359856     -1.475471
   2.09895     -1.367001     -1.399949
   2.05779     -1.376363     -1.324318
   2.01664     -1.387402     -1.252413
   1.97548     -1.399643     -1.186579
   1.93433     -1.412593     -1.128216
   1.89317     -1.425572     -1.078010
   1.85201     -1.437266     -1.036059
   1.81086     -1.443459     -1.001936
   1.76970     -1.417810     -0.974757
   1.72855     -1.297630     -0.953315
   1.68739     -1.153358     -0.936382
   1.64623     -1.032212     -0.923298
   1.60508     -0.951783     -0.917684
   1.56392     -0.923741     -0.923783
   1.56392     -0.923741     -0.923783
   1.52277     -0.917677     -0.951830
   1.48161     -0.923359     -1.032258
   1.44046     -0.936412     -1.153404
   1.39930     -0.953316     -1.297678
   1.35814     -0.974731     -1.417900
   1.31699     -1.001888     -1.443590
   1.27583     -1.035993     -1.437404
   1.23468     -1.077929     -1.425712
   1.19352     -1.128121     -1.412732
   1.15236     -1.186473     -1.399782
   1.11121     -1.252297     -1.387540
   1.07005     -1.324192     -1.376500
   1.02890     -1.399814     -1.367137
   0.98774     -1.475327     -1.359990
   0.94658     -1.543824     -1.355741
   0.90543     -1.589828     -1.355213
   0.86427     -1.581995     -1.359025
   0.82312     -1.517388     -1.365997
   0.78196     -1.450220     -1.370168
   0.78196     -1.450220     -1.370168
   0.74081     -1.445261     -1.334120
   0.69965     -1.431618     -1.276888
   0.65849     -1.434884     -1.228217
   0.61734     -1.463612     -1.191779
   0.57618     -1.492332     -1.167127
   0.53503     -1.517544     -1.153824
   0.49387     -1.537531     -1.152048
   0.45271     -1.552569     -1.162277
   0.41156     -1.564017     -1.184834
   0.37040     -1.573260     -1.219572
   0.32925     -1.581238     -1.265707
   0.28809     -1.588429     -1.321734
   0.24694     -1.594986     -1.385313
   0.20578     -1.600874     -1.453038
   0.16462     -1.605971     -1.519958
   0.12347     -1.610128     -1.578831
   0.08231     -1.613208     -1.619613
   0.04116     -1.615101     -1.631598
   0.00000     -1.615739     -1.615896
 
# Band-Index   13
   0.00000     -1.600632     -1.600672
   0.04116     -1.594174     -1.555427
   0.08231     -1.575803     -1.483544
   0.12347     -1.548107     -1.399762
   0.16462     -1.514366     -1.310556
   0.20578     -1.477876     -1.220762
   0.24694     -1.441631     -1.134394
   0.28809     -1.408237     -1.054991
   0.32925     -1.379892     -0.985614
   0.37040     -1.358352     -0.928646
   0.41156     -1.344818     -0.885553
   0.45271     -1.339815     -0.856787
   0.49387     -1.343126     -0.841844
   0.53503     -1.353837     -0.839532
   0.57618     -1.370424     -0.848032
   0.61734     -1.390790     -0.864656
   0.65849     -1.412248     -0.885585
   0.69965     -1.410292     -0.905938
   0.74081     -1.393776     -0.920663
   0.78196     -1.387949     -0.926021
   0.78196     -1.387949     -0.926021
   0.82312     -1.309365     -0.912823
   0.86427     -1.200502     -0.875825
   0.90543     -1.086797     -0.821182
   0.94658     -0.971830     -0.755742
   0.98774     -0.858508     -0.726097
   1.02890     -0.750031     -0.743907
   1.07005     -0.649984     -0.762818
   1.11121     -0.562119     -0.782161
   1.15236     -0.489835     -0.801362
   1.19352     -0.494270     -0.819942
   1.23468     -0.565823     -0.837494
   1.27583     -0.635856     -0.853681
   1.31699     -0.702494     -0.868227
   1.35814     -0.763769     -0.880899
   1.39930     -0.817674     -0.891514
   1.44046     -0.862213     -0.899918
   1.48161     -0.895503     -0.905988
   1.52277     -0.912962     -0.909596
   1.56392     -0.910650     -0.910562
   1.56392     -0.910650     -0.910562
   1.60508     -0.909689     -0.912919
   1.64623     -0.906079     -0.895553
   1.68739     -0.900006     -0.862265
   1.72855     -0.891598     -0.817728
   1.76970     -0.880975     -0.763826
   1.81086     -0.868294     -0.702554
   1.85201     -0.853739     -0.635920
   1.89317     -0.837539     -0.565889
   1.93433     -0.819972     -0.494340
   1.97548     -0.801376     -0.489813
   2.01664     -0.782157     -0.562098
   2.05779     -0.762794     -0.649964
   2.09895     -0.743863     -0.750015
   2.14010     -0.726032     -0.858495
   2.18126     -0.755752     -0.971821
   2.22242     -0.821194     -1.086793
   2.26357     -0.875840     -1.200502
   2.30473     -0.912839     -1.309366
   2.34588     -0.926038     -1.387931
   2.34588     -0.926038     -1.387931
   2.38704     -0.920679     -1.393760
   2.42820     -0.905952     -1.410283
   2.46935     -0.885595     -1.412317
   2.51051     -0.864663     -1.390859
   2.55166     -0.848037     -1.370492
   2.59282     -0.839536     -1.353906
   2.63398     -0.841848     -1.343194
   2.67513     -0.856791     -1.339882
   2.71629     -0.885558     -1.344884
   2.75744     -0.928649     -1.358416
   2.79860     -0.985614     -1.379954
   2.83975     -1.054987     -1.408296
   2.88091     -1.134384     -1.441687
   2.92207     -1.220743     -1.477929
   2.96322     -1.310526     -1.514416
   3.00438     -1.399720     -1.548153
   3.04553     -1.483489     -1.575847
   3.08669     -1.555358     -1.594215
   3.12785     -1.600632     -1.600672
   3.12785     -1.600632     -1.600672
   3.18605     -1.550838     -1.550903
   3.24425     -1.465944     -1.465994
   3.30245     -1.359447     -1.359480
   3.36066     -1.236677     -1.236697
   3.41886     -1.102177     -1.102187
   3.47706     -0.961174     -0.961177
   3.53527     -0.949981     -0.950092
   3.59347     -0.978570     -0.978674
   3.65167     -0.988591     -0.988688
   3.70988     -0.980971     -0.981061
   3.76808     -0.965670     -0.965751
   3.82628     -0.950637     -0.950706
   3.88449     -0.939185     -0.939237
   3.94269     -0.931604     -0.931636
   4.00089     -0.926572     -0.926577
   4.05910     -0.922234     -0.922209
   4.11730     -0.917415     -0.917358
   4.17550     -0.912783     -0.912701
   4.23371     -0.910650     -0.910562
 
# Band-Index   14
   4.23371     -0.449587     -0.449579
   4.17550     -0.442041     -0.442032
   4.11730     -0.421457     -0.421448
   4.05910     -0.392819     -0.392810
   4.00089     -0.362489     -0.362480
   3.94269     -0.338002     -0.337992
   3.88449     -0.328102     -0.328090
   3.82628     -0.341517     -0.341504
   3.76808     -0.384449     -0.384436
   3.70988     -0.458372     -0.458359
   3.65167     -0.559913     -0.559902
   3.59347     -0.682555     -0.682548
   3.53527     -0.818614     -0.818611
   3.47706     -0.911533     -0.911650
   3.41886     -0.873471     -0.873592
   3.36066     -0.839870     -0.839993
   3.30245     -0.813184     -0.813308
   3.24425     -0.794160     -0.794284
   3.18605     -0.782851     -0.782975
   3.12785     -0.779106     -0.779231
   3.12785     -0.779106     -0.779231
   3.08669     -0.781157     -0.780858
   3.04553     -0.787097     -0.785452
   3.00438     -0.796313     -0.792148
   2.96322     -0.807830     -0.799483
   2.92207     -0.820376     -0.805382
   2.88091     -0.832483     -0.807182
   2.83975     -0.842585     -0.801735
   2.79860     -0.849154     -0.785647
   2.75744     -0.850844     -0.755720
   2.71629     -0.846646     -0.709580
   2.67513     -0.836043     -0.646343
   2.63398     -0.819220     -0.567073
   2.59282     -0.797041     -0.474900
   2.55166     -0.771127     -0.374912
   2.51051     -0.743832     -0.273953
   2.46935     -0.718021     -0.180383
   2.42820     -0.696724     -0.103562
   2.38704     -0.682660     -0.052698
   2.34588     -0.677739     -0.034846
   2.34588     -0.677739     -0.034846
   2.30473     -0.679912     -0.040810
   2.26357     -0.686303     -0.058409
   2.22242     -0.696521     -0.086871
   2.18126     -0.709987     -0.125188
   2.14010     -0.685507     -0.172247
   2.09895     -0.615564     -0.226870
   2.05779     -0.550196     -0.287800
   2.01664     -0.493071     -0.353679
   1.97548     -0.447064     -0.423046
   1.93433     -0.413987     -0.435448
   1.89317     -0.394286     -0.399639
   1.85201     -0.386942     -0.381109
   1.81086     -0.389683     -0.377063
   1.76970     -0.399432     -0.383889
   1.72855     -0.412857     -0.397814
   1.68739     -0.426844     -0.415155
   1.64623     -0.438796     -0.432158
   1.60508     -0.446783     -0.444836
   1.56392     -0.449587     -0.449579
   1.56392     -0.449587     -0.449579
   1.52277     -0.444845     -0.446775
   1.48161     -0.432168     -0.438788
   1.44046     -0.415165     -0.426836
   1.39930     -0.397826     -0.412850
   1.35814     -0.383902     -0.399425
   1.31699     -0.377078     -0.389677
   1.27583     -0.381127     -0.386936
   1.23468     -0.399659     -0.394281
   1.19352     -0.435470     -0.413982
   1.15236     -0.422973     -0.447059
   1.11121     -0.353602     -0.493066
   1.07005     -0.287721     -0.550191
   1.02890     -0.226788     -0.615558
   0.98774     -0.172163     -0.685499
   0.94658     -0.125102     -0.710070
   0.90543     -0.086784     -0.696621
   0.86427     -0.058321     -0.686416
   0.82312     -0.040722     -0.680032
   0.78196     -0.034758     -0.677861
   0.78196     -0.034758     -0.677861
   0.74081     -0.052610     -0.682782
   0.69965     -0.103474     -0.696847
   0.65849     -0.180295     -0.718143
   0.61734     -0.273865     -0.743954
   0.57618     -0.374821     -0.771249
   0.53503     -0.474806     -0.797163
   0.49387     -0.566974     -0.819343
   0.45271     -0.646239     -0.836167
   0.41156     -0.709472     -0.846770
   0.37040     -0.755606     -0.850969
   0.32925     -0.785529     -0.849279
   0.28809     -0.801614     -0.842710
   0.24694     -0.807059     -0.832608
   0.20578     -0.805258     -0.820502
   0.16462     -0.799358     -0.807955
   0.12347     -0.792023     -0.796438
   0.08231     -0.785327     -0.787221
   0.04116     -0.780733     -0.781282
   0.00000     -0.779106     -0.779231
 
# Band-Index   15
   0.00000      1.335869      1.335754
   0.04116      1.339573      1.336273
   0.08231      1.350740      1.338228
   0.12347      1.369516      1.342797
   0.16462      1.396078      1.351912
   0.20578      1.424332      1.368175
   0.24694      1.355894      1.394695
   0.28809      1.277198      1.434796
   0.32925      1.190423      1.491580
   0.37040      1.097367      1.567387
   0.41156      1.000040      1.662799
   0.45271      0.900665      1.681319
   0.49387      0.801686      1.691631
   0.53503      0.705791      1.700857
   0.57618      0.615935      1.708599
   0.61734      0.535345      1.713538
   0.65849      0.467455      1.700014
   0.69965      0.415711      1.662757
   0.74081      0.383191      1.637499
   0.78196      0.372086      1.628865
   0.78196      0.372086      1.628865
   0.82312      0.377536      1.631763
   0.86427      0.393504      1.640342
   0.90543      0.418974      1.654264
   0.94658      0.452581      1.629001
   0.98774      0.492821      1.576890
   1.02890      0.538155      1.518324
   1.07005      0.587049      1.455906
   1.11121      0.638013      1.392252
   1.15236      0.689619      1.329752
   1.19352      0.740525      1.270352
   1.23468      0.789494      1.215430
   1.27583      0.835402      1.165831
   1.31699      0.877244      1.122054
   1.35814      0.914147      1.084497
   1.39930      0.945363      1.053632
   1.44046      0.970281      1.030024
   1.48161      0.988422      1.014085
   1.52277      0.999444      1.005515
   1.56392      1.003141      1.002977
   1.56392      1.003141      1.002977
   1.60508      1.005679      0.999280
   1.64623      1.014250      0.988258
   1.68739      1.030190      0.970117
   1.72855      1.053801      0.945199
   1.76970      1.084667      0.913983
   1.81086      1.122227      0.877080
   1.85201      1.166005      0.835237
   1.89317      1.215606      0.789330
   1.93433      1.270530      0.740360
   1.97548      1.329931      0.689453
   2.01664      1.392430      0.637847
   2.05779      1.456085      0.586882
   2.09895      1.518503      0.537986
   2.14010      1.577070      0.492652
   2.18126      1.629181      0.452410
   2.22242      1.654086      0.418801
   2.26357      1.640162      0.393330
   2.30473      1.631581      0.377362
   2.34588      1.628683      0.371911
   2.34588      1.628683      0.371911
   2.38704      1.637318      0.383017
   2.42820      1.662580      0.415538
   2.46935      1.699901      0.467284
   2.51051      1.713679      0.535176
   2.55166      1.708766      0.615769
   2.59282      1.701029      0.705625
   2.63398      1.691804      0.801522
   2.67513      1.681492      0.900501
   2.71629      1.662901      0.999876
   2.75744      1.567500      1.097203
   2.79860      1.491697      1.190259
   2.83975      1.434915      1.277034
   2.88091      1.394814      1.355729
   2.92207      1.368294      1.424185
   2.96322      1.352030      1.395965
   3.00438      1.342915      1.369402
   3.04553      1.338345      1.350625
   3.08669      1.336389      1.339458
   3.12785      1.335869      1.335754
   3.12785      1.335869      1.335754
   3.18605      1.340074      1.339958
   3.24425      1.352690      1.352573
   3.30245      1.373580      1.373461
   3.36066      1.401431      1.401303
   3.41886      1.421324      1.421159
   3.47706      1.385124      1.384942
   3.53527      1.326196      1.326014
   3.59347      1.261667      1.261485
   3.65167      1.196757      1.196576
   3.70988      1.136329      1.136148
   3.76808      1.085145      1.084964
   3.82628      1.046585      1.046405
   3.88449      1.021293      1.021116
   3.94269      1.007143      1.006969
   4.00089      1.000731      1.000560
   4.05910      0.999026      0.998858
   4.11730      0.999988      0.999822
   4.17550      1.002030      1.001866
   4.23371      1.003141      1.002977
 
# Band-Index   16
   4.23371      1.303191      1.303078
   4.17550      1.332131      1.332018
   4.11730      1.413577      1.413462
   4.05910      1.535234      1.535116
   4.00089      1.682608      1.682487
   3.94269      1.838664      1.838545
   3.88449      1.953415      1.953337
   3.82628      1.934129      1.934044
   3.76808      1.867801      1.867693
   3.70988      1.787678      1.787562
   3.65167      1.706727      1.706609
   3.59347      1.631008      1.630891
   3.53527      1.563571      1.563457
   3.47706      1.507257      1.507147
   3.41886      1.477056      1.476931
   3.36066      1.504536      1.504377
   3.30245      1.540048      1.539883
   3.24425      1.567412      1.567245
   3.18605      1.584331      1.584163
   3.12785      1.590044      1.589876
   3.12785      1.590044      1.589876
   3.08669      1.591130      1.583078
   3.04553      1.594354      1.562783
   3.00438      1.599591      1.529277
   2.96322      1.606650      1.483077
   2.92207      1.615276      1.431202
   2.88091      1.625169      1.472960
   2.83975      1.635992      1.522794
   2.79860      1.647397      1.579151
   2.75744      1.659037      1.640369
   2.71629      1.671065      1.704027
   2.67513      1.779004      1.767043
   2.63398      1.911686      1.826029
   2.59282      1.915742      1.841251
   2.55166      1.836142      1.754473
   2.51051      1.768414      1.677614
   2.46935      1.730626      1.613752
   2.42820      1.729563      1.565747
   2.38704      1.731142      1.535926
   2.34588      1.731770      1.525810
   2.34588      1.731770      1.525810
   2.30473      1.724971      1.525981
   2.26357      1.704890      1.526438
   2.22242      1.672463      1.527012
   2.18126      1.672834      1.527426
   2.14010      1.695673      1.527321
   2.09895      1.721774      1.526287
   2.05779      1.750206      1.523889
   2.01664      1.779995      1.519634
   1.97548      1.810175      1.512838
   1.93433      1.839830      1.502570
   1.89317      1.868129      1.487876
   1.85201      1.894358      1.468163
   1.81086      1.835266      1.443475
   1.76970      1.712791      1.414680
   1.72855      1.592594      1.383619
   1.68739      1.481533      1.353185
   1.64623      1.388848      1.327123
   1.60508      1.325806      1.309386
   1.56392      1.303191      1.303078
   1.56392      1.303191      1.303078
   1.52277      1.309500      1.325693
   1.48161      1.327240      1.388735
   1.44046      1.353307      1.481421
   1.39930      1.383748      1.592483
   1.35814      1.414817      1.712682
   1.31699      1.443622      1.835163
   1.27583      1.468319      1.894482
   1.23468      1.488042      1.868261
   1.19352      1.502745      1.839970
   1.15236      1.513021      1.810322
   1.11121      1.519824      1.780149
   1.07005      1.524085      1.750366
   1.02890      1.526488      1.721940
   0.98774      1.527526      1.695844
   0.94658      1.527633      1.673008
   0.90543      1.527221      1.672283
   0.86427      1.526649      1.704710
   0.82312      1.526193      1.724791
   0.78196      1.526022      1.731590
   0.78196      1.526022      1.731590
   0.74081      1.536136      1.730963
   0.69965      1.565951      1.729387
   0.65849      1.613946      1.730515
   0.61734      1.677795      1.768556
   0.57618      1.754639      1.836310
   0.53503      1.841400      1.915915
   0.49387      1.826167      1.911589
   0.45271      1.767176      1.778900
   0.41156      1.704153      1.670884
   0.37040      1.640491      1.658864
   0.32925      1.579270      1.647224
   0.28809      1.522912      1.635820
   0.24694      1.473076      1.624998
   0.20578      1.431336      1.615106
   0.16462      1.483245      1.606480
   0.12347      1.529444      1.599422
   0.08231      1.562951      1.594185
   0.04116      1.583246      1.590962
   0.00000      1.590044      1.589876
 
# Band-Index   17
   0.00000      2.811047      2.811231
   0.04116      2.812140      2.803572
   0.08231      2.787030      2.780800
   0.12347      2.738768      2.743496
   0.16462      2.675643      2.692615
   0.20578      2.600746      2.629451
   0.24694      2.516873      2.555595
   0.28809      2.426364      2.472891
   0.32925      2.331133      2.383392
   0.37040      2.232798      2.289320
   0.41156      2.132884      2.193030
   0.45271      2.033015      2.096986
   0.49387      1.935092      2.003746
   0.53503      1.878023      2.057500
   0.57618      1.920545      2.210803
   0.61734      1.952847      2.363785
   0.65849      1.975304      2.505862
   0.69965      1.989223      2.538352
   0.74081      1.996410      2.515948
   0.78196      1.998564      2.508139
   0.78196      1.998564      2.508139
   0.82312      1.993471      2.509735
   0.86427      1.978768      2.513521
   0.90543      1.956169      2.516471
   0.94658      1.928470      2.513664
   0.98774      1.899436      2.499129
   1.02890      1.873576      2.467899
   1.07005      1.855785      2.418105
   1.11121      1.850820      2.350937
   1.15236      1.862507      2.268836
   1.19352      1.892423      2.174142
   1.23468      1.937745      2.068868
   1.27583      1.988403      1.955041
   1.31699      2.026686      1.918049
   1.35814      2.039366      1.938516
   1.39930      2.031565      1.955561
   1.44046      2.015768      1.968971
   1.48161      2.000456      1.978616
   1.52277      1.989963      1.984424
   1.56392      1.986273      1.986364
   1.56392      1.986273      1.986364
   1.60508      1.984333      1.990051
   1.64623      1.978522      2.000537
   1.68739      1.968873      2.015834
   1.72855      1.955458      2.031603
   1.76970      1.938407      2.039357
   1.81086      1.917933      2.026619
   1.85201      1.955136      1.988289
   1.89317      2.068953      1.937609
   1.93433      2.174213      1.892277
   1.97548      2.268891      1.862357
   2.01664      2.350971      1.850668
   2.05779      2.418113      1.855632
   2.09895      2.467876      1.873423
   2.14010      2.499075      1.899283
   2.18126      2.513581      1.928318
   2.22242      2.516367      1.956017
   2.26357      2.513402      1.978618
   2.30473      2.509609      1.993321
   2.34588      2.508011      1.998414
   2.34588      2.508011      1.998414
   2.38704      2.515821      1.996260
   2.42820      2.538227      1.989072
   2.46935      2.505930      1.975152
   2.51051      2.363861      1.952697
   2.55166      2.210885      1.920397
   2.59282      2.057590      1.877879
   2.63398      2.003571      1.934961
   2.67513      2.096811      2.032902
   2.71629      2.192854      2.132789
   2.75744      2.289143      2.232720
   2.79860      2.383214      2.331071
   2.83975      2.472712      2.426316
   2.88091      2.555415      2.516837
   2.92207      2.629270      2.600721
   2.96322      2.692433      2.675628
   3.00438      2.743313      2.738761
   3.04553      2.780616      2.787029
   3.08669      2.803388      2.812325
   3.12785      2.811047      2.811231
   3.12785      2.811047      2.811231
   3.18605      2.804495      2.804679
   3.24425      2.785033      2.785214
   3.30245      2.746487      2.746515
   3.36066      2.690912      2.690932
   3.41886      2.628778      2.628802
   3.47706      2.565270      2.565301
   3.53527      2.503625      2.503667
   3.59347      2.444818      2.444870
   3.65167      2.388324      2.388378
   3.70988      2.331522      2.331544
   3.76808      2.261267      2.261216
   3.82628      2.158708      2.158612
   3.88449      2.043807      2.043734
   3.94269      2.015622      2.015639
   4.00089      2.009362      2.009415
   4.05910      2.000962      2.001035
   4.11730      1.993234      1.993318
   4.17550      1.988067      1.988157
   4.23371      1.986273      1.986364
 
# Band-Index   18
   4.23371      2.548689      2.548740
   4.17550      2.558726      2.558779
   4.11730      2.587101      2.587161
   4.05910      2.622010      2.622074
   4.00089      2.560575      2.560613
   3.94269      2.461061      2.461123
   3.88449      2.383226      2.383331
   3.82628      2.347869      2.348013
   3.76808      2.358454      2.358595
   3.70988      2.400736      2.400843
   3.65167      2.451821      2.451925
   3.59347      2.503637      2.503760
   3.53527      2.557429      2.557574
   3.47706      2.612441      2.612601
   3.41886      2.665762      2.665930
   3.36066      2.714192      2.714362
   3.30245      2.755091      2.755250
   3.24425      2.791178      2.791184
   3.18605      2.818550      2.818553
   3.12785      2.827890      2.827893
   3.12785      2.827890      2.827893
   3.08669      2.828786      2.817474
   3.04553      2.831376      2.815618
   3.00438      2.835365      2.821090
   2.96322      2.840281      2.828691
   2.92207      2.845497      2.838287
   2.88091      2.850279      2.849649
   2.83975      2.853846      2.862443
   2.79860      2.855444      2.876255
   2.75744      2.854368      2.890623
   2.71629      2.848967      2.905067
   2.67513      2.814695      2.919129
   2.63398      2.764531      2.932388
   2.59282      2.713508      2.944489
   2.55166      2.663193      2.892504
   2.51051      2.615366      2.797856
   2.46935      2.572637      2.708827
   2.42820      2.621486      2.635337
   2.38704      2.689219      2.586708
   2.34588      2.707510      2.569680
   2.34588      2.707510      2.569680
   2.30473      2.709097      2.569046
   2.26357      2.713672      2.567228
   2.22242      2.720720      2.564447
   2.18126      2.729501      2.560990
   2.14010      2.739251      2.557121
   2.09895      2.749372      2.552954
   2.05779      2.759543      2.548185
   2.01664      2.769673      2.541093
   1.97548      2.779794      2.524222
   1.93433      2.789938      2.486795
   1.89317      2.800073      2.445471
   1.85201      2.810057      2.421579
   1.81086      2.808800      2.432151
   1.76970      2.748086      2.482151
   1.72855      2.687184      2.533235
   1.68739      2.631823      2.545552
   1.64623      2.587426      2.548014
   1.60508      2.558655      2.548627
   1.56392      2.548689      2.548740
   1.56392      2.548689      2.548740
   1.52277      2.548576      2.558708
   1.48161      2.547960      2.587483
   1.44046      2.545494      2.631886
   1.39930      2.533173      2.687256
   1.35814      2.482063      2.748168
   1.31699      2.432013      2.808889
   1.27583      2.421404      2.810037
   1.23468      2.445284      2.800047
   1.19352      2.486618      2.789908
   1.15236      2.524086      2.779760
   1.11121      2.540985      2.769639
   1.07005      2.548082      2.759512
   1.02890      2.552850      2.749349
   0.98774      2.557016      2.739239
   0.94658      2.560884      2.729505
   0.90543      2.564340      2.720738
   0.86427      2.567122      2.713704
   0.82312      2.568940      2.709136
   0.78196      2.569573      2.707553
   0.78196      2.569573      2.707553
   0.74081      2.586601      2.689226
   0.69965      2.635228      2.621439
   0.65849      2.708716      2.572758
   0.61734      2.797742      2.615483
   0.57618      2.892388      2.663307
   0.53503      2.944286      2.713619
   0.49387      2.932187      2.764640
   0.45271      2.918928      2.814804
   0.41156      2.904869      2.849068
   0.37040      2.890426      2.854453
   0.32925      2.876060      2.855513
   0.28809      2.862249      2.853901
   0.24694      2.849458      2.850320
   0.20578      2.838098      2.845527
   0.16462      2.828503      2.840301
   0.12347      2.820904      2.835378
   0.08231      2.815433      2.831383
   0.04116      2.817472      2.828790
   0.00000      2.827890      2.827893
 
# Band-Index   19
   0.00000      3.165347      3.165459
   0.04116      3.169195      3.161784
   0.08231      3.180192      3.150875
   0.12347      3.196702      3.133055
   0.16462      3.216018      3.108825
   0.20578      3.234455      3.078804
   0.24694      3.247633      3.043692
   0.28809      3.251192      3.004227
   0.32925      3.242009      2.961174
   0.37040      3.219025      2.915372
   0.41156      3.182267      2.868828
   0.45271      3.131114      2.846747
   0.49387      3.064611      2.837188
   0.53503      2.983670      2.826653
   0.57618      2.954936      2.815825
   0.61734      2.963905      2.806237
   0.65849      2.971029      2.800301
   0.69965      2.976191      2.802670
   0.74081      2.979317      2.819019
   0.78196      2.980362      2.832193
   0.78196      2.980362      2.832193
   0.82312      2.973534      2.833826
   0.86427      2.953365      2.838836
   0.90543      2.920780      2.847515
   0.94658      2.877251      2.860232
   0.98774      2.824733      2.877247
   1.02890      2.765637      2.898489
   1.07005      2.703007      2.923317
   1.11121      2.641514      2.949246
   1.15236      2.591933      2.959184
   1.19352      2.569146      2.943361
   1.23468      2.562520      2.911050
   1.27583      2.560913      2.865061
   1.31699      2.561940      2.820055
   1.35814      2.568133      2.828838
   1.39930      2.604782      2.836871
   1.44046      2.689358      2.843585
   1.48161      2.773039      2.848648
   1.52277      2.831771      2.851798
   1.56392      2.852856      2.852868
   1.56392      2.852856      2.852868
   1.60508      2.851787      2.831784
   1.64623      2.848639      2.773056
   1.68739      2.843580      2.689385
   1.72855      2.836871      2.604830
   1.76970      2.828844      2.568200
   1.81086      2.820065      2.562015
   1.85201      2.864959      2.560995
   1.89317      2.910937      2.562613
   1.93433      2.943239      2.569259
   1.97548      2.959052      2.592092
   2.01664      2.949100      2.641705
   2.05779      2.923176      2.703207
   2.09895      2.898358      2.765839
   2.14010      2.877129      2.824936
   2.18126      2.860131      2.877455
   2.22242      2.847429      2.920985
   2.26357      2.838762      2.953571
   2.30473      2.833761      2.973740
   2.34588      2.832130      2.980569
   2.34588      2.832130      2.980569
   2.38704      2.818920      2.979523
   2.42820      2.802515      2.976397
   2.46935      2.800130      2.971235
   2.51051      2.806068      2.964110
   2.55166      2.815664      2.955140
   2.59282      2.826504      2.983788
   2.63398      2.837053      3.064730
   2.67513      2.846627      3.131234
   2.71629      2.868718      3.182386
   2.75744      2.915263      3.219144
   2.79860      2.961064      3.242129
   2.83975      3.004117      3.251313
   2.88091      3.043582      3.247753
   2.92207      3.078693      3.234574
   2.96322      3.108713      3.216135
   3.00438      3.132943      3.196818
   3.04553      3.150762      3.180306
   3.08669      3.161672      3.169308
   3.12785      3.165347      3.165459
   3.12785      3.165347      3.165459
   3.18605      3.165497      3.165611
   3.24425      3.167100      3.167216
   3.30245      3.172143      3.172260
   3.36066      3.181059      3.181177
   3.41886      3.191791      3.191910
   3.47706      3.199868      3.199986
   3.53527      3.198286      3.198402
   3.59347      3.177685      3.177795
   3.65167      3.130291      3.130395
   3.70988      3.056558      3.056664
   3.76808      2.970060      2.970176
   3.82628      2.889806      2.889929
   3.88449      2.821108      2.821225
   3.94269      2.758362      2.758462
   4.00089      2.699921      2.700000
   4.05910      2.687989      2.688015
   4.11730      2.769155      2.769169
   4.17550      2.830694      2.830706
   4.23371      2.852856      2.852868
 
# Band-Index   20
   4.23371      3.210849      3.210997
   4.17550      3.208050      3.208197
   4.11730      3.200436      3.200583
   4.05910      3.190728      3.190872
   4.00089      3.184072      3.184212
   3.94269      3.187410      3.187541
   3.88449      3.206576      3.206696
   3.82628      3.242285      3.242394
   3.76808      3.281815      3.281900
   3.70988      3.292277      3.292355
   3.65167      3.321182      3.321259
   3.59347      3.365735      3.365807
   3.53527      3.426498      3.426565
   3.47706      3.499363      3.499428
   3.41886      3.576027      3.576091
   3.36066      3.648717      3.648781
   3.30245      3.711227      3.711291
   3.24425      3.758936      3.759000
   3.18605      3.788726      3.788791
   3.12785      3.798844      3.798908
   3.12785      3.798844      3.798908
   3.08669      3.795457      3.792207
   3.04553      3.785500      3.772788
   3.00438      3.769539      3.742609
   2.96322      3.748431      3.704654
   2.92207      3.723202      3.662627
   2.88091      3.694929      3.620563
   2.83975      3.664630      3.582234
   2.79860      3.633179      3.550271
   2.75744      3.601234      3.525851
   2.71629      3.569157      3.510171
   2.67513      3.536862      3.506414
   2.63398      3.503391      3.519134
   2.59282      3.465506      3.471668
   2.55166      3.415084      3.401662
   2.51051      3.329427      3.341990
   2.46935      3.259236      3.294162
   2.42820      3.208147      3.259276
   2.38704      3.177260      3.238068
   2.34588      3.166942      3.230955
   2.34588      3.166942      3.230955
   2.30473      3.144239      3.230988
   2.26357      3.105601      3.231065
   2.22242      3.065844      3.231133
   2.18126      3.030206      3.231107
   2.14010      3.002894      3.230898
   2.09895      2.986143      3.230421
   2.05779      2.978636      3.229615
   2.01664      2.977018      3.228453
   1.97548      2.990319      3.226944
   1.93433      3.020080      3.225130
   1.89317      3.052238      3.223088
   1.85201      3.084028      3.220917
   1.81086      3.114153      3.218728
   1.76970      3.141569      3.216636
   1.72855      3.165363      3.214752
   1.68739      3.184750      3.213174
   1.64623      3.199084      3.211986
   1.60508      3.207882      3.211247
   1.56392      3.210849      3.210997
   1.56392      3.210849      3.210997
   1.52277      3.211100      3.208030
   1.48161      3.211838      3.199231
   1.44046      3.213026      3.184898
   1.39930      3.214602      3.165512
   1.35814      3.216485      3.141718
   1.31699      3.218575      3.114302
   1.27583      3.220762      3.084177
   1.23468      3.222931      3.052387
   1.19352      3.224970      3.020228
   1.15236      3.226782      2.990460
   1.11121      3.228289      2.977141
   1.07005      3.229449      2.978753
   1.02890      3.230253      2.986248
   0.98774      3.230727      3.002983
   0.94658      3.230935      3.030282
   0.90543      3.230959      3.065914
   0.86427      3.230890      3.105678
   0.82312      3.230812      3.144353
   0.78196      3.230779      3.167131
   0.78196      3.230779      3.167131
   0.74081      3.237893      3.177448
   0.69965      3.259105      3.208337
   0.65849      3.293997      3.259427
   0.61734      3.341833      3.329618
   0.57618      3.401515      3.415154
   0.53503      3.471532      3.465551
   0.49387      3.519064      3.503465
   0.45271      3.506346      3.536942
   0.41156      3.510105      3.569237
   0.37040      3.525786      3.601313
   0.32925      3.550208      3.633256
   0.28809      3.582173      3.664704
   0.24694      3.620503      3.695001
   0.20578      3.662567      3.723272
   0.16462      3.704593      3.748500
   0.12347      3.742547      3.769606
   0.08231      3.772725      3.785565
   0.04116      3.792143      3.795522
   0.00000      3.798844      3.798908
 
# Band-Index   21
   0.00000      4.298484      4.298539
   0.04116      4.291378      4.292033
   0.08231      4.270261      4.272717
   0.12347      4.235683      4.241164
   0.16462      4.188498      4.198283
   0.20578      4.129819      4.145242
   0.24694      4.061041      4.083390
   0.28809      3.983849      4.014174
   0.32925      3.900239      3.939090
   0.37040      3.812490      3.859659
   0.41156      3.723115      3.777498
   0.45271      3.634765      3.694487
   0.49387      3.550144      3.612914
   0.53503      3.551614      3.517413
   0.57618      3.603023      3.418207
   0.61734      3.668536      3.358172
   0.65849      3.739390      3.302563
   0.69965      3.803956      3.257207
   0.74081      3.849642      3.226421
   0.78196      3.866212      3.215073
   0.78196      3.866212      3.215073
   0.82312      3.865717      3.232902
   0.86427      3.864245      3.254944
   0.90543      3.861839      3.257986
   0.94658      3.858569      3.237281
   0.98774      3.854528      3.207109
   1.02890      3.849831      3.176348
   1.07005      3.844612      3.150146
   1.11121      3.839015      3.132684
   1.15236      3.833196      3.128553
   1.19352      3.827314      3.143239
   1.23468      3.821529      3.180432
   1.27583      3.812566      3.240158
   1.31699      3.727237      3.319793
   1.35814      3.646699      3.407466
   1.39930      3.574463      3.417696
   1.44046      3.513998      3.423591
   1.48161      3.468385      3.427537
   1.52277      3.440015      3.429776
   1.56392      3.430388      3.430499
   1.56392      3.430388      3.430499
   1.60508      3.429666      3.440126
   1.64623      3.427427      3.468497
   1.68739      3.423484      3.514110
   1.72855      3.417592      3.574575
   1.76970      3.407370      3.646811
   1.81086      3.319718      3.727347
   1.85201      3.240080      3.812674
   1.89317      3.180351      3.821620
   1.93433      3.143153      3.827404
   1.97548      3.128460      3.833286
   2.01664      3.132585      3.839105
   2.05779      3.150043      3.844703
   2.09895      3.176241      3.849923
   2.14010      3.206997      3.854619
   2.18126      3.237162      3.858660
   2.22242      3.257874      3.861930
   2.26357      3.254897      3.864336
   2.30473      3.232932      3.865808
   2.34588      3.215190      3.866303
   2.34588      3.215190      3.866303
   2.38704      3.226542      3.849733
   2.42820      3.257333      3.804044
   2.46935      3.302683      3.739476
   2.51051      3.358265      3.668618
   2.55166      3.418116      3.603101
   2.59282      3.517226      3.551688
   2.63398      3.612996      3.550268
   2.67513      3.694579      3.634878
   2.71629      3.777575      3.723216
   2.75744      3.859715      3.812581
   2.79860      3.939126      3.900321
   2.83975      4.014191      3.983923
   2.88091      4.083389      4.061108
   2.92207      4.145225      4.129882
   2.96322      4.198253      4.188557
   3.00438      4.241123      4.235740
   3.04553      4.272668      4.270317
   3.08669      4.291980      4.291433
   3.12785      4.298484      4.298539
   3.12785      4.298484      4.298539
   3.18605      4.285007      4.285059
   3.24425      4.244915      4.244961
   3.30245      4.179311      4.179346
   3.36066      4.090198      4.090224
   3.41886      3.980514      3.980533
   3.47706      3.854319      3.854333
   3.53527      3.717540      3.717556
   3.59347      3.579660      3.579686
   3.65167      3.455687      3.455733
   3.70988      3.361174      3.361245
   3.76808      3.298317      3.298399
   3.82628      3.310610      3.310683
   3.88449      3.362773      3.362846
   3.94269      3.439340      3.439415
   4.00089      3.529848      3.529930
   4.05910      3.503889      3.504001
   4.11730      3.464667      3.464778
   4.17550      3.439242      3.439353
   4.23371      3.430388      3.430499
 
# Band-Index   22
   4.23371      3.794953      3.795043
   4.17550      3.773090      3.773178
   4.11730      3.712935      3.713018
   4.05910      3.627624      3.627702
   4.00089      3.556473      3.556580
   3.94269      3.614558      3.614674
   3.88449      3.682172      3.682293
   3.82628      3.757835      3.757963
   3.76808      3.841310      3.841446
   3.70988      3.931468      3.931612
   3.65167      4.025851      4.026003
   3.59347      4.121163      4.121321
   3.53527      4.214151      4.214314
   3.47706      4.302195      4.302358
   3.41886      4.383441      4.383604
   3.36066      4.456653      4.456813
   3.30245      4.520773      4.520929
   3.24425      4.573850      4.574002
   3.18605      4.611205      4.611356
   3.12785      4.625162      4.625312
   3.12785      4.625162      4.625312
   3.08669      4.612496      4.623990
   3.04553      4.576898      4.620018
   3.00438      4.523322      4.613417
   2.96322      4.456038      4.604363
   2.92207      4.377655      4.593288
   2.88091      4.289609      4.580896
   2.83975      4.192848      4.568071
   2.79860      4.088345      4.555674
   2.75744      3.977423      4.544296
   2.71629      3.861994      4.534099
   2.67513      3.744715      4.524827
   2.63398      3.629400      4.516030
   2.59282      3.540667      4.507365
   2.55166      3.481989      4.498796
   2.51051      3.439668      4.490624
   2.46935      3.403961      4.483382
   2.42820      3.371652      4.477669
   2.38704      3.346464      4.474008
   2.34588      3.336483      4.472748
   2.34588      3.336483      4.472748
   2.30473      3.332290      4.466992
   2.26357      3.322789      4.449899
   2.22242      3.320189      4.421953
   2.18126      3.330062      4.383834
   2.14010      3.341396      4.336309
   2.09895      3.349720      4.280145
   2.05779      3.355044      4.216090
   2.01664      3.358968      4.144929
   1.97548      3.363570      4.067582
   1.93433      3.370357      3.985249
   1.89317      3.379524      3.899556
   1.85201      3.390113      3.816088
   1.81086      3.400817      3.810959
   1.76970      3.417794      3.806368
   1.72855      3.518937      3.802435
   1.68739      3.621402      3.799265
   1.64623      3.710633      3.796940
   1.60508      3.772591      3.795520
   1.56392      3.794953      3.795043
   1.56392      3.794953      3.795043
   1.52277      3.795430      3.772679
   1.48161      3.796850      3.710715
   1.44046      3.799174      3.621480
   1.39930      3.802344      3.519011
   1.35814      3.806277      3.417869
   1.31699      3.810869      3.400908
   1.27583      3.815998      3.390194
   1.23468      3.899449      3.379591
   1.19352      3.985144      3.370408
   1.15236      4.067478      3.363602
   1.11121      4.144823      3.358982
   1.07005      4.215982      3.355043
   1.02890      4.280032      3.349705
   0.98774      4.336192      3.341366
   0.94658      4.383711      3.330016
   0.90543      4.421825      3.320139
   0.86427      4.449766      3.322787
   0.82312      4.466856      3.332324
   0.78196      4.472611      3.336526
   0.78196      4.472611      3.336526
   0.74081      4.473871      3.346509
   0.69965      4.477531      3.371698
   0.65849      4.483242      3.404001
   0.61734      4.490481      3.439687
   0.57618      4.498650      3.481955
   0.53503      4.507217      3.540573
   0.49387      4.515881      3.629558
   0.45271      4.524677      3.744890
   0.41156      4.533949      3.862167
   0.37040      4.544147      3.977592
   0.32925      4.555525      4.088509
   0.28809      4.567923      4.193007
   0.24694      4.580748      4.289763
   0.20578      4.593139      4.377806
   0.16462      4.604214      4.456187
   0.12347      4.613267      4.523470
   0.08231      4.619868      4.577046
   0.04116      4.623840      4.612646
   0.00000      4.625162      4.625312
 
# Band-Index   23
   0.00000      5.335749      5.335724
   0.04116      5.354862      5.355979
   0.08231      5.411227      5.414175
   0.12347      5.502205      5.504848
   0.16462      5.624162      5.622962
   0.20578      5.773108      5.764972
   0.24694      5.944996      5.928441
   0.28809      6.135516      6.111428
   0.32925      6.338768      6.312004
   0.37040      6.540480      6.527529
   0.41156      6.675968      6.751271
   0.45271      6.641222      6.909228
   0.49387      6.540323      6.844906
   0.53503      6.436563      6.755154
   0.57618      6.343098      6.674556
   0.61734      6.264124      6.607146
   0.65849      6.201529      6.554197
   0.69965      6.156304      6.516210
   0.74081      6.128989      6.493380
   0.78196      6.119857      6.485766
   0.78196      6.119857      6.485766
   0.82312      6.126488      6.447471
   0.86427      6.145232      6.395942
   0.90543      6.172209      6.340157
   0.94658      6.199270      6.280277
   0.98774      6.211499      6.213753
   1.02890      6.188942      6.134884
   1.07005      6.120878      6.035640
   1.11121      6.013623      5.911813
   1.15236      5.879535      5.768404
   1.19352      5.729421      5.614523
   1.23468      5.571288      5.458191
   1.27583      5.411314      5.305824
   1.31699      5.255072      5.162813
   1.35814      5.108203      5.033796
   1.39930      4.976538      4.922656
   1.44046      4.865900      4.832483
   1.48161      4.781788      4.765706
   1.52277      4.728988      4.724404
   1.56392      4.710956      4.710371
   1.56392      4.710956      4.710371
   1.60508      4.724989      4.728399
   1.64623      4.766293      4.781184
   1.68739      4.833079      4.865270
   1.72855      4.923268      4.975872
   1.76970      5.034434      5.107492
   1.81086      5.163488      5.254307
   1.85201      5.306551      5.410485
   1.89317      5.458990      5.570378
   1.93433      5.615426      5.728396
   1.97548      5.769459      5.878349
   2.01664      5.913061      6.012266
   2.05779      6.037021      6.119471
   2.09895      6.136202      6.187723
   2.14010      6.214862      6.210605
   2.18126      6.281158      6.198643
   2.22242      6.340843      6.171742
   2.26357      6.396475      6.144853
   2.30473      6.447896      6.126150
   2.34588      6.486231      6.119532
   2.34588      6.486231      6.119532
   2.38704      6.493846      6.128664
   2.42820      6.516680      6.155976
   2.46935      6.554671      6.201197
   2.51051      6.607627      6.263786
   2.55166      6.675046      6.342754
   2.59282      6.755650      6.436215
   2.63398      6.845393      6.539980
   2.67513      6.909504      6.640922
   2.71629      6.751306      6.675847
   2.75744      6.527560      6.540468
   2.79860      6.312032      6.338762
   2.83975      6.111453      6.135509
   2.88091      5.928464      5.944986
   2.92207      5.764993      5.773095
   2.96322      5.622982      5.624146
   3.00438      5.504869      5.502185
   3.04553      5.414197      5.411205
   3.08669      5.356003      5.354838
   3.12785      5.335749      5.335724
   3.12785      5.335749      5.335724
   3.18605      5.374866      5.374842
   3.24425      5.485836      5.485815
   3.30245      5.655779      5.655760
   3.36066      5.872294      5.872275
   3.41886      6.123350      6.123330
   3.47706      6.393068      6.393041
   3.53527      6.635729      6.635521
   3.59347      6.558223      6.557331
   3.65167      6.373207      6.372323
   3.70988      6.189152      6.188326
   3.76808      6.001347      6.000574
   3.82628      5.802910      5.802166
   3.88449      5.592197      5.591465
   3.94269      5.375544      5.374834
   4.00089      5.166344      5.165669
   4.05910      4.981172      4.980536
   4.11730      4.835818      4.835211
   4.17550      4.742938      4.742348
   4.23371      4.710956      4.710371
 
# Band-Index   24
   4.23371      5.544257      5.543360
   4.17550      5.570294      5.569371
   4.11730      5.643849      5.642850
   4.05910      5.754093      5.752978
   4.00089      5.889518      5.888274
   3.94269      6.041819      6.040475
   3.88449      6.206589      6.205201
   3.82628      6.381912      6.380511
   3.76808      6.566493      6.565078
   3.70988      6.757931      6.756502
   3.65167      6.948801      6.947348
   3.59347      6.935899      6.935714
   3.53527      6.826982      6.826179
   3.47706      7.020125      7.019138
   3.41886      7.249992      7.249003
   3.36066      7.451276      7.450478
   3.30245      7.559874      7.559487
   3.24425      7.615588      7.615401
   3.18605      7.649468      7.649364
   3.12785      7.661658      7.661577
   3.12785      7.661658      7.661577
   3.08669      7.656814      7.653958
   3.04553      7.642365      7.631521
   3.00438      7.618419      7.595084
   2.96322      7.584740      7.544768
   2.92207      7.540207      7.478754
   2.88091      7.482300      7.393142
   2.83975      7.407474      7.285712
   2.79860      7.314167      7.163117
   2.75744      7.207238      7.046653
   2.71629      7.100019      7.007888
   2.67513      7.072041      7.154024
   2.63398      7.281534      7.375952
   2.59282      7.429303      7.387482
   2.55166      7.307085      7.359257
   2.51051      7.048060      7.335625
   2.46935      6.823334      7.168221
   2.42820      6.650104      7.000318
   2.38704      6.540407      6.891135
   2.34588      6.502781      6.853264
   2.34588      6.502781      6.853264
   2.30473      6.531269      6.832472
   2.26357      6.551777      6.779679
   2.22242      6.550964      6.711087
   2.18126      6.521114      6.637703
   2.14010      6.458385      6.564727
   2.09895      6.370746      6.489086
   2.05779      6.275917      6.401772
   2.01664      6.187727      6.305572
   1.97548      6.108245      6.209375
   1.93433      6.034139      6.116919
   1.89317      5.962895      6.028700
   1.85201      5.893553      5.944522
   1.81086      5.825992      5.864172
   1.76970      5.760502      5.787619
   1.72855      5.697861      5.715418
   1.68739      5.639962      5.649567
   1.64623      5.590776      5.594471
   1.60508      5.556639      5.556850
   1.56392      5.544257      5.543360
   1.56392      5.544257      5.543360
   1.52277      5.557764      5.555734
   1.48161      5.595427      5.589855
   1.44046      5.650563      5.639033
   1.39930      5.716420      5.696951
   1.35814      5.788564      5.759656
   1.31699      5.864983      5.825261
   1.27583      5.945119      5.892991
   1.23468      6.029013      5.962554
   1.19352      6.116884      6.034068
   1.15236      6.208962      6.108490
   1.11121      6.304858      6.188299
   1.07005      6.401068      6.276689
   1.02890      6.488845      6.371420
   0.98774      6.565023      6.458727
   0.94658      6.638234      6.521134
   0.90543      6.711619      6.550816
   0.86427      6.780105      6.551576
   0.82312      6.832764      6.531047
   0.78196      6.853488      6.502632
   0.78196      6.853488      6.502632
   0.74081      6.891371      6.540253
   0.69965      7.000598      6.649937
   0.65849      7.168616      6.823135
   0.61734      7.336582      7.047790
   0.57618      7.360150      7.306599
   0.53503      7.388314      7.428884
   0.49387      7.376392      7.281391
   0.45271      7.154280      7.071673
   0.41156      7.008306      7.099401
   0.37040      7.047186      7.206614
   0.32925      7.163662      7.313565
   0.28809      7.286238      7.406940
   0.24694      7.393606      7.481865
   0.20578      7.479126      7.539877
   0.16462      7.545043      7.584500
   0.12347      7.595277      7.618249
   0.08231      7.631653      7.642245
   0.04116      7.654052      7.656723
   0.00000      7.661658      7.661577
 
# Band-Index   25
   0.00000      8.430131      8.429694
   0.04116      8.409381      8.396588
   0.08231      8.345440      8.326979
   0.12347      8.240393      8.246808
   0.16462      8.107293      8.164650
   0.20578      7.964970      8.084017
   0.24694      7.831490      7.955905
   0.28809      7.719673      7.829058
   0.32925      7.632365      7.723761
   0.37040      7.564376      7.640572
   0.41156      7.509489      7.574571
   0.45271      7.463735      7.520551
   0.49387      7.429136      7.476131
   0.53503      7.556726      7.526046
   0.57618      7.514428      7.399074
   0.61734      7.370134      7.372009
   0.65849      7.318003      7.350496
   0.69965      7.304591      7.334924
   0.74081      7.296483      7.325499
   0.78196      7.293770      7.322344
   0.78196      7.293770      7.322344
   0.82312      7.300409      7.280320
   0.86427      7.289991      7.197596
   0.90543      7.196713      7.102025
   0.94658      7.064104      7.011305
   0.98774      6.944814      6.935960
   1.02890      6.870241      6.871324
   1.07005      6.857840      6.801436
   1.11121      6.882022      6.716289
   1.15236      6.838008      6.619850
   1.19352      6.712561      6.521176
   1.23468      6.581942      6.427038
   1.27583      6.460662      6.341192
   1.31699      6.352340      6.265500
   1.35814      6.258620      6.200831
   1.39930      6.180519      6.147579
   1.44046      6.118796      6.105943
   1.48161      6.074103      6.076059
   1.52277      6.047010      6.058055
   1.56392      6.037928      6.052040
   1.56392      6.037928      6.052040
   1.60508      6.043983      6.061304
   1.64623      6.062127      6.088897
   1.68739      6.092299      6.134290
   1.72855      6.134424      6.196764
   1.76970      6.188415      6.275527
   1.81086      6.254112      6.369686
   1.85201      6.331157      6.478060
   1.89317      6.418719      6.598694
   1.93433      6.514963      6.727149
   1.97548      6.616069      6.845977
   2.01664      6.714922      6.882001
   2.05779      6.801673      6.858586
   2.09895      6.871802      6.871906
   2.14010      6.935885      6.947026
   2.18126      7.010724      7.066448
   2.22242      7.101338      7.198834
   2.26357      7.197180      7.290659
   2.30473      7.280453      7.299620
   2.34588      7.323085      7.292690
   2.34588      7.323085      7.292690
   2.38704      7.326233      7.295411
   2.42820      7.335638      7.303543
   2.46935      7.351178      7.316994
   2.51051      7.372643      7.369417
   2.55166      7.399642      7.513385
   2.59282      7.527123      7.555875
   2.63398      7.476640      7.428671
   2.67513      7.520947      7.463159
   2.71629      7.574876      7.509000
   2.75744      7.640799      7.563981
   2.79860      7.723945      7.632053
   2.83975      7.829250      7.719414
   2.88091      7.956149      7.831230
   2.92207      8.084733      7.964670
   2.96322      8.165309      8.106942
   3.00438      8.247407      8.239998
   3.04553      8.327517      8.345017
   3.08669      8.397063      8.408946
   3.12785      8.430132      8.429694
   3.12785      8.430132      8.429694
   3.18605      8.352946      8.352459
   3.24425      8.143423      8.142907
   3.30245      7.897366      7.896941
   3.36066      7.685940      7.685798
   3.41886      7.560470      7.560341
   3.47706      7.452913      7.452535
   3.53527      7.316093      7.315409
   3.59347      7.148998      7.148151
   3.65167      7.100103      7.100630
   3.70988      7.128263      7.131347
   3.76808      7.002751      7.014907
   3.82628      6.801657      6.817913
   3.88449      6.601974      6.618879
   3.94269      6.427286      6.443893
   4.00089      6.284864      6.300854
   4.05910      6.175703      6.190994
   4.11730      6.098808      6.113482
   4.17550      6.053098      6.067356
   4.23371      6.037928      6.052040
 
# Band-Index   26
   4.23371      6.561324      6.570490
   4.17550      6.584501      6.593733
   4.11730      6.653769      6.663297
   4.05910      6.767625      6.778102
   4.00089      6.919500      6.933086
   3.94269      7.077355      7.099401
   3.88449      7.177248      7.199343
   3.82628      7.238673      7.258461
   3.76808      7.293357      7.315241
   3.70988      7.397674      7.427282
   3.65167      7.593920      7.624520
   3.59347      7.829065      7.856817
   3.53527      8.083838      8.105670
   3.47706      8.343366      8.352425
   3.41886      8.518183      8.517228
   3.36066      8.530070      8.529722
   3.30245      8.514753      8.514402
   3.24425      8.500613      8.500230
   3.18605      8.500894      8.500485
   3.12785      8.548640      8.548226
   3.12785      8.548640      8.548226
   3.08669      8.529169      8.471462
   3.04553      8.468792      8.364834
   3.00438      8.368446      8.255985
   2.96322      8.239150      8.149201
   2.92207      8.096836      8.047039
   2.88091      8.007392      7.951382
   2.83975      7.933934      7.863802
   2.79860      7.864445      7.785701
   2.75744      7.798545      7.718277
   2.71629      7.735502      7.662345
   2.67513      7.674149      7.617984
   2.63398      7.611681      7.583948
   2.59282      7.541317      7.622551
   2.55166      7.537080      7.717600
   2.51051      7.480025      7.602672
   2.46935      7.436426      7.580519
   2.42820      7.403755      7.575407
   2.38704      7.383334      7.574305
   2.34588      7.376393      7.574173
   2.34588      7.376393      7.574173
   2.30473      7.388165      7.527137
   2.26357      7.384799      7.437032
   2.22242      7.353547      7.392426
   2.18126      7.298041      7.362943
   2.14010      7.227262      7.316117
   2.09895      7.151373      7.252380
   2.05779      7.076809      7.172071
   2.01664      7.002952      7.076143
   1.97548      6.930914      7.041498
   1.93433      6.864846      7.051381
   1.89317      6.806462      6.996279
   1.85201      6.755599      6.941965
   1.81086      6.711408      6.887593
   1.76970      6.672869      6.829894
   1.72855      6.639056      6.765936
   1.68739      6.609501      6.697022
   1.64623      6.584873      6.632649
   1.60508      6.567649      6.586930
   1.56392      6.561324      6.570490
   1.56392      6.561324      6.570490
   1.52277      6.577721      6.576823
   1.48161      6.623346      6.594039
   1.44046      6.687736      6.618582
   1.39930      6.757007      6.647963
   1.35814      6.821638      6.681532
   1.31699      6.880032      6.719772
   1.27583      6.934902      6.763593
   1.23468      6.989516      6.813934
   1.19352      7.046592      6.871441
   1.15236      7.031132      6.935859
   1.11121      7.064383      7.005036
   1.07005      7.171328      7.075794
   1.02890      7.255192      7.148851
   0.98774      7.319057      7.224415
   0.94658      7.365700      7.295339
   0.90543      7.394921      7.351228
   0.86427      7.438235      7.383042
   0.82312      7.527200      7.387087
   0.78196      7.574059      7.375922
   0.78196      7.574059      7.375922
   0.74081      7.574205      7.382885
   0.69965      7.575357      7.403314
   0.65849      7.580508      7.435976
   0.61734      7.602446      7.479581
   0.57618      7.717199      7.536756
   0.53503      7.622730      7.540987
   0.49387      7.584731      7.610713
   0.45271      7.618744      7.673224
   0.41156      7.663088      7.734595
   0.37040      7.719002      7.797657
   0.32925      7.786402      7.863588
   0.28809      7.864474      7.933116
   0.24694      7.952021      8.006621
   0.20578      8.047643      8.096529
   0.16462      8.149769      8.238786
   0.12347      8.256514      8.368043
   0.08231      8.365324      8.468373
   0.04116      8.471911      8.528751
   0.00000      8.548639      8.548226
 
# Band-Index   27
   0.00000      8.616305      8.615907
   0.04116      8.684958      8.644875
   0.08231      8.767972      8.703192
   0.12347      8.837191      8.765893
   0.16462      8.881495      8.819566
   0.20578      8.887048      8.845399
   0.24694      8.850238      8.826130
   0.28809      8.781171      8.765435
   0.32925      8.692240      8.677207
   0.37040      8.591115      8.567418
   0.41156      8.478946      8.424988
   0.45271      8.347255      8.217015
   0.49387      8.174114      7.941372
   0.53503      7.948442      7.665418
   0.57618      7.848440      7.787750
   0.61734      8.032674      8.014878
   0.65849      8.145150      8.106747
   0.69965      8.191817      8.055418
   0.74081      8.195950      8.025149
   0.78196      8.188910      8.015175
   0.78196      8.188910      8.015175
   0.82312      8.186233      7.977824
   0.86427      8.160357      7.887135
   0.90543      7.992794      7.764345
   0.94658      7.805277      7.624934
   0.98774      7.618752      7.484715
   1.02890      7.441719      7.358401
   1.07005      7.288860      7.259903
   1.11121      7.183072      7.197620
   1.15236      7.109176      7.163911
   1.19352      7.083018      7.141320
   1.23468      7.128377      7.117317
   1.27583      7.139861      7.087556
   1.31699      7.115229      7.053024
   1.35814      7.067533      7.016729
   1.39930      7.012572      6.981760
   1.44046      6.961883      6.950644
   1.48161      6.922171      6.925424
   1.52277      6.897092      6.908316
   1.56392      6.888536      6.902104
   1.56392      6.888536      6.902104
   1.60508      6.894507      6.910608
   1.64623      6.910973      6.935605
   1.68739      6.935269      6.975388
   1.72855      6.965235      7.026383
   1.76970      6.998903      7.081624
   1.81086      7.033855      7.129111
   1.85201      7.067124      7.152799
   1.89317      7.095779      7.140169
   1.93433      7.118722      7.096884
   1.97548      7.139837      7.122589
   2.01664      7.171261      7.202223
   2.05779      7.231923      7.317954
   2.09895      7.331767      7.473549
   2.14010      7.461594      7.650250
   2.18126      7.606377      7.836188
   2.22242      7.751286      8.022547
   2.26357      7.880376      8.178637
   2.30473      7.976866      8.184223
   2.34588      8.017314      8.187065
   2.34588      8.017314      8.187065
   2.38704      8.027380      8.194106
   2.42820      8.057560      8.200677
   2.46935      8.109197      8.147719
   2.51051      8.015110      8.033226
   2.55166      7.788071      7.848322
   2.59282      7.665321      7.948347
   2.63398      7.941633      8.173458
   2.67513      8.217872      8.346119
   2.71629      8.426475      8.477597
   2.75744      8.569086      8.589729
   2.79860      8.678787      8.690920
   2.83975      8.766781      8.780003
   2.88091      8.827116      8.849298
   2.92207      8.845993      8.886378
   2.96322      8.819928      8.881047
   3.00438      8.766191      8.836849
   3.04553      8.703507      8.767643
   3.08669      8.645239      8.684598
   3.12785      8.616304      8.615906
   3.12785      8.616304      8.615906
   3.18605      8.691246      8.690896
   3.24425      8.771743      8.771448
   3.30245      8.827743      8.827542
   3.36066      8.760328      8.758260
   3.41886      8.625450      8.623150
   3.47706      8.525702      8.545809
   3.53527      8.425278      8.436719
   3.59347      8.374289      8.382374
   3.65167      8.315497      8.321459
   3.70988      8.157813      8.161826
   3.76808      7.920915      7.923718
   3.82628      7.660649      7.662252
   3.88449      7.411091      7.410912
   3.94269      7.210033      7.211024
   4.00089      7.091401      7.101486
   4.05910      7.008651      7.021893
   4.11730      6.944651      6.958520
   4.17550      6.903065      6.916791
   4.23371      6.888536      6.902104
 
# Band-Index   28
   4.23371      7.114983      7.116657
   4.17550      7.154195      7.155710
   4.11730      7.268515      7.269767
   4.05910      7.447865      7.449023
   4.00089      7.673136      7.674536
   3.94269      7.894239      7.895250
   3.88449      8.099657      8.099709
   3.82628      8.306985      8.308075
   3.76808      8.479576      8.486714
   3.70988      8.583186      8.589391
   3.65167      8.603464      8.605020
   3.59347      8.624598      8.624435
   3.53527      8.618735      8.618360
   3.47706      8.604418      8.604255
   3.41886      8.728704      8.752990
   3.36066      8.890346      8.892819
   3.30245      8.934529      8.933232
   3.24425      9.015328      9.014623
   3.18605      9.059074      9.058601
   3.12785      9.068579      9.068146
   3.12785      9.068579      9.068146
   3.08669      9.077803      9.054714
   3.04553      9.059660      9.030101
   3.00438      9.040310      9.018375
   2.96322      9.041057      9.027093
   2.92207      9.059083      9.051367
   2.88091      9.088965      9.083520
   2.83975      9.125107      9.114468
   2.79860      9.151081      9.116155
   2.75744      9.076946      9.032351
   2.71629      8.879158      8.923635
   2.67513      8.650507      8.823729
   2.63398      8.494525      8.668893
   2.59282      8.377492      8.493984
   2.55166      8.273765      8.382017
   2.51051      8.182055      8.305773
   2.46935      8.182798      8.251987
   2.42820      8.248809      8.215461
   2.38704      8.228624      8.217285
   2.34588      8.222093      8.219385
   2.34588      8.222093      8.219385
   2.30473      8.207400      8.244140
   2.26357      8.194351      8.207179
   2.22242      8.194016      8.234376
   2.18126      8.180837      8.301112
   2.14010      8.131094      8.385980
   2.09895      8.064998      8.459625
   2.05779      8.001224      8.339650
   2.01664      7.949561      8.221795
   1.97548      7.915236      8.122647
   1.93433      7.896827      8.046311
   1.89317      7.880122      7.981269
   1.85201      7.839546      7.883484
   1.81086      7.763628      7.761812
   1.76970      7.656594      7.585244
   1.72855      7.502788      7.402485
   1.68739      7.341731      7.265845
   1.64623      7.216446      7.178172
   1.60508      7.140177      7.131245
   1.56392      7.114983      7.116657
   1.56392      7.114983      7.116657
   1.52277      7.129680      7.141789
   1.48161      7.176935      7.218019
   1.44046      7.265095      7.343550
   1.39930      7.402157      7.505420
   1.35814      7.584983      7.659632
   1.31699      7.760324      7.764950
   1.27583      7.881273      7.839647
   1.23468      7.976707      7.880542
   1.19352      8.039081      7.899297
   1.15236      8.113962      7.920726
   1.11121      8.212467      7.958425
   1.07005      8.330153      8.013531
   1.02890      8.455021      8.080775
   0.98774      8.383839      8.150194
   0.94658      8.300297      8.200663
   0.90543      8.234186      8.208346
   0.86427      8.199870      8.204048
   0.82312      8.231682      8.214361
   0.78196      8.208827      8.226413
   0.78196      8.208827      8.226413
   0.74081      8.206019      8.233087
   0.69965      8.217296      8.253396
   0.65849      8.253783      8.183090
   0.61734      8.307484      8.179299
   0.57618      8.383562      8.270475
   0.53503      8.495163      8.374271
   0.49387      8.669297      8.492206
   0.45271      8.808014      8.649523
   0.41156      8.909715      8.879527
   0.37040      9.021957      9.079878
   0.32925      9.116388      9.148319
   0.28809      9.116597      9.123731
   0.24694      9.084637      9.088298
   0.20578      9.052081      9.058659
   0.16462      9.027639      9.040733
   0.12347      9.018847      9.040031
   0.08231      9.030544      9.059393
   0.04116      9.055149      9.077333
   0.00000      9.068580      9.068146
 
# Band-Index   29
   0.00000      9.105040      9.104769
   0.04116      9.119101      9.089411
   0.08231      9.156742      9.100389
   0.12347      9.207623      9.126868
   0.16462      9.264740      9.149367
   0.20578      9.328944      9.174060
   0.24694      9.390552      9.212467
   0.28809      9.330281      9.252214
   0.32925      9.224521      9.248289
   0.37040      9.180448      9.128700
   0.41156      9.073213      8.968102
   0.45271      8.918751      8.859801
   0.49387      8.722048      8.676058
   0.53503      8.656296      8.526183
   0.57618      8.618878      8.416524
   0.61734      8.625069      8.340740
   0.65849      8.632184      8.288397
   0.69965      8.597628      8.265414
   0.74081      8.576702      8.291708
   0.78196      8.569698      8.297061
   0.78196      8.569698      8.297061
   0.82312      8.505011      8.341403
   0.86427      8.524588      8.407948
   0.90543      8.657069      8.410705
   0.94658      8.737822      8.400653
   0.98774      8.601018      8.437820
   1.02890      8.462600      8.483013
   1.07005      8.487121      8.495465
   1.11121      8.468367      8.465739
   1.15236      8.410958      8.404745
   1.19352      8.311381      8.323541
   1.23468      8.169957      8.224967
   1.27583      8.025275      8.101907
   1.31699      7.821774      7.943227
   1.35814      7.680473      7.768513
   1.39930      7.600531      7.645252
   1.44046      7.543635      7.569870
   1.48161      7.505137      7.519239
   1.52277      7.482807      7.489410
   1.56392      7.475483      7.479537
   1.56392      7.475483      7.479537
   1.60508      7.485515      7.486787
   1.64623      7.515827      7.508896
   1.68739      7.567303      7.547023
   1.72855      7.643989      7.603419
   1.76970      7.767720      7.682787
   1.81086      7.939836      7.822932
   1.85201      8.095532      8.027058
   1.89317      8.216625      8.170967
   1.93433      8.314406      8.314138
   1.97548      8.395922      8.419869
   2.01664      8.458301      8.477033
   2.05779      8.490454      8.493870
   2.09895      8.480990      8.471629
   2.14010      8.438079      8.610153
   2.18126      8.399548      8.745353
   2.22242      8.402097      8.659298
   2.26357      8.398837      8.531803
   2.30473      8.338520      8.532034
   2.34588      8.295905      8.640227
   2.34588      8.295905      8.640227
   2.38704      8.289131      8.644605
   2.42820      8.263684      8.658657
   2.46935      8.283095      8.664370
   2.51051      8.334905      8.648308
   2.55166      8.410137      8.639023
   2.59282      8.519699      8.674522
   2.63398      8.672815      8.738839
   2.67513      8.848141      8.922698
   2.71629      8.961694      9.113519
   2.75744      9.135772      9.218793
   2.79860      9.238209      9.245256
   2.83975      9.252271      9.349916
   2.88091      9.213435      9.391186
   2.92207      9.175170      9.328085
   2.96322      9.150372      9.263965
   3.00438      9.127646      9.207052
   3.04553      9.100973      9.156338
   3.08669      9.089680      9.118796
   3.12785      9.105040      9.104768
   3.12785      9.105040      9.104768
   3.18605      9.107806      9.107504
   3.24425      9.136578      9.136224
   3.30245      9.193935      9.193526
   3.36066      9.137577      9.163264
   3.41886      9.006610      9.015092
   3.47706      8.968953      8.972591
   3.53527      8.896680      8.899050
   3.59347      8.808122      8.810105
   3.65167      8.755360      8.757565
   3.70988      8.700145      8.701533
   3.76808      8.576951      8.578145
   3.82628      8.436432      8.443003
   3.88449      8.273570      8.275567
   3.94269      7.991470      7.991835
   4.00089      7.773926      7.774682
   4.05910      7.636897      7.639009
   4.11730      7.545781      7.548939
   4.17550      7.492853      7.496678
   4.23371      7.475483      7.479537
 
# Band-Index   30
   4.23371      8.084407      8.098662
   4.17550      8.096911      8.111092
   4.11730      8.134463      8.148401
   4.05910      8.197179      8.210601
   4.00089      8.284933      8.297091
   3.94269      8.383326      8.387771
   3.88449      8.387554      8.391834
   3.82628      8.564523      8.567223
   3.76808      8.793000      8.795971
   3.70988      8.956551      8.957322
   3.65167      9.146377      9.149822
   3.59347      9.423378      9.429270
   3.53527      9.686241      9.686365
   3.47706      9.535377      9.534875
   3.41886      9.394015      9.393571
   3.36066      9.280063      9.279818
   3.30245      9.460012      9.483115
   3.24425      9.813740      9.828516
   3.18605     10.070277     10.072336
   3.12785     10.077771     10.077242
   3.12785     10.077771     10.077242
   3.08669     10.092688     10.088497
   3.04553     10.085744     10.069730
   3.00438      9.989673      9.966315
   2.96322      9.839951      9.816113
   2.92207      9.676224      9.654271
   2.88091      9.514519      9.495602
   2.83975      9.362248      9.398606
   2.79860      9.250265      9.320160
   2.75744      9.226929      9.235778
   2.71629      9.102635      9.245435
   2.67513      8.891458      9.018391
   2.63398      8.759542      8.922901
   2.59282      8.681122      8.843427
   2.55166      8.628086      8.774909
   2.51051      8.608204      8.714386
   2.46935      8.648398      8.722438
   2.42820      8.760531      8.958774
   2.38704      8.836978      9.036322
   2.34588      8.855426      9.055433
   2.34588      8.855426      9.055433
   2.30473      8.723674      9.038211
   2.26357      8.662949      8.995084
   2.22242      8.718244      8.889843
   2.18126      8.831307      8.811087
   2.14010      8.944702      8.909610
   2.09895      9.010173      8.934193
   2.05779      8.986985      8.860000
   2.01664      8.881016      8.711002
   1.97548      8.737321      8.528541
   1.93433      8.595239      8.367170
   1.89317      8.489734      8.254838
   1.85201      8.454353      8.199020
   1.81086      8.417575      8.259357
   1.76970      8.288518      8.246206
   1.72855      8.204809      8.191240
   1.68739      8.148925      8.150035
   1.64623      8.112293      8.121318
   1.60508      8.091278      8.104303
   1.56392      8.084407      8.098662
   1.56392      8.084407      8.098662
   1.52277      8.090074      8.105484
   1.48161      8.107174      8.126338
   1.44046      8.136078      8.162636
   1.39930      8.177697      8.217860
   1.35814      8.233987      8.300213
   1.31699      8.257639      8.426459
   1.27583      8.193847      8.461052
   1.23468      8.245519      8.496889
   1.19352      8.358495      8.601573
   1.15236      8.526199      8.742507
   1.11121      8.709693      8.884888
   1.07005      8.859242      8.988959
   1.02890      8.934157      9.010077
   0.98774      8.909565      8.943863
   0.94658      8.809430      8.830496
   0.90543      8.880557      8.714853
   0.86427      8.977465      8.668576
   0.82312      8.940886      8.741841
   0.78196      8.857597      8.868443
   0.78196      8.857597      8.868443
   0.74081      8.836211      8.860236
   0.69965      8.772878      8.764524
   0.65849      8.686241      8.667220
   0.61734      8.679821      8.629871
   0.57618      8.739688      8.648620
   0.53503      8.810764      8.700460
   0.49387      8.892315      8.773951
   0.45271      8.989267      8.864173
   0.41156      9.241041      9.059714
   0.37040      9.221915      9.236994
   0.32925      9.290291      9.257460
   0.28809      9.384724      9.382789
   0.24694      9.478717      9.533224
   0.20578      9.639485      9.692911
   0.16462      9.803736      9.853939
   0.12347      9.957357      9.999904
   0.08231     10.065658     10.090121
   0.04116     10.088164     10.093000
   0.00000     10.077772     10.077242
 
# Band-Index   31
   0.00000     10.232275     10.230191
   0.04116     10.216839     10.211164
   0.08231     10.177263     10.162838
   0.12347     10.079098     10.080333
   0.16462      9.918202      9.941741
   0.20578      9.763854      9.794829
   0.24694      9.634828      9.656135
   0.28809      9.585283      9.528607
   0.32925      9.606012      9.405542
   0.37040      9.519818      9.246046
   0.41156      9.244518      9.253140
   0.45271      9.263206      9.156444
   0.49387      9.274411      9.082451
   0.53503      9.279279      9.022495
   0.57618      9.281491      8.973815
   0.61734      9.285800      8.935119
   0.65849      9.264304      8.905638
   0.69965      9.230824      8.884882
   0.74081      9.211516      8.872540
   0.78196      9.205211      8.896931
   0.78196      9.205211      8.896931
   0.82312      9.190604      9.059743
   0.86427      9.246558      9.255761
   0.90543      9.299873      9.303731
   0.94658      9.274358      9.276644
   0.98774      9.247240      9.253674
   1.02890      9.246208      9.255481
   1.07005      9.283028      9.293333
   1.11121      9.296726      9.336227
   1.15236      9.159806      9.290976
   1.19352      8.905747      9.106609
   1.23468      8.643977      8.857658
   1.27583      8.443163      8.616540
   1.31699      8.322401      8.504641
   1.35814      8.393857      8.605354
   1.39930      8.549409      8.740124
   1.44046      8.714991      8.890673
   1.48161      8.873507      9.043466
   1.52277      9.004318      9.070915
   1.56392      9.063865      9.063841
   1.56392      9.063865      9.063841
   1.60508      9.070939      9.005084
   1.64623      9.039999      8.874975
   1.68739      8.887151      8.716903
   1.72855      8.736264      8.551915
   1.76970      8.600738      8.397888
   1.81086      8.498496      8.337035
   1.85201      8.609943      8.453980
   1.89317      8.853131      8.650659
   1.93433      9.102592      8.910195
   1.97548      9.286146      9.164153
   2.01664      9.329927      9.302388
   2.05779      9.285314      9.290153
   2.09895      9.245790      9.255080
   2.14010      9.243679      9.257061
   2.18126      9.267429      9.283841
   2.22242      9.295996      9.309630
   2.26357      9.314495      9.318506
   2.30473      9.323864      9.318376
   2.34588      9.327033      9.321272
   2.34588      9.327033      9.321272
   2.38704      9.305292      9.320780
   2.42820      8.956787      9.308652
   2.46935      8.905737      9.295397
   2.51051      8.928306      9.302982
   2.55166      8.969147      9.302626
   2.59282      9.022861      9.300017
   2.63398      9.160264      9.296642
   2.67513      9.238848      9.285916
   2.71629      9.255349      9.260790
   2.75744      9.277247      9.541903
   2.79860      9.395076      9.634248
   2.83975      9.503755      9.606054
   2.88091      9.629405      9.662367
   2.92207      9.771418      9.790056
   2.96322      9.922400      9.940439
   3.00438     10.072892     10.090374
   3.04553     10.166236     10.174075
   3.08669     10.213725     10.214366
   3.12785     10.232274     10.230194
   3.12785     10.232274     10.230194
   3.18605     10.210026     10.208945
   3.24425     10.130682     10.138142
   3.30245     10.042084     10.048606
   3.36066      9.995839     10.002401
   3.41886      9.938895      9.944929
   3.47706      9.820236      9.824937
   3.53527      9.694380      9.701284
   3.59347      9.580287      9.589601
   3.65167      9.353049      9.357181
   3.70988      9.100989      9.107169
   3.76808      8.928389      8.935759
   3.82628      8.757373      8.767037
   3.88449      8.562938      8.576095
   3.94269      8.443673      8.456941
   4.00089      8.526733      8.531691
   4.05910      8.676424      8.679681
   4.11730      8.848942      8.851260
   4.17550      9.001978      9.003042
   4.23371      9.063865      9.063841
 
# Band-Index   32
   4.23371      9.307070      9.307005
   4.17550      9.217252      9.219529
   4.11730      9.170157      9.171244
   4.05910      9.133037      9.133691
   4.00089      9.093317      9.093791
   3.94269      9.051438      9.051826
   3.88449      9.013546      9.013882
   3.82628      9.002049      9.002239
   3.76808      9.139622      9.140509
   3.70988      9.314217      9.320367
   3.65167      9.453120      9.462041
   3.59347      9.650169      9.654397
   3.53527      9.729370      9.740872
   3.47706      9.902887      9.917729
   3.41886     10.049622     10.061167
   3.36066     10.257710     10.267604
   3.30245     10.439991     10.447776
   3.24425     10.400826     10.405796
   3.18605     10.385774     10.403853
   3.12785     10.590540     10.597592
   3.12785     10.590540     10.597592
   3.08669     10.460967     10.500648
   3.04553     10.290169     10.320533
   3.00438     10.173303     10.199575
   2.96322     10.149959     10.186923
   2.92207     10.175257     10.227777
   2.88091     10.222975     10.233590
   2.83975      9.945676     10.159684
   2.79860      9.645626     10.080416
   2.75744      9.406465      9.861100
   2.71629      9.262681      9.784445
   2.67513      9.698686      9.695842
   2.63398      9.536259      9.603088
   2.59282      9.342238      9.523028
   2.55166      9.330016      9.443495
   2.51051      9.327139      9.388217
   2.46935      9.323617      9.370787
   2.42820      9.382978      9.568286
   2.38704      9.621289      9.745684
   2.34588      9.803570      9.930086
   2.34588      9.803570      9.930086
   2.30473      9.812071      9.890280
   2.26357      9.836066      9.843758
   2.22242      9.729701      9.552124
   2.18126      9.669669      9.670744
   2.14010      9.674248      9.798469
   2.09895      9.632263      9.782958
   2.05779      9.625583      9.734510
   2.01664      9.651902      9.683580
   1.97548      9.639250      9.631548
   1.93433      9.550504      9.579780
   1.89317      9.462776      9.529603
   1.85201      9.379009      9.482251
   1.81086      9.301624      9.438846
   1.76970      9.232664      9.400387
   1.72855      9.173846      9.367727
   1.68739      9.126593      9.341579
   1.64623      9.092040      9.322501
   1.60508      9.183890      9.310895
   1.56392      9.307070      9.307005
   1.56392      9.307070      9.307005
   1.52277      9.310959      9.187465
   1.48161      9.322566      9.092019
   1.44046      9.341644      9.126572
   1.39930      9.367792      9.173827
   1.35814      9.400452      9.232647
   1.31699      9.438911      9.301610
   1.27583      9.482316      9.378998
   1.23468      9.529669      9.462769
   1.19352      9.579845      9.550500
   1.15236      9.631613      9.639250
   1.11121      9.683645      9.655550
   1.07005      9.734575      9.630333
   1.02890      9.783022      9.638955
   0.98774      9.778629      9.683604
   0.94658      9.631924      9.651856
   0.90543      9.443800      9.470337
   0.86427      9.332786      9.327904
   0.82312      9.326114      9.331305
   0.78196      9.321982      9.331712
   0.78196      9.321982      9.331712
   0.74081      9.318775      9.326302
   0.69965      9.308957      9.315874
   0.65849      9.295661      9.310082
   0.61734      9.313846      9.311043
   0.57618      9.381748      9.315090
   0.53503      9.469962      9.317059
   0.49387      9.577728      9.311752
   0.45271      9.693637      9.295402
   0.41156      9.780240      9.267996
   0.37040      9.852080      9.401178
   0.32925     10.070597      9.641852
   0.28809     10.133589      9.944363
   0.24694     10.211335     10.225198
   0.20578     10.225275     10.176590
   0.16462     10.182765     10.154125
   0.12347     10.187360     10.187490
   0.08231     10.296707     10.312280
   0.04116     10.480921     10.477348
   0.00000     10.590330     10.597837
 
# Band-Index   33
   0.00000     10.643234     10.653992
   0.04116     10.559199     10.610052
   0.08231     10.547365     10.571768
   0.12347     10.517757     10.555488
   0.16462     10.409353     10.454147
   0.20578     10.303904     10.350145
   0.24694     10.295863     10.256802
   0.28809     10.333133     10.176964
   0.32925     10.079089      9.986010
   0.37040     10.016136      9.847519
   0.41156      9.945552      9.838083
   0.45271      9.858160      9.885242
   0.49387      9.776161      9.852846
   0.53503      9.707716      9.777684
   0.57618      9.657268      9.717052
   0.61734      9.631111      9.674293
   0.65849      9.641832      9.655361
   0.69965      9.710241      9.672168
   0.74081      9.849895      9.738203
   0.78196      9.958482      9.803586
   0.78196      9.958482      9.803586
   0.82312      9.949725      9.812125
   0.86427      9.929167      9.836037
   0.90543      9.901440      9.869038
   0.94658      9.867443      9.897014
   0.98774      9.827697      9.899162
   1.02890      9.834111      9.865122
   1.07005      9.844633      9.803231
   1.11121      9.834459      9.725247
   1.15236      9.799653      9.672891
   1.19352      9.762918      9.687139
   1.23468      9.717152      9.696695
   1.27583      9.666074      9.693482
   1.31699      9.613621      9.677356
   1.35814      9.561758      9.650138
   1.39930      9.510636      9.612720
   1.44046      9.458742      9.564055
   1.48161      9.403543      9.500973
   1.52277      9.346218      9.419065
   1.56392      9.313503      9.321785
   1.56392      9.313503      9.321785
   1.60508      9.414376      9.353743
   1.64623      9.496039      9.410480
   1.68739      9.558926      9.465475
   1.72855      9.607508      9.517284
   1.76970      9.644955      9.568337
   1.81086      9.672297      9.620114
   1.85201      9.688625      9.672443
   1.89317      9.692103      9.723339
   1.93433      9.682901      9.768813
   1.97548      9.669161      9.804917
   2.01664      9.725245      9.838965
   2.05779      9.803228      9.849335
   2.09895      9.865121      9.841140
   2.14010      9.899173      9.827645
   2.18126      9.897049      9.867384
   2.22242      9.869078      9.901396
   2.26357      9.905442      9.929108
   2.30473      9.938784      9.949666
   2.34588      9.962016      9.958491
   2.34588      9.962016      9.958491
   2.38704     10.085818      9.951655
   2.42820     10.228643      9.931749
   2.46935     10.191143      9.900969
   2.51051     10.122795      9.878695
   2.55166     10.059862      9.850787
   2.59282      9.988564      9.848695
   2.63398      9.930042      9.873082
   2.67513      9.884909      9.924157
   2.71629      9.857137     10.019831
   2.75744      9.891126     10.076870
   2.79860      9.992788     10.107796
   2.83975     10.167213     10.335590
   2.88091     10.244775     10.298596
   2.92207     10.339204     10.324446
   2.96322     10.442989     10.430490
   3.00438     10.539670     10.542298
   3.04553     10.556865     10.564996
   3.08669     10.597891     10.570041
   3.12785     10.642735     10.653581
   3.12785     10.642735     10.653581
   3.18605     10.621229     10.630506
   3.24425     10.639712     10.647660
   3.30245     10.655477     10.656997
   3.36066     10.632784     10.634307
   3.41886     10.446303     10.447625
   3.47706     10.138513     10.138816
   3.53527      9.871504      9.872819
   3.59347      9.781770      9.782289
   3.65167      9.674775      9.676157
   3.70988      9.468251      9.468703
   3.76808      9.440488      9.442791
   3.82628      9.661482      9.664016
   3.88449      9.769240      9.773220
   3.94269      9.751236      9.755997
   4.00089      9.690772      9.695861
   4.05910      9.615771      9.620964
   4.11730      9.529757      9.534886
   4.17550      9.427467      9.432400
   4.23371      9.313503      9.321785
 
# Band-Index   34
   4.23371     10.453413     10.454097
   4.17550     10.487130     10.487909
   4.11730     10.570909     10.571947
   4.05910     10.663797     10.665097
   4.00089     10.712307     10.713606
   3.94269     10.636882     10.638011
   3.88449     10.405811     10.407147
   3.82628     10.200466     10.202990
   3.76808     10.017766     10.019837
   3.70988      9.833875      9.835606
   3.65167      9.857297      9.857287
   3.59347      9.908661      9.908083
   3.53527     10.086310     10.086360
   3.47706     10.412219     10.412137
   3.41886     10.644554     10.646397
   3.36066     10.637117     10.638763
   3.30245     10.673308     10.677010
   3.24425     10.708885     10.714422
   3.18605     10.783758     10.787233
   3.12785     10.731832     10.753417
   3.12785     10.731832     10.753417
   3.08669     10.820995     10.818622
   3.04553     10.717984     10.704938
   3.00438     10.695444     10.700986
   2.96322     10.762638     10.790299
   2.92207     10.553583     10.715055
   2.88091     10.263037     10.596207
   2.83975     10.228865     10.458879
   2.79860     10.112194     10.387280
   2.75744     10.068205     10.182780
   2.71629     10.057774     10.065023
   2.67513     10.076618     10.064599
   2.63398     10.120177     10.089990
   2.59282     10.186565     10.137633
   2.55166     10.277663     10.216042
   2.51051     10.357826     10.311979
   2.46935     10.405974     10.181159
   2.42820     10.320896     10.289635
   2.38704     10.132777     10.209628
   2.34588     10.119254     10.042293
   2.34588     10.119254     10.042293
   2.30473     10.338329     10.057518
   2.26357     10.176970     10.097652
   2.22242     10.249353     10.158365
   2.18126      9.966399     10.237540
   2.14010     10.020423     10.237148
   2.09895     10.270117     10.315437
   2.05779     10.430530     10.169325
   2.01664     10.282203      9.995504
   1.97548     10.247460     10.019840
   1.93433     10.368774     10.191149
   1.89317     10.568232     10.422657
   1.85201     10.752991     10.660934
   1.81086     10.753267     10.824094
   1.76970     10.689433     10.784627
   1.72855     10.622560     10.699825
   1.68739     10.559052     10.611697
   1.64623     10.504651     10.532185
   1.60508     10.466999     10.475118
   1.56392     10.453413     10.454097
   1.56392     10.453413     10.454097
   1.52277     10.474383     10.467729
   1.48161     10.531306     10.505516
   1.44046     10.610614     10.560133
   1.39930     10.698575     10.623892
   1.35814     10.783522     10.690968
   1.31699     10.822814     10.754712
   1.27583     10.658401     10.754209
   1.23468     10.421324     10.569109
   1.19352     10.190566     10.368851
   1.15236     10.019759     10.246977
   1.11121      9.995901     10.281490
   1.07005     10.169872     10.428478
   1.02890     10.258867     10.262123
   0.98774     10.132455     10.033426
   0.94658     10.109992      9.913769
   0.90543     10.117161      9.953386
   0.86427     10.097261     10.018785
   0.82312     10.057470     10.069744
   0.78196     10.042268     10.089687
   0.78196     10.042268     10.089687
   0.74081      9.953184     10.137409
   0.69965      9.939337     10.151889
   0.65849      9.921915     10.174594
   0.61734      9.906491     10.160540
   0.57618      9.897482     10.091910
   0.53503      9.897583     10.020532
   0.49387      9.909067      9.950201
   0.45271      9.941315      9.938575
   0.41156     10.030240     10.018431
   0.37040     10.122183     10.064344
   0.32925     10.230035     10.112560
   0.28809     10.358080     10.228923
   0.24694     10.493580     10.262546
   0.20578     10.625553     10.545855
   0.16462     10.722531     10.741253
   0.12347     10.692299     10.685195
   0.08231     10.698610     10.722135
   0.04116     10.811293     10.825906
   0.00000     10.732654     10.754024
 
# Band-Index   35
   0.00000     10.873798     10.874728
   0.04116     10.893546     10.863107
   0.08231     11.045818     10.968303
   0.12347     10.994734     10.935064
   0.16462     10.932951     10.781809
   0.20578     10.805882     10.684599
   0.24694     10.671365     10.565530
   0.28809     10.468289     10.349390
   0.32925     10.388324     10.303646
   0.37040     10.195572     10.184406
   0.41156     10.064402     10.097198
   0.45271     10.061572     10.084772
   0.49387     10.093907     10.122884
   0.53503     10.153558     10.194825
   0.57618     10.235253     10.251082
   0.61734     10.203920     10.212745
   0.65849     10.169141     10.232102
   0.69965     10.143599     10.287844
   0.74081     10.127979     10.207816
   0.78196     10.050276     10.132511
   0.78196     10.050276     10.132511
   0.82312     10.067917     10.145837
   0.86427     10.101692     10.190629
   0.90543     10.158385     10.274394
   0.94658     10.239151     10.305591
   0.98774     10.340099     10.339466
   1.02890     10.395944     10.421506
   1.07005     10.468401     10.529965
   1.11121     10.702942     10.699011
   1.15236     10.930874     10.876257
   1.19352     11.044358     11.031423
   1.23468     11.021382     10.946903
   1.27583     10.963786     10.898027
   1.31699     10.920565     10.980447
   1.35814     10.980721     11.034807
   1.39930     11.009418     11.042136
   1.44046     11.011421     11.033951
   1.48161     11.005534     11.023459
   1.52277     10.999842     11.015795
   1.56392     10.997641     11.013046
   1.56392     10.997641     11.013046
   1.60508     11.000424     11.015199
   1.64623     11.008195     11.020738
   1.68739     11.018893     11.026326
   1.72855     11.027505     11.023725
   1.76970     11.021283     10.993694
   1.81086     10.969789     10.929967
   1.85201     10.891461     10.968504
   1.89317     10.942324     11.025568
   1.93433     11.026902     11.049619
   1.97548     10.876258     10.930943
   2.01664     10.699013     10.718781
   2.05779     10.510438     10.490108
   2.09895     10.421511     10.401736
   2.14010     10.339459     10.340111
   2.18126     10.305581     10.202402
   2.22242     10.307917     10.202080
   2.26357     10.323966     10.169005
   2.30473     10.317347     10.145358
   2.34588     10.343834     10.175485
   2.34588     10.343834     10.175485
   2.38704     10.322752     10.196167
   2.42820     10.489449     10.442283
   2.46935     10.457880     10.415748
   2.51051     10.416172     10.649103
   2.55166     10.429711     10.250781
   2.59282     10.271966     10.297652
   2.63398     10.459295     10.357997
   2.67513     10.375570     10.378988
   2.71629     10.397894     10.391795
   2.75744     10.416895     10.402132
   2.79860     10.386795     10.419835
   2.83975     10.347758     10.504406
   2.88091     10.574040     10.771953
   2.92207     10.774496     11.066003
   2.96322     10.892036     11.024779
   3.00438     10.968297     11.021486
   3.04553     10.980364     11.061364
   3.08669     10.852593     10.908108
   3.12785     10.873625     10.874447
   3.12785     10.873625     10.874447
   3.18605     10.892569     10.913751
   3.24425     10.889582     10.905450
   3.30245     10.761441     10.777828
   3.36066     10.830119     10.843208
   3.41886     10.712627     10.713143
   3.47706     10.577921     10.578953
   3.53527     10.327501     10.327461
   3.59347     10.155561     10.155605
   3.65167     10.113740     10.114233
   3.70988     10.137648     10.139180
   3.76808     10.155732     10.157699
   3.82628     10.287083     10.288636
   3.88449     10.570224     10.572992
   3.94269     10.841917     10.848155
   4.00089     10.992513     11.004665
   4.05910     11.022434     11.036904
   4.11730     11.014475     11.029544
   4.17550     11.002543     11.017866
   4.23371     10.997641     11.013046
 
# Band-Index   36
   4.23371     12.344427     12.344439
   4.17550     12.282864     12.282878
   4.11730     12.099646     12.099800
   4.05910     11.828381     11.829218
   4.00089     11.542468     11.545733
   3.94269     11.324446     11.329869
   3.88449     11.214880     11.218535
   3.82628     11.000706     11.000014
   3.76808     10.710041     10.709348
   3.70988     10.445259     10.444663
   3.65167     10.243836     10.243708
   3.59347     10.317883     10.317939
   3.53527     10.627258     10.627231
   3.47706     10.758681     10.757927
   3.41886     10.823720     10.825802
   3.36066     10.935797     10.936467
   3.30245     11.170043     11.154646
   3.24425     11.046781     11.059926
   3.18605     11.072729     11.089742
   3.12785     11.085096     11.095038
   3.12785     11.085096     11.095038
   3.08669     11.120915     11.102027
   3.04553     11.176048     11.123484
   3.00438     11.186102     11.233718
   2.96322     11.081902     11.291846
   2.92207     10.944823     11.236654
   2.88091     10.674602     10.951419
   2.83975     10.532260     10.651919
   2.79860     10.554855     10.479436
   2.75744     10.509959     10.475931
   2.71629     10.438891     10.496527
   2.67513     10.483006     10.551765
   2.63398     10.369121     10.631132
   2.59282     10.430252     10.644518
   2.55166     10.936737     10.673945
   2.51051     10.811783     10.849637
   2.46935     10.620395     10.552688
   2.42820     10.577912     10.563444
   2.38704     10.478050     10.654175
   2.34588     10.480156     10.671096
   2.34588     10.480156     10.671096
   2.30473     10.336610     10.677867
   2.26357     10.406128     10.630181
   2.22242     10.481156     10.410898
   2.18126     10.390387     10.426734
   2.14010     10.535070     10.524026
   2.09895     10.573319     10.460902
   2.05779     10.544912     10.600723
   2.01664     10.776474     10.758193
   1.97548     11.045257     10.943797
   1.93433     11.070487     11.114849
   1.89317     11.274435     11.302518
   1.85201     11.419037     11.434718
   1.81086     11.537267     11.516744
   1.76970     11.772450     11.707595
   1.72855     11.986663     11.972953
   1.68739     12.122276     12.113511
   1.64623     12.235860     12.231968
   1.60508     12.315198     12.314321
   1.56392     12.344427     12.344439
   1.56392     12.344427     12.344439
   1.52277     12.314313     12.315207
   1.48161     12.231966     12.235864
   1.44046     12.113514     12.122277
   1.39930     11.972956     11.986666
   1.35814     11.705564     11.773674
   1.31699     11.511159     11.541722
   1.27583     11.425628     11.428019
   1.23468     11.302511     11.274438
   1.19352     11.114831     11.070487
   1.15236     10.933289     11.056352
   1.11121     10.758182     10.794818
   1.07005     10.600712     10.544931
   1.02890     10.460890     10.554045
   0.98774     10.475922     10.513481
   0.94658     10.382280     10.392123
   0.90543     10.266391     10.307935
   0.86427     10.181755     10.324030
   0.82312     10.136081     10.338419
   0.78196     10.122716     10.343892
   0.78196     10.122716     10.343892
   0.74081     10.269338     10.328540
   0.69965     10.488353     10.418176
   0.65849     10.439721     10.526447
   0.61734     10.333158     10.409519
   0.57618     10.246850     10.293066
   0.53503     10.296081     10.296279
   0.49387     10.348496     10.343539
   0.45271     10.398790     10.387037
   0.41156     10.439583     10.417719
   0.37040     10.465632     10.422527
   0.32925     10.477662     10.391077
   0.28809     10.603421     10.433499
   0.24694     10.820530     10.575788
   0.20578     11.115630     10.844592
   0.16462     11.037169     11.073624
   0.12347     11.045642     11.094865
   0.08231     11.052050     11.131074
   0.04116     11.062820     11.113575
   0.00000     11.082680     11.114346
 
# Band-Index   37
   0.00000     11.251776     11.269533
   0.04116     11.305899     11.276420
   0.08231     11.319113     11.311159
   0.12347     11.391784     11.256124
   0.16462     11.348317     11.099104
   0.20578     11.238262     11.103792
   0.24694     11.043254     10.909132
   0.28809     10.796329     10.780812
   0.32925     10.657915     10.693519
   0.37040     10.620248     10.633830
   0.41156     10.623422     10.594898
   0.45271     10.651409     10.571694
   0.49387     10.693626     10.560844
   0.53503     10.735248     10.558586
   0.57618     10.765820     10.560446
   0.61734     10.781287     10.562284
   0.65849     10.705427     10.561126
   0.69965     10.554377     10.555888
   0.74081     10.635528     10.548581
   0.78196     10.671254     10.544836
   0.78196     10.671254     10.544836
   0.82312     10.678128     10.577757
   0.86427     10.698743     10.666984
   0.90543     10.733106     10.796487
   0.94658     10.781213     10.941930
   0.98774     10.843088     10.996751
   1.02890     10.918793     11.063892
   1.07005     11.008484     11.143530
   1.11121     11.112582     11.235992
   1.15236     11.232112     11.176691
   1.19352     11.369496     11.387876
   1.23468     11.404077     11.401852
   1.27583     11.484737     11.477239
   1.31699     11.656648     11.665828
   1.35814     11.819337     11.834732
   1.39930     11.985292     12.075585
   1.44046     12.298031     12.401818
   1.48161     12.440342     12.453173
   1.52277     12.417727     12.427156
   1.56392     12.408716     12.417960
   1.56392     12.408716     12.417960
   1.60508     12.417963     12.426883
   1.64623     12.444177     12.448755
   1.68739     12.402141     12.297945
   1.72855     12.075544     11.985657
   1.76970     11.834727     11.819333
   1.81086     11.665822     11.656647
   1.85201     11.477233     11.484741
   1.89317     11.390583     11.414872
   1.93433     11.380638     11.369475
   1.97548     11.175437     11.232088
   2.01664     11.235989     11.112561
   2.05779     11.143510     11.008471
   2.09895     11.063877     10.918771
   2.14010     10.996780     10.843079
   2.18126     10.942012     10.781284
   2.22242     10.899590     10.733152
   2.26357     10.868942     10.698782
   2.30473     10.850899     10.724395
   2.34588     10.844386     10.764718
   2.34588     10.844386     10.764718
   2.38704     10.805345     10.767145
   2.42820     11.423463     10.731018
   2.46935     11.572668     10.744592
   2.51051     11.622533     11.575379
   2.55166     11.284914     11.013546
   2.59282     11.189692     11.131386
   2.63398     11.334812     11.248087
   2.67513     11.485923     11.347753
   2.71629     11.568484     11.453647
   2.75744     11.391805     11.408429
   2.79860     11.267652     11.303373
   2.83975     11.280363     11.290346
   2.88091     11.306655     11.304294
   2.92207     11.243536     11.258695
   2.96322     11.234326     11.363127
   3.00438     11.267374     11.416013
   3.04553     11.309626     11.391612
   3.08669     11.282289     11.344649
   3.12785     11.287251     11.265187
   3.12785     11.287251     11.265187
   3.18605     11.275915     11.295218
   3.24425     11.306216     11.323499
   3.30245     11.281938     11.320906
   3.36066     11.210807     11.245819
   3.41886     11.105692     11.118488
   3.47706     10.930091     10.929536
   3.53527     10.880831     10.880449
   3.59347     11.024961     11.024510
   3.65167     11.157786     11.157828
   3.70988     11.210067     11.212229
   3.76808     11.194879     11.198157
   3.82628     11.192358     11.195703
   3.88449     11.321317     11.320801
   3.94269     11.503437     11.508792
   4.00089     11.762034     11.762774
   4.05910     12.171908     12.172505
   4.11730     12.453739     12.460750
   4.17550     12.426613     12.435701
   4.23371     12.408716     12.417960
 
# Band-Index   38
   4.23371     13.046534     13.046117
   4.17550     12.923948     12.923616
   4.11730     12.655678     12.656075
   4.05910     12.334034     12.333304
   4.00089     11.987932     11.987144
   3.94269     11.647664     11.646885
   3.88449     11.460658     11.471723
   3.82628     11.495607     11.508121
   3.76808     11.516661     11.527032
   3.70988     11.475883     11.483159
   3.65167     11.473368     11.481998
   3.59347     11.449419     11.463713
   3.53527     11.308549     11.324903
   3.47706     11.176318     11.193738
   3.41886     11.127333     11.139551
   3.36066     11.313317     11.310801
   3.30245     11.331512     11.349825
   3.24425     11.400363     11.458959
   3.18605     11.418279     11.427793
   3.12785     11.299932     11.324335
   3.12785     11.299932     11.324335
   3.08669     11.376068     11.343679
   3.04553     11.452795     11.479820
   3.00438     11.513791     11.532880
   2.96322     11.415648     11.526751
   2.92207     11.356695     11.350776
   2.88091     11.488706     11.460600
   2.83975     11.763730     11.619476
   2.79860     11.792875     11.598276
   2.75744     11.715768     11.544569
   2.71629     11.611089     11.569376
   2.67513     11.694948     11.727246
   2.63398     11.878847     11.777283
   2.59282     12.041598     11.767789
   2.55166     12.027328     11.736779
   2.51051     11.922136     11.673606
   2.46935     11.829031     11.571428
   2.42820     11.738450     11.520111
   2.38704     11.518251     11.481100
   2.34588     11.504130     11.470477
   2.34588     11.504130     11.470477
   2.30473     11.648799     11.425670
   2.26357     11.605850     11.353342
   2.22242     11.510527     11.223080
   2.18126     11.350808     11.060512
   2.14010     11.206703     10.925995
   2.09895     11.128913     10.956139
   2.05779     11.195916     11.116450
   2.01664     11.271288     11.273893
   1.97548     11.341920     11.304608
   1.93433     11.394652     11.407719
   1.89317     11.602160     11.529745
   1.85201     11.766961     11.719196
   1.81086     11.965779     11.938675
   1.76970     12.198261     12.181592
   1.72855     12.453335     12.439805
   1.68739     12.487328     12.513689
   1.64623     12.731777     12.640218
   1.60508     13.014602     12.915226
   1.56392     13.046534     13.046117
   1.56392     13.046534     13.046117
   1.52277     12.915499     13.014170
   1.48161     12.639696     12.731459
   1.44046     12.504590     12.496215
   1.39930     12.439830     12.453307
   1.35814     12.181614     12.198239
   1.31699     11.938695     11.965763
   1.27583     11.719218     11.766952
   1.23468     11.529769     11.602159
   1.19352     11.393496     11.410322
   1.15236     11.278766     11.341935
   1.11121     11.266215     11.270727
   1.07005     11.107015     11.199351
   1.02890     10.949521     11.123453
   0.98774     10.921473     11.121371
   0.94658     10.915109     10.954279
   0.90543     10.826847     10.899324
   0.86427     10.778960     10.868875
   0.82312     10.765873     10.850591
   0.78196     10.765142     10.844490
   0.78196     10.765142     10.844490
   0.74081     10.768598     10.794373
   0.69965     10.776586     10.685732
   0.65849     10.783148     10.672011
   0.61734     10.888791     10.872114
   0.57618     11.047507     11.061997
   0.53503     11.185613     11.231229
   0.49387     11.308496     11.382875
   0.45271     11.419572     11.521789
   0.41156     11.516848     11.482851
   0.37040     11.385927     11.352520
   0.32925     11.298218     11.289163
   0.28809     11.282031     11.287007
   0.24694     11.316902     11.323157
   0.20578     11.308322     11.255680
   0.16462     11.433757     11.322268
   0.12347     11.412096     11.381132
   0.08231     11.411818     11.346170
   0.04116     11.333093     11.383635
   0.00000     11.323654     11.335666
 
# Band-Index   39
   0.00000     11.459276     11.469366
   0.04116     11.461790     11.390897
   0.08231     11.481944     11.542669
   0.12347     11.644812     11.532389
   0.16462     11.529112     11.422823
   0.20578     11.377140     11.371757
   0.24694     11.473434     11.495884
   0.28809     11.606330     11.750326
   0.32925     11.616256     11.864235
   0.37040     11.586525     11.775051
   0.41156     11.540884     11.652009
   0.45271     11.701768     11.667134
   0.49387     11.704524     11.876864
   0.53503     11.709392     11.861282
   0.57618     11.710510     11.830205
   0.61734     11.672764     11.761069
   0.65849     11.548983     11.644200
   0.69965     11.420299     11.509999
   0.74081     11.318803     11.392431
   0.78196     11.277808     11.339982
   0.78196     11.277808     11.339983
   0.82312     11.278520     11.348490
   0.86427     11.264008     11.362712
   0.90543     11.200048     11.353154
   0.94658     11.079463     11.292590
   0.98774     11.066087     11.203311
   1.02890     11.193835     11.341030
   1.07005     11.283125     11.403715
   1.11121     11.285782     11.320326
   1.15236     11.364098     11.386797
   1.19352     11.407889     11.462847
   1.23468     11.675970     11.701416
   1.27583     11.989709     12.014064
   1.31699     12.316187     12.321517
   1.35814     12.617166     12.547137
   1.39930     12.556293     12.538861
   1.44046     12.705232     12.717022
   1.48161     12.965484     12.965807
   1.52277     13.151237     13.055545
   1.56392     13.147476     13.147019
   1.56392     13.147476     13.147019
   1.60508     13.055954     13.150829
   1.64623     12.965916     12.965434
   1.68739     12.717063     12.705199
   1.72855     12.530449     12.565279
   1.76970     12.541287     12.624759
   1.81086     12.317160     12.320841
   1.85201     12.007262     11.996493
   1.89317     11.692038     11.685136
   1.93433     11.462840     11.418572
   1.97548     11.376391     11.374096
   2.01664     11.311845     11.363813
   2.05779     11.402163     11.474766
   2.09895     11.529756     11.599484
   2.14010     11.644801     11.728565
   2.18126     11.749790     11.845087
   2.22242     11.860315     11.945468
   2.26357     11.982765     12.047456
   2.30473     12.104642     12.155878
   2.34588     12.212048     12.266605
   2.34588     12.212048     12.266605
   2.38704     12.215357     12.271956
   2.42820     12.218057     12.294994
   2.46935     12.245923     12.313597
   2.51051     12.237286     12.304523
   2.55166     12.186374     12.211946
   2.59282     12.122573     12.113658
   2.63398     12.163899     11.992536
   2.67513     12.190846     11.840729
   2.71629     12.185839     11.820948
   2.75744     12.196531     11.837997
   2.79860     12.019735     11.733459
   2.83975     11.904019     11.886883
   2.88091     11.988747     11.785530
   2.92207     12.035289     11.775724
   2.96322     11.850593     11.736364
   3.00438     11.656538     11.642585
   3.04553     11.525344     11.537713
   3.08669     11.488546     11.488717
   3.12785     11.591497     11.506460
   3.12785     11.591497     11.506460
   3.18605     11.470618     11.469999
   3.24425     11.587378     11.589974
   3.30245     11.516713     11.506593
   3.36066     11.420485     11.429319
   3.41886     11.351996     11.367170
   3.47706     11.289457     11.307946
   3.53527     11.365582     11.383284
   3.59347     11.506309     11.522002
   3.65167     11.667048     11.680432
   3.70988     11.809708     11.815296
   3.76808     11.857569     11.860270
   3.82628     11.987416     11.987447
   3.88449     12.159348     12.158817
   3.94269     12.338763     12.338285
   4.00089     12.511064     12.510835
   4.05910     12.628043     12.633502
   4.11730     12.711379     12.712299
   4.17550     13.025037     13.024699
   4.23371     13.147476     13.147019
 
# Band-Index   40
   4.23371     13.317637     13.317663
   4.17550     13.129779     13.129771
   4.11730     12.875131     12.875152
   4.05910     12.709903     12.712654
   4.00089     12.797474     12.805657
   3.94269     12.793470     12.796434
   3.88449     12.559112     12.564118
   3.82628     12.318523     12.325807
   3.76808     12.084188     12.093687
   3.70988     11.864470     11.876058
   3.65167     11.738084     11.744552
   3.59347     11.688465     11.693654
   3.53527     11.670344     11.680805
   3.47706     11.590091     11.598077
   3.41886     11.552494     11.564721
   3.36066     11.580610     11.595212
   3.30245     11.568230     11.527709
   3.24425     11.688995     11.647465
   3.18605     11.506552     11.562285
   3.12785     11.868282     11.949705
   3.12785     11.868282     11.949705
   3.08669     11.621728     11.772592
   3.04553     11.643499     11.694526
   3.00438     11.692935     11.803070
   2.96322     11.865019     11.833749
   2.92207     12.080694     11.920928
   2.88091     12.303418     12.042271
   2.83975     12.329789     11.980309
   2.79860     12.189349     12.189902
   2.75744     12.482422     12.516379
   2.71629     12.594527     12.562254
   2.67513     12.552676     12.515580
   2.63398     12.495578     12.481976
   2.59282     12.428291     12.455565
   2.55166     12.484647     12.551380
   2.51051     12.529937     12.439687
   2.46935     12.427308     12.320451
   2.42820     12.352865     12.817456
   2.38704     12.384437     12.817534
   2.34588     12.399937     12.825566
   2.34588     12.399937     12.825566
   2.30473     12.863776     12.812166
   2.26357     12.860799     12.766273
   2.22242     12.785910     12.586325
   2.18126     12.619062     12.369913
   2.14010     12.497482     11.884347
   2.09895     12.054620     11.887170
   2.05779     11.910060     11.931235
   2.01664     11.997334     12.003748
   1.97548     12.171886     12.157790
   1.93433     12.425207     12.398072
   1.89317     12.680306     12.689075
   1.85201     12.697950     12.746332
   1.81086     12.672220     12.695312
   1.76970     12.708049     12.650402
   1.72855     12.956636     12.956373
   1.68739     13.177510     13.235836
   1.64623     13.133236     13.209442
   1.60508     13.223169     13.216406
   1.56392     13.317637     13.317663
   1.56392     13.317637     13.317663
   1.52277     13.216450     13.223175
   1.48161     13.209856     13.132935
   1.44046     13.235636     13.177143
   1.39930     12.954926     12.957802
   1.35814     12.646459     12.712474
   1.31699     12.687193     12.677989
   1.27583     12.737004     12.695990
   1.23468     12.490284     12.529082
   1.19352     12.205348     12.260166
   1.15236     11.949055     12.006596
   1.11121     11.739979     11.772290
   1.07005     11.617148     11.552121
   1.02890     11.635937     11.535310
   0.98774     11.736630     11.649766
   0.94658     11.810143     11.747012
   0.90543     11.764865     11.808196
   0.86427     11.734393     11.834910
   0.82312     11.723170     11.855696
   0.78196     11.721285     11.864203
   0.78196     11.721286     11.864203
   0.74081     11.722487     11.868275
   0.69965     11.725489     11.880665
   0.65849     11.729585     11.903507
   0.61734     11.743773     11.947275
   0.57618     11.834975     12.027855
   0.53503     11.950052     12.111613
   0.49387     11.967892     11.885807
   0.45271     11.742481     11.885884
   0.41156     11.708960     11.891814
   0.37040     11.743305     11.896505
   0.32925     11.816144     11.917618
   0.28809     11.897852     11.976399
   0.24694     11.767855     11.965964
   0.20578     11.764029     11.956983
   0.16462     11.772899     11.860793
   0.12347     11.743837     11.700191
   0.08231     11.576891     11.645585
   0.04116     11.476274     11.551876
   0.00000     11.678103     11.702685
 
# Band-Index   41
   0.00000     11.959360     11.960288
   0.04116     11.943845     11.822626
   0.08231     11.898339     11.679048
   0.12347     11.784020     11.805661
   0.16462     11.858988     11.880666
   0.20578     11.990935     12.089268
   0.24694     11.993629     12.118097
   0.28809     11.916227     12.019834
   0.32925     12.185992     12.136402
   0.37040     12.289224     12.380679
   0.41156     12.227297     12.376796
   0.45271     12.147474     12.307980
   0.49387     12.054738     12.223412
   0.53503     12.179581     12.127738
   0.57618     12.291746     12.259276
   0.61734     12.318312     12.267398
   0.65849     12.304036     12.240686
   0.69965     12.227498     12.214397
   0.74081     12.183453     12.196502
   0.78196     12.169176     12.190204
   0.78196     12.169176     12.190204
   0.82312     12.116551     12.106981
   0.86427     12.028514     12.000263
   0.90543     11.938924     11.907936
   0.94658     11.844806     11.868826
   0.98774     11.852831     11.875367
   1.02890     11.884491     11.891602
   1.07005     11.918690     11.922786
   1.11121     11.994002     12.005569
   1.15236     12.153279     12.177918
   1.19352     12.395166     12.427375
   1.23468     12.690656     12.684775
   1.27583     12.800154     12.826089
   1.31699     13.111286     13.121249
   1.35814     13.372619     13.293864
   1.39930     13.315396     13.234701
   1.44046     13.259657     13.212567
   1.48161     13.461343     13.427600
   1.52277     13.596303     13.576182
   1.56392     13.624149     13.623445
   1.56392     13.624149     13.623445
   1.60508     13.576734     13.595674
   1.64623     13.427925     13.460978
   1.68739     13.212481     13.259228
   1.72855     13.235080     13.314964
   1.76970     13.294251     13.372190
   1.81086     13.343618     13.358693
   1.85201     13.022950     13.021421
   1.89317     12.742163     12.750844
   1.93433     12.621793     12.676419
   1.97548     12.512880     12.551875
   2.01664     12.417083     12.429827
   2.05779     12.369169     12.340186
   2.09895     12.397322     12.305217
   2.14010     12.465498     12.351198
   2.18126     12.675551     12.481460
   2.22242     12.963439     12.739922
   2.26357     13.247800     13.055812
   2.30473     13.500115     13.382669
   2.34588     12.971282     13.665674
   2.34588     12.971282     13.665674
   2.38704     12.937123     13.666715
   2.42820     13.000312     13.573396
   2.46935     12.859422     12.711387
   2.51051     12.694714     12.776511
   2.55166     12.652058     12.585823
   2.59282     12.821598     12.725448
   2.63398     12.998084     12.831533
   2.67513     13.141926     13.009091
   2.71629     12.793776     12.828228
   2.75744     12.645532     12.623270
   2.79860     12.671042     12.367754
   2.83975     12.614730     12.671959
   2.88091     12.345797     12.356180
   2.92207     12.079249     12.107387
   2.96322     12.162991     11.908018
   3.00438     11.778391     11.835044
   3.04553     11.818019     11.920754
   3.08669     11.964132     11.934561
   3.12785     12.215213     11.999716
   3.12785     12.215213     11.999716
   3.18605     11.908000     11.857274
   3.24425     11.714036     11.719535
   3.30245     11.720891     11.736057
   3.36066     11.640446     11.639908
   3.41886     11.795449     11.797010
   3.47706     11.893066     11.898742
   3.53527     11.850915     11.866022
   3.59347     11.759841     11.775796
   3.65167     11.814291     11.831661
   3.70988     11.957498     11.974428
   3.76808     12.190622     12.205231
   3.82628     12.452171     12.465111
   3.88449     12.739107     12.750304
   3.94269     12.994712     13.002626
   4.00089     13.033056     13.034548
   4.05910     13.239679     13.239911
   4.11730     13.426465     13.426158
   4.17550     13.570684     13.570136
   4.23371     13.624149     13.623445
 
# Band-Index   42
   4.23371     13.920486     13.920000
   4.17550     14.035415     14.034908
   4.11730     14.012036     14.013375
   4.05910     13.725660     13.731064
   4.00089     13.384253     13.391557
   3.94269     13.050790     13.060174
   3.88449     13.195089     13.202943
   3.82628     13.259560     13.267753
   3.76808     12.978701     12.985850
   3.70988     12.707013     12.714091
   3.65167     12.459947     12.466835
   3.59347     12.235340     12.245558
   3.53527     12.045664     12.053843
   3.47706     12.015472     12.058558
   3.41886     11.905654     11.981523
   3.36066     11.826839     11.824282
   3.30245     11.991870     11.949788
   3.24425     12.040479     12.077374
   3.18605     12.140249     12.166525
   3.12785     12.274613     12.263931
   3.12785     12.274613     12.263931
   3.08669     12.221470     12.180670
   3.04553     12.172655     12.044794
   3.00438     12.146338     11.954410
   2.96322     12.134152     12.076518
   2.92207     12.225455     12.149847
   2.88091     12.294237     12.361970
   2.83975     12.871149     12.680705
   2.79860     12.826719     12.719569
   2.75744     13.249272     13.248164
   2.71629     13.266325     13.219542
   2.67513     13.205190     13.102080
   2.63398     13.275113     13.105898
   2.59282     13.257753     13.182527
   2.55166     13.304338     13.170462
   2.51051     13.333128     13.317315
   2.46935     13.450865     13.366360
   2.42820     13.608832     13.819711
   2.38704     13.780722     13.896419
   2.34588     13.900629     13.898558
   2.34588     13.900629     13.898558
   2.30473     13.894116     14.021489
   2.26357     13.879599     14.005539
   2.22242     13.729554     13.904776
   2.18126     13.135834     13.526426
   2.14010     13.091327     13.389859
   2.09895     13.226535     13.224585
   2.05779     13.219364     13.244973
   2.01664     13.202910     13.289256
   1.97548     13.187339     13.266984
   1.93433     13.189765     13.260538
   1.89317     13.188120     13.310325
   1.85201     13.043155     13.444261
   1.81086     13.285934     13.429821
   1.76970     13.504365     13.576991
   1.72855     13.793735     13.841644
   1.68739     14.043212     14.073016
   1.64623     14.015599     14.091425
   1.60508     13.958107     14.017546
   1.56392     13.920486     13.920000
   1.56392     13.920486     13.920000
   1.52277     14.018028     13.957711
   1.48161     14.091055     14.015725
   1.44046     14.057751     14.040165
   1.39930     13.766806     13.767578
   1.35814     13.435889     13.435729
   1.31699     13.375363     13.352515
   1.27583     13.022862     13.064137
   1.23468     12.761858     12.745740
   1.19352     12.702966     12.632527
   1.15236     12.579840     12.521926
   1.11121     12.446425     12.420469
   1.07005     12.345427     12.369494
   1.02890     12.304789     12.399565
   0.98774     12.348553     12.518964
   0.94658     12.486840     12.665559
   0.90543     12.605172     12.649985
   0.86427     12.521130     12.523817
   0.82312     12.406153     12.385863
   0.78196     12.342881     12.290457
   0.78196     12.342881     12.290456
   0.74081     12.340868     12.303397
   0.69965     12.335468     12.343462
   0.65849     12.328083     12.414128
   0.61734     12.414588     12.519841
   0.57618     12.555615     12.532366
   0.53503     12.489981     12.471660
   0.49387     12.481735     12.507379
   0.45271     12.520455     12.566833
   0.41156     12.579735     12.635506
   0.37040     12.513103     12.519450
   0.32925     12.329589     12.490385
   0.28809     12.313837     12.457131
   0.24694     12.237731     12.342696
   0.20578     12.116454     12.140942
   0.16462     11.949803     12.077807
   0.12347     11.891626     11.849640
   0.08231     11.911986     11.877757
   0.04116     12.156089     11.940114
   0.00000     12.270952     12.271315
 
# Band-Index   43
   0.00000     12.275398     12.285097
   0.04116     12.191301     12.253472
   0.08231     12.026859     12.203897
   0.12347     11.941476     12.154775
   0.16462     12.084468     12.141492
   0.20578     12.187277     12.274053
   0.24694     12.365425     12.356283
   0.28809     12.634255     12.607460
   0.32925     12.716757     12.754957
   0.37040     12.649551     12.706440
   0.41156     12.851004     12.797143
   0.45271     13.047243     13.137955
   0.49387     12.885603     13.027076
   0.53503     12.717000     12.836016
   0.57618     12.616649     12.662403
   0.61734     12.820187     12.732430
   0.65849     12.980327     12.929906
   0.69965     13.054147     13.043413
   0.74081     13.077871     13.083789
   0.78196     13.083042     13.092781
   0.78196     13.083042     13.092781
   0.82312     13.073658     13.087779
   0.86427     13.039418     13.078875
   0.90543     12.897247     13.077964
   0.94658     12.928109     13.023457
   0.98774     13.078881     13.089380
   1.02890     13.232087     13.188040
   1.07005     13.344385     13.253794
   1.11121     13.369743     13.278527
   1.15236     13.345265     13.284475
   1.19352     13.348551     13.314339
   1.23468     13.444827     13.416031
   1.27583     13.488412     13.410359
   1.31699     13.430281     13.414403
   1.35814     13.740699     13.775073
   1.39930     14.101234     14.052709
   1.44046     14.222648     14.130067
   1.48161     14.203683     14.262078
   1.52277     14.060543     14.132137
   1.56392     14.048347     14.047829
   1.56392     14.048348     14.047829
   1.60508     14.132664     14.060100
   1.64623     14.260440     14.203166
   1.68739     14.159766     14.250136
   1.72855     14.052530     14.108880
   1.76970     13.777128     13.766750
   1.81086     13.407711     13.598222
   1.85201     13.410736     13.488076
   1.89317     13.467761     13.546713
   1.93433     13.524082     13.606045
   1.97548     13.579867     13.665866
   2.01664     13.634485     13.725733
   2.05779     13.686840     13.732268
   2.09895     13.735524     13.771590
   2.14010     13.780989     13.834143
   2.18126     13.820945     13.938125
   2.22242     13.854486     13.979113
   2.26357     13.993463     14.141059
   2.30473     14.198615     14.180214
   2.34588     14.002226     14.028826
   2.34588     14.002226     14.028826
   2.38704     14.023959     13.982745
   2.42820     14.034761     13.933356
   2.46935     14.035664     13.833955
   2.51051     14.037845     13.847873
   2.55166     14.003894     13.793258
   2.59282     13.887173     13.731770
   2.63398     13.521910     13.594002
   2.67513     13.219529     13.216197
   2.71629     13.401980     13.255092
   2.75744     13.280019     13.309317
   2.79860     13.042244     13.028656
   2.83975     12.902173     12.827362
   2.88091     12.870745     12.841442
   2.92207     12.431068     12.637281
   2.96322     12.327364     12.253429
   3.00438     12.391410     12.307663
   3.04553     12.338247     12.366771
   3.08669     12.280638     12.361650
   3.12785     12.407702     12.281476
   3.12785     12.407702     12.281476
   3.18605     12.209512     12.268961
   3.24425     12.137589     12.127442
   3.30245     12.323015     12.351747
   3.36066     12.362448     12.413786
   3.41886     12.365877     12.323349
   3.47706     12.244997     12.236877
   3.53527     12.343666     12.393699
   3.59347     12.486576     12.551743
   3.65167     12.648601     12.712940
   3.70988     12.832515     12.886265
   3.76808     13.036741     13.079005
   3.82628     13.271434     13.308227
   3.88449     13.496606     13.521649
   3.94269     13.750045     13.775215
   4.00089     14.031063     14.050051
   4.05910     14.323795     14.343161
   4.11730     14.362641     14.362847
   4.17550     14.130528     14.130218
   4.23371     14.048348     14.047829
 
# Band-Index   44
   4.23371     14.091126     14.093504
   4.17550     14.217324     14.219479
   4.11730     14.477997     14.479537
   4.05910     14.496374     14.502548
   4.00089     14.204617     14.212652
   3.94269     13.898025     13.916884
   3.88449     13.582482     13.597482
   3.82628     13.346188     13.356538
   3.76808     13.180671     13.191939
   3.70988     13.017449     13.029939
   3.65167     12.914066     12.923222
   3.59347     12.861621     12.884164
   3.53527     12.873220     12.884054
   3.47706     12.836554     12.860258
   3.41886     12.575851     12.683387
   3.36066     12.585496     12.631856
   3.30245     12.583812     12.550857
   3.24425     12.459624     12.439393
   3.18605     12.499697     12.340920
   3.12785     12.696988     12.673241
   3.12785     12.696988     12.673241
   3.08669     12.606876     12.558746
   3.04553     12.476734     12.405762
   3.00438     12.449470     12.456420
   2.96322     12.528607     12.545805
   2.92207     12.726596     12.711934
   2.88091     12.912979     12.851468
   2.83975     13.015897     12.987862
   2.79860     13.172518     13.152218
   2.75744     13.388030     13.337933
   2.71629     13.606785     13.567278
   2.67513     13.818020     13.582199
   2.63398     13.885849     13.692595
   2.59282     13.881456     13.935994
   2.55166     14.239806     14.264719
   2.51051     14.489101     14.365164
   2.46935     14.499704     14.305613
   2.42820     14.464580     14.506361
   2.38704     14.429038     14.478132
   2.34588     14.413262     14.451348
   2.34588     14.413262     14.451348
   2.30473     14.248068     14.296399
   2.26357     14.352538     14.226195
   2.22242     14.160488     14.089500
   2.18126     13.977983     13.945607
   2.14010     13.839861     13.893813
   2.09895     13.752630     13.841482
   2.05779     13.713501     13.785086
   2.01664     13.712510     13.747706
   1.97548     13.750864     13.817291
   1.93433     13.810236     13.922812
   1.89317     13.883040     14.019967
   1.85201     13.951188     14.102967
   1.81086     14.010701     14.154477
   1.76970     14.036364     14.175923
   1.72855     14.136660     14.215794
   1.68739     14.385148     14.388392
   1.64623     14.302373     14.315496
   1.60508     14.146649     14.164576
   1.56392     14.091126     14.093504
   1.56392     14.091126     14.093505
   1.52277     14.162225     14.148816
   1.48161     14.313330     14.301812
   1.44046     14.388922     14.360945
   1.39930     14.199243     14.136754
   1.35814     14.153828     14.013278
   1.31699     13.903088     13.838571
   1.27583     13.643041     13.603059
   1.23468     13.547240     13.467520
   1.19352     13.606791     13.524060
   1.15236     13.666795     13.579818
   1.11121     13.678326     13.634335
   1.07005     13.476984     13.532415
   1.02890     13.302013     13.351625
   0.98774     13.172833     13.213971
   0.94658     13.101920     13.130875
   0.90543     13.088839     13.188661
   0.86427     13.218666     13.476082
   0.82312     13.548232     13.774743
   0.78196     13.799892     13.900618
   0.78196     13.799893     13.900618
   0.74081     13.770069     13.761524
   0.69965     13.647857     13.575566
   0.65849     13.487360     13.434804
   0.61734     13.396010     13.381567
   0.57618     13.375318     13.381717
   0.53503     13.386980     13.404314
   0.49387     13.409194     13.434423
   0.45271     13.212061     13.220340
   0.41156     13.211957     13.393762
   0.37040     13.280139     13.265297
   0.32925     12.976433     12.987510
   0.28809     12.831646     12.913737
   0.24694     12.684819     12.720619
   0.20578     12.387202     12.450611
   0.16462     12.281745     12.414331
   0.12347     12.381004     12.446312
   0.08231     12.393128     12.374253
   0.04116     12.428923     12.319284
   0.00000     12.578248     12.589708
 
# Band-Index   45
   0.00000     12.643671     12.652337
   0.04116     12.656285     12.685669
   0.08231     12.500988     12.598109
   0.12347     12.454976     12.501393
   0.16462     12.537689     12.539974
   0.20578     12.681741     12.686804
   0.24694     12.865083     12.881727
   0.28809     12.959427     12.988153
   0.32925     13.141315     13.157875
   0.37040     13.304394     13.367377
   0.41156     13.438359     13.465203
   0.45271     13.429528     13.460881
   0.49387     13.565208     13.493493
   0.53503     13.778415     13.852236
   0.57618     13.802544     13.971721
   0.61734     13.827773     13.991785
   0.65849     13.854685     14.005063
   0.69965     13.892115     14.006948
   0.74081     13.971218     13.985492
   0.78196     14.034600     13.921663
   0.78196     14.034600     13.921663
   0.82312     14.028300     13.895389
   0.86427     14.009788     13.879972
   0.90543     13.980159     13.855141
   0.94658     13.940914     13.822039
   0.98774     13.842891     13.782025
   1.02890     13.776437     13.736507
   1.07005     13.745610     13.686892
   1.11121     13.726637     13.686077
   1.15236     13.829991     13.751092
   1.19352     13.943014     13.824742
   1.23468     14.044563     13.906757
   1.27583     14.127775     13.987461
   1.31699     14.186274     14.067529
   1.35814     14.258269     14.215206
   1.39930     14.489551     14.418341
   1.44046     14.427781     14.474373
   1.48161     14.515249     14.505649
   1.52277     14.701710     14.711378
   1.56392     14.684281     14.684196
   1.56392     14.684281     14.684196
   1.60508     14.709664     14.703036
   1.64623     14.489201     14.553302
   1.68739     14.477457     14.431180
   1.72855     14.504995     14.551383
   1.76970     14.705843     14.694955
   1.81086     14.830234     14.819603
   1.85201     14.853667     14.893561
   1.89317     14.800721     14.867237
   1.93433     14.650553     14.668860
   1.97548     14.456546     14.401728
   2.01664     14.277663     14.209296
   2.05779     14.157711     14.059652
   2.09895     14.268817     13.965479
   2.14010     14.047509     14.276510
   2.18126     14.357142     14.544050
   2.22242     14.832858     14.819323
   2.26357     14.825754     14.854646
   2.30473     14.981462     14.794875
   2.34588     14.836066     14.865002
   2.34588     14.836066     14.865002
   2.38704     14.820850     14.866126
   2.42820     14.921123     14.883566
   2.46935     14.906244     14.795152
   2.51051     14.748864     14.714958
   2.55166     14.607227     14.527589
   2.59282     14.407541     14.363714
   2.63398     14.182302     14.157054
   2.67513     13.903904     13.873450
   2.71629     13.652017     13.631376
   2.75744     13.654712     13.470420
   2.79860     13.566692     13.506418
   2.83975     13.319884     13.263717
   2.88091     12.919663     12.894880
   2.92207     12.979227     12.876385
   2.96322     12.989298     12.915384
   3.00438     12.974648     12.928403
   3.04553     12.794619     12.834461
   3.08669     12.691247     12.685801
   3.12785     12.866004     12.741498
   3.12785     12.866004     12.741498
   3.18605     12.695286     12.710589
   3.24425     12.551970     12.675523
   3.30245     12.623938     12.605128
   3.36066     12.745007     12.774947
   3.41886     12.818718     12.822646
   3.47706     12.968791     12.985314
   3.53527     13.400705     13.421187
   3.59347     13.774674     13.819922
   3.65167     13.996397     14.001998
   3.70988     13.859281     13.863763
   3.76808     13.662099     13.660384
   3.82628     13.503171     13.496162
   3.88449     13.671258     13.663871
   3.94269     13.946184     13.934812
   4.00089     14.259677     14.258444
   4.05910     14.561757     14.562144
   4.11730     14.621968     14.619364
   4.17550     14.725702     14.727125
   4.23371     14.684281     14.684196
 
# Band-Index   46
   4.23371     15.049479     15.057574
   4.17550     14.871879     14.878773
   4.11730     14.688433     14.721181
   4.05910     14.663258     14.688399
   4.00089     14.836076     14.903912
   3.94269     14.852468     14.887976
   3.88449     14.807974     14.795857
   3.82628     14.732477     14.720657
   3.76808     14.602390     14.592940
   3.70988     14.435489     14.419951
   3.65167     14.174622     14.162656
   3.59347     13.829395     13.889497
   3.53527     13.613879     13.635629
   3.47706     13.492918     13.483355
   3.41886     13.301051     13.307994
   3.36066     13.020525     13.039188
   3.30245     12.808754     12.801440
   3.24425     12.735840     12.753451
   3.18605     12.764853     12.822533
   3.12785     12.825356     12.955060
   3.12785     12.825356     12.955060
   3.08669     12.998360     12.957104
   3.04553     13.030368     13.009772
   3.00438     13.213910     13.163807
   2.96322     13.306210     13.319655
   2.92207     13.537900     13.582914
   2.88091     13.546576     13.554025
   2.83975     13.572684     13.564076
   2.79860     13.703602     13.594809
   2.75744     13.719527     13.546556
   2.71629     13.783900     13.703237
   2.67513     13.942738     14.004630
   2.63398     14.280207     14.349624
   2.59282     14.631742     14.607017
   2.55166     14.843442     14.802780
   2.51051     14.962573     14.975237
   2.46935     15.119706     14.891445
   2.42820     15.153324     15.246708
   2.38704     15.168572     15.235120
   2.34588     15.174067     15.346010
   2.34588     15.174067     15.346010
   2.30473     15.475644     15.161021
   2.26357     15.376936     15.483841
   2.22242     15.314650     15.364892
   2.18126     15.258110     15.408977
   2.14010     15.209492     15.379394
   2.09895     15.172992     15.314093
   2.05779     15.126159     15.253451
   2.01664     15.085214     15.217517
   1.97548     15.056796     15.180920
   1.93433     15.034818     15.155100
   1.89317     15.041120     15.060579
   1.85201     14.989978     14.929646
   1.81086     14.876274     14.825662
   1.76970     14.759004     14.694315
   1.72855     14.627669     14.567057
   1.68739     14.528071     14.492778
   1.64623     14.741191     14.709921
   1.60508     14.892280     14.926831
   1.56392     15.049479     15.057574
   1.56392     15.049479     15.057573
   1.52277     14.899680     14.898543
   1.48161     14.710572     14.737785
   1.44046     14.491197     14.528365
   1.39930     14.551674     14.626214
   1.35814     14.691605     14.751248
   1.31699     14.792056     14.797006
   1.27583     14.741493     14.761532
   1.23468     14.519049     14.565617
   1.19352     14.250999     14.305539
   1.15236     13.990026     14.040657
   1.11121     13.800732     13.806216
   1.07005     13.785414     13.726336
   1.02890     13.841799     13.756450
   0.98774     13.894274     13.840446
   0.94658     13.945224     13.980129
   0.90543     14.095539     14.098433
   0.86427     14.205398     14.166447
   0.82312     14.193512     14.240025
   0.78196     14.063035     14.357485
   0.78196     14.063035     14.357485
   0.74081     14.075820     14.365805
   0.69965     14.113575     14.389080
   0.65849     14.172524     14.417866
   0.61734     14.232859     14.401783
   0.57618     14.187735     14.191285
   0.53503     13.914064     13.947224
   0.49387     13.755951     13.919393
   0.45271     13.730487     13.884345
   0.41156     13.593868     13.597640
   0.37040     13.422622     13.448414
   0.32925     13.319423     13.317077
   0.28809     13.033050     13.047882
   0.24694     12.887356     12.923753
   0.20578     12.839402     12.893706
   0.16462     12.809168     12.867690
   0.12347     12.769259     12.815909
   0.08231     12.716289     12.749647
   0.04116     12.696337     12.694259
   0.00000     12.858220     12.869125
 
# Band-Index   47
   0.00000     12.942906     12.948597
   0.04116     12.950993     12.968056
   0.08231     12.954069     12.880467
   0.12347     12.852983     12.832079
   0.16462     12.949973     12.889882
   0.20578     12.930563     12.989821
   0.24694     12.900735     12.966127
   0.28809     13.110654     13.107434
   0.32925     13.353445     13.369616
   0.37040     13.456827     13.618161
   0.41156     13.643818     13.673752
   0.45271     13.893364     13.920297
   0.49387     14.138962     14.180917
   0.53503     14.351755     14.411911
   0.57618     14.505855     14.580923
   0.61734     14.692704     14.693837
   0.65849     14.682391     14.634051
   0.69965     14.624243     14.563478
   0.74081     14.560393     14.500357
   0.78196     14.524472     14.471295
   0.78196     14.524471     14.471294
   0.82312     14.519317     14.635243
   0.86427     14.352007     14.496785
   0.90543     14.179047     14.233705
   0.94658     14.075691     14.073617
   0.98774     13.996207     14.026979
   1.02890     13.974209     14.037815
   1.07005     14.041171     14.121081
   1.11121     14.189524     14.270161
   1.15236     14.391985     14.459022
   1.19352     14.615630     14.657952
   1.23468     14.816999     14.830213
   1.27583     14.929395     14.948774
   1.31699     14.815197     14.875722
   1.35814     14.726281     14.757540
   1.39930     14.684860     14.751981
   1.44046     14.936347     14.965325
   1.48161     14.967482     14.997185
   1.52277     15.021244     15.033858
   1.56392     15.169078     15.179910
   1.56392     15.169054     15.179967
   1.60508     15.025320     15.030152
   1.64623     14.989566     14.975117
   1.68739     15.067744     15.050939
   1.72855     15.131265     15.130151
   1.76970     15.212445     15.184777
   1.81086     15.129720     15.273400
   1.85201     15.066205     15.211185
   1.89317     15.093136     15.144881
   1.93433     15.215587     15.170685
   1.97548     15.347049     15.292942
   2.01664     15.466629     15.408838
   2.05779     15.613474     15.528724
   2.09895     15.726607     15.575020
   2.14010     15.858644     15.479337
   2.18126     15.977751     15.467931
   2.22242     16.139745     15.534553
   2.26357     16.067289     15.477465
   2.30473     15.734795     15.732952
   2.34588     15.333998     15.663312
   2.34588     15.333998     15.663312
   2.38704     15.439739     15.668844
   2.42820     15.522236     15.676934
   2.46935     15.200350     15.303390
   2.51051     15.176594     15.040767
   2.55166     15.124896     15.023177
   2.59282     15.044689     14.935469
   2.63398     14.943346     14.963159
   2.67513     14.591432     14.645648
   2.71629     14.260952     14.323994
   2.75744     13.960711     14.031031
   2.79860     13.809264     13.622664
   2.83975     13.963935     13.721963
   2.88091     13.896867     13.804810
   2.92207     13.681495     13.763939
   2.96322     13.437408     13.684821
   3.00438     13.234518     13.582817
   3.04553     13.091368     13.054435
   3.08669     12.997787     13.002527
   3.12785     12.997820     12.962211
   3.12785     12.997820     12.962211
   3.18605     13.016411     13.016281
   3.24425     12.988907     13.020093
   3.30245     12.859229     12.994822
   3.36066     13.164825     13.277187
   3.41886     13.883382     13.983136
   3.47706     14.273105     14.270750
   3.53527     14.170700     14.350782
   3.59347     14.312346     14.328838
   3.65167     14.474432     14.508714
   3.70988     14.618873     14.624125
   3.76808     14.788655     14.785341
   3.82628     14.980504     14.903670
   3.88449     15.139276     15.130298
   3.94269     15.138507     15.130587
   4.00089     15.004863     15.015750
   4.05910     14.780275     14.798500
   4.11730     14.799280     14.786854
   4.17550     14.994774     15.001761
   4.23371     15.169054     15.179967
 
# Band-Index   48
   4.23371     15.264352     15.274324
   4.17550     15.050849     15.045837
   4.11730     14.821717     14.826813
   4.05910     14.977019     15.029530
   4.00089     15.177686     15.120046
   3.94269     15.255308     15.254849
   3.88449     15.288369     15.308684
   3.82628     15.260725     15.253492
   3.76808     15.184973     15.162529
   3.70988     14.931327     14.902281
   3.65167     14.650451     14.579464
   3.59347     14.351529     14.520452
   3.53527     14.360421     14.511731
   3.47706     14.371314     14.402570
   3.41886     13.994478     14.150295
   3.36066     13.994526     13.829001
   3.30245     13.876870     13.883091
   3.24425     13.805553     13.829955
   3.18605     13.804036     13.815300
   3.12785     13.755924     13.755974
   3.12785     13.755924     13.755974
   3.08669     13.775767     13.791860
   3.04553     13.790121     13.838645
   3.00438     13.778360     13.834396
   2.96322     13.766413     13.766400
   2.92207     13.736649     13.835743
   2.88091     14.016808     13.952702
   2.83975     13.986660     13.986010
   2.79860     13.916705     13.822909
   2.75744     14.207490     14.201089
   2.71629     14.450543     14.460969
   2.67513     14.764749     14.750740
   2.63398     15.039314     15.022675
   2.59282     15.160696     15.113763
   2.55166     15.229106     15.090722
   2.51051     15.483766     15.391242
   2.46935     15.796910     15.416303
   2.42820     15.667799     15.734852
   2.38704     15.731696     15.720492
   2.34588     15.734776     15.657133
   2.34588     15.734776     15.657133
   2.30473     16.212366     15.872965
   2.26357     16.120392     16.087239
   2.22242     16.087735     16.046099
   2.18126     16.164112     15.906566
   2.14010     15.956274     15.779248
   2.09895     15.936846     15.653904
   2.05779     15.813770     15.677538
   2.01664     15.682192     15.720040
   1.97548     15.643262     15.667419
   1.93433     15.554486     15.592729
   1.89317     15.507402     15.530572
   1.85201     15.452783     15.460235
   1.81086     15.352663     15.388208
   1.76970     15.245276     15.426356
   1.72855     15.347087     15.529317
   1.68739     15.458066     15.389360
   1.64623     15.338591     15.372577
   1.60508     15.340891     15.303023
   1.56392     15.264352     15.274324
   1.56392     15.264348     15.274254
   1.52277     15.288257     15.336212
   1.48161     15.247520     15.232850
   1.44046     15.045767     15.076780
   1.39930     15.118643     15.135240
   1.35814     15.124406     15.139754
   1.31699     15.048613     15.072371
   1.27583     14.937264     14.987460
   1.23468     15.039841     15.044511
   1.19352     15.138784     15.043920
   1.15236     15.163177     15.062928
   1.11121     15.197223     15.092358
   1.07005     15.234923     15.127119
   1.02890     15.265955     15.161048
   0.98774     15.256028     15.179761
   0.94658     15.158272     15.142630
   0.90543     15.030132     15.043127
   0.86427     14.925513     14.948539
   0.82312     14.790109     14.882313
   0.78196     14.738872     14.828313
   0.78196     14.738875     14.828311
   0.74081     14.752770     14.833170
   0.69965     14.791627     14.842614
   0.65849     14.816580     14.832942
   0.61734     14.721432     14.723402
   0.57618     14.701171     14.693707
   0.53503     14.540725     14.531733
   0.49387     14.260272     14.241627
   0.45271     13.943717     13.924153
   0.41156     13.720502     13.837121
   0.37040     13.630120     13.720888
   0.32925     13.541614     13.662084
   0.28809     13.511628     13.605156
   0.24694     13.388659     13.396764
   0.20578     13.166124     13.182653
   0.16462     12.992805     13.105831
   0.12347     12.990084     13.112895
   0.08231     13.025527     13.093590
   0.04116     13.040887     13.042526
   0.00000     13.055143     13.065959
 
# Band-Index   49
   0.00000     13.703713     13.717326
   0.04116     13.710738     13.708560
   0.08231     13.674938     13.740572
   0.12347     13.421494     13.710695
   0.16462     13.710513     13.696938
   0.20578     13.639601     13.667141
   0.24694     13.601239     13.646805
   0.28809     13.685786     13.699613
   0.32925     13.545510     13.771098
   0.37040     13.700978     13.747822
   0.41156     14.071115     14.085127
   0.45271     14.431530     14.446551
   0.49387     14.799443     14.836904
   0.53503     14.834885     14.954723
   0.57618     14.823618     14.893736
   0.61734     14.955128     14.940311
   0.65849     14.891393     15.106279
   0.69965     14.924548     15.151843
   0.74081     14.957992     15.166423
   0.78196     14.968642     15.170767
   0.78196     14.968640     15.170767
   0.82312     14.903669     15.018715
   0.86427     15.052175     15.168757
   0.90543     15.360765     15.389304
   0.94658     15.437350     15.381923
   0.98774     15.447535     15.444887
   1.02890     15.528969     15.549714
   1.07005     15.490611     15.554006
   1.11121     15.374054     15.437086
   1.15236     15.260939     15.321793
   1.19352     15.149214     15.208402
   1.23468     15.134875     15.097651
   1.27583     15.180750     15.083318
   1.31699     15.272253     15.151104
   1.35814     15.393784     15.246927
   1.39930     15.498677     15.365257
   1.44046     15.414860     15.437028
   1.48161     15.362895     15.437288
   1.52277     15.339849     15.359071
   1.56392     15.321945     15.333563
   1.56392     15.321837     15.333557
   1.60508     15.345856     15.370701
   1.64623     15.427103     15.388431
   1.68739     15.500619     15.503996
   1.72855     15.590183     15.606293
   1.76970     15.684417     15.700283
   1.81086     15.749209     15.788122
   1.85201     15.702856     15.751230
   1.89317     15.659233     15.617723
   1.93433     15.707085     15.653881
   1.97548     15.759967     15.714610
   2.01664     15.862746     15.820151
   2.05779     16.262981     15.952402
   2.09895     16.432856     16.232920
   2.14010     16.442897     16.491414
   2.18126     16.675112     16.459504
   2.22242     16.568399     16.247090
   2.26357     16.472432     16.237915
   2.30473     16.186104     16.183764
   2.34588     16.166304     16.231938
   2.34588     16.166304     16.231938
   2.38704     15.902537     16.073901
   2.42820     15.752913     15.894267
   2.46935     15.787094     15.671772
   2.51051     15.802361     15.608646
   2.55166     15.716816     15.653405
   2.59282     15.278119     15.325260
   2.63398     15.207106     15.139548
   2.67513     15.119823     15.099788
   2.71629     15.030621     15.049556
   2.75744     14.880126     14.913162
   2.79860     14.667161     14.499347
   2.83975     14.407231     14.324312
   2.88091     14.063049     13.985829
   2.92207     13.990913     14.008681
   2.96322     13.884771     14.101564
   3.00438     13.825496     14.275415
   3.04553     13.930836     14.414028
   3.08669     14.205891     14.491242
   3.12785     14.546207     14.525637
   3.12785     14.546207     14.525637
   3.18605     13.806127     14.032683
   3.24425     13.897409     13.927464
   3.30245     13.978679     13.978210
   3.36066     13.981113     14.020661
   3.41886     14.124450     14.377878
   3.47706     14.417559     14.479895
   3.53527     14.382912     14.784469
   3.59347     14.479255     15.025370
   3.65167     15.213487     15.199712
   3.70988     15.335034     15.313575
   3.76808     15.437971     15.415317
   3.82628     15.506267     15.510768
   3.88449     15.419572     15.414754
   3.94269     15.455224     15.408193
   4.00089     15.254579     15.286932
   4.05910     15.272024     15.307914
   4.11730     15.428821     15.461096
   4.17550     15.558173     15.525705
   4.23371     15.321837     15.333557
 
# Band-Index   50
   4.23371     15.514633     15.538100
   4.17550     15.631314     15.617550
   4.11730     15.542012     15.509360
   4.05910     15.542139     15.529509
   4.00089     15.519412     15.516679
   3.94269     15.559327     15.571975
   3.88449     15.785472     15.758466
   3.82628     15.734692     15.678561
   3.76808     15.610609     15.606377
   3.70988     15.547462     15.534721
   3.65167     15.433808     15.400377
   3.59347     15.031731     15.149329
   3.53527     14.864092     14.872656
   3.47706     14.685789     14.695942
   3.41886     14.196861     14.612100
   3.36066     14.430089     14.089093
   3.30245     14.496079     14.138473
   3.24425     14.485772     14.594106
   3.18605     14.501206     14.780405
   3.12785     14.617975     14.888751
   3.12785     14.617975     14.888751
   3.08669     14.613762     14.839880
   3.04553     14.669365     14.794685
   3.00438     14.701770     14.754794
   2.96322     14.639808     14.617100
   2.92207     14.609416     14.425865
   2.88091     14.652944     14.495329
   2.83975     14.491366     14.751048
   2.79860     14.709802     14.784995
   2.75744     15.086583     15.134677
   2.71629     15.405621     15.363681
   2.67513     15.348756     15.309090
   2.63398     15.174157     15.130730
   2.59282     15.359932     15.379483
   2.55166     15.807422     15.740408
   2.51051     16.039570     15.787846
   2.46935     15.952609     15.883282
   2.42820     16.098604     16.222757
   2.38704     16.162543     16.401695
   2.34588     16.164963     16.488156
   2.34588     16.164963     16.488156
   2.30473     16.589293     16.363478
   2.26357     16.676064     16.377072
   2.22242     16.807814     16.733001
   2.18126     16.751938     16.703294
   2.14010     16.821149     16.769250
   2.09895     16.805287     16.781344
   2.05779     16.730668     16.702161
   2.01664     16.540880     16.606203
   1.97548     16.416081     16.444381
   1.93433     16.316974     16.331673
   1.89317     16.198205     16.199484
   1.85201     16.148442     16.132961
   1.81086     16.144886     16.128179
   1.76970     16.046701     16.030379
   1.72855     15.918467     15.865786
   1.68739     15.742434     15.636861
   1.64623     15.509761     15.587908
   1.60508     15.528751     15.631386
   1.56392     15.514633     15.538100
   1.56392     15.514875     15.538343
   1.52277     15.604339     15.505196
   1.48161     15.423923     15.458483
   1.44046     15.471047     15.506472
   1.39930     15.575207     15.572112
   1.35814     15.637678     15.637405
   1.31699     15.626412     15.633169
   1.27583     15.520386     15.551788
   1.23468     15.477185     15.509001
   1.19352     15.507295     15.522920
   1.15236     15.578058     15.576665
   1.11121     15.645320     15.637504
   1.07005     15.614321     15.633083
   1.02890     15.609689     15.670363
   0.98774     15.729467     15.740680
   0.94658     15.607203     15.648815
   0.90543     15.480513     15.448675
   0.86427     15.517548     15.421866
   0.82312     15.567102     15.452466
   0.78196     15.590909     15.465076
   0.78196     15.590913     15.465077
   0.74081     15.628930     15.540477
   0.69965     15.643771     15.550225
   0.65849     15.306915     15.221807
   0.61734     14.993820     15.141367
   0.57618     15.037901     15.136229
   0.53503     15.100194     15.099781
   0.49387     14.978523     14.959998
   0.45271     14.650371     14.646539
   0.41156     14.374032     14.377771
   0.37040     14.170617     14.195580
   0.32925     13.970028     13.953984
   0.28809     13.713704     13.913281
   0.24694     13.824958     14.010145
   0.20578     13.917012     13.920532
   0.16462     13.854490     13.710908
   0.12347     13.784241     13.759130
   0.08231     13.744640     13.760546
   0.04116     13.785036     13.729042
   0.00000     13.755888     13.755910
 
# Band-Index   51
   0.00000     14.490983     14.514770
   0.04116     14.455677     13.772804
   0.08231     13.817504     13.792943
   0.12347     13.784468     13.837610
   0.16462     13.901336     13.895860
   0.20578     13.953823     14.031896
   0.24694     14.089156     14.119664
   0.28809     14.101852     14.136185
   0.32925     14.117535     14.149308
   0.37040     14.271581     14.258482
   0.41156     14.875405     14.902671
   0.45271     14.825162     14.844516
   0.49387     15.042130     15.086038
   0.53503     15.111146     15.135437
   0.57618     15.255914     15.231430
   0.61734     15.504875     15.501761
   0.65849     15.645608     15.728603
   0.69965     15.663311     15.711583
   0.74081     15.688848     15.727836
   0.78196     15.646697     15.723991
   0.78196     15.646683     15.723990
   0.82312     15.753426     15.950027
   0.86427     15.912451     16.049771
   0.90543     15.974951     15.978916
   0.94658     15.852867     15.887864
   0.98774     15.730810     15.783156
   1.02890     15.759922     15.747795
   1.07005     15.727000     15.709082
   1.11121     15.674905     15.685095
   1.15236     15.673724     15.685904
   1.19352     15.659131     15.669790
   1.23468     15.645171     15.655543
   1.27583     15.649576     15.657771
   1.31699     15.682574     15.703418
   1.35814     15.721334     15.784444
   1.39930     15.605456     15.732394
   1.44046     15.611178     15.550170
   1.48161     15.578003     15.550522
   1.52277     15.674456     15.721784
   1.56392     15.654509     15.656837
   1.56392     15.654402     15.657175
   1.60508     15.757146     15.679758
   1.64623     15.655724     15.763681
   1.68739     15.886623     15.654724
   1.72855     15.961243     15.937905
   1.76970     16.094208     16.086570
   1.81086     16.164337     16.188388
   1.85201     16.231175     16.248292
   1.89317     16.290686     16.352321
   1.93433     16.409414     16.459540
   1.97548     16.554942     16.562230
   2.01664     16.664520     16.656233
   2.05779     16.822977     16.790030
   2.09895     16.943239     16.946859
   2.14010     16.978259     16.924134
   2.18126     16.904057     16.870382
   2.22242     16.885033     16.826661
   2.26357     16.964004     16.774653
   2.30473     16.847515     16.675324
   2.34588     16.633000     16.563244
   2.34588     16.633000     16.563244
   2.38704     16.457683     16.435011
   2.42820     16.231394     16.186015
   2.46935     16.186421     16.104649
   2.51051     16.138544     16.080190
   2.55166     15.872872     15.783338
   2.59282     15.842560     15.693211
   2.63398     15.877485     15.708535
   2.67513     15.840778     15.755307
   2.71629     15.603371     15.627845
   2.75744     15.747934     15.723106
   2.79860     15.591451     15.562492
   2.83975     15.525740     15.507788
   2.88091     15.421107     15.430642
   2.92207     15.298375     15.356508
   2.96322     14.945408     15.312947
   3.00438     14.858503     15.294536
   3.04553     14.877174     15.214268
   3.08669     14.976769     15.107786
   3.12785     14.923711     15.036731
   3.12785     14.923711     15.036731
   3.18605     14.742144     14.931442
   3.24425     14.587656     14.793761
   3.30245     14.609967     14.530839
   3.36066     14.705418     14.534271
   3.41886     14.604731     14.529619
   3.47706     15.598613     15.044923
   3.53527     14.889708     15.426487
   3.59347     15.271085     16.029463
   3.65167     16.105544     16.086441
   3.70988     16.129743     16.130002
   3.76808     16.064166     16.055816
   3.82628     16.000232     15.920126
   3.88449     16.020964     15.954813
   3.94269     15.945779     15.967993
   4.00089     15.809620     15.801502
   4.05910     15.702509     15.649343
   4.11730     15.627476     15.569551
   4.17550     15.705121     15.661157
   4.23371     15.654402     15.657175
 
# Band-Index   52
   4.23371     15.776407     15.774170
   4.17550     15.743939     15.754763
   4.11730     15.810409     15.822429
   4.05910     15.877952     15.836288
   4.00089     15.913679     15.918156
   3.94269     16.048761     16.070059
   3.88449     16.069621     16.075146
   3.82628     16.075534     16.070447
   3.76808     16.162501     16.100859
   3.70988     16.208337     16.190656
   3.65167     16.277359     16.285536
   3.59347     15.812615     16.034432
   3.53527     15.508923     15.985852
   3.47706     16.025237     15.968423
   3.41886     14.968262     15.822508
   3.36066     14.788260     14.794481
   3.30245     15.096786     14.895834
   3.24425     15.065369     15.198337
   3.18605     15.071526     15.246466
   3.12785     15.173234     15.286903
   3.12785     15.173234     15.286903
   3.08669     15.135877     15.320511
   3.04553     15.195319     15.441087
   3.00438     15.074401     15.629956
   2.96322     15.252148     15.744577
   2.92207     15.293490     15.836956
   2.88091     15.795831     15.919193
   2.83975     15.834310     15.890810
   2.79860     15.817495     15.794871
   2.75744     15.777350     15.786080
   2.71629     15.886471     15.838091
   2.67513     15.929588     15.839727
   2.63398     16.041688     15.849264
   2.59282     16.042412     15.844081
   2.55166     16.107234     15.934442
   2.51051     16.228570     16.206827
   2.46935     16.426783     16.408871
   2.42820     16.693618     16.848120
   2.38704     17.016419     17.202778
   2.34588     17.078940     17.560972
   2.34588     17.078940     17.560972
   2.30473     17.301781     17.346289
   2.26357     17.117664     17.185744
   2.22242     17.114150     17.078066
   2.18126     17.082591     17.181094
   2.14010     17.067252     17.114111
   2.09895     17.184733     17.169156
   2.05779     17.234971     17.266213
   2.01664     17.206735     17.262966
   1.97548     17.155037     17.157772
   1.93433     17.012336     17.007252
   1.89317     16.841508     16.818732
   1.85201     16.719962     16.668586
   1.81086     16.627536     16.619620
   1.76970     16.533832     16.445405
   1.72855     16.304875     16.202232
   1.68739     15.987562     15.825333
   1.64623     15.811751     15.756567
   1.60508     15.788528     15.748473
   1.56392     15.776407     15.774170
   1.56392     15.776828     15.773697
   1.52277     15.677281     15.781534
   1.48161     15.736022     15.775125
   1.44046     15.720736     15.703066
   1.39930     15.688531     15.844786
   1.35814     15.745013     15.893410
   1.31699     15.891843     15.988453
   1.27583     15.988080     16.051945
   1.23468     16.083193     16.126487
   1.19352     16.173184     16.176548
   1.15236     16.274195     16.278357
   1.11121     16.311425     16.294795
   1.07005     16.389623     16.373365
   1.02890     16.420955     16.424498
   0.98774     16.479922     16.487347
   0.94658     16.413417     16.526612
   0.90543     16.128827     16.458028
   0.86427     16.095422     16.263506
   0.82312     15.864322     16.094703
   0.78196     15.719022     16.109811
   0.78196     15.719025     16.109832
   0.74081     15.723251     15.903349
   0.69965     15.773141     15.763840
   0.65849     15.786442     15.858405
   0.61734     15.720909     15.778745
   0.57618     15.656433     15.655179
   0.53503     15.295898     15.293252
   0.49387     15.108547     15.138663
   0.45271     15.008262     15.029845
   0.41156     15.199767     15.214587
   0.37040     14.727290     14.759877
   0.32925     14.548600     14.580210
   0.28809     14.367846     14.397402
   0.24694     14.201799     14.230731
   0.20578     14.041611     14.067726
   0.16462     14.161729     13.977460
   0.12347     13.849610     14.518443
   0.08231     14.360978     14.391438
   0.04116     14.714884     14.424392
   0.00000     14.809421     14.828904
 
# Band-Index   53
   0.00000     14.955801     14.954472
   0.04116     14.909377     14.834557
   0.08231     14.540448     14.706216
   0.12347     14.358557     14.604466
   0.16462     14.262411     14.426184
   0.20578     14.106393     14.304052
   0.24694     14.247918     14.307267
   0.28809     14.559784     14.566781
   0.32925     14.885330     14.875370
   0.37040     15.226074     15.299871
   0.41156     15.453926     15.474249
   0.45271     15.350490     15.377231
   0.49387     15.192744     15.209814
   0.53503     15.350203     15.349738
   0.57618     15.685079     15.686153
   0.61734     15.831325     16.028090
   0.65849     15.859889     15.997264
   0.69965     15.880124     16.174312
   0.74081     16.065179     16.251247
   0.78196     16.280274     16.232045
   0.78196     16.279921     16.232046
   0.82312     16.209887     16.275019
   0.86427     16.222386     16.436100
   0.90543     16.544285     16.581974
   0.94658     16.540807     16.656242
   0.98774     16.690659     16.668838
   1.02890     16.601803     16.575430
   1.07005     16.508225     16.478657
   1.11121     16.410213     16.382040
   1.15236     16.328131     16.323049
   1.19352     16.234445     16.203601
   1.23468     16.154922     16.137423
   1.27583     16.077615     16.070952
   1.31699     16.007303     15.992309
   1.35814     15.948400     15.937648
   1.39930     15.885144     15.911408
   1.44046     15.812743     15.842737
   1.48161     15.872128     15.810520
   1.52277     15.834371     15.834233
   1.56392     15.918153     15.927090
   1.56392     15.918162     15.927204
   1.60508     15.828313     15.949181
   1.64623     15.890882     15.932670
   1.68739     16.195841     15.947440
   1.72855     16.343138     16.356666
   1.76970     16.554978     16.576942
   1.81086     16.836619     16.744832
   1.85201     17.012877     16.978466
   1.89317     17.188647     17.229680
   1.93433     17.468197     17.453748
   1.97548     17.708435     17.685704
   2.01664     17.607567     17.802507
   2.05779     17.451783     17.620602
   2.09895     17.255379     17.415721
   2.14010     17.148803     17.310988
   2.18126     17.339398     17.344099
   2.22242     17.374020     17.330778
   2.26357     17.337410     17.415233
   2.30473     17.387239     17.530761
   2.34588     17.195065     17.627026
   2.34588     17.195065     17.627026
   2.38704     17.126573     17.378601
   2.42820     17.000848     17.052419
   2.46935     16.606028     16.656023
   2.51051     16.275617     16.295857
   2.55166     16.168979     15.943060
   2.59282     16.169320     15.882781
   2.63398     16.226076     15.933355
   2.67513     15.973500     15.966206
   2.71629     15.980315     15.939748
   2.75744     16.055057     16.001504
   2.79860     16.120978     16.073397
   2.83975     16.206630     16.126000
   2.88091     16.015248     16.074302
   2.92207     15.926759     16.066448
   2.96322     15.672994     16.159769
   3.00438     15.408838     16.251872
   3.04553     15.402785     16.270923
   3.08669     16.041357     16.274599
   3.12785     16.284327     16.282337
   3.12785     16.284327     16.282337
   3.18605     15.739396     15.439283
   3.24425     15.458875     15.596504
   3.30245     15.519033     15.603197
   3.36066     15.269954     15.745125
   3.41886     15.530796     16.411604
   3.47706     16.247588     16.249884
   3.53527     16.035121     16.285438
   3.59347     16.315699     16.349101
   3.65167     16.379291     16.344958
   3.70988     16.271446     16.233060
   3.76808     16.356169     16.281017
   3.82628     16.355799     16.267451
   3.88449     16.234159     16.163289
   3.94269     16.129688     16.120007
   4.00089     16.098328     16.148537
   4.05910     15.986338     16.028542
   4.11730     15.913739     15.868459
   4.17550     16.015224     15.891783
   4.23371     15.918162     15.927204
 
# Band-Index   54
   4.23371     15.935627     15.945530
   4.17550     16.112997     15.997831
   4.11730     16.235897     15.973047
   4.05910     16.472921     16.216358
   4.00089     16.487687     16.294100
   3.94269     16.475581     16.344923
   3.88449     16.539990     16.494050
   3.82628     16.690156     16.663040
   3.76808     16.431782     16.430202
   3.70988     16.365258     16.388437
   3.65167     16.409754     16.417731
   3.59347     16.341828     16.398660
   3.53527     16.290695     16.467965
   3.47706     16.571280     16.553196
   3.41886     15.984733     16.538425
   3.36066     15.813693     16.321425
   3.30245     15.991125     16.461621
   3.24425     15.840251     16.316945
   3.18605     15.811930     16.297033
   3.12785     16.630345     16.677123
   3.12785     16.630345     16.677123
   3.08669     16.356759     16.672489
   3.04553     16.390774     16.715074
   3.00438     15.925638     16.737484
   2.96322     16.318111     16.530635
   2.92207     16.495267     16.538940
   2.88091     16.513920     16.496051
   2.83975     16.587683     16.561048
   2.79860     16.702245     16.677723
   2.75744     16.655082     16.445281
   2.71629     16.515563     16.225507
   2.67513     16.432786     16.092693
   2.63398     16.353442     16.299530
   2.59282     16.567677     16.699397
   2.55166     16.851627     16.964018
   2.51051     16.648602     16.741390
   2.46935     16.828205     16.838146
   2.42820     17.226962     17.786611
   2.38704     17.398335     17.841756
   2.34588     17.288203     17.809498
   2.34588     17.288203     17.809498
   2.30473     17.721557     17.888401
   2.26357     17.677914     17.884824
   2.22242     17.536228     17.633444
   2.18126     17.628432     17.548671
   2.14010     17.906905     17.860095
   2.09895     18.104317     17.966373
   2.05779     18.151936     18.132664
   2.01664     18.034634     18.008555
   1.97548     17.881145     17.796879
   1.93433     17.544233     17.504836
   1.89317     17.319174     17.243357
   1.85201     17.154976     17.057905
   1.81086     16.950462     16.856799
   1.76970     16.649360     16.653712
   1.72855     16.528777     16.484975
   1.68739     16.465729     16.106126
   1.64623     16.119678     15.997848
   1.60508     16.001273     15.963758
   1.56392     15.935627     15.945530
   1.56392     15.937328     15.943687
   1.52277     15.946190     15.955467
   1.48161     15.923375     15.924549
   1.44046     15.970277     15.974813
   1.39930     15.997651     16.014855
   1.35814     15.961951     16.022836
   1.31699     16.028836     16.214138
   1.27583     16.274457     16.236231
   1.23468     16.546594     16.555841
   1.19352     16.426557     16.345282
   1.15236     16.820910     16.829553
   1.11121     16.475507     16.540715
   1.07005     16.759599     16.799305
   1.02890     16.767789     16.815545
   0.98774     16.735301     16.811286
   0.94658     16.740680     16.717907
   0.90543     16.676470     16.691008
   0.86427     16.610844     16.635487
   0.82312     16.500366     16.596676
   0.78196     16.428861     16.582588
   0.78196     16.429897     16.582668
   0.74081     16.342588     16.450171
   0.69965     16.130610     16.272351
   0.65849     16.113588     16.298669
   0.61734     16.040670     16.066596
   0.57618     15.764543     15.826006
   0.53503     15.765897     15.844680
   0.49387     15.698909     15.816980
   0.45271     15.486483     15.515068
   0.41156     15.679410     15.650011
   0.37040     15.471948     15.564323
   0.32925     15.443497     15.468731
   0.28809     15.341621     15.343861
   0.24694     15.166853     15.173663
   0.20578     15.044712     15.059616
   0.16462     15.006590     14.886699
   0.12347     14.716086     15.132460
   0.08231     15.140681     15.097578
   0.04116     15.250585     14.999375
   0.00000     15.168159     15.179342
 
# Band-Index   55
   0.00000     15.334132     15.355549
   0.04116     15.333585     15.196487
   0.08231     15.303996     15.195471
   0.12347     15.079840     15.324066
   0.16462     15.451139     15.072424
   0.20578     15.130180     15.218298
   0.24694     15.277424     15.288023
   0.28809     15.402062     15.425594
   0.32925     15.593576     15.600036
   0.37040     15.636504     15.654096
   0.41156     15.761609     15.816319
   0.45271     15.682863     15.784860
   0.49387     15.819993     15.885207
   0.53503     15.779709     15.903107
   0.57618     15.895920     15.997112
   0.61734     16.061579     16.152463
   0.65849     16.335156     16.367969
   0.69965     16.637084     16.643600
   0.74081     16.908848     16.899549
   0.78196     16.884210     16.799810
   0.78196     16.877609     16.795928
   0.82312     16.843620     16.773088
   0.86427     16.740702     16.686262
   0.90543     16.709791     16.730780
   0.94658     16.785709     16.836974
   0.98774     16.816839     16.889062
   1.02890     16.790630     16.821887
   1.07005     16.834031     16.871442
   1.11121     16.819249     16.819103
   1.15236     17.078391     17.211473
   1.19352     16.954548     16.825590
   1.23468     17.015303     17.010146
   1.27583     16.499132     16.552726
   1.31699     16.345110     16.362471
   1.35814     16.396074     16.419540
   1.39930     16.271884     16.400458
   1.44046     16.094027     16.234397
   1.48161     15.988781     16.131085
   1.52277     16.004713     16.032081
   1.56392     15.991898     16.015612
   1.56392     15.991183     16.014658
   1.60508     16.067684     16.003141
   1.64623     16.305147     16.292957
   1.68739     16.616834     16.451918
   1.72855     16.655388     16.920256
   1.76970     16.891173     17.027758
   1.81086     17.208476     17.187317
   1.85201     17.455800     17.496093
   1.89317     17.805524     17.735852
   1.93433     17.997547     18.015825
   1.97548     17.883066     18.114649
   2.01664     18.199036     18.109943
   2.05779     18.411122     18.392782
   2.09895     18.403614     18.269489
   2.14010     18.217393     18.064927
   2.18126     17.903529     17.939003
   2.22242     17.799417     17.968737
   2.26357     17.756493     17.913968
   2.30473     17.990919     18.102568
   2.34588     17.944094     18.260989
   2.34588     17.944094     18.260989
   2.38704     17.544274     17.967253
   2.42820     17.575696     17.857454
   2.46935     17.630864     17.622984
   2.51051     17.269950     17.491313
   2.55166     16.936070     17.087362
   2.59282     17.043478     17.120334
   2.63398     16.888284     16.876184
   2.67513     16.765994     16.693546
   2.71629     16.761128     16.643773
   2.75744     16.773631     16.696717
   2.79860     16.844911     16.739806
   2.83975     16.949155     16.871791
   2.88091     16.954836     16.830638
   2.92207     16.744707     16.701805
   2.96322     16.468529     16.650693
   3.00438     16.440791     16.903100
   3.04553     16.586210     16.972107
   3.08669     16.731069     16.897412
   3.12785     16.696434     16.861990
   3.12785     16.696434     16.861990
   3.18605     16.305814     16.902259
   3.24425     16.362790     16.930006
   3.30245     16.448177     16.601807
   3.36066     16.536832     16.591452
   3.41886     16.445353     17.025818
   3.47706     16.942356     16.895747
   3.53527     16.576848     16.761877
   3.59347     16.465979     16.630072
   3.65167     16.657642     16.642671
   3.70988     17.006121     17.055538
   3.76808     17.176258     17.169600
   3.82628     16.983276     16.944900
   3.88449     16.961049     16.854461
   3.94269     16.836745     16.871167
   4.00089     16.855251     16.925396
   4.05910     16.861188     16.837109
   4.11730     16.435165     16.384654
   4.17550     16.478004     16.051244
   4.23371     15.991183     16.014658
 
# Band-Index   56
   4.23371     16.240305     16.260763
   4.17550     16.573915     16.161219
   4.11730     16.916051     16.577098
   4.05910     16.987125     17.039486
   4.00089     17.115431     17.131542
   3.94269     17.466305     17.369055
   3.88449     17.402427     17.168408
   3.82628     17.145687     17.081889
   3.76808     17.470178     17.435991
   3.70988     17.499191     17.515563
   3.65167     17.764785     17.793689
   3.59347     16.937165     17.787917
   3.53527     16.759661     17.768165
   3.47706     17.881588     17.729802
   3.41886     16.910233     17.583391
   3.36066     16.879661     16.956457
   3.30245     16.889033     16.919777
   3.24425     16.886898     17.031389
   3.18605     16.786788     17.026663
   3.12785     16.836981     17.305759
   3.12785     16.836981     17.305759
   3.08669     16.844477     17.172685
   3.04553     16.915286     17.185187
   3.00438     16.789437     17.182904
   2.96322     16.787971     17.052666
   2.92207     17.092573     17.220580
   2.88091     17.182011     17.322690
   2.83975     17.155282     17.144595
   2.79860     17.007274     16.887519
   2.75744     17.119894     17.096426
   2.71629     17.343289     17.347927
   2.67513     17.584887     17.595808
   2.63398     17.523692     17.598881
   2.59282     17.285362     17.339881
   2.55166     17.471866     17.515152
   2.51051     17.735606     17.711955
   2.46935     17.679835     17.758210
   2.42820     17.621009     18.101293
   2.38704     17.706990     17.994254
   2.34588     17.993678     18.299378
   2.34588     17.993678     18.299378
   2.30473     18.261398     18.189531
   2.26357     18.335207     18.043439
   2.22242     18.444207     18.009458
   2.18126     18.589287     17.956282
   2.14010     18.590413     18.206062
   2.09895     18.633673     18.417295
   2.05779     18.588310     18.450794
   2.01664     18.396082     18.438982
   1.97548     18.288963     18.230316
   1.93433     18.263812     18.338233
   1.89317     18.157467     18.046301
   1.85201     17.715891     17.605987
   1.81086     17.457697     17.328625
   1.76970     17.611735     17.577778
   1.72855     17.532351     17.663031
   1.68739     17.259709     16.816556
   1.64623     16.435338     16.523109
   1.60508     16.314320     16.361664
   1.56392     16.240305     16.260763
   1.56392     16.240773     16.261328
   1.52277     16.062090     16.046305
   1.48161     16.276213     16.316861
   1.44046     16.392330     16.416970
   1.39930     16.478531     16.564453
   1.35814     16.506249     16.582318
   1.31699     16.668066     16.703865
   1.27583     16.772247     16.756482
   1.23468     17.123008     17.125441
   1.19352     17.237390     17.255069
   1.15236     17.228700     17.301224
   1.11121     16.972682     17.010744
   1.07005     17.073314     17.097643
   1.02890     16.956518     16.992138
   0.98774     17.040402     16.976072
   0.94658     17.059359     16.931324
   0.90543     17.030605     16.958174
   0.86427     17.063110     17.020604
   0.82312     17.122403     17.127485
   0.78196     17.114677     17.091545
   0.78196     17.139216     17.091595
   0.74081     17.115500     17.004099
   0.69965     17.025078     17.004223
   0.65849     16.556309     16.539960
   0.61734     16.140351     16.346201
   0.57618     15.904777     16.087844
   0.53503     15.975579     16.017686
   0.49387     16.065156     16.098327
   0.45271     15.889675     15.938177
   0.41156     15.926749     15.972353
   0.37040     15.835236     15.907640
   0.32925     15.597858     15.615766
   0.28809     15.559684     15.581518
   0.24694     15.520730     15.546990
   0.20578     15.482336     15.512884
   0.16462     15.552680     15.472866
   0.12347     15.406572     15.803342
   0.08231     15.401733     15.501486
   0.04116     16.271396     15.371477
   0.00000     16.290816     16.290454
 
# Band-Index   57
   0.00000     16.804132     16.820221
   0.04116     16.713443     15.452623
   0.08231     15.491142     15.552911
   0.12347     15.668945     16.298651
   0.16462     15.922577     15.722414
   0.20578     15.991673     16.062387
   0.24694     16.027491     16.014546
   0.28809     16.059845     16.102617
   0.32925     16.054304     16.112898
   0.37040     15.948408     15.996620
   0.41156     16.342300     16.686881
   0.45271     16.129357     16.505644
   0.49387     16.175914     16.556312
   0.53503     16.183588     16.476113
   0.57618     16.084070     16.398706
   0.61734     16.390632     16.423537
   0.65849     16.690511     16.657506
   0.69965     17.356697     17.341705
   0.74081     17.188078     17.220943
   0.78196     17.199850     17.168225
   0.78196     17.186593     17.165461
   0.82312     17.261531     17.239140
   0.86427     17.237926     17.289834
   0.90543     17.213221     17.281950
   0.94658     17.145010     17.216704
   0.98774     17.179986     17.137570
   1.02890     17.124145     17.156517
   1.07005     17.346371     17.381135
   1.11121     17.223604     17.198669
   1.15236     17.563880     17.631939
   1.19352     17.372592     17.416082
   1.23468     17.256170     17.500094
   1.27583     17.023827     17.121659
   1.31699     16.794653     16.900679
   1.35814     16.584423     16.685827
   1.39930     16.526676     16.771447
   1.44046     16.575724     16.533674
   1.48161     16.426834     16.461520
   1.52277     16.336335     16.370545
   1.56392     16.360502     16.372596
   1.56392     16.361024     16.372847
   1.60508     16.486350     16.544934
   1.64623     16.622008     16.927001
   1.68739     17.642431     16.969623
   1.72855     17.925279     17.952200
   1.76970     18.082350     18.090998
   1.81086     18.358698     18.396588
   1.85201     18.446292     18.497076
   1.89317     18.435703     18.548249
   1.93433     18.492407     18.434734
   1.97548     18.775943     18.687504
   2.01664     18.787358     18.560172
   2.05779     18.795574     18.621660
   2.09895     18.718859     18.622687
   2.14010     18.704046     18.758407
   2.18126     18.812892     18.760366
   2.22242     18.895009     18.776842
   2.26357     18.879299     18.844460
   2.30473     18.846966     18.932473
   2.34588     18.083259     19.031766
   2.34588     18.083259     19.031766
   2.38704     17.844428     18.771019
   2.42820     17.978230     18.582231
   2.46935     18.001585     17.897058
   2.51051     17.999986     17.943200
   2.55166     18.004080     17.882502
   2.59282     17.923831     17.900998
   2.63398     17.835322     17.780189
   2.67513     17.766175     17.793980
   2.71629     17.792799     17.849450
   2.75744     17.709612     17.826966
   2.79860     17.553405     17.707127
   2.83975     17.438029     17.629837
   2.88091     17.574410     17.540652
   2.92207     17.205963     17.372060
   2.96322     17.244624     17.299588
   3.00438     17.181075     17.361052
   3.04553     17.016575     17.212185
   3.08669     17.728480     17.530379
   3.12785     17.753221     17.511201
   3.12785     17.753221     17.511201
   3.18605     16.938166     17.173958
   3.24425     16.978452     17.136802
   3.30245     17.073398     17.052193
   3.36066     17.133463     16.984665
   3.41886     17.184424     18.145111
   3.47706     18.001123     18.061938
   3.53527     17.214169     18.090286
   3.59347     17.263004     18.019085
   3.65167     17.839339     17.843997
   3.70988     17.840581     17.881590
   3.76808     17.492510     17.523127
   3.82628     17.437212     17.431410
   3.88449     17.569786     17.423870
   3.94269     17.503005     17.390017
   4.00089     17.279381     17.274672
   4.05910     17.077565     17.081503
   4.11730     17.227803     17.049267
   4.17550     17.511169     16.589754
   4.23371     16.361024     16.372847
 
# Band-Index   58
   4.23371     16.435039     16.465131
   4.17550     17.704709     16.905807
   4.11730     17.356516     17.138333
   4.05910     17.501173     17.561685
   4.00089     17.850536     17.851025
   3.94269     18.072878     18.051449
   3.88449     17.860108     17.856275
   3.82628     18.042685     17.993767
   3.76808     17.755471     17.770902
   3.70988     17.954928     17.921382
   3.65167     18.203809     18.199953
   3.59347     17.791263     18.190386
   3.53527     17.919619     18.157142
   3.47706     18.246317     18.242500
   3.41886     17.427821     18.369110
   3.36066     17.270259     17.417388
   3.30245     17.218779     17.139230
   3.24425     17.325275     17.212461
   3.18605     17.585031     17.505100
   3.12785     17.873665     17.763519
   3.12785     17.873665     17.763519
   3.08669     17.691350     17.528470
   3.04553     17.445659     17.832406
   3.00438     17.346053     17.731769
   2.96322     17.559303     17.630576
   2.92207     17.864222     17.818842
   2.88091     17.627108     17.756102
   2.83975     18.038652     17.962358
   2.79860     18.084470     18.257867
   2.75744     18.078149     18.266465
   2.71629     18.118963     18.246106
   2.67513     18.128401     18.154566
   2.63398     18.106589     18.031039
   2.59282     18.071906     17.921742
   2.55166     18.137521     17.977628
   2.51051     18.162121     18.019669
   2.46935     18.204252     18.186559
   2.42820     18.339407     18.759488
   2.38704     18.418900     19.137157
   2.34588     18.212053     19.626397
   2.34588     18.212053     19.626397
   2.30473     19.457888     19.500509
   2.26357     19.380539     19.325245
   2.22242     19.227722     19.119166
   2.18126     18.978339     18.925534
   2.14010     19.032473     18.777075
   2.09895     19.287097     18.816160
   2.05779     19.000127     18.723164
   2.01664     19.021573     19.010030
   1.97548     19.026077     18.873288
   1.93433     18.787811     18.740650
   1.89317     18.584212     18.604907
   1.85201     18.680544     18.723160
   1.81086     18.525251     18.527634
   1.76970     18.301893     18.320246
   1.72855     18.192632     18.191346
   1.68739     18.031103     17.276309
   1.64623     17.124021     17.160153
   1.60508     16.726892     16.765318
   1.56392     16.435039     16.465131
   1.56392     16.436301     16.465345
   1.52277     16.517329     16.518511
   1.48161     16.619378     16.625610
   1.44046     16.776979     16.796521
   1.39930     16.728821     16.819779
   1.35814     16.722910     16.799061
   1.31699     16.854351     16.940748
   1.27583     17.082745     17.191422
   1.23468     17.488190     17.608943
   1.19352     17.451023     17.612373
   1.15236     17.720570     17.908544
   1.11121     17.447578     17.538629
   1.07005     17.522895     17.397976
   1.02890     17.293836     17.230671
   0.98774     17.241508     17.294638
   0.94658     17.231091     17.279789
   0.90543     17.317960     17.353694
   0.86427     17.328383     17.319214
   0.82312     17.292023     17.337311
   0.78196     17.299187     17.350461
   0.78196     17.315277     17.350926
   0.74081     17.275078     17.314693
   0.69965     17.411283     17.400767
   0.65849     17.142881     17.318308
   0.61734     16.686831     16.573341
   0.57618     16.962143     16.834902
   0.53503     17.022233     17.049023
   0.49387     16.836182     16.873861
   0.45271     16.502201     16.614149
   0.41156     16.594476     16.804624
   0.37040     16.090523     16.169945
   0.32925     16.178386     16.222478
   0.28809     16.385745     16.408976
   0.24694     16.365831     16.342268
   0.20578     16.312810     16.331266
   0.16462     16.304356     16.320327
   0.12347     16.270405     16.758554
   0.08231     16.315788     16.345869
   0.04116     16.832267     16.305463
   0.00000     16.826863     16.845236
 
# Band-Index   59
   0.00000     16.991809     17.038714
   0.04116     16.955297     16.842203
   0.08231     16.870479     16.896358
   0.12347     16.904642     17.023768
   0.16462     16.948845     16.881249
   0.20578     16.744323     16.881067
   0.24694     16.529074     16.521058
   0.28809     16.454446     16.470574
   0.32925     16.600433     16.553081
   0.37040     16.543448     16.879563
   0.41156     17.082684     17.046918
   0.45271     16.820219     16.882816
   0.49387     17.370677     17.459233
   0.53503     17.326524     17.239572
   0.57618     17.082177     17.041950
   0.61734     17.380625     17.368525
   0.65849     17.376825     17.428291
   0.69965     17.478215     17.506888
   0.74081     17.483636     17.467567
   0.78196     17.864777     17.776314
   0.78196     17.775673     17.774507
   0.82312     17.701714     17.722846
   0.86427     17.469620     17.519911
   0.90543     17.432667     17.481601
   0.94658     17.561188     17.494444
   0.98774     17.797789     17.862987
   1.02890     17.337676     17.320049
   1.07005     18.096702     18.113282
   1.11121     17.650872     17.578778
   1.15236     17.869219     17.949263
   1.19352     17.633625     17.652038
   1.23468     17.816337     17.863995
   1.27583     17.403095     17.510762
   1.31699     17.149689     17.259927
   1.35814     16.946832     17.020474
   1.39930     16.891249     17.331319
   1.44046     16.875802     16.932475
   1.48161     16.940078     16.969415
   1.52277     17.574202     17.662639
   1.56392     17.704851     17.707364
   1.56392     17.704871     17.707517
   1.60508     17.699148     17.751868
   1.64623     17.717666     17.788090
   1.68739     18.037799     17.751542
   1.72855     18.382484     18.380915
   1.76970     18.702413     18.748910
   1.81086     18.818515     18.916182
   1.85201     18.780626     18.950653
   1.89317     18.925849     19.100755
   1.93433     19.164910     19.211872
   1.97548     19.236659     19.277598
   2.01664     19.299101     19.199724
   2.05779     19.504203     19.277605
   2.09895     19.304840     19.122508
   2.14010     19.758644     19.435749
   2.18126     20.255705     19.392910
   2.22242     20.459846     19.491810
   2.26357     20.061770     19.676233
   2.30473     19.996650     19.816486
   2.34588     19.010134     19.961276
   2.34588     19.010134     19.961276
   2.38704     18.738849     19.804803
   2.42820     18.471597     19.629686
   2.46935     18.404088     18.474173
   2.51051     18.386674     18.405407
   2.55166     18.239268     18.328423
   2.59282     18.362543     18.383686
   2.63398     18.544020     18.636973
   2.67513     18.780703     18.795950
   2.71629     18.768186     18.689609
   2.75744     18.627438     18.502853
   2.79860     18.502732     18.279293
   2.83975     18.259612     18.289556
   2.88091     18.097262     18.056778
   2.92207     17.985019     18.053011
   2.96322     17.751914     18.078338
   3.00438     17.644124     18.062047
   3.04553     17.695366     18.069645
   3.08669     17.803282     18.102902
   3.12785     17.915582     18.063628
   3.12785     17.915582     18.063628
   3.18605     17.715102     18.033277
   3.24425     17.977023     18.090523
   3.30245     18.101933     18.164036
   3.36066     18.175287     18.293295
   3.41886     18.090189     18.724145
   3.47706     18.636806     18.697295
   3.53527     18.171479     18.619780
   3.59347     18.097227     18.674870
   3.65167     18.512744     18.476615
   3.70988     18.227539     18.189037
   3.76808     18.174837     18.194938
   3.82628     18.613590     18.527487
   3.88449     18.765578     18.547945
   3.94269     18.459151     18.265201
   4.00089     18.325004     18.246727
   4.05910     17.963099     17.785037
   4.11730     17.557612     17.261800
   4.17550     17.742196     17.676998
   4.23371     17.704871     17.707517
 
# Band-Index   60
   4.23371     17.883436     17.905007
   4.17550     18.418143     17.772956
   4.11730     18.126721     17.750673
   4.05910     18.359520     18.284057
   4.00089     18.562077     18.550122
   3.94269     18.767553     18.660805
   3.88449     18.795736     18.770549
   3.82628     18.632494     18.610657
   3.76808     18.484117     18.492362
   3.70988     18.401687     18.469093
   3.65167     18.621663     18.638848
   3.59347     18.202122     18.936192
   3.53527     18.223856     18.957285
   3.47706     19.020582     18.821768
   3.41886     18.441700     18.813696
   3.36066     18.476407     18.386689
   3.30245     18.424719     18.270894
   3.24425     18.288276     18.343701
   3.18605     18.210435     18.360360
   3.12785     18.295934     18.377775
   3.12785     18.295934     18.377775
   3.08669     18.380183     18.394811
   3.04553     18.546731     18.560260
   3.00438     18.630114     18.700511
   2.96322     18.334167     18.473413
   2.92207     18.090158     18.307712
   2.88091     18.390848     18.476628
   2.83975     18.472703     18.401506
   2.79860     18.522457     18.636189
   2.75744     18.804783     18.834550
   2.71629     18.888267     18.854208
   2.67513     18.778044     18.863795
   2.63398     19.040395     18.942236
   2.59282     19.081753     19.053565
   2.55166     18.936006     19.078813
   2.51051     18.661180     18.876453
   2.46935     18.511442     18.587263
   2.42820     18.677714     20.757086
   2.38704     18.934342     20.981815
   2.34588     19.267511     21.230072
   2.34588     19.267511     21.230072
   2.30473     21.685302     21.244279
   2.26357     21.331560     20.983305
   2.22242     20.924730     20.544997
   2.18126     20.619109     20.060415
   2.14010     20.250438     19.729445
   2.09895     19.893068     19.736057
   2.05779     19.876063     19.654241
   2.01664     19.500157     19.558415
   1.97548     19.289604     19.593533
   1.93433     19.356736     19.655474
   1.89317     19.453931     19.639502
   1.85201     19.107501     19.268048
   1.81086     19.045103     19.122994
   1.76970     18.920812     18.816250
   1.72855     18.429325     18.451452
   1.68739     18.245290     17.976708
   1.64623     17.822962     17.851120
   1.60508     17.745551     17.808111
   1.56392     17.883436     17.905007
   1.56392     17.884168     17.902890
   1.52277     17.700091     17.715918
   1.48161     17.528091     17.677051
   1.44046     17.421673     17.554955
   1.39930     17.605009     18.016784
   1.35814     18.045957     18.029189
   1.31699     18.076064     18.048605
   1.27583     18.030124     18.033099
   1.23468     17.951060     18.005658
   1.19352     17.825309     17.925548
   1.15236     18.241870     18.165319
   1.11121     17.992295     17.959914
   1.07005     18.142117     18.310353
   1.02890     17.922341     18.024951
   0.98774     18.022449     18.008313
   0.94658     17.716879     17.671446
   0.90543     17.602966     17.546076
   0.86427     17.559566     17.561580
   0.82312     17.987041     17.949867
   0.78196     17.830163     17.826384
   0.78196     17.925582     17.863803
   0.74081     17.513686     17.530411
   0.69965     18.401327     18.385780
   0.65849     17.629287     17.659799
   0.61734     17.385027     17.432974
   0.57618     17.271343     17.233768
   0.53503     17.481170     17.539159
   0.49387     17.474903     17.578333
   0.45271     16.888052     17.012963
   0.41156     17.592541     17.607084
   0.37040     16.842475     17.004709
   0.32925     16.793332     17.033961
   0.28809     16.880159     17.047333
   0.24694     16.637475     16.834337
   0.20578     16.829940     17.180640
   0.16462     17.118048     17.216843
   0.12347     17.148724     17.138650
   0.08231     17.004253     16.977067
   0.04116     17.817363     16.899578
   0.00000     17.885163     17.880877
 
# Band-Index   61
   0.00000     18.076431     18.085806
   0.04116     18.158489     17.743613
   0.08231     17.393671     17.618614
   0.12347     17.206977     17.542820
   0.16462     17.282934     17.258110
   0.20578     17.244879     17.269832
   0.24694     16.990759     17.107695
   0.28809     16.976461     17.101123
   0.32925     16.915477     17.085748
   0.37040     17.357555     17.488833
   0.41156     18.196207     18.136396
   0.45271     17.611438     17.619982
   0.49387     17.750940     17.676775
   0.53503     18.382868     18.318843
   0.57618     17.362911     17.404200
   0.61734     17.616149     17.536621
   0.65849     17.968536     17.892727
   0.69965     18.634881     18.665004
   0.74081     17.631742     17.642454
   0.78196     17.997788     17.895457
   0.78196     17.860628     17.840136
   0.82312     18.118023     18.135594
   0.86427     17.665626     17.668932
   0.90543     17.875377     17.889633
   0.94658     17.919862     17.925765
   0.98774     18.240902     18.437919
   1.02890     18.082108     18.059512
   1.07005     18.401615     18.362257
   1.11121     18.071272     18.218028
   1.15236     18.262257     18.298006
   1.19352     18.276307     18.174343
   1.23468     18.387588     18.455480
   1.27583     18.254277     18.278280
   1.31699     18.357475     18.330707
   1.35814     18.328346     18.290595
   1.39930     18.200603     18.280056
   1.44046     18.043232     18.022599
   1.48161     17.967007     17.970485
   1.52277     18.039296     18.114437
   1.56392     18.153846     18.170147
   1.56392     18.151913     18.170879
   1.60508     18.339174     18.414671
   1.64623     18.388313     18.465427
   1.68739     18.673676     18.409877
   1.72855     18.809581     18.880461
   1.76970     18.964410     19.115204
   1.81086     19.130862     19.301495
   1.85201     19.479544     19.588737
   1.89317     19.505972     19.713923
   1.93433     19.576906     19.997439
   1.97548     19.776998     19.848091
   2.01664     20.109192     20.187661
   2.05779     19.958739     19.891481
   2.09895     20.357272     20.240345
   2.14010     20.694944     20.510227
   2.18126     20.915057     20.727844
   2.22242     21.135293     21.048183
   2.26357     21.685904     21.439857
   2.30473     21.796516     21.901527
   2.34588     19.988914     21.894066
   2.34588     19.988914     21.894066
   2.38704     19.586511     21.437556
   2.42820     19.281171     21.116891
   2.46935     19.489671     19.480805
   2.51051     19.586928     19.588249
   2.55166     19.493175     19.529746
   2.59282     19.346953     19.290991
   2.63398     19.220542     19.142032
   2.67513     18.917433     18.922825
   2.71629     18.898163     19.066237
   2.75744     19.078339     19.223589
   2.79860     19.194125     19.223232
   2.83975     19.179614     19.056856
   2.88091     18.910335     18.730721
   2.92207     18.858624     18.844089
   2.96322     18.909599     19.038265
   3.00438     18.792500     19.013648
   3.04553     18.903466     19.180425
   3.08669     19.008506     19.195872
   3.12785     19.078114     19.224096
   3.12785     19.078114     19.224096
   3.18605     18.998628     19.172512
   3.24425     18.987220     19.046375
   3.30245     18.823993     18.826604
   3.36066     18.644230     18.628944
   3.41886     18.554680     19.652162
   3.47706     19.573365     19.874214
   3.53527     18.853117     19.662310
   3.59347     18.853139     19.256738
   3.65167     19.525557     19.352296
   3.70988     19.544772     19.522301
   3.76808     19.505624     19.527365
   3.82628     19.096969     19.174469
   3.88449     18.975040     19.010071
   3.94269     19.193620     18.980364
   4.00089     19.131507     19.154437
   4.05910     18.861405     18.893764
   4.11730     18.603143     18.107812
   4.17550     18.546670     18.266811
   4.23371     18.151913     18.170879
 
# Band-Index   62
   4.23371     18.363074     18.369350
   4.17550     18.617917     18.472286
   4.11730     18.983103     18.596689
   4.05910     19.455681     19.382972
   4.00089     19.131932     19.238537
   3.94269     19.319745     19.219395
   3.88449     19.382416     19.260317
   3.82628     19.360398     19.329905
   3.76808     19.643942     19.779625
   3.70988     20.066088     20.147277
   3.65167     19.877895     19.933244
   3.59347     19.004506     19.816897
   3.53527     19.105564     19.789105
   3.47706     20.273302     19.896584
   3.41886     18.758546     20.399384
   3.36066     18.853929     18.807850
   3.30245     18.977599     18.954282
   3.24425     19.193072     19.193610
   3.18605     19.455760     19.465235
   3.12785     19.573506     19.593194
   3.12785     19.573506     19.593194
   3.08669     19.503360     19.532582
   3.04553     19.349188     19.346470
   3.00438     19.157439     19.229356
   2.96322     19.088418     19.154515
   2.92207     19.355163     19.320069
   2.88091     19.571376     19.581316
   2.83975     19.583643     19.626367
   2.79860     19.530145     19.504132
   2.75744     19.383102     19.491136
   2.71629     19.410934     19.645341
   2.67513     19.672851     19.880589
   2.63398     19.652526     19.743041
   2.59282     19.521924     19.564041
   2.55166     19.683540     19.636672
   2.51051     19.962794     19.944113
   2.46935     20.268260     20.149593
   2.42820     20.482097     21.974399
   2.38704     20.538832     22.178424
   2.34588     20.492485     22.256999
   2.34588     20.492485     22.256999
   2.30473     22.241450     21.874134
   2.26357     21.732969     21.714154
   2.22242     21.620276     21.394103
   2.18126     21.299674     21.045422
   2.14010     20.935910     20.656720
   2.09895     20.957747     20.516018
   2.05779     20.719377     20.548739
   2.01664     21.016819     20.668149
   1.97548     20.831982     20.802155
   1.93433     20.264026     20.282300
   1.89317     19.737478     20.042698
   1.85201     19.674538     19.866507
   1.81086     19.340660     19.333967
   1.76970     19.215479     19.276649
   1.72855     19.068513     19.406149
   1.68739     19.144255     18.650470
   1.64623     18.526393     18.636623
   1.60508     18.455980     18.487223
   1.56392     18.363074     18.369350
   1.56392     18.362739     18.369751
   1.52277     18.174245     18.211525
   1.48161     18.268432     18.212149
   1.44046     18.288195     18.288594
   1.39930     18.446952     18.481031
   1.35814     18.560706     18.480751
   1.31699     18.619987     18.600469
   1.27583     18.554986     18.601240
   1.23468     18.577194     18.490521
   1.19352     18.448605     18.518239
   1.15236     18.894082     18.871580
   1.11121     18.140016     18.224824
   1.07005     18.524217     18.722189
   1.02890     18.275244     18.223751
   0.98774     18.434930     18.622152
   0.94658     18.099393     18.111918
   0.90543     18.214518     18.241301
   0.86427     17.916767     17.909230
   0.82312     18.875928     18.904566
   0.78196     17.869063     17.846165
   0.78196     18.882716     17.957315
   0.74081     17.921948     17.923511
   0.69965     18.751978     18.734289
   0.65849     18.060171     18.061601
   0.61734     17.746897     17.787573
   0.57618     17.741898     17.758671
   0.53503     18.495993     18.777685
   0.49387     17.844997     18.376979
   0.45271     18.096777     18.021059
   0.41156     18.245964     18.172228
   0.37040     17.605137     17.592696
   0.32925     17.316991     17.307254
   0.28809     17.338537     17.355398
   0.24694     17.441555     17.337130
   0.20578     17.820760     17.850548
   0.16462     17.931480     17.709881
   0.12347     17.908626     18.542678
   0.08231     17.966593     17.737042
   0.04116     18.300866     17.851927
   0.00000     18.794002     18.821690
 
# Band-Index   63
   0.00000     19.565491     19.566881
   0.04116     19.236093     18.325647
   0.08231     18.287896     18.464492
   0.12347     18.237253     18.728177
   0.16462     18.166140     17.774869
   0.20578     18.006175     18.005616
   0.24694     17.634194     17.645941
   0.28809     17.701046     17.565102
   0.32925     17.556228     17.518998
   0.37040     18.189475     18.207939
   0.41156     18.701269     18.817411
   0.45271     18.583934     18.600933
   0.49387     18.596522     18.542084
   0.53503     18.825740     19.114322
   0.57618     17.839401     18.004304
   0.61734     18.035022     18.173413
   0.65849     18.225750     18.209445
   0.69965     18.921318     18.930554
   0.74081     18.281835     18.297833
   0.78196     18.982870     18.728322
   0.78196     17.930201     17.986889
   0.82312     18.926744     19.015445
   0.86427     18.254449     18.260646
   0.90543     18.655069     18.652370
   0.94658     18.557563     18.631265
   0.98774     18.801633     18.943444
   1.02890     18.454949     18.641283
   1.07005     18.608632     18.845067
   1.11121     18.418853     18.418588
   1.15236     18.918336     19.191362
   1.19352     18.796909     18.798512
   1.23468     18.755921     18.788766
   1.27583     18.685162     18.640889
   1.31699     18.665902     18.661315
   1.35814     18.771706     18.784269
   1.39930     18.661728     19.441294
   1.44046     18.517393     18.417916
   1.48161     18.449962     18.506406
   1.52277     18.430704     18.374513
   1.56392     18.466919     18.469909
   1.56392     18.466700     18.469859
   1.60508     18.525655     18.569923
   1.64623     18.678546     18.907071
   1.68739     19.771685     18.728237
   1.72855     19.597088     19.636177
   1.76970     19.320313     19.449859
   1.81086     19.587762     19.539506
   1.85201     19.901978     19.892201
   1.89317     20.431252     20.376099
   1.93433     20.989084     20.929128
   1.97548     21.484919     21.427650
   2.01664     21.430442     21.393381
   2.05779     21.135276     21.245288
   2.09895     21.165174     21.019547
   2.14010     21.629023     21.515342
   2.18126     22.044905     21.863518
   2.22242     22.309620     22.072125
   2.26357     22.539691     22.179373
   2.30473     22.689745     22.320047
   2.34588     21.396296     22.562914
   2.34588     21.396296     22.562914
   2.38704     21.226794     22.541049
   2.42820     20.914958     22.523755
   2.46935     20.807125     20.323366
   2.51051     20.821304     20.218104
   2.55166     20.799523     20.285434
   2.59282     20.482226     20.377658
   2.63398     20.155017     20.185006
   2.67513     19.969723     19.963274
   2.71629     19.997283     19.941930
   2.75744     20.015089     19.927173
   2.79860     19.972713     19.929943
   2.83975     19.912082     19.915323
   2.88091     19.652381     19.671140
   2.92207     19.617245     19.741917
   2.96322     19.720561     19.747891
   3.00438     19.832282     19.759588
   3.04553     19.953475     19.889070
   3.08669     20.076217     20.070551
   3.12785     20.100906     20.065779
   3.12785     20.100906     20.065779
   3.18605     19.909479     19.932121
   3.24425     19.665954     19.665284
   3.30245     19.360206     19.458072
   3.36066     19.038275     19.142464
   3.41886     19.132099     20.559234
   3.47706     20.378864     20.479379
   3.53527     19.447772     19.938431
   3.59347     19.202701     20.240645
   3.65167     20.424333     20.481804
   3.70988     20.643636     20.309124
   3.76808     20.248313     20.302791
   3.82628     19.992263     20.025215
   3.88449     19.805346     19.653714
   3.94269     19.664762     19.301548
   4.00089     19.587766     19.461877
   4.05910     19.549669     19.633307
   4.11730     19.433728     18.953578
   4.17550     19.779221     18.659473
   4.23371     18.466700     18.469859
 
# Band-Index   64
   4.23371     18.685870     18.693331
   4.17550     20.092910     18.953505
   4.11730     19.868959     19.223769
   4.05910     19.741681     19.976650
   4.00089     20.162784     19.578056
   3.94269     19.831857     19.732687
   3.88449     20.145430     20.030240
   3.82628     20.346137     20.393842
   3.76808     20.758360     20.841912
   3.70988     20.828889     20.848622
   3.65167     21.504860     21.486808
   3.59347     19.589857     20.742310
   3.53527     19.749429     20.640901
   3.47706     20.703230     20.477919
   3.41886     20.008645     21.017752
   3.36066     20.147294     19.478045
   3.30245     20.104005     19.487762
   3.24425     19.976747     19.798939
   3.18605     19.993008     20.009651
   3.12785     20.192181     20.250879
   3.12785     20.192181     20.250879
   3.08669     20.207430     20.204257
   3.04553     20.256144     20.236689
   3.00438     19.963895     20.003686
   2.96322     19.871123     19.866416
   2.92207     19.901838     19.797649
   2.88091     19.966541     19.867907
   2.83975     20.143086     19.954197
   2.79860     20.257157     20.312993
   2.75744     20.403517     20.650189
   2.71629     20.623314     20.887691
   2.67513     20.891234     21.104347
   2.63398     21.174457     20.991181
   2.59282     21.454870     20.692110
   2.55166     21.090763     20.956863
   2.51051     21.256566     21.304984
   2.46935     21.556573     21.593921
   2.42820     21.746027     23.110981
   2.38704     21.752417     23.176321
   2.34588     21.630288     23.158756
   2.34588     21.630288     23.158756
   2.30473     23.425430     23.284777
   2.26357     23.246582     23.172461
   2.22242     23.090490     22.832501
   2.18126     22.805909     22.481407
   2.14010     22.562450     22.237621
   2.09895     22.326152     22.088944
   2.05779     22.037699     21.992739
   2.01664     21.826088     21.804885
   1.97548     21.624381     21.509585
   1.93433     21.218130     21.196577
   1.89317     20.726529     20.760538
   1.85201     20.373228     20.493854
   1.81086     20.249470     20.306419
   1.76970     20.363304     20.164074
   1.72855     20.308380     20.178381
   1.68739     19.836299     19.018054
   1.64623     19.218637     19.019698
   1.60508     18.934153     18.923900
   1.56392     18.685870     18.693331
   1.56392     18.684270     18.694389
   1.52277     18.511526     18.502820
   1.48161     18.616144     18.588070
   1.44046     18.751458     18.712420
   1.39930     18.890908     19.459061
   1.35814     19.174471     19.217866
   1.31699     19.058820     18.950453
   1.27583     18.877008     18.699507
   1.23468     18.991373     18.992058
   1.19352     18.881245     18.927065
   1.15236     19.222411     19.276387
   1.11121     18.662875     18.569374
   1.07005     19.192497     19.199328
   1.02890     18.805472     19.025204
   0.98774     19.062506     19.065323
   0.94658     18.898148     18.895003
   0.90543     18.718422     18.778675
   0.86427     18.382338     18.382299
   0.82312     19.300844     19.274437
   0.78196     18.010033     18.036121
   0.78196     19.320411     18.745587
   0.74081     18.527938     18.593120
   0.69965     18.943448     19.006455
   0.65849     18.729375     18.732245
   0.61734     18.323654     18.327826
   0.57618     18.264933     18.257864
   0.53503     19.395132     19.324883
   0.49387     19.054946     19.057287
   0.45271     18.947224     18.787999
   0.41156     19.054113     19.033151
   0.37040     18.550253     18.437690
   0.32925     18.147105     18.134221
   0.28809     18.213634     18.279870
   0.24694     17.928689     17.962556
   0.20578     18.041839     18.144924
   0.16462     18.459798     18.250611
   0.12347     18.563370     18.936822
   0.08231     19.134396     19.021870
   0.04116     19.558543     18.407065
   0.00000     19.941277     19.960975
