#K-Path(1/A)         Spin-Up(eV)   Spin-down(eV)
# NKPTS & NBANDS: 100  64
# Band-Index    1
   0.00000    -17.003655    -17.003618
   0.04070    -17.004718    -17.004793
   0.08141    -17.007873    -17.008282
   0.12211    -17.013027    -17.013980
   0.16282    -17.020025    -17.021714
   0.20352    -17.028658    -17.031253
   0.24423    -17.038672    -17.042315
   0.28493    -17.049778    -17.054578
   0.32564    -17.061657    -17.067689
   0.36634    -17.073975    -17.081279
   0.40705    -17.086393    -17.094973
   0.44775    -17.098570    -17.108397
   0.48846    -17.110184    -17.121194
   0.52916    -17.120926    -17.133027
   0.56987    -17.130520    -17.143591
   0.61057    -17.138720    -17.152618
   0.65128    -17.145320    -17.159881
   0.69198    -17.150155    -17.165201
   0.73269    -17.153104    -17.168446
   0.77339    -17.154094    -17.169536
   0.77339    -17.154094    -17.169536
   0.81409    -17.155343    -17.170671
   0.85480    -17.159051    -17.174042
   0.89550    -17.165103    -17.179546
   0.93621    -17.173319    -17.187019
   0.97691    -17.183451    -17.196238
   1.01762    -17.195197    -17.206931
   1.05832    -17.208217    -17.218788
   1.09903    -17.222135    -17.231469
   1.13973    -17.236559    -17.244619
   1.18044    -17.251088    -17.257871
   1.22114    -17.265329    -17.270866
   1.26185    -17.278902    -17.283258
   1.30255    -17.291450    -17.294720
   1.34326    -17.302651    -17.304955
   1.38396    -17.312222    -17.313703
   1.42467    -17.319922    -17.320744
   1.46537    -17.325561    -17.325901
   1.50608    -17.329000    -17.329046
   1.54678    -17.330156    -17.330104
   1.54678    -17.330156    -17.330104
   1.58748    -17.329098    -17.328948
   1.62819    -17.325952    -17.325509
   1.66889    -17.320795    -17.319871
   1.70960    -17.313754    -17.312171
   1.75030    -17.305005    -17.302601
   1.79101    -17.294769    -17.291400
   1.83171    -17.283306    -17.278853
   1.87242    -17.270914    -17.265281
   1.91312    -17.257917    -17.251041
   1.95383    -17.244664    -17.236512
   1.99453    -17.231514    -17.222089
   2.03524    -17.218831    -17.208172
   2.07594    -17.206973    -17.195153
   2.11665    -17.196279    -17.183407
   2.15735    -17.187059    -17.173276
   2.19806    -17.179586    -17.165061
   2.23876    -17.174082    -17.159008
   2.27946    -17.170711    -17.155301
   2.32017    -17.169575    -17.154052
   2.32017    -17.169575    -17.154052
   2.36087    -17.168485    -17.153062
   2.40158    -17.165240    -17.150113
   2.44228    -17.159920    -17.145278
   2.48299    -17.152657    -17.138679
   2.52369    -17.143630    -17.130479
   2.56440    -17.133065    -17.120885
   2.60510    -17.121232    -17.110143
   2.64581    -17.108435    -17.098530
   2.68651    -17.095011    -17.086353
   2.72722    -17.081317    -17.073936
   2.76792    -17.067727    -17.061618
   2.80863    -17.054615    -17.049739
   2.84933    -17.042353    -17.038634
   2.89004    -17.031290    -17.028620
   2.93074    -17.021751    -17.019987
   2.97145    -17.014017    -17.012990
   3.01215    -17.008319    -17.007836
   3.05285    -17.004830    -17.004681
   3.09356    -17.003655    -17.003618
   3.09356    -17.003655    -17.003618
   3.15112    -17.005893    -17.005856
   3.20869    -17.012546    -17.012509
   3.26626    -17.023430    -17.023393
   3.32382    -17.038245    -17.038207
   3.38139    -17.056582    -17.056543
   3.43895    -17.077934    -17.077895
   3.49652    -17.101714    -17.101674
   3.55408    -17.127269    -17.127228
   3.61165    -17.153895    -17.153853
   3.66921    -17.180864    -17.180820
   3.72678    -17.207439    -17.207394
   3.78434    -17.232896    -17.232850
   3.84191    -17.256543    -17.256496
   3.89947    -17.277743    -17.277695
   3.95704    -17.295924    -17.295874
   4.01460    -17.310595    -17.310544
   4.07217    -17.321364    -17.321313
   4.12973    -17.327943    -17.327891
   4.18730    -17.330156    -17.330104
 
# Band-Index    2
   4.18730    -17.001482    -17.001436
   4.12973    -17.000608    -17.000562
   4.07217    -16.998015    -16.997969
   4.01460    -16.993779    -16.993733
   3.95704    -16.988030    -16.987985
   3.89947    -16.980938    -16.980893
   3.84191    -16.972715    -16.972671
   3.78434    -16.963600    -16.963557
   3.72678    -16.953860    -16.953818
   3.66921    -16.943771    -16.943730
   3.61165    -16.933617    -16.933576
   3.55408    -16.923675    -16.923635
   3.49652    -16.914213    -16.914174
   3.43895    -16.905478    -16.905439
   3.38139    -16.897693    -16.897655
   3.32382    -16.891053    -16.891015
   3.26626    -16.885717    -16.885680
   3.20869    -16.881815    -16.881778
   3.15112    -16.879438    -16.879401
   3.09356    -16.878640    -16.878603
   3.09356    -16.878640    -16.878603
   3.05285    -16.879038    -16.879002
   3.01215    -16.880222    -16.880190
   2.97145    -16.882158    -16.882132
   2.93074    -16.884791    -16.884774
   2.89004    -16.888046    -16.888041
   2.84933    -16.891833    -16.891839
   2.80863    -16.896044    -16.896064
   2.76792    -16.900562    -16.900597
   2.72722    -16.905263    -16.905313
   2.68651    -16.910018    -16.910083
   2.64581    -16.914695    -16.914775
   2.60510    -16.919170    -16.919264
   2.56440    -16.923322    -16.923429
   2.52369    -16.927041    -16.927159
   2.48299    -16.930226    -16.930354
   2.44228    -16.932795    -16.932930
   2.40158    -16.934679    -16.934820
   2.36087    -16.935830    -16.935974
   2.32017    -16.936216    -16.936362
   2.32017    -16.936216    -16.936362
   2.27946    -16.936669    -16.936814
   2.23876    -16.938015    -16.938155
   2.19806    -16.940215    -16.940348
   2.15735    -16.943207    -16.943330
   2.11665    -16.946904    -16.947016
   2.07594    -16.951203    -16.951302
   2.03524    -16.955983    -16.956067
   1.99453    -16.961109    -16.961177
   1.95383    -16.966440    -16.966492
   1.91312    -16.971828    -16.971865
   1.87242    -16.977128    -16.977150
   1.83171    -16.982197    -16.982203
   1.79101    -16.986896    -16.986890
   1.75030    -16.991104    -16.991085
   1.70960    -16.994707    -16.994679
   1.66889    -16.997613    -16.997577
   1.62819    -16.999744    -16.999702
   1.58748    -17.001045    -17.000999
   1.54678    -17.001482    -17.001436
   1.54678    -17.001482    -17.001436
   1.50608    -17.001046    -17.000998
   1.46537    -16.999748    -16.999697
   1.42467    -16.997623    -16.997567
   1.38396    -16.994725    -16.994662
   1.34326    -16.991131    -16.991058
   1.30255    -16.986935    -16.986852
   1.26185    -16.982248    -16.982153
   1.22114    -16.977194    -16.977085
   1.18044    -16.971909    -16.971785
   1.13973    -16.966536    -16.966397
   1.09903    -16.961221    -16.961067
   1.05832    -16.956110    -16.955942
   1.01762    -16.951345    -16.951163
   0.97691    -16.947059    -16.946865
   0.93621    -16.943373    -16.943167
   0.89550    -16.940390    -16.940176
   0.85480    -16.938197    -16.937976
   0.81409    -16.936855    -16.936631
   0.77339    -16.936403    -16.936178
   0.77339    -16.936403    -16.936178
   0.73269    -16.936016    -16.935791
   0.69198    -16.934862    -16.934641
   0.65128    -16.932972    -16.932757
   0.61057    -16.930395    -16.930188
   0.56987    -16.927200    -16.927002
   0.52916    -16.923470    -16.923284
   0.48846    -16.919305    -16.919132
   0.44775    -16.914815    -16.914657
   0.40705    -16.910122    -16.909980
   0.36634    -16.905352    -16.905225
   0.32564    -16.900635    -16.900524
   0.28493    -16.896103    -16.896006
   0.24423    -16.891877    -16.891795
   0.20352    -16.888078    -16.888009
   0.16282    -16.884812    -16.884754
   0.12211    -16.882170    -16.882121
   0.08141    -16.880227    -16.880185
   0.04070    -16.879039    -16.879001
   0.00000    -16.878640    -16.878603
 
# Band-Index    3
   0.00000     -6.307268     -6.307021
   0.04070     -6.309102     -6.300589
   0.08141     -6.314545     -6.282135
   0.12211     -6.323424     -6.280454
   0.16282     -6.335456     -6.284334
   0.20352     -6.350266     -6.289178
   0.24423     -6.367398     -6.294879
   0.28493     -6.386336     -6.301301
   0.32564     -6.406526     -6.308288
   0.36634     -6.427390     -6.332968
   0.40705     -6.448347     -6.380904
   0.44775     -6.468830     -6.428104
   0.48846     -6.488299     -6.472840
   0.52916     -6.506254     -6.513807
   0.56987     -6.522244     -6.549988
   0.61057     -6.535881     -6.580589
   0.65128     -6.546835     -6.604993
   0.69198     -6.554846     -6.622740
   0.73269     -6.559728     -6.633514
   0.77339     -6.561368     -6.637125
   0.77339     -6.561368     -6.637125
   0.81409     -6.557729     -6.642892
   0.85480     -6.549862     -6.658722
   0.89550     -6.547035     -6.681765
   0.93621     -6.559380     -6.709739
   0.97691     -6.588142     -6.741222
   1.01762     -6.628607     -6.775253
   1.05832     -6.676317     -6.811035
   1.09903     -6.728068     -6.847787
   1.13973     -6.781465     -6.884712
   1.18044     -6.834589     -6.921006
   1.22114     -6.885850     -6.955879
   1.26185     -6.933913     -6.988576
   1.30255     -6.977655     -7.018402
   1.34326     -7.016146     -7.044732
   1.38396     -7.048627     -7.067028
   1.42467     -7.074494     -7.084841
   1.46537     -7.093290     -7.097816
   1.50608     -7.104694     -7.105704
   1.54678     -7.108516     -7.108350
   1.54678     -7.108516     -7.108350
   1.58748     -7.105870     -7.104528
   1.62819     -7.097982     -7.093125
   1.66889     -7.085005     -7.074330
   1.70960     -7.067191     -7.048464
   1.75030     -7.044894     -7.015985
   1.79101     -7.018562     -6.977495
   1.83171     -6.988734     -6.933754
   1.87242     -6.956034     -6.885693
   1.91312     -6.921159     -6.834432
   1.95383     -6.884862     -6.781308
   1.99453     -6.847933     -6.727908
   2.03524     -6.811178     -6.676148
   2.07594     -6.775391     -6.628420
   2.11665     -6.741354     -6.587919
   2.15735     -6.709864     -6.559090
   2.19806     -6.681880     -6.546648
   2.23876     -6.658825     -6.549392
   2.27946     -6.642983     -6.557220
   2.32017     -6.637210     -6.560848
   2.32017     -6.637210     -6.560848
   2.36087     -6.633599     -6.559210
   2.40158     -6.622825     -6.554333
   2.44228     -6.605077     -6.546329
   2.48299     -6.580672     -6.535386
   2.52369     -6.550071     -6.521764
   2.56440     -6.513889     -6.505789
   2.60510     -6.472921     -6.487853
   2.64581     -6.428184     -6.468405
   2.68651     -6.380984     -6.447944
   2.72722     -6.333050     -6.427009
   2.76792     -6.308641     -6.406168
   2.80863     -6.301644     -6.386000
   2.84933     -6.295213     -6.367082
   2.89004     -6.289505     -6.349969
   2.93074     -6.284653     -6.335176
   2.97145     -6.280768     -6.323158
   3.01215     -6.282376     -6.314290
   3.05285     -6.300835     -6.308853
   3.09356     -6.307268     -6.307021
   3.09356     -6.307268     -6.307021
   3.15112     -6.303080     -6.302832
   3.20869     -6.294931     -6.294677
   3.26626     -6.290508     -6.290248
   3.32382     -6.296409     -6.296159
   3.38139     -6.320080     -6.319857
   3.43895     -6.364764     -6.364571
   3.49652     -6.426887     -6.426716
   3.55408     -6.500429     -6.500271
   3.61165     -6.580141     -6.579989
   3.66921     -6.661958     -6.661808
   3.72678     -6.742679     -6.742528
   3.78434     -6.819676     -6.819524
   3.84191     -6.890743     -6.890588
   3.89947     -6.954012     -6.953854
   3.95704     -7.007916     -7.007756
   4.01460     -7.051175     -7.051012
   4.07217     -7.082792     -7.082627
   4.12973     -7.102049     -7.101883
   4.18730     -7.108516     -7.108350
 
# Band-Index    4
   4.18730     -5.085353     -5.085166
   4.12973     -5.090906     -5.090721
   4.07217     -5.109399     -5.109214
   4.01460     -5.142788     -5.142598
   3.95704     -5.187408     -5.187210
   3.89947     -5.237377     -5.237171
   3.84191     -5.288308     -5.287942
   3.78434     -5.414066     -5.413677
   3.72678     -5.533608     -5.533222
   3.66921     -5.643955     -5.643583
   3.61165     -5.742917     -5.742570
   3.55408     -5.829183     -5.828873
   3.49652     -5.908373     -5.908115
   3.43895     -5.999092     -5.998832
   3.38139     -6.083582     -6.083312
   3.32382     -6.154916     -6.154636
   3.26626     -6.210904     -6.210615
   3.20869     -6.249574     -6.249274
   3.15112     -6.269923     -6.269617
   3.09356     -6.275629     -6.275322
   3.09356     -6.275629     -6.275322
   3.05285     -6.276208     -6.269473
   3.01215     -6.277928     -6.252516
   2.97145     -6.254984     -6.226502
   2.93074     -6.226126     -6.195905
   2.89004     -6.209622     -6.168861
   2.84933     -6.217290     -6.155030
   2.80863     -6.246081     -6.157661
   2.76792     -6.286809     -6.172441
   2.72722     -6.316015     -6.194115
   2.68651     -6.323587     -6.219115
   2.64581     -6.331136     -6.245187
   2.60510     -6.338451     -6.270803
   2.56440     -6.345316     -6.294850
   2.52369     -6.351528     -6.316475
   2.48299     -6.356897     -6.335013
   2.44228     -6.361259     -6.349944
   2.40158     -6.364476     -6.360879
   2.36087     -6.366447     -6.367548
   2.32017     -6.367111     -6.369788
   2.32017     -6.367111     -6.369788
   2.27946     -6.356365     -6.370286
   2.23876     -6.325595     -6.368559
   2.19806     -6.277648     -6.354865
   2.15735     -6.214817     -6.318430
   2.11665     -6.138588     -6.257276
   2.07594     -6.050081     -6.175368
   2.03524     -5.950412     -6.076556
   1.99453     -5.840890     -5.963701
   1.95383     -5.723122     -5.839232
   1.91312     -5.599070     -5.705560
   1.87242     -5.471116     -5.565334
   1.83171     -5.355833     -5.421615
   1.79101     -5.296464     -5.278063
   1.75030     -5.240629     -5.191045
   1.70960     -5.190187     -5.140462
   1.66889     -5.147199     -5.096036
   1.62819     -5.113926     -5.077453
   1.58748     -5.092683     -5.083227
   1.54678     -5.085353     -5.085166
   1.54678     -5.085353     -5.085166
   1.50608     -5.083413     -5.092496
   1.46537     -5.077638     -5.113739
   1.42467     -5.096286     -5.147009
   1.38396     -5.140712     -5.189991
   1.34326     -5.191296     -5.240424
   1.30255     -5.278425     -5.296247
   1.26185     -5.421998     -5.355602
   1.22114     -5.565732     -5.470792
   1.18044     -5.705968     -5.598732
   1.13973     -5.839645     -5.722773
   1.09903     -5.964113     -5.840531
   1.05832     -6.076960     -5.950045
   1.01762     -6.175752     -6.049706
   0.97691     -6.257622     -6.138205
   0.93621     -6.318706     -6.214425
   0.89550     -6.355040     -6.277246
   0.85480     -6.368649     -6.325179
   0.81409     -6.370335     -6.355937
   0.77339     -6.369826     -6.366678
   0.77339     -6.369826     -6.366678
   0.73269     -6.367586     -6.366015
   0.69198     -6.360918     -6.364046
   0.65128     -6.349984     -6.360833
   0.61057     -6.335055     -6.356478
   0.56987     -6.316521     -6.351115
   0.52916     -6.294899     -6.344912
   0.48846     -6.270856     -6.338056
   0.44775     -6.245246     -6.330751
   0.40705     -6.219183     -6.323212
   0.36634     -6.194195     -6.315652
   0.32564     -6.172540     -6.286723
   0.28493     -6.157792     -6.245984
   0.24423     -6.155209     -6.217169
   0.20352     -6.169094     -6.209459
   0.16282     -6.196178     -6.225921
   0.12211     -6.226795     -6.254754
   0.08141     -6.252818     -6.277618
   0.04070     -6.269779     -6.275900
   0.00000     -6.275629     -6.275322
 
# Band-Index    5
   0.00000     -5.930366     -5.930326
   0.04070     -5.931693     -5.933896
   0.08141     -5.935100     -5.943611
   0.12211     -5.938577     -5.955914
   0.16282     -5.937756     -5.962704
   0.20352     -5.924696     -5.949435
   0.24423     -5.890062     -5.903657
   0.28493     -5.831101     -5.827986
   0.32564     -5.752878     -5.731465
   0.36634     -5.661706     -5.634663
   0.40705     -5.627778     -5.669546
   0.44775     -5.651160     -5.702932
   0.48846     -5.673149     -5.734061
   0.52916     -5.693233     -5.762281
   0.56987     -5.710971     -5.787041
   0.61057     -5.725988     -5.807891
   0.65128     -5.737981     -5.824469
   0.69198     -5.746714     -5.836503
   0.73269     -5.752021     -5.843799
   0.77339     -5.753800     -5.846243
   0.77339     -5.753800     -5.846243
   0.81409     -5.749891     -5.841931
   0.85480     -5.738234     -5.829070
   0.89550     -5.719040     -5.807897
   0.93621     -5.692653     -5.778798
   0.97691     -5.659548     -5.742316
   1.01762     -5.620321     -5.699138
   1.05832     -5.575680     -5.650102
   1.09903     -5.526436     -5.596180
   1.13973     -5.473493     -5.538481
   1.18044     -5.417840     -5.478234
   1.22114     -5.360556     -5.416788
   1.26185     -5.302814     -5.341809
   1.30255     -5.245905     -5.215175
   1.34326     -5.139460     -5.094887
   1.38396     -5.054983     -5.012512
   1.42467     -5.068075     -5.019449
   1.46537     -5.060670     -5.024526
   1.50608     -5.037199     -5.027621
   1.54678     -5.028919     -5.028661
   1.54678     -5.028919     -5.028661
   1.58748     -5.027878     -5.036943
   1.62819     -5.024783     -5.060417
   1.66889     -5.019706     -5.067895
   1.70960     -5.012767     -5.054808
   1.75030     -5.095149     -5.139125
   1.79101     -5.215461     -5.245651
   1.83171     -5.342115     -5.302555
   1.87242     -5.417035     -5.360292
   1.91312     -5.478498     -5.417570
   1.95383     -5.538762     -5.473216
   1.99453     -5.596478     -5.526152
   2.03524     -5.650416     -5.575390
   2.07594     -5.699467     -5.620025
   2.11665     -5.742657     -5.659247
   2.15735     -5.779151     -5.692347
   2.19806     -5.808257     -5.718731
   2.23876     -5.829437     -5.737923
   2.27946     -5.842302     -5.749578
   2.32017     -5.846615     -5.753486
   2.32017     -5.846615     -5.753486
   2.36087     -5.844170     -5.751708
   2.40158     -5.836871     -5.746403
   2.44228     -5.824832     -5.737673
   2.48299     -5.808246     -5.725685
   2.52369     -5.787387     -5.710673
   2.56440     -5.762616     -5.692942
   2.60510     -5.734383     -5.672866
   2.64581     -5.703239     -5.650887
   2.68651     -5.669837     -5.627515
   2.72722     -5.634936     -5.661443
   2.76792     -5.731674     -5.752633
   2.80863     -5.828185     -5.830888
   2.84933     -5.903831     -5.889896
   2.89004     -5.949566     -5.924585
   2.93074     -5.962791     -5.937683
   2.97145     -5.955975     -5.938524
   3.01215     -5.943658     -5.935056
   3.05285     -5.933938     -5.931652
   3.09356     -5.930366     -5.930326
   3.09356     -5.930366     -5.930326
   3.15112     -5.935277     -5.935234
   3.20869     -5.948508     -5.948456
   3.26626     -5.965145     -5.965072
   3.32382     -5.976236     -5.976125
   3.38139     -5.970784     -5.970615
   3.43895     -5.941781     -5.941548
   3.49652     -5.884534     -5.884253
   3.55408     -5.786416     -5.786153
   3.61165     -5.671039     -5.670789
   3.66921     -5.548680     -5.548440
   3.72678     -5.422852     -5.422621
   3.78434     -5.336477     -5.336256
   3.84191     -5.288156     -5.287927
   3.89947     -5.160436     -5.160076
   3.95704     -5.092590     -5.092357
   4.01460     -5.072344     -5.072101
   4.07217     -5.052861     -5.052609
   4.12973     -5.035962     -5.035705
   4.18730     -5.028919     -5.028661
 
# Band-Index    6
   4.18730     -4.759561     -4.759402
   4.12973     -4.776964     -4.776794
   4.07217     -4.832569     -4.832352
   4.01460     -4.923250     -4.922974
   3.95704     -5.036132     -5.035807
   3.89947     -5.114807     -5.114582
   3.84191     -5.174331     -5.174117
   3.78434     -5.296864     -5.296642
   3.72678     -5.379915     -5.379690
   3.66921     -5.416704     -5.416476
   3.61165     -5.445669     -5.445440
   3.55408     -5.466213     -5.465988
   3.49652     -5.478339     -5.478119
   3.43895     -5.482669     -5.482457
   3.38139     -5.480504     -5.480301
   3.32382     -5.473924     -5.473731
   3.26626     -5.465951     -5.465765
   3.20869     -5.460286     -5.460104
   3.15112     -5.458628     -5.458448
   3.09356     -5.458645     -5.458467
   3.09356     -5.458645     -5.458467
   3.05285     -5.456162     -5.460769
   3.01215     -5.448736     -5.467582
   2.97145     -5.448693     -5.478639
   2.93074     -5.471546     -5.493510
   2.89004     -5.499157     -5.511645
   2.84933     -5.530425     -5.532398
   2.80863     -5.564215     -5.555073
   2.76792     -5.599405     -5.578952
   2.72722     -5.621006     -5.603326
   2.68651     -5.500748     -5.562269
   2.64581     -5.374668     -5.459121
   2.60510     -5.246459     -5.355651
   2.56440     -5.120083     -5.255456
   2.52369     -5.050590     -5.162166
   2.48299     -5.005326     -5.079402
   2.44228     -4.961742     -5.010635
   2.40158     -4.921252     -4.958970
   2.36087     -4.886711     -4.926890
   2.32017     -4.869327     -4.916010
   2.32017     -4.869327     -4.916010
   2.27946     -4.870467     -4.915095
   2.23876     -4.873851     -4.912363
   2.19806     -4.879373     -4.907860
   2.15735     -4.886865     -4.901665
   2.11665     -4.896096     -4.893887
   2.07594     -4.906790     -4.884670
   2.03524     -4.918630     -4.874194
   1.99453     -4.931272     -4.893318
   1.95383     -4.944360     -4.920318
   1.91312     -4.957528     -4.947038
   1.87242     -4.970420     -4.972790
   1.83171     -4.982693     -4.996952
   1.79101     -4.994028     -5.018977
   1.75030     -5.004137     -5.038394
   1.70960     -4.985791     -5.010229
   1.66889     -4.892520     -4.897888
   1.62819     -4.820674     -4.809502
   1.58748     -4.775167     -4.760665
   1.54678     -4.759561     -4.759402
   1.54678     -4.759561     -4.759402
   1.50608     -4.760826     -4.775002
   1.46537     -4.809737     -4.820491
   1.42467     -4.898157     -4.892312
   1.38396     -5.010533     -4.985556
   1.34326     -5.038563     -5.003884
   1.30255     -5.019139     -4.993776
   1.26185     -4.997106     -4.982443
   1.22114     -4.972934     -4.970172
   1.18044     -4.947171     -4.957283
   1.13973     -4.920439     -4.944118
   1.09903     -4.893427     -4.931033
   1.05832     -4.874473     -4.918392
   1.01762     -4.884959     -4.906554
   0.97691     -4.894183     -4.895863
   0.93621     -4.901968     -4.886633
   0.89550     -4.908169     -4.879144
   0.85480     -4.912675     -4.873622
   0.81409     -4.915410     -4.870239
   0.77339     -4.916326     -4.869099
   0.77339     -4.916326     -4.869099
   0.73269     -4.927205     -4.886517
   0.69198     -4.959283     -4.921078
   0.65128     -5.010946     -4.961575
   0.61057     -5.079709     -5.005160
   0.56987     -5.162469     -5.050422
   0.52916     -5.255754     -5.119892
   0.48846     -5.355943     -5.246260
   0.44775     -5.459406     -5.374463
   0.40705     -5.562545     -5.500539
   0.36634     -5.603578     -5.620795
   0.32564     -5.579193     -5.599151
   0.28493     -5.555303     -5.563981
   0.24423     -5.532616     -5.530212
   0.20352     -5.511853     -5.498963
   0.16282     -5.493709     -5.471371
   0.12211     -5.478829     -5.448532
   0.08141     -5.467766     -5.448557
   0.04070     -5.460949     -5.455984
   0.00000     -5.458645     -5.458467
 
# Band-Index    7
   0.00000     -5.417366     -5.417228
   0.04070     -5.414279     -5.420819
   0.08141     -5.405089     -5.431422
   0.12211     -5.390002     -5.436247
   0.16282     -5.369358     -5.419167
   0.20352     -5.343616     -5.397470
   0.24423     -5.313345     -5.371368
   0.28493     -5.279207     -5.341129
   0.32564     -5.241944     -5.307085
   0.36634     -5.202357     -5.269636
   0.40705     -5.161294     -5.229249
   0.44775     -5.119639     -5.186471
   0.48846     -5.078310     -5.141922
   0.52916     -5.038261     -5.096308
   0.56987     -5.000508     -4.999758
   0.61057     -4.966164     -4.890729
   0.65128     -4.936520     -4.798034
   0.69198     -4.913134     -4.780663
   0.73269     -4.897864     -4.800531
   0.77339     -4.892506     -4.813018
   0.77339     -4.892506     -4.813018
   0.81409     -4.890609     -4.812037
   0.85480     -4.884983     -4.809132
   0.89550     -4.875830     -4.804413
   0.93621     -4.863491     -4.798065
   0.97691     -4.848437     -4.790344
   1.01762     -4.841611     -4.781573
   1.05832     -4.866886     -4.772140
   1.09903     -4.862944     -4.762485
   1.13973     -4.850626     -4.753092
   1.18044     -4.837811     -4.744467
   1.22114     -4.824829     -4.737115
   1.26185     -4.812041     -4.731497
   1.30255     -4.799833     -4.727976
   1.34326     -4.788601     -4.726744
   1.38396     -4.778742     -4.727714
   1.42467     -4.770622     -4.730413
   1.46537     -4.764566     -4.733899
   1.50608     -4.752731     -4.736858
   1.54678     -4.738073     -4.738025
   1.54678     -4.738073     -4.738025
   1.58748     -4.736908     -4.752521
   1.62819     -4.733954     -4.764401
   1.66889     -4.730473     -4.770450
   1.70960     -4.727779     -4.778560
   1.75030     -4.726812     -4.788409
   1.79101     -4.728046     -4.799628
   1.83171     -4.731565     -4.811824
   1.87242     -4.737180     -4.824598
   1.91312     -4.744527     -4.837567
   1.95383     -4.753145     -4.850370
   1.99453     -4.762530     -4.862676
   2.03524     -4.772177     -4.866790
   2.07594     -4.781602     -4.841526
   2.11665     -4.790365     -4.848343
   2.15735     -4.798079     -4.863396
   2.19806     -4.804421     -4.875735
   2.23876     -4.809136     -4.884888
   2.27946     -4.812038     -4.890513
   2.32017     -4.813018     -4.892411
   2.32017     -4.813018     -4.892411
   2.36087     -4.800565     -4.897773
   2.40158     -4.780717     -4.913052
   2.44228     -4.798196     -4.936449
   2.48299     -4.890901     -4.966103
   2.52369     -4.999940     -5.000453
   2.56440     -5.096478     -5.038209
   2.60510     -5.142095     -5.078258
   2.64581     -5.186645     -5.119583
   2.68651     -5.229426     -5.161232
   2.72722     -5.269813     -5.202287
   2.76792     -5.307264     -5.241863
   2.80863     -5.341308     -5.279116
   2.84933     -5.371547     -5.313243
   2.89004     -5.397650     -5.343504
   2.93074     -5.419346     -5.369238
   2.97145     -5.436426     -5.389874
   3.01215     -5.431570     -5.404956
   3.05285     -5.420960     -5.414142
   3.09356     -5.417366     -5.417228
   3.09356     -5.417366     -5.417228
   3.15112     -5.417648     -5.417509
   3.20869     -5.415990     -5.415845
   3.26626     -5.408045     -5.407892
   3.32382     -5.393064     -5.392904
   3.38139     -5.372518     -5.372351
   3.43895     -5.347759     -5.347587
   3.49652     -5.319877     -5.319699
   3.55408     -5.289858     -5.289674
   3.61165     -5.258658     -5.258468
   3.66921     -5.227204     -5.227007
   3.72678     -5.196372     -5.196168
   3.78434     -5.166957     -5.166746
   3.84191     -5.139619     -5.139402
   3.89947     -5.059223     -5.059017
   3.95704     -4.955782     -4.955581
   4.01460     -4.868183     -4.867985
   4.07217     -4.799597     -4.799394
   4.12973     -4.751646     -4.751439
   4.18730     -4.738073     -4.738025
 
# Band-Index    8
   4.18730     -4.732979     -4.732779
   4.12973     -4.734724     -4.734672
   4.07217     -4.726621     -4.726558
   4.01460     -4.717740     -4.717666
   3.95704     -4.711474     -4.711391
   3.89947     -4.709827     -4.709736
   3.84191     -4.713663     -4.713565
   3.78434     -4.723092     -4.722991
   3.72678     -4.737762     -4.737660
   3.66921     -4.757042     -4.756942
   3.61165     -4.780141     -4.780043
   3.55408     -4.806173     -4.806080
   3.49652     -4.834200     -4.834112
   3.43895     -4.863220     -4.863139
   3.38139     -4.892130     -4.892055
   3.32382     -4.919647     -4.919578
   3.26626     -4.944222     -4.944159
   3.20869     -4.964002     -4.963943
   3.15112     -4.976995     -4.976938
   3.09356     -4.981546     -4.981490
   3.09356     -4.981546     -4.981490
   3.05285     -4.978786     -4.979645
   3.01215     -4.970626     -4.974160
   2.97145     -4.957418     -4.965185
   2.93074     -4.939738     -4.952970
   2.89004     -4.918372     -4.937867
   2.84933     -4.894296     -4.920335
   2.80863     -4.868641     -4.900930
   2.76792     -4.842655     -4.880308
   2.72722     -4.817654     -4.859203
   2.68651     -4.794958     -4.838410
   2.64581     -4.775823     -4.818748
   2.60510     -4.761370     -4.801014
   2.56440     -4.752517     -4.785925
   2.52369     -4.749914     -4.774039
   2.48299     -4.753890     -4.765668
   2.44228     -4.764380     -4.760750
   2.40158     -4.727071     -4.758719
   2.36087     -4.682187     -4.758444
   2.32017     -4.666827     -4.758571
   2.32017     -4.666827     -4.758571
   2.27946     -4.667283     -4.761169
   2.23876     -4.668637     -4.768851
   2.19806     -4.670852     -4.781297
   2.15735     -4.673865     -4.798005
   2.11665     -4.677592     -4.818328
   2.07594     -4.681929     -4.831176
   2.03524     -4.686756     -4.812644
   1.99453     -4.691939     -4.793581
   1.95383     -4.697336     -4.774920
   1.91312     -4.702798     -4.757635
   1.87242     -4.708177     -4.742690
   1.83171     -4.713327     -4.730961
   1.79101     -4.718108     -4.723136
   1.75030     -4.722392     -4.719596
   1.70960     -4.726066     -4.720261
   1.66889     -4.729029     -4.724393
   1.62819     -4.731204     -4.730397
   1.58748     -4.732532     -4.735816
   1.54678     -4.732979     -4.732779
   1.54678     -4.732979     -4.732779
   1.50608     -4.735867     -4.732332
   1.46537     -4.730454     -4.731005
   1.42467     -4.724457     -4.728832
   1.38396     -4.720331     -4.725871
   1.34326     -4.719671     -4.722200
   1.30255     -4.723215     -4.717919
   1.26185     -4.731044     -4.713142
   1.22114     -4.742776     -4.707997
   1.18044     -4.757723     -4.702623
   1.13973     -4.775010     -4.697165
   1.09903     -4.793673     -4.691773
   1.05832     -4.812737     -4.686593
   1.01762     -4.831270     -4.681771
   0.97691     -4.818400     -4.677437
   0.93621     -4.798067     -4.673713
   0.89550     -4.781350     -4.670703
   0.85480     -4.768896     -4.668490
   0.81409     -4.761210     -4.667137
   0.77339     -4.758611     -4.666681
   0.77339     -4.758611     -4.666681
   0.73269     -4.758489     -4.682039
   0.69198     -4.758776     -4.726917
   0.65128     -4.760822     -4.764321
   0.61057     -4.765754     -4.753831
   0.56987     -4.774136     -4.749857
   0.52916     -4.786031     -4.752463
   0.48846     -4.801125     -4.761319
   0.44775     -4.818861     -4.775774
   0.40705     -4.838522     -4.794910
   0.36634     -4.859311     -4.817607
   0.32564     -4.880410     -4.842607
   0.28493     -4.901025     -4.868593
   0.24423     -4.920421     -4.894247
   0.20352     -4.937946     -4.918321
   0.16282     -4.953041     -4.939685
   0.12211     -4.965250     -4.957364
   0.08141     -4.974220     -4.970571
   0.04070     -4.979702     -4.978730
   0.00000     -4.981546     -4.981490
 
# Band-Index    9
   0.00000     -2.626560     -2.625697
   0.04070     -2.625822     -2.621680
   0.08141     -2.623628     -2.609956
   0.12211     -2.620026     -2.591468
   0.16282     -2.615098     -2.567671
   0.20352     -2.608960     -2.540411
   0.24423     -2.601758     -2.511978
   0.28493     -2.593674     -2.493240
   0.32564     -2.584917     -2.498718
   0.36634     -2.575719     -2.504935
   0.40705     -2.566333     -2.510061
   0.44775     -2.557024     -2.513874
   0.48846     -2.548056     -2.516377
   0.52916     -2.539689     -2.517709
   0.56987     -2.532163     -2.518107
   0.61057     -2.525694     -2.517869
   0.65128     -2.520467     -2.517308
   0.69198     -2.516627     -2.516712
   0.73269     -2.514281     -2.516292
   0.77339     -2.513491     -2.516146
   0.77339     -2.513491     -2.516146
   0.81409     -2.510425     -2.517400
   0.85480     -2.501541     -2.521119
   0.89550     -2.487754     -2.527177
   0.93621     -2.470470     -2.535368
   0.97691     -2.451443     -2.545423
   1.01762     -2.432632     -2.557014
   1.05832     -2.416087     -2.569777
   1.09903     -2.403922     -2.583325
   1.13973     -2.398386     -2.597265
   1.18044     -2.402274     -2.611206
   1.22114     -2.433591     -2.624782
   1.26185     -2.487039     -2.637658
   1.30255     -2.536486     -2.649582
   1.34326     -2.580294     -2.660817
   1.38396     -2.617680     -2.682175
   1.42467     -2.663150     -2.710983
   1.46537     -2.713712     -2.735753
   1.50608     -2.748011     -2.752561
   1.54678     -2.760177     -2.758528
   1.54678     -2.760177     -2.758528
   1.58748     -2.754191     -2.746383
   1.62819     -2.737330     -2.712142
   1.66889     -2.712481     -2.661672
   1.70960     -2.683581     -2.616283
   1.75030     -2.662250     -2.578902
   1.79101     -2.651046     -2.535101
   1.83171     -2.639142     -2.485663
   1.87242     -2.626286     -2.432249
   1.91312     -2.612731     -2.401362
   1.95383     -2.598812     -2.397491
   1.99453     -2.584894     -2.403018
   2.03524     -2.571367     -2.415166
   2.07594     -2.558624     -2.431693
   2.11665     -2.547051     -2.450489
   2.15735     -2.537012     -2.469501
   2.19806     -2.528833     -2.486773
   2.23876     -2.522785     -2.500552
   2.27946     -2.519071     -2.509430
   2.32017     -2.517819     -2.512495
   2.32017     -2.517819     -2.512495
   2.36087     -2.517964     -2.513286
   2.40158     -2.518380     -2.515636
   2.44228     -2.518967     -2.519482
   2.48299     -2.519515     -2.524717
   2.52369     -2.519736     -2.531195
   2.56440     -2.519317     -2.538732
   2.60510     -2.517960     -2.547111
   2.64581     -2.515432     -2.556090
   2.68651     -2.511591     -2.565411
   2.72722     -2.506434     -2.574808
   2.76792     -2.500182     -2.584015
   2.80863     -2.494573     -2.592782
   2.84933     -2.512860     -2.600874
   2.89004     -2.541277     -2.608082
   2.93074     -2.568534     -2.614226
   2.97145     -2.592330     -2.619158
   3.01215     -2.610819     -2.622763
   3.05285     -2.622543     -2.624959
   3.09356     -2.626560     -2.625697
   3.09356     -2.626560     -2.625697
   3.15112     -2.621749     -2.620886
   3.20869     -2.607852     -2.606988
   3.26626     -2.586436     -2.585571
   3.32382     -2.560019     -2.559151
   3.38139     -2.531902     -2.531023
   3.43895     -2.505853     -2.504949
   3.49652     -2.485538     -2.484582
   3.55408     -2.473733     -2.472698
   3.61165     -2.471830     -2.470701
   3.66921     -2.479984     -2.478766
   3.72678     -2.497435     -2.496142
   3.78434     -2.522608     -2.521260
   3.84191     -2.553187     -2.551804
   3.89947     -2.586360     -2.584956
   3.95704     -2.619279     -2.617863
   4.01460     -2.650543     -2.649116
   4.07217     -2.694491     -2.692983
   4.12973     -2.742085     -2.740474
   4.18730     -2.760177     -2.758528
 
# Band-Index   10
   4.18730     -2.686227     -2.684809
   4.12973     -2.680861     -2.679444
   4.07217     -2.663492     -2.662078
   4.01460     -2.614989     -2.613643
   3.95704     -2.543887     -2.542692
   3.89947     -2.479903     -2.478827
   3.84191     -2.430737     -2.429719
   3.78434     -2.396845     -2.395828
   3.72678     -2.376130     -2.375071
   3.66921     -2.366356     -2.365227
   3.61165     -2.365567     -2.364354
   3.55408     -2.371725     -2.370430
   3.49652     -2.382501     -2.381145
   3.43895     -2.395614     -2.394229
   3.38139     -2.425038     -2.423546
   3.32382     -2.486399     -2.484877
   3.26626     -2.538099     -2.536552
   3.20869     -2.577351     -2.575784
   3.15112     -2.601894     -2.600313
   3.09356     -2.610247     -2.608662
   3.09356     -2.610247     -2.608662
   3.05285     -2.605097     -2.605444
   3.01215     -2.589873     -2.595905
   2.97145     -2.565228     -2.580382
   2.93074     -2.532187     -2.559413
   2.89004     -2.492056     -2.533702
   2.84933     -2.482696     -2.504082
   2.80863     -2.480630     -2.471473
   2.76792     -2.456306     -2.436848
   2.72722     -2.434232     -2.401196
   2.68651     -2.417202     -2.365491
   2.64581     -2.406222     -2.330679
   2.60510     -2.401715     -2.297648
   2.56440     -2.403519     -2.267222
   2.52369     -2.410814     -2.240141
   2.48299     -2.422076     -2.217056
   2.44228     -2.435107     -2.198513
   2.40158     -2.447252     -2.184949
   2.36087     -2.455868     -2.176682
   2.32017     -2.458983     -2.173905
   2.32017     -2.458983     -2.173905
   2.27946     -2.459862     -2.170721
   2.23876     -2.462497     -2.161298
   2.19806     -2.466891     -2.146015
   2.15735     -2.473048     -2.125470
   2.11665     -2.480989     -2.100437
   2.07594     -2.490754     -2.133052
   2.03524     -2.502421     -2.191005
   1.99453     -2.516111     -2.251355
   1.95383     -2.532004     -2.312327
   1.91312     -2.550334     -2.371961
   1.87242     -2.571369     -2.413786
   1.83171     -2.595320     -2.443240
   1.79101     -2.622142     -2.486197
   1.75030     -2.650825     -2.540747
   1.70960     -2.668997     -2.601232
   1.66889     -2.676652     -2.645204
   1.62819     -2.681958     -2.667129
   1.58748     -2.685155     -2.680369
   1.54678     -2.686227     -2.684809
   1.54678     -2.686227     -2.684809
   1.50608     -2.681785     -2.683736
   1.46537     -2.668543     -2.680533
   1.42467     -2.646616     -2.675219
   1.38396     -2.602603     -2.667553
   1.34326     -2.541983     -2.649489
   1.30255     -2.487300     -2.620908
   1.26185     -2.444234     -2.594163
   1.22114     -2.414740     -2.570273
   1.18044     -2.373312     -2.549285
   1.13973     -2.313690     -2.530990
   1.09903     -2.252717     -2.515124
   1.05832     -2.192368     -2.501454
   1.01762     -2.134417     -2.489801
   0.97691     -2.101783     -2.480046
   0.93621     -2.126827     -2.472112
   0.89550     -2.147380     -2.465960
   0.85480     -2.162669     -2.461569
   0.81409     -2.172096     -2.458935
   0.77339     -2.175282     -2.458057
   0.77339     -2.175282     -2.458057
   0.73269     -2.178060     -2.454945
   0.69198     -2.186331     -2.446336
   0.65128     -2.199901     -2.434199
   0.61057     -2.218452     -2.421177
   0.56987     -2.241548     -2.409923
   0.52916     -2.268640     -2.402635
   0.48846     -2.299081     -2.400837
   0.44775     -2.332126     -2.405348
   0.40705     -2.366955     -2.416332
   0.36634     -2.402676     -2.433363
   0.32564     -2.438346     -2.455434
   0.28493     -2.472988     -2.479659
   0.24423     -2.505613     -2.481302
   0.20352     -2.535248     -2.490531
   0.16282     -2.560972     -2.530642
   0.12211     -2.581952     -2.563667
   0.08141     -2.597483     -2.588298
   0.04070     -2.607027     -2.603514
   0.00000     -2.610247     -2.608662
 
# Band-Index   11
   0.00000     -2.450024     -2.448709
   0.04070     -2.446791     -2.449897
   0.08141     -2.437179     -2.453353
   0.12211     -2.421441     -2.458775
   0.16282     -2.399985     -2.465693
   0.20352     -2.373352     -2.473502
   0.24423     -2.342195     -2.444829
   0.28493     -2.307260     -2.395128
   0.32564     -2.269361     -2.343041
   0.36634     -2.229376     -2.290135
   0.40705     -2.188229     -2.237889
   0.44775     -2.146898     -2.187654
   0.48846     -2.106408     -2.140638
   0.52916     -2.067840     -2.097890
   0.56987     -2.032325     -2.060302
   0.61057     -2.001027     -2.028605
   0.65128     -1.975109     -2.003377
   0.69198     -1.955656     -1.985056
   0.73269     -1.943576     -1.973945
   0.77339     -1.939477     -1.970221
   0.77339     -1.939477     -1.970221
   0.81409     -1.945722     -1.968881
   0.85480     -1.964129     -1.964895
   0.89550     -1.993764     -1.958359
   0.93621     -2.033208     -1.949437
   0.97691     -2.080724     -1.938351
   1.01762     -2.073146     -1.925384
   1.05832     -2.041887     -1.910873
   1.09903     -2.009000     -1.895200
   1.13973     -1.975467     -1.878788
   1.18044     -1.942224     -1.862084
   1.22114     -1.940177     -1.845553
   1.26185     -2.000046     -1.829659
   1.30255     -2.047536     -1.903978
   1.34326     -2.082629     -1.977786
   1.38396     -2.107319     -2.037791
   1.42467     -2.124107     -2.083791
   1.46537     -2.134954     -2.116051
   1.50608     -2.141064     -2.135088
   1.54678     -2.143041     -2.141372
   1.54678     -2.143041     -2.141372
   1.58748     -2.136768     -2.139386
   1.62819     -2.117764     -2.133247
   1.66889     -2.085554     -2.122349
   1.70960     -2.039614     -2.105487
   1.75030     -1.979672     -2.080705
   1.79101     -1.905922     -2.045515
   1.83171     -1.830925     -1.997947
   1.87242     -1.846826     -1.938038
   1.91312     -1.863365     -1.940934
   1.95383     -1.880076     -1.974167
   1.99453     -1.896496     -2.007688
   2.03524     -1.912176     -2.040563
   2.07594     -1.926695     -2.071811
   2.11665     -1.939668     -2.079356
   2.15735     -1.950760     -2.031836
   2.19806     -1.959686     -1.992387
   2.23876     -1.966225     -1.962749
   2.27946     -1.970214     -1.944339
   2.32017     -1.971554     -1.938093
   2.32017     -1.971554     -1.938093
   2.36087     -1.975279     -1.942192
   2.40158     -1.986394     -1.954274
   2.44228     -2.004720     -1.973729
   2.48299     -2.029955     -1.999650
   2.52369     -2.061662     -2.030953
   2.56440     -2.099262     -2.066473
   2.60510     -2.142023     -2.105046
   2.64581     -2.189055     -2.145541
   2.68651     -2.239308     -2.186877
   2.72722     -2.291574     -2.228030
   2.76792     -2.344501     -2.268021
   2.80863     -2.396609     -2.305925
   2.84933     -2.446333     -2.340865
   2.89004     -2.474885     -2.372026
   2.93074     -2.467054     -2.398664
   2.97145     -2.460117     -2.420123
   3.01215     -2.454680     -2.435863
   3.05285     -2.451214     -2.445476
   3.09356     -2.450024     -2.448709
   3.09356     -2.450024     -2.448709
   3.15112     -2.448105     -2.446786
   3.20869     -2.442505     -2.441176
   3.26626     -2.433680     -2.432333
   3.32382     -2.422325     -2.420957
   3.38139     -2.409305     -2.407921
   3.43895     -2.357049     -2.355588
   3.49652     -2.285448     -2.284019
   3.55408     -2.213026     -2.211627
   3.61165     -2.142200     -2.140830
   3.66921     -2.074937     -2.073592
   3.72678     -2.012739     -2.011416
   3.78434     -1.956677     -1.955375
   3.84191     -1.907461     -1.906175
   3.89947     -1.899155     -1.897111
   3.95704     -1.994087     -1.992131
   4.01460     -2.063391     -2.061544
   4.07217     -2.109088     -2.107336
   4.12973     -2.134771     -2.133081
   4.18730     -2.143041     -2.141372
 
# Band-Index   12
   4.18730     -1.769798     -1.768558
   4.12973     -1.773627     -1.772385
   4.07217     -1.785118     -1.783873
   4.01460     -1.804274     -1.803023
   3.95704     -1.831088     -1.829828
   3.89947     -1.865520     -1.864249
   3.84191     -1.780930     -1.778838
   3.78434     -1.645415     -1.643309
   3.72678     -1.499228     -1.497122
   3.66921     -1.347764     -1.345661
   3.61165     -1.195018     -1.192915
   3.55408     -1.043956     -1.041846
   3.49652     -0.896793     -0.894672
   3.43895     -0.755072     -0.752934
   3.38139     -0.619578     -0.617418
   3.32382     -0.490237     -0.488049
   3.26626     -0.366103     -0.363875
   3.20869     -0.245567     -0.243269
   3.15112     -0.127280     -0.124785
   3.09356     -0.033271     -0.029485
   3.09356     -0.033271     -0.029485
   3.05285     -0.034245     -0.123868
   3.01215     -0.037299     -0.239146
   2.97145     -0.042801     -0.351322
   2.93074     -0.051247     -0.459077
   2.89004     -0.063131     -0.561859
   2.84933     -0.078796     -0.659275
   2.80863     -0.098328     -0.750990
   2.76792     -0.121492     -0.836689
   2.72722     -0.147742     -0.916074
   2.68651     -0.176255     -0.988854
   2.64581     -0.206011     -1.054756
   2.60510     -0.235873     -1.113522
   2.56440     -0.264671     -1.164917
   2.52369     -0.291266     -1.208738
   2.48299     -0.314608     -1.244814
   2.44228     -0.333780     -1.273007
   2.40158     -0.348033     -1.293215
   2.36087     -0.356811     -1.305367
   2.32017     -0.359775     -1.309422
   2.32017     -0.359775     -1.309422
   2.27946     -0.402915     -1.317335
   2.23876     -0.508582     -1.340696
   2.19806     -0.643192     -1.378421
   2.15735     -0.788762     -1.428848
   2.11665     -0.936931     -1.489912
   2.07594     -1.083377     -1.559294
   2.03524     -1.225509     -1.634533
   1.99453     -1.361547     -1.713032
   1.95383     -1.490106     -1.791975
   1.91312     -1.609976     -1.868180
   1.87242     -1.720005     -1.908861
   1.83171     -1.819033     -1.878733
   1.79101     -1.816109     -1.851244
   1.75030     -1.802796     -1.826995
   1.70960     -1.791361     -1.806485
   1.66889     -1.782123     -1.790122
   1.62819     -1.775338     -1.778214
   1.58748     -1.771192     -1.770982
   1.54678     -1.769798     -1.768558
   1.54678     -1.769798     -1.768558
   1.50608     -1.772223     -1.769951
   1.46537     -1.779456     -1.774096
   1.42467     -1.791367     -1.780878
   1.38396     -1.807735     -1.790112
   1.34326     -1.828250     -1.801542
   1.30255     -1.852507     -1.814849
   1.26185     -1.880003     -1.817040
   1.22114     -1.910140     -1.717975
   1.18044     -1.870323     -1.607918
   1.13973     -1.794100     -1.488026
   1.09903     -1.715127     -1.359450
   1.05832     -1.636596     -1.223396
   1.01762     -1.561326     -1.081246
   0.97691     -1.491916     -0.934775
   0.93621     -1.430828     -0.786564
   0.89550     -1.380381     -0.640925
   0.85480     -1.342643     -0.506197
   0.81409     -1.319273     -0.400361
   0.77339     -1.311357     -0.357115
   0.77339     -1.311357     -0.357115
   0.73269     -1.307304     -0.354145
   0.69198     -1.295157     -0.345350
   0.65128     -1.274956     -0.331069
   0.61057     -1.246773     -0.311857
   0.56987     -1.210710     -0.288466
   0.52916     -1.166904     -0.261811
   0.48846     -1.115525     -0.232943
   0.44775     -1.056778     -0.203003
   0.40705     -0.990895     -0.173162
   0.36634     -0.918134     -0.144558
   0.32564     -0.838771     -0.118214
   0.28493     -0.753093     -0.094954
   0.24423     -0.661402     -0.075329
   0.20352     -0.564011     -0.059577
   0.16282     -0.461258     -0.047616
   0.12211     -0.353543     -0.039104
   0.08141     -0.241437     -0.033554
   0.04070     -0.126359     -0.030468
   0.00000     -0.033271     -0.029485
 
# Band-Index   13
   0.00000      0.030405      0.030715
   0.04070      0.126598      0.032152
   0.08141      0.250812      0.036442
   0.12211      0.377542      0.043532
   0.16282      0.504466      0.053328
   0.20352      0.629754      0.065693
   0.24423      0.751426      0.080433
   0.28493      0.867318      0.097286
   0.32564      0.975208      0.115899
   0.36634      1.073064      0.135823
   0.40705      1.080897      0.156502
   0.44775      1.082789      0.177280
   0.48846      1.084516      0.197433
   0.52916      1.085987      0.216214
   0.56987      1.087149      0.232924
   0.61057      1.087993      0.246991
   0.65128      1.088553      0.258036
   0.69198      1.088887      0.265890
   0.73269      1.089056      0.270554
   0.77339      1.089107      0.272096
   0.77339      1.089107      0.272096
   0.81409      1.083365      0.311708
   0.85480      1.066699      0.405874
   0.89550      1.040693      0.518702
   0.93621      1.007715      0.629052
   0.97691      0.970617      0.725461
   1.01762      0.932459      0.801953
   1.05832      0.896299      0.856865
   1.09903      0.865045      0.891899
   1.13973      0.841354      0.910664
   1.18044      0.827551      0.917258
   1.22114      0.825535      0.915425
   1.26185      0.836670      0.908249
   1.30255      0.861614      0.898148
   1.34326      0.900068      0.886978
   1.38396      0.950336      0.876143
   1.42467      0.951686      0.866702
   1.46537      0.897911      0.859426
   1.50608      0.864443      0.854850
   1.54678      0.853085      0.853289
   1.54678      0.853085      0.853289
   1.58748      0.854646      0.864649
   1.62819      0.859225      0.898120
   1.66889      0.866505      0.951900
   1.70960      0.875952      0.951267
   1.75030      0.886791      0.901004
   1.79101      0.897964      0.862549
   1.83171      0.908065      0.837601
   1.87242      0.915235      0.826462
   1.91312      0.917054      0.828473
   1.95383      0.910435      0.842273
   1.99453      0.891631      0.865961
   2.03524      0.856539      0.897215
   2.07594      0.801556      0.933377
   2.11665      0.724988      0.971537
   2.15735      0.628518      1.008639
   2.19806      0.518146      1.041622
   2.23876      0.405367      1.067631
   2.27946      0.311327      1.084300
   2.32017      0.271807      1.090043
   2.32017      0.271807      1.090043
   2.36087      0.270263      1.089992
   2.40158      0.265595      1.089821
   2.44228      0.257734      1.089486
   2.48299      0.246683      1.088923
   2.52369      0.232610      1.088075
   2.56440      0.215895      1.086909
   2.60510      0.197110      1.085432
   2.64581      0.176955      1.083700
   2.68651      0.156176      1.081802
   2.72722      0.135499      1.074075
   2.76792      0.115576      0.976428
   2.80863      0.096964      0.868718
   2.84933      0.080113      0.752972
   2.89004      0.065375      0.631413
   2.93074      0.053012      0.506203
   2.97145      0.043218      0.379320
   3.01215      0.036130      0.252575
   3.05285      0.031841      0.128194
   3.09356      0.030405      0.030715
   3.09356      0.030405      0.030715
   3.15112      0.128045      0.129627
   3.20869      0.256486      0.258204
   3.26626      0.391630      0.393318
   3.32382      0.531845      0.533435
   3.38139      0.675406      0.676853
   3.43895      0.819995      0.821267
   3.49652      0.942414      0.943300
   3.55408      0.918524      0.919412
   3.61165      0.898878      0.899768
   3.66921      0.885505      0.886397
   3.72678      0.880317      0.881213
   3.78434      0.885017      0.885917
   3.84191      0.900962      0.901866
   3.89947      0.928919      0.929828
   3.95704      0.968603      0.969514
   4.01460      0.962975      0.963182
   4.07217      0.903677      0.903883
   4.12973      0.865991      0.866196
   4.18730      0.853085      0.853289
 
# Band-Index   14
   4.18730      1.132171      1.133017
   4.12973      1.114302      1.115164
   4.07217      1.070376      1.071265
   4.01460      1.017754      1.018659
   3.95704      1.038376      1.038586
   3.89947      1.121747      1.121966
   3.84191      1.202113      1.202356
   3.78434      1.265661      1.265956
   3.72678      1.296354      1.296746
   3.66921      1.278812      1.279350
   3.61165      1.207654      1.208366
   3.55408      1.095673      1.096567
   3.49652      0.962198      0.963282
   3.43895      0.968480      0.969363
   3.38139      0.994689      0.995572
   3.32382      1.019129      1.020011
   3.26626      1.040090      1.040970
   3.20869      1.056143      1.057024
   3.15112      1.066219      1.067099
   3.09356      1.069653      1.070533
   3.09356      1.069653      1.070533
   3.05285      1.066121      1.070639
   3.01215      1.055870      1.070963
   2.97145      1.039901      1.071513
   2.93074      1.019778      1.072304
   2.89004      0.997496      1.073349
   2.84933      0.975316      1.074650
   2.80863      0.955602      1.076195
   2.76792      0.940651      1.077950
   2.72722      0.932532      1.079849
   2.68651      0.932922      1.160192
   2.64581      0.942930      1.234213
   2.60510      0.962909      1.296601
   2.56440      0.992250      1.348599
   2.52369      1.029172      1.391701
   2.48299      1.070554      1.427114
   2.44228      1.111913      1.455416
   2.40158      1.147710      1.476480
   2.36087      1.172216      1.489641
   2.32017      1.180957      1.494140
   2.32017      1.180957      1.494140
   2.27946      1.180617      1.505120
   2.23876      1.179609      1.537705
   2.19806      1.177961      1.590863
   2.15735      1.175721      1.662807
   2.11665      1.172954      1.720187
   2.07594      1.169739      1.697141
   2.03524      1.166165      1.662393
   1.99453      1.162334      1.615028
   1.95383      1.158351      1.553714
   1.91312      1.154326      1.478573
   1.87242      1.150367      1.391808
   1.83171      1.146582      1.297516
   1.79101      1.143070      1.200938
   1.75030      1.139927      1.107664
   1.70960      1.137234      1.023060
   1.66889      1.135063      1.009457
   1.62819      1.133471      1.068133
   1.58748      1.132498      1.114680
   1.54678      1.132171      1.133017
   1.54678      1.132171      1.133017
   1.50608      1.113818      1.133345
   1.46537      1.067240      1.134318
   1.42467      1.008539      1.135911
   1.38396      1.022841      1.138083
   1.34326      1.107443      1.140776
   1.30255      1.200720      1.143921
   1.26185      1.297308      1.147433
   1.22114      1.391619      1.151220
   1.18044      1.478409      1.155180
   1.13973      1.553574      1.159208
   1.09903      1.614903      1.163192
   1.05832      1.662261      1.167025
   1.01762      1.696970      1.170599
   0.97691      1.719984      1.173816
   0.93621      1.663020      1.176585
   0.89550      1.591068      1.178825
   0.85480      1.537908      1.180474
   0.81409      1.505322      1.181483
   0.77339      1.494342      1.181822
   0.77339      1.494342      1.181822
   0.73269      1.489834      1.173081
   0.69198      1.476645      1.148574
   0.65128      1.455534      1.112776
   0.61057      1.427161      1.071416
   0.56987      1.391649      1.030033
   0.52916      1.348413      0.993112
   0.48846      1.296244      0.963773
   0.44775      1.233651      0.943796
   0.40705      1.159406      0.933790
   0.36634      1.078949      0.933402
   0.32564      1.077055      0.941523
   0.28493      1.075304      0.956477
   0.24423      1.073762      0.976192
   0.20352      1.072464      0.998373
   0.16282      1.071422      1.020656
   0.12211      1.070632      1.040780
   0.08141      1.070082      1.056750
   0.04070      1.069759      1.067001
   0.00000      1.069653      1.070533
 
# Band-Index   15
   0.00000      1.576849      1.576870
   0.04070      1.577277      1.578626
   0.08141      1.578628      1.583867
   0.12211      1.581105      1.592512
   0.16282      1.585028      1.604409
   0.20352      1.590806      1.619325
   0.24423      1.598897      1.636935
   0.28493      1.609736      1.656831
   0.32564      1.623632      1.678556
   0.36634      1.640596      1.701661
   0.40705      1.660140      1.725792
   0.44775      1.681125      1.750798
   0.48846      1.701819      1.776840
   0.52916      1.720284      1.804498
   0.56987      1.734930      1.834841
   0.61057      1.744983      1.869450
   0.65128      1.750642      1.910370
   0.69198      1.752955      1.959902
   0.73269      1.753426      2.019608
   0.77339      1.753403      2.071193
   0.77339      1.753403      2.071193
   0.81409      1.752918      2.072743
   0.85480      1.751118      2.080656
   0.89550      1.746777      2.101384
   0.93621      1.738103      2.140740
   0.97691      1.754586      2.202400
   1.01762      1.834877      2.285897
   1.05832      1.853289      2.283591
   1.09903      1.866560      2.212706
   1.13973      1.874722      2.146312
   1.18044      1.877085      2.086313
   1.22114      1.874410      2.034037
   1.26185      1.868346      1.990256
   1.30255      1.860602      1.955202
   1.34326      1.852518      1.928582
   1.38396      1.845014      1.909615
   1.42467      1.838694      1.897118
   1.46537      1.833946      1.882072
   1.50608      1.831009      1.843008
   1.54678      1.830016      1.829671
   1.54678      1.830016      1.829671
   1.58748      1.843353      1.830664
   1.62819      1.882418      1.833601
   1.66889      1.895575      1.838350
   1.70960      1.908332      1.844671
   1.75030      1.927573      1.852177
   1.79101      1.954461      1.860267
   1.83171      1.989765      1.868019
   1.87242      2.033775      1.874094
   1.91312      2.086256      1.876782
   1.95383      2.146438      1.874433
   1.99453      2.212996      1.866281
   2.03524      2.284026      1.853010
   2.07594      2.285066      1.834598
   2.11665      2.201544      1.754433
   2.15735      2.139935      1.738489
   2.19806      2.100624      1.747291
   2.23876      2.079910      1.751734
   2.27946      2.071978      1.753589
   2.32017      2.070410      1.754089
   2.32017      2.070410      1.754089
   2.36087      2.019413      1.754118
   2.40158      1.959906      1.753665
   2.44228      1.910477      1.751377
   2.48299      1.869621      1.745745
   2.52369      1.835050      1.735711
   2.56440      1.804724      1.721063
   2.60510      1.777066      1.702566
   2.64581      1.751012      1.681807
   2.68651      1.725986      1.660732
   2.72722      1.701827      1.641083
   2.76792      1.678693      1.624016
   2.80863      1.656937      1.610028
   2.84933      1.637010      1.599109
   2.89004      1.619373      1.590956
   2.93074      1.604434      1.585129
   2.97145      1.592517      1.581170
   3.01215      1.583858      1.578668
   3.05285      1.578608      1.577302
   3.09356      1.576849      1.576870
   3.09356      1.576849      1.576870
   3.15112      1.578988      1.579010
   3.20869      1.585385      1.585410
   3.26626      1.596008      1.596036
   3.32382      1.610882      1.610909
   3.38139      1.630190      1.630208
   3.43895      1.654489      1.654488
   3.49652      1.685278      1.685242
   3.55408      1.726548      1.726463
   3.61165      1.787664      1.787522
   3.66921      1.882961      1.882762
   3.72678      2.017265      2.016986
   3.78434      2.156822      2.156385
   3.84191      2.161171      2.161157
   3.89947      2.124578      2.124160
   3.95704      2.037092      2.036718
   4.01460      1.953129      1.952775
   4.07217      1.886570      1.886224
   4.12973      1.844410      1.844065
   4.18730      1.830016      1.829671
 
# Band-Index   16
   4.18730      1.882804      1.884770
   4.12973      1.911228      1.913126
   4.07217      1.980343      1.982022
   4.01460      2.055860      2.057129
   3.95704      2.110950      2.111698
   3.89947      2.142273      2.142572
   3.84191      2.187639      2.187157
   3.78434      2.178774      2.178554
   3.72678      2.201794      2.201438
   3.66921      2.233292      2.232847
   3.61165      2.273720      2.273224
   3.55408      2.321401      2.320896
   3.49652      2.372218      2.371773
   3.43895      2.417373      2.417139
   3.38139      2.438863      2.439068
   3.32382      2.427615      2.428134
   3.26626      2.403438      2.404065
   3.20869      2.381211      2.381882
   3.15112      2.366475      2.367166
   3.09356      2.361365      2.362062
   3.09356      2.361365      2.362062
   3.05285      2.363689      2.364842
   3.01215      2.370649      2.373059
   2.97145      2.382209      2.386355
   2.93074      2.398299      2.404139
   2.89004      2.418798      2.425614
   2.84933      2.443516      2.449792
   2.80863      2.472168      2.475380
   2.76792      2.499655      2.454144
   2.72722      2.467430      2.424857
   2.68651      2.430939      2.359568
   2.64581      2.392114      2.277100
   2.60510      2.352925      2.191127
   2.56440      2.315203      2.105516
   2.52369      2.280565      2.023466
   2.48299      2.250380      1.948217
   2.44228      2.225761      1.883450
   2.40158      2.207567      1.833181
   2.36087      2.196387      1.801186
   2.32017      2.134277      1.790188
   2.32017      2.134277      1.790188
   2.27946      2.140362      1.791119
   2.23876      2.158552      1.794147
   2.19806      2.188652      1.800056
   2.15735      2.230347      1.809792
   2.11665      2.283211      1.823700
   2.07594      2.346738      1.862911
   2.03524      2.374526      1.978231
   1.99453      2.406752      2.107126
   1.95383      2.410595      2.245176
   1.91312      2.394761      2.390058
   1.87242      2.355688      2.505931
   1.83171      2.291907      2.518513
   1.79101      2.208406      2.440626
   1.75030      2.115520      2.327265
   1.70960      2.024404      2.207815
   1.66889      1.944376      2.090764
   1.62819      1.887912      1.987252
   1.58748      1.883989      1.912653
   1.54678      1.882804      1.884770
   1.54678      1.882804      1.884770
   1.50608      1.910698      1.885901
   1.46537      1.985314      1.889675
   1.42467      2.088835      1.944027
   1.38396      2.205891      2.024045
   1.34326      2.325366      2.115142
   1.30255      2.438802      2.207994
   1.26185      2.517708      2.291444
   1.22114      2.505206      2.355167
   1.18044      2.390372      2.394183
   1.13973      2.245457      2.409963
   1.09903      2.107380      2.406072
   1.05832      1.978466      2.374448
   1.01762      1.863147      2.346004
   0.97691      1.824052      2.282452
   0.93621      1.810217      2.229575
   0.89550      1.800566      2.187869
   0.85480      1.794718      2.157761
   0.81409      1.791716      2.139567
   0.77339      1.790789      2.133480
   0.77339      1.790789      2.133480
   0.73269      1.801790      2.195660
   0.69198      1.833792      2.206834
   0.65128      1.884072      2.225023
   0.61057      1.948848      2.249634
   0.56987      2.024103      2.279808
   0.52916      2.106157      2.314434
   0.48846      2.191771      2.352141
   0.44775      2.277749      2.391315
   0.40705      2.360229      2.430122
   0.36634      2.425710      2.466595
   0.32564      2.455005      2.498803
   0.28493      2.474806      2.472642
   0.24423      2.449169      2.444049
   0.20352      2.424969      2.419381
   0.16282      2.403476      2.398923
   0.12211      2.385676      2.382866
   0.08141      2.372370      2.371328
   0.04070      2.364146      2.364382
   0.00000      2.361365      2.362062
 
# Band-Index   17
   0.00000      2.566187      2.565229
   0.04070      2.567074      2.565572
   0.08141      2.569369      2.566238
   0.12211      2.571968      2.566177
   0.16282      2.572999      2.563769
   0.20352      2.569739      2.557126
   0.24423      2.534222      2.544566
   0.28493      2.492380      2.525117
   0.32564      2.493360      2.504756
   0.36634      2.434055      2.539839
   0.40705      2.406269      2.577168
   0.44775      2.398352      2.615814
   0.48846      2.402885      2.653142
   0.52916      2.419876      2.651302
   0.56987      2.448133      2.647243
   0.61057      2.484921      2.604738
   0.65128      2.525610      2.448867
   0.69198      2.563590      2.314408
   0.73269      2.591026      2.202634
   0.77339      2.593828      2.191924
   0.77339      2.593828      2.191924
   0.81409      2.601034      2.201053
   0.85480      2.600865      2.225450
   0.89550      2.600590      2.259349
   0.93621      2.600234      2.297588
   0.97691      2.599839      2.336036
   1.01762      2.599449      2.356458
   1.05832      2.572909      2.413145
   1.09903      2.537080      2.498917
   1.13973      2.513098      2.589013
   1.18044      2.503170      2.664208
   1.22114      2.540801      2.684839
   1.26185      2.539006      2.676673
   1.30255      2.534998      2.660110
   1.34326      2.553829      2.644142
   1.38396      2.571557      2.630996
   1.42467      2.586451      2.620860
   1.46537      2.597522      2.613637
   1.50608      2.600960      2.607196
   1.54678      2.601023      2.600094
   1.54678      2.601023      2.600094
   1.58748      2.608018      2.600031
   1.62819      2.612392      2.598743
   1.66889      2.619660      2.587601
   1.70960      2.629846      2.572618
   1.75030      2.643033      2.554798
   1.79101      2.659016      2.535879
   1.83171      2.675548      2.540677
   1.87242      2.683645      2.540470
   1.91312      2.663111      2.503878
   1.95383      2.589397      2.513778
   1.99453      2.499179      2.537739
   2.03524      2.412640      2.573558
   2.07594      2.357024      2.598525
   2.11665      2.336583      2.598915
   2.15735      2.298173      2.599310
   2.19806      2.259962      2.599667
   2.23876      2.226100      2.599943
   2.27946      2.201753      2.600113
   2.32017      2.192652      2.594008
   2.32017      2.192652      2.594008
   2.36087      2.202845      2.590111
   2.40158      2.314410      2.562690
   2.44228      2.448754      2.524730
   2.48299      2.604543      2.484059
   2.52369      2.648211      2.447284
   2.56440      2.652269      2.419034
   2.60510      2.653415      2.402046
   2.64581      2.615656      2.397512
   2.68651      2.576920      2.405424
   2.72722      2.539508      2.433370
   2.76792      2.504350      2.492633
   2.80863      2.525987      2.491529
   2.84933      2.545453      2.533334
   2.89004      2.558029      2.568863
   2.93074      2.564688      2.572090
   2.97145      2.567111      2.571036
   3.01215      2.567185      2.568422
   3.05285      2.566527      2.566119
   3.09356      2.566187      2.565229
   3.09356      2.566187      2.565229
   3.15112      2.567479      2.566527
   3.20869      2.571085      2.570150
   3.26626      2.575859      2.574952
   3.32382      2.578923      2.578053
   3.38139      2.575227      2.574401
   3.43895      2.559293      2.558519
   3.49652      2.529276      2.528562
   3.55408      2.488858      2.488218
   3.61165      2.444863      2.444309
   3.66921      2.404251      2.403792
   3.72678      2.373388      2.373034
   3.78434      2.373842      2.373625
   3.84191      2.493208      2.492976
   3.89947      2.635134      2.635987
   3.95704      2.610303      2.611291
   4.01460      2.603610      2.604697
   4.07217      2.604010      2.605196
   4.12973      2.605769      2.607028
   4.18730      2.601023      2.600094
 
# Band-Index   18
   4.18730      2.606554      2.607840
   4.12973      2.608486      2.607619
   4.07217      2.636913      2.636266
   4.01460      2.700097      2.699872
   3.95704      2.800229      2.800465
   3.89947      2.699591      2.699316
   3.84191      2.701458      2.702342
   3.78434      2.817996      2.818785
   3.72678      2.875062      2.875082
   3.66921      2.818761      2.818798
   3.61165      2.759193      2.759254
   3.55408      2.700689      2.700759
   3.49652      2.647415      2.647444
   3.43895      2.606771      2.606617
   3.38139      2.594606      2.594045
   3.32382      2.617572      2.616729
   3.26626      2.653545      2.652622
   3.20869      2.685676      2.684730
   3.15112      2.706955      2.706002
   3.09356      2.714346      2.713391
   3.09356      2.714346      2.713391
   3.05285      2.713598      2.706792
   3.01215      2.711408      2.687642
   2.97145      2.707936      2.657776
   2.93074      2.703412      2.619914
   2.89004      2.698100      2.577295
   2.84933      2.692261      2.557620
   2.80863      2.686135      2.533675
   2.76792      2.679925      2.501995
   2.72722      2.673799      2.527474
   2.68651      2.667899      2.551230
   2.64581      2.662362      2.572399
   2.60510      2.658494      2.590422
   2.56440      2.693043      2.605060
   2.52369      2.728695      2.616373
   2.48299      2.644729      2.624667
   2.44228      2.641913      2.630393
   2.40158      2.639830      2.614310
   2.36087      2.638544      2.599551
   2.32017      2.638108      2.600170
   2.32017      2.638108      2.600170
   2.27946      2.628207      2.604033
   2.23876      2.599385      2.632560
   2.19806      2.554102      2.661418
   2.15735      2.495913      2.677544
   2.11665      2.428874      2.658142
   2.07594      2.372267      2.616137
   2.03524      2.420718      2.598184
   1.99453      2.511170      2.597929
   1.95383      2.607557      2.597786
   1.91312      2.692981      2.597767
   1.87242      2.794073      2.597823
   1.83171      2.900428      2.598172
   1.79101      2.833877      2.598469
   1.75030      2.766552      2.598835
   1.70960      2.709220      2.599215
   1.66889      2.662989      2.599566
   1.62819      2.628950      2.599848
   1.58748      2.608067      2.605554
   1.54678      2.606554      2.607840
   1.54678      2.606554      2.607840
   1.50608      2.604285      2.609292
   1.46537      2.600777      2.628241
   1.42467      2.600494      2.662519
   1.38396      2.600143      2.709034
   1.34326      2.599763      2.766661
   1.30255      2.599397      2.834272
   1.26185      2.599098      2.899710
   1.22114      2.598740      2.793376
   1.18044      2.598693      2.692481
   1.13973      2.598712      2.608574
   1.09903      2.598854      2.512020
   1.05832      2.599109      2.420081
   1.01762      2.615476      2.371836
   0.97691      2.657398      2.428194
   0.93621      2.677116      2.495133
   0.89550      2.661009      2.553241
   0.85480      2.632186      2.598464
   0.81409      2.603812      2.627248
   0.77339      2.601089      2.637137
   0.77339      2.601089      2.637137
   0.73269      2.599419      2.637573
   0.69198      2.614310      2.638859
   0.65128      2.629991      2.640943
   0.61057      2.624254      2.643760
   0.56987      2.615947      2.728589
   0.52916      2.604615      2.693022
   0.48846      2.589956      2.657869
   0.44775      2.571908      2.661396
   0.40705      2.550713      2.666931
   0.36634      2.526930      2.672830
   0.32564      2.501424      2.678957
   0.28493      2.534455      2.685168
   0.24423      2.558452      2.691296
   0.20352      2.578200      2.697136
   0.16282      2.620834      2.702451
   0.12211      2.658710      2.706977
   0.08141      2.688587      2.710451
   0.04070      2.707745      2.712642
   0.00000      2.714346      2.713391
 
# Band-Index   19
   0.00000      3.331139      3.330135
   0.04070      3.318401      3.331454
   0.08141      3.281712      3.335740
   0.12211      3.225162      3.343908
   0.16282      3.154351      3.357190
   0.20352      3.075546      3.376617
   0.24423      2.995389      3.402280
   0.28493      2.920827      3.432661
   0.32564      2.858043      3.464498
   0.36634      2.809692      3.493610
   0.40705      2.773543      3.516214
   0.44775      2.745175      3.392197
   0.48846      2.720948      3.178796
   0.52916      2.698668      2.973127
   0.56987      2.677131      2.780426
   0.61057      2.655676      2.760384
   0.65128      2.634260      2.786952
   0.69198      2.633656      2.806994
   0.73269      2.635687      2.819472
   0.77339      2.636348      2.823709
   0.77339      2.636348      2.823709
   0.81409      2.639319      2.827695
   0.85480      2.647881      2.839548
   0.89550      2.670563      2.858946
   0.93621      2.685141      2.885364
   0.97691      2.694155      2.918082
   1.01762      2.709605      2.956208
   1.05832      2.720276      2.998701
   1.09903      2.721984      3.044394
   1.13973      2.709369      3.092027
   1.18044      2.676624      3.086435
   1.22114      2.619832      2.995165
   1.26185      2.692364      2.910782
   1.30255      2.843828      3.007778
   1.34326      2.991334      3.114415
   1.38396      3.130211      3.215566
   1.42467      3.254077      3.305877
   1.46537      3.340253      3.377843
   1.50608      3.365156      3.376676
   1.54678      3.378560      3.372150
   1.54678      3.378560      3.372150
   1.58748      3.382966      3.371439
   1.62819      3.378986      3.345161
   1.66889      3.306716      3.253351
   1.70960      3.216361      3.129582
   1.75030      3.115176      2.990792
   1.79101      3.008514      2.843360
   1.83171      2.910122      2.691960
   1.87242      2.994274      2.621258
   1.91312      3.085348      2.677779
   1.95383      3.092516      2.710268
   1.99453      3.044858      2.722693
   2.03524      2.999141      2.720861
   2.07594      2.956627      2.710112
   2.11665      2.918481      2.694614
   2.15735      2.885747      2.686092
   2.19806      2.859316      2.671298
   2.23876      2.839908      2.648278
   2.27946      2.828050      2.639708
   2.32017      2.824062      2.636734
   2.32017      2.824062      2.636734
   2.36087      2.819813      2.636076
   2.40158      2.807302      2.634051
   2.44228      2.787207      2.634083
   2.48299      2.760571      2.655328
   2.52369      2.780167      2.676643
   2.56440      2.972818      2.698072
   2.60510      3.178446      2.720266
   2.64581      3.391815      2.744424
   2.68651      3.517036      2.772738
   2.72722      3.494457      2.808849
   2.76792      3.465358      2.857179
   2.80863      3.433534      2.919955
   2.84933      3.403172      2.994511
   2.89004      3.377532      3.074653
   2.93074      3.358132      3.153435
   2.97145      3.344874      3.224217
   3.01215      3.336726      3.280739
   3.05285      3.332453      3.317406
   3.09356      3.331139      3.330135
   3.09356      3.331139      3.330135
   3.15112      3.319856      3.318864
   3.20869      3.288830      3.287873
   3.26626      3.245959      3.245052
   3.32382      3.202731      3.201886
   3.38139      3.171993      3.171214
   3.43895      3.164133      3.163416
   3.49652      3.182057      3.181380
   3.55408      3.218010      3.217307
   3.61165      3.242062      3.241257
   3.66921      3.154481      3.154457
   3.72678      2.979741      2.980331
   3.78434      2.920719      2.920752
   3.84191      2.939209      2.939346
   3.89947      2.899475      2.899815
   3.95704      2.916359      2.915882
   4.01460      3.120967      3.120341
   4.07217      3.290760      3.289987
   4.12973      3.367180      3.372541
   4.18730      3.378560      3.372150
 
# Band-Index   20
   4.18730      3.386884      3.398844
   4.12973      3.387274      3.381222
   4.07217      3.342194      3.345533
   4.01460      3.318990      3.321397
   3.95704      3.308449      3.310679
   3.89947      3.342136      3.345020
   3.84191      3.458398      3.462548
   3.78434      3.566777      3.568637
   3.72678      3.509439      3.511089
   3.66921      3.463801      3.465688
   3.61165      3.531636      3.534055
   3.55408      3.735211      3.737331
   3.49652      3.971345      3.973214
   3.43895      4.204649      4.206257
   3.38139      4.415930      4.417207
   3.32382      4.585212      4.585784
   3.26626      4.634185      4.634918
   3.20869      4.687389      4.688143
   3.15112      4.734846      4.735632
   3.09356      4.755262      4.756080
   3.09356      4.755262      4.756080
   3.05285      4.737021      4.752523
   3.01215      4.688541      4.741375
   2.97145      4.623485      4.719033
   2.93074      4.555214      4.678508
   2.89004      4.493834      4.612410
   2.84933      4.368858      4.515923
   2.80863      4.204975      4.388403
   2.76792      4.020286      4.233350
   2.72722      3.819442      4.057292
   2.68651      3.608460      3.868463
   2.64581      3.533386      3.675719
   2.60510      3.541424      3.487833
   2.56440      3.544268      3.313038
   2.52369      3.543696      3.158655
   2.48299      3.541336      3.030673
   2.44228      3.538418      2.933099
   2.40158      3.535796      2.866972
   2.36087      3.534020      2.829929
   2.32017      3.533396      2.818178
   2.32017      3.533396      2.818178
   2.27946      3.532710      2.813131
   2.23876      3.530471      2.799345
   2.19806      3.526075      2.784690
   2.15735      3.518352      2.803108
   2.11665      3.505500      2.873914
   2.07594      3.485603      2.970015
   2.03524      3.391477      3.080480
   1.99453      3.284850      3.200395
   1.95383      3.182556      3.324309
   1.91312      3.140904      3.361265
   1.87242      3.188516      3.316465
   1.83171      3.234167      3.293014
   1.79101      3.276591      3.286492
   1.75030      3.314627      3.291762
   1.70960      3.347246      3.304758
   1.66889      3.373568      3.322938
   1.62819      3.392887      3.353387
   1.58748      3.393550      3.376919
   1.54678      3.386884      3.398844
   1.54678      3.386884      3.398844
   1.50608      3.383221      3.404026
   1.46537      3.354237      3.391698
   1.42467      3.318837      3.372924
   1.38396      3.301197      3.346617
   1.34326      3.288537      3.314017
   1.30255      3.283421      3.276002
   1.26185      3.289931      3.233602
   1.22114      3.313241      3.187975
   1.18044      3.357842      3.140390
   1.13973      3.323907      3.183803
   1.09903      3.200267      3.286217
   1.05832      3.080536      3.392922
   1.01762      2.970237      3.484921
   0.97691      2.874353      3.504847
   0.93621      2.803876      3.517720
   0.89550      2.785350      3.525449
   0.85480      2.799730      3.529840
   0.81409      2.813420      3.532073
   0.77339      2.818444      3.532756
   0.77339      2.818444      3.532756
   0.73269      2.830147      3.533377
   0.69198      2.867058      3.535145
   0.65128      2.933011      3.537752
   0.61057      3.030422      3.540650
   0.56987      3.158281      3.542985
   0.52916      3.312580      3.543527
   0.48846      3.487322      3.540652
   0.44775      3.675176      3.532585
   0.40705      3.867902      3.608868
   0.36634      4.056727      3.819881
   0.32564      4.232793      4.020742
   0.28493      4.387862      4.205438
   0.24423      4.515399      4.369315
   0.20352      4.611892      4.494753
   0.16282      4.677970      4.556099
   0.12211      4.718441      4.624346
   0.08141      4.740701      4.689381
   0.04070      4.751755      4.737845
   0.00000      4.755262      4.756080
 
# Band-Index   21
   0.00000      4.821283      4.821602
   0.04070      4.828353      4.809462
   0.08141      4.847859      4.772787
   0.12211      4.877576      4.710935
   0.16282      4.916915      4.623176
   0.20352      4.966315      4.509145
   0.24423      5.026152      4.447631
   0.28493      5.045393      4.420322
   0.32564      4.979023      4.417203
   0.36634      4.911303      4.441021
   0.40705      4.852197      4.491737
   0.44775      4.801961      4.565550
   0.48846      4.760396      4.655016
   0.52916      4.726944      4.750184
   0.56987      4.700796      4.711260
   0.61057      4.681033      4.492219
   0.65128      4.666748      4.307953
   0.69198      4.607478      4.167914
   0.73269      4.520644      4.080083
   0.77339      4.490435      4.050114
   0.77339      4.490435      4.050114
   0.81409      4.400376      4.019072
   0.85480      4.261426      3.940892
   0.89550      4.120614      3.839287
   0.93621      3.983765      3.728576
   0.97691      3.852833      3.615452
   1.01762      3.729232      3.503024
   1.05832      3.614743      3.457908
   1.09903      3.512049      3.429794
   1.13973      3.424981      3.416748
   1.18044      3.441015      3.439502
   1.22114      3.528079      3.494157
   1.26185      3.554320      3.527649
   1.30255      3.531226      3.512494
   1.34326      3.492260      3.478241
   1.38396      3.453779      3.443029
   1.42467      3.421660      3.413116
   1.46537      3.398229      3.392233
   1.50608      3.421513      3.405504
   1.54678      3.408656      3.407993
   1.54678      3.408656      3.407993
   1.58748      3.404688      3.420556
   1.62819      3.397467      3.392132
   1.66889      3.418615      3.415951
   1.70960      3.447724      3.448713
   1.75030      3.481772      3.488169
   1.79101      3.514378      3.528632
   1.83171      3.527591      3.553835
   1.87242      3.493549      3.529064
   1.91312      3.439511      3.441840
   1.95383      3.417189      3.428568
   1.99453      3.430427      3.515710
   2.03524      3.458599      3.618379
   2.07594      3.501545      3.732761
   2.11665      3.613987      3.856189
   2.15735      3.727178      3.986895
   2.19806      3.838017      4.123467
   2.23876      3.939811      4.263940
   2.27946      4.018208      4.402401
   2.32017      4.049362      4.491705
   2.32017      4.049362      4.491705
   2.36087      4.079321      4.521950
   2.40158      4.167117      4.608909
   2.44228      4.307089      4.669915
   2.48299      4.491234      4.684069
   2.52369      4.710056      4.703676
   2.56440      4.748198      4.729648
   2.60510      4.653332      4.762911
   2.64581      4.564079      4.804277
   2.68651      4.490418      4.854312
   2.72722      4.439819      4.913214
   2.76792      4.416097      4.980103
   2.80863      4.419295      5.046153
   2.84933      4.446667      5.027258
   2.89004      4.508707      4.967241
   2.93074      4.622767      4.917686
   2.97145      4.710558      4.878206
   3.01215      4.772440      4.848354
   3.05285      4.809135      4.828729
   3.09356      4.821283      4.821602
   3.09356      4.821283      4.821602
   3.15112      4.814616      4.814990
   3.20869      4.783262      4.783755
   3.26626      4.711475      4.712182
   3.32382      4.597066      4.598266
   3.38139      4.578266      4.579196
   3.43895      4.596559      4.597651
   3.49652      4.649823      4.651213
   3.55408      4.476871      4.483390
   3.61165      4.263554      4.270467
   3.66921      4.050432      4.057306
   3.72678      3.840338      3.846707
   3.78434      3.637607      3.643019
   3.84191      3.593331      3.594665
   3.89947      3.569729      3.568935
   3.95704      3.515979      3.512878
   4.01460      3.460010      3.455300
   4.07217      3.415762      3.410053
   4.12973      3.405320      3.404228
   4.18730      3.408656      3.407993
 
# Band-Index   22
   4.18730      3.444887      3.443935
   4.12973      3.438246      3.444187
   4.07217      3.494858      3.502821
   4.01460      3.578340      3.587243
   3.95704      3.694555      3.703725
   3.89947      3.850179      3.859070
   3.84191      4.052542      4.060704
   3.78434      4.173903      4.158529
   3.72678      4.312966      4.299388
   3.66921      4.490255      4.478950
   3.61165      4.668389      4.662160
   3.55408      4.715685      4.716865
   3.49652      4.685447      4.691174
   3.43895      4.881744      4.886349
   3.38139      5.057563      5.060889
   3.32382      5.208207      5.210359
   3.26626      5.334434      5.335713
   3.20869      5.437325      5.438050
   3.15112      5.510220      5.510644
   3.09356      5.537712      5.538038
   3.09356      5.537712      5.538038
   3.05285      5.528906      5.518930
   3.01215      5.503067      5.467251
   2.97145      5.461868      5.394539
   2.93074      5.407851      5.311047
   2.89004      5.344071      5.221495
   2.84933      5.273697      5.126777
   2.80863      5.199699      5.056080
   2.76792      5.124672      4.980733
   2.72722      5.050788      4.928438
   2.68651      4.979814      4.890567
   2.64581      4.913168      4.865202
   2.60510      4.851989      4.850337
   2.56440      4.797198      4.843423
   2.52369      4.749548      4.841730
   2.48299      4.709664      4.842798
   2.44228      4.678065      4.742554
   2.40158      4.655174      4.660417
   2.36087      4.641306      4.654969
   2.32017      4.636661      4.653195
   2.32017      4.636661      4.653195
   2.27946      4.653922      4.736983
   2.23876      4.681098      4.767131
   2.19806      4.619654      4.677560
   2.15735      4.463304      4.569213
   2.11665      4.317249      4.451560
   2.07594      4.185079      4.331658
   2.03524      4.069641      4.214658
   1.99453      3.972144      4.104833
   1.95383      3.892099      4.007117
   1.91312      3.830955      3.930426
   1.87242      3.802315      3.895435
   1.83171      3.707687      3.906454
   1.79101      3.623904      3.799227
   1.75030      3.552196      3.703248
   1.70960      3.493030      3.619630
   1.66889      3.446732      3.548729
   1.62819      3.413525      3.490066
   1.58748      3.428132      3.442427
   1.54678      3.444887      3.443935
   1.54678      3.444887      3.443935
   1.50608      3.437405      3.427172
   1.46537      3.483648      3.425458
   1.42467      3.541471      3.458626
   1.38396      3.611773      3.504867
   1.34326      3.694966      3.563955
   1.30255      3.790651      3.635561
   1.26185      3.897685      3.719213
   1.22114      3.906218      3.796524
   1.18044      3.939239      3.827910
   1.13973      4.013861      3.891370
   1.09903      4.109674      3.973189
   1.05832      4.217625      4.071956
   1.01762      4.332715      4.188236
   0.97691      4.450718      4.320950
   0.93621      4.566672      4.467368
   0.89550      4.673807      4.623950
   0.85480      4.762910      4.685270
   0.81409      4.734289      4.657367
   0.77339      4.649849      4.639947
   0.77339      4.649849      4.639947
   0.73269      4.651643      4.644580
   0.69198      4.657152      4.658412
   0.65128      4.740860      4.681243
   0.61057      4.839577      4.712758
   0.56987      4.838851      4.752535
   0.52916      4.840914      4.800056
   0.48846      4.848200      4.854694
   0.44775      4.863421      4.915698
   0.40705      4.889111      4.982146
   0.36634      4.927259      5.052902
   0.32564      4.979156      5.126548
   0.28493      5.054575      5.201321
   0.24423      5.126168      5.275058
   0.20352      5.221009      5.345171
   0.16282      5.310142      5.408705
   0.12211      5.393829      5.462506
   0.08141      5.466724      5.503537
   0.04070      5.518546      5.529269
   0.00000      5.537712      5.538038
 
# Band-Index   23
   0.00000      5.780744      5.780240
   0.04070      5.708116      5.779059
   0.08141      5.579645      5.775430
   0.12211      5.449863      5.769088
   0.16282      5.329327      5.759529
   0.20352      5.222804      5.745953
   0.24423      5.136553      5.727259
   0.28493      5.096004      5.702175
   0.32564      5.173713      5.669622
   0.36634      5.255330      5.629309
   0.40705      5.334252      5.582255
   0.44775      5.401602      5.439494
   0.48846      5.428921      5.204159
   0.52916      5.266710      4.953753
   0.56987      5.088044      4.840330
   0.61057      4.906690      4.916295
   0.65128      4.841292      4.972949
   0.69198      4.842924      5.010018
   0.73269      4.843993      5.030260
   0.77339      4.844357      5.036615
   0.77339      4.844357      5.036615
   0.81409      4.822998      4.943025
   0.85480      4.846319      4.786008
   0.89550      4.906655      4.680267
   0.93621      4.881407      4.623366
   0.97691      4.791149      4.526489
   1.01762      4.670623      4.408485
   1.05832      4.538532      4.282491
   1.09903      4.403329      4.156255
   1.13973      4.269252      4.034378
   1.18044      4.138919      3.919742
   1.22114      4.014409      3.814250
   1.26185      3.939649      3.833804
   1.30255      4.018209      3.937334
   1.34326      4.096113      4.045403
   1.38396      4.149683      4.117903
   1.42467      4.177662      4.153854
   1.46537      4.189150      4.168916
   1.50608      4.192781      4.174480
   1.54678      4.193483      4.175840
   1.54678      4.193483      4.175840
   1.58748      4.192104      4.175205
   1.62819      4.186416      4.171825
   1.66889      4.170855      4.160936
   1.70960      4.133411      4.134149
   1.75030      4.057995      4.082356
   1.79101      3.946988      4.006070
   1.83171      3.841789      3.928146
   1.87242      3.802941      4.023295
   1.91312      3.908588      4.147858
   1.95383      4.023487      4.278183
   1.99453      4.145702      4.412175
   2.03524      4.272390      4.547170
   2.07594      4.399009      4.678839
   2.11665      4.517914      4.798550
   2.15735      4.616086      4.887317
   2.19806      4.674634      4.910565
   2.23876      4.781612      4.849039
   2.27946      4.938754      4.827060
   2.32017      5.032693      4.848252
   2.32017      5.032693      4.848252
   2.36087      5.026406      4.847842
   2.40158      5.006367      4.846645
   2.44228      4.969643      4.844803
   2.48299      4.913438      4.908874
   2.52369      4.837942      5.091049
   2.56440      4.952131      5.270871
   2.60510      5.201715      5.434308
   2.64581      5.435615      5.404987
   2.68651      5.578908      5.336957
   2.72722      5.626559      5.257434
   2.76792      5.667543      5.175370
   2.80863      5.700759      5.097342
   2.84933      5.726435      5.137857
   2.89004      5.745586      5.223908
   2.93074      5.759509      5.329709
   2.97145      5.769314      5.450141
   3.01215      5.775815      5.579782
   3.05285      5.779533      5.707979
   3.09356      5.780744      5.780240
   3.09356      5.780744      5.780240
   3.15112      5.712659      5.712506
   3.20869      5.612228      5.612331
   3.26626      5.529920      5.530196
   3.32382      5.466790      5.467219
   3.38139      5.416354      5.416891
   3.43895      5.362319      5.362332
   3.49652      5.246934      5.240539
   3.55408      5.056005      5.043723
   3.61165      4.992126      4.984900
   3.66921      4.936284      4.942384
   3.72678      4.605720      4.612168
   3.78434      4.305929      4.313155
   3.84191      4.097522      4.081078
   3.89947      4.092417      4.076168
   3.95704      4.126442      4.110255
   4.01460      4.161612      4.144895
   4.07217      4.182694      4.165427
   4.12973      4.191405      4.173843
   4.18730      4.193483      4.175840
 
# Band-Index   24
   4.18730      4.926120      4.931769
   4.12973      4.943953      4.949909
   4.07217      4.992477      4.999068
   4.01460      5.001584      5.000051
   3.95704      4.975579      4.972084
   3.89947      4.994719      4.989296
   3.84191      5.052189      5.045351
   3.78434      5.130915      5.122937
   3.72678      5.148400      5.144558
   3.66921      5.076396      5.072533
   3.61165      5.271390      5.277686
   3.55408      5.385439      5.380836
   3.49652      5.464601      5.455115
   3.43895      5.663652      5.649472
   3.38139      5.948881      5.936418
   3.32382      6.130969      6.136310
   3.26626      6.202233      6.206046
   3.20869      6.233306      6.235634
   3.15112      6.187417      6.188860
   3.09356      6.077245      6.078962
   3.09356      6.077245      6.078962
   3.05285      6.109328      6.162636
   3.01215      6.196983      6.250087
   2.97145      6.210831      6.279293
   2.93074      6.200030      6.257603
   2.89004      6.164549      6.209294
   2.84933      6.101602      6.135650
   2.80863      6.014912      6.043222
   2.76792      5.909025      5.938687
   2.72722      5.783758      5.826229
   2.68651      5.630433      5.706833
   2.64581      5.527010      5.578018
   2.60510      5.474017      5.452545
   2.56440      5.422893      5.476523
   2.52369      5.376273      5.479045
   2.48299      5.336032      5.468903
   2.44228      5.303585      5.454040
   2.40158      5.279838      5.440249
   2.36087      5.265405      5.430825
   2.32017      5.260445      5.427664
   2.32017      5.260445      5.427664
   2.27946      5.342486      5.398264
   2.23876      5.418061      5.330635
   2.19806      5.331426      5.249437
   2.15735      5.186247      5.167566
   2.11665      5.040980      5.089537
   2.07594      4.907213      5.016644
   2.03524      4.789933      4.949172
   1.99453      4.692350      4.887257
   1.95383      4.616103      4.831509
   1.91312      4.561044      4.783536
   1.87242      4.526153      4.746591
   1.83171      4.512077      4.726443
   1.79101      4.525054      4.731989
   1.75030      4.579568      4.773045
   1.70960      4.686846      4.852042
   1.66889      4.832343      4.956851
   1.62819      4.961970      4.965922
   1.58748      4.935619      4.940476
   1.54678      4.926120      4.931769
   1.54678      4.926120      4.931769
   1.50608      4.934715      4.941475
   1.46537      4.959858      4.968320
   1.42467      4.957692      4.831847
   1.38396      4.854706      4.684171
   1.34326      4.778376      4.572995
   1.30255      4.740290      4.514124
   1.26185      4.737283      4.497789
   1.22114      4.759348      4.509430
   1.18044      4.797752      4.542418
   1.13973      4.846912      4.595949
   1.09903      4.903682      4.671052
   1.05832      4.966468      4.767904
   1.01762      5.034553      4.884857
   0.97691      5.107517      5.018704
   0.93621      5.184594      5.164665
   0.89550      5.263677      5.312342
   0.85480      5.339302      5.410386
   0.81409      5.399009      5.345288
   0.77339      5.422853      5.264857
   0.77339      5.422853      5.264856
   0.73269      5.426086      5.269704
   0.69198      5.435276      5.284147
   0.65128      5.448759      5.307868
   0.61057      5.463286      5.340289
   0.56987      5.473395      5.380481
   0.52916      5.471241      5.427053
   0.48846      5.448571      5.478031
   0.44775      5.571695      5.530798
   0.40705      5.699991      5.635957
   0.36634      5.819241      5.790267
   0.32564      5.931855      5.915722
   0.28493      6.036822      6.021232
   0.24423      6.129955      6.107133
   0.20352      6.204556      6.169009
   0.16282      6.253956      6.203359
   0.12211      6.276645      6.213222
   0.08141      6.248753      6.198850
   0.04070      6.161264      6.111075
   0.00000      6.077245      6.078962
 
# Band-Index   25
   0.00000      6.195399      6.196731
   0.04070      6.210117      6.200339
   0.08141      6.279658      6.208457
   0.12211      6.300213      6.286005
   0.16282      6.355068      6.296859
   0.20352      6.407368      6.311423
   0.24423      6.453806      6.329364
   0.28493      6.457891      6.348227
   0.32564      6.351692      6.248621
   0.36634      6.253061      6.152060
   0.40705      6.164867      6.064788
   0.44775      6.088349      5.990347
   0.48846      6.023826      5.852080
   0.52916      5.970931      5.739716
   0.56987      5.847230      5.655934
   0.61057      5.735186      5.592254
   0.65128      5.657959      5.544760
   0.69198      5.607350      5.511635
   0.73269      5.578549      5.492018
   0.77339      5.569184      5.485516
   0.77339      5.569184      5.485516
   0.81409      5.549922      5.477988
   0.85480      5.511655      5.472361
   0.89550      5.503649      5.501784
   0.93621      5.562674      5.576128
   0.97691      5.657779      5.663708
   1.01762      5.721758      5.708529
   1.05832      5.710561      5.681626
   1.09903      5.642909      5.608962
   1.13973      5.551992      5.519370
   1.18044      5.455196      5.426834
   1.22114      5.360253      5.337629
   1.26185      5.270887      5.254817
   1.30255      5.189067      5.179963
   1.34326      5.115955      5.113778
   1.38396      5.052472      5.056381
   1.42467      4.999830      5.007657
   1.46537      5.064590      4.984733
   1.50608      5.098699      5.104298
   1.54678      5.088319      5.090231
   1.54678      5.088319      5.090231
   1.58748      5.102590      5.100491
   1.62819      4.984237      5.064825
   1.66889      5.000810      5.006292
   1.70960      5.049202      5.059296
   1.75030      5.106407      5.123020
   1.79101      5.172467      5.196253
   1.83171      5.247212      5.278120
   1.87242      5.329903      5.367511
   1.91312      5.418958      5.462488
   1.95383      5.511308      5.559352
   1.99453      5.600704      5.650351
   2.03524      5.673291      5.717958
   2.07594      5.700575      5.728722
   2.11665      5.656418      5.664401
   2.15735      5.568769      5.569990
   2.19806      5.493546      5.512452
   2.23876      5.463181      5.521240
   2.27946      5.468410      5.559353
   2.32017      5.475891      5.578418
   2.32017      5.475891      5.578418
   2.36087      5.482412      5.587737
   2.40158      5.502090      5.616393
   2.44228      5.535330      5.666701
   2.48299      5.583018      5.743394
   2.52369      5.647022      5.854578
   2.56440      5.731367      5.963083
   2.60510      5.844753      6.019953
   2.64581      5.992680      6.086062
   2.68651      6.065866      6.161597
   2.72722      6.152086      6.250870
   2.76792      6.247368      6.351202
   2.80863      6.345657      6.458467
   2.84933      6.326926      6.456375
   2.89004      6.309287      6.409355
   2.93074      6.294970      6.356689
   2.97145      6.284314      6.301631
   3.01215      6.206689      6.281590
   3.05285      6.198904      6.211441
   3.09356      6.195399      6.196731
   3.09356      6.195399      6.196731
   3.15112      6.212564      6.214016
   3.20869      6.304977      6.306472
   3.26626      6.385970      6.387375
   3.32382      6.258117      6.249075
   3.38139      6.040769      6.047282
   3.43895      5.938040      5.945287
   3.49652      5.795177      5.802634
   3.55408      5.571866      5.578816
   3.61165      5.335793      5.332065
   3.66921      5.282347      5.278205
   3.72678      5.215166      5.210795
   3.78434      5.174735      5.174500
   3.84191      5.167821      5.167361
   3.89947      5.154702      5.154518
   3.95704      5.146037      5.146138
   4.01460      5.063546      5.070612
   4.07217      5.062562      5.062523
   4.12973      5.113103      5.114703
   4.18730      5.088319      5.090231
 
# Band-Index   26
   4.18730      5.156474      5.157597
   4.12973      5.128401      5.129245
   4.07217      5.156648      5.157310
   4.01460      5.146591      5.146974
   3.95704      5.154021      5.161311
   3.89947      5.263998      5.271398
   3.84191      5.393639      5.401117
   3.78434      5.542471      5.550022
   3.72678      5.709513      5.717116
   3.66921      5.893645      5.901210
   3.61165      6.094648      6.101929
   3.55408      6.314626      6.321248
   3.49652      6.549540      6.555612
   3.43895      6.751446      6.756015
   3.38139      6.639916      6.641372
   3.32382      6.500657      6.502085
   3.26626      6.538597      6.536724
   3.20869      6.400161      6.401626
   3.15112      6.276549      6.278092
   3.09356      6.272087      6.273497
   3.09356      6.272087      6.273497
   3.05285      6.273320      6.276411
   3.01215      6.277236      6.323050
   2.97145      6.317074      6.496270
   2.93074      6.430113      6.635062
   2.89004      6.476040      6.651967
   2.84933      6.433145      6.568396
   2.80863      6.347164      6.496077
   2.76792      6.368940      6.458480
   2.72722      6.390950      6.358638
   2.68651      6.222876      6.277471
   2.64581      6.003361      6.221017
   2.60510      5.936441      6.194957
   2.56440      5.898632      6.010930
   2.52369      5.880114      5.919212
   2.48299      5.882529      5.884312
   2.44228      5.898840      5.858215
   2.40158      5.918077      5.840708
   2.36087      5.931864      5.830171
   2.32017      5.939012      5.828649
   2.32017      5.939013      5.828649
   2.27946      5.778138      5.832625
   2.23876      5.684845      5.849976
   2.19806      5.758418      5.875169
   2.15735      5.886690      5.904071
   2.11665      6.003733      5.933586
   2.07594      6.090997      5.960783
   2.03524      6.140207      5.982973
   1.99453      6.153743      5.997987
   1.95383      6.144414      6.004792
   1.91312      6.110393      5.969825
   1.87242      5.953990      5.800878
   1.83171      5.786000      5.638923
   1.79101      5.619565      5.492297
   1.75030      5.464960      5.366191
   1.70960      5.330542      5.263616
   1.66889      5.223020      5.185685
   1.62819      5.146785      5.131827
   1.58748      5.106776      5.148762
   1.54678      5.156474      5.157597
   1.54678      5.156474      5.157597
   1.50608      5.147936      5.107739
   1.46537      5.130363      5.148011
   1.42467      5.184655      5.223773
   1.38396      5.262989      5.331008
   1.34326      5.365845      5.465310
   1.30255      5.492095      5.619906
   1.26185      5.638764      5.786403
   1.22114      5.800691      5.954509
   1.18044      5.969553      6.111084
   1.13973      6.005758      6.142527
   1.09903      5.999265      6.151903
   1.05832      5.984657      6.138745
   1.01762      5.963022      6.090227
   0.97691      5.936567      6.003706
   0.93621      5.908210      5.887046
   0.89550      5.881291      5.757408
   0.85480      5.859537      5.673618
   0.81409      5.846426      5.757694
   0.77339      5.842549      5.865660
   0.77339      5.842549      5.865660
   0.73269      5.845763      5.864126
   0.69198      5.855507      5.860024
   0.65128      5.872122      5.855435
   0.61057      5.896236      5.854862
   0.56987      5.928786      5.864411
   0.52916      6.004789      5.889137
   0.48846      6.205215      5.931225
   0.44775      6.232641      6.008978
   0.40705      6.287056      6.226460
   0.36634      6.365278      6.394810
   0.32564      6.461721      6.372217
   0.28493      6.492642      6.349974
   0.24423      6.564478      6.436765
   0.20352      6.647693      6.479839
   0.16282      6.632757      6.433074
   0.12211      6.494959      6.319272
   0.08141      6.321870      6.278776
   0.04070      6.274878      6.274764
   0.00000      6.272087      6.273497
 
# Band-Index   27
   0.00000      7.278620      7.282547
   0.04070      7.251467      7.253209
   0.08141      7.179220      7.175904
   0.12211      7.061658      7.070933
   0.16282      6.934975      6.953980
   0.20352      6.809780      6.834348
   0.24423      6.687860      6.717775
   0.28493      6.570799      6.608475
   0.32564      6.522884      6.509689
   0.36634      6.543761      6.423260
   0.40705      6.554622      6.349197
   0.44775      6.475021      6.285965
   0.48846      6.215105      6.231504
   0.52916      6.201677      6.184230
   0.56987      6.212040      6.143436
   0.61057      6.225315      6.109141
   0.65128      6.235291      6.081747
   0.69198      6.240827      6.061750
   0.73269      6.243180      6.049570
   0.77339      6.243777      6.045479
   0.77339      6.243777      6.045479
   0.81409      6.290490      6.175513
   0.85480      6.413770      6.376994
   0.89550      6.429414      6.411271
   0.93621      6.365827      6.335715
   0.97691      6.305474      6.276256
   1.01762      6.285208      6.270573
   1.05832      6.299786      6.308523
   1.09903      6.256624      6.310911
   1.13973      6.131073      6.238275
   1.18044      6.004377      6.124928
   1.22114      5.996471      6.056278
   1.26185      5.978521      5.903380
   1.30255      5.808816      5.751730
   1.34326      5.645677      5.606010
   1.38396      5.493923      5.471472
   1.42467      5.359976      5.354331
   1.46537      5.252401      5.261907
   1.50608      5.181464      5.202031
   1.54678      5.180187      5.181217
   1.54678      5.180187      5.181217
   1.58748      5.201014      5.182560
   1.62819      5.260922      5.253421
   1.66889      5.353384      5.360901
   1.70960      5.470558      5.494754
   1.75030      5.605117      5.646423
   1.79101      5.750843      5.809491
   1.83171      5.902483      5.979117
   1.87242      6.055355      5.995956
   1.91312      6.126662      6.003659
   1.95383      6.237342      6.131508
   1.99453      6.309587      6.257439
   2.03524      6.306397      6.301621
   2.07594      6.266841      6.288892
   2.11665      6.270221      6.311397
   2.15735      6.327415      6.373906
   2.19806      6.400588      6.440037
   2.23876      6.443409      6.480323
   2.27946      6.434775      6.487433
   2.32017      6.421170      6.484237
   2.32017      6.421170      6.484237
   2.36087      6.424784      6.486447
   2.40158      6.430278      6.493030
   2.44228      6.438072      6.503543
   2.48299      6.443723      6.517326
   2.52369      6.450252      6.532899
   2.56440      6.449575      6.548232
   2.60510      6.442425      6.219993
   2.64581      6.379233      6.478972
   2.68651      6.385084      6.563099
   2.72722      6.443972      6.550131
   2.76792      6.525395      6.527571
   2.80863      6.619845      6.569247
   2.84933      6.724552      6.688923
   2.89004      6.838550      6.811958
   2.93074      6.955128      6.938840
   2.97145      7.069606      7.066362
   3.01215      7.173018      7.182789
   3.05285      7.249526      7.255465
   3.09356      7.278626      7.282550
   3.09356      7.278626      7.282550
   3.15112      7.179373      7.182483
   3.20869      6.916417      6.915489
   3.26626      6.704557      6.701667
   3.32382      6.864679      6.863268
   3.38139      6.933041      6.926410
   3.43895      6.819885      6.814290
   3.49652      6.618223      6.609187
   3.55408      6.400606      6.392769
   3.61165      6.214470      6.208094
   3.66921      6.098611      6.094256
   3.72678      6.090172      6.088035
   3.78434      6.180272      6.179615
   3.84191      5.976186      5.976357
   3.89947      5.723690      5.723873
   3.95704      5.502453      5.502710
   4.01460      5.321616      5.322089
   4.07217      5.190159      5.191113
   4.12973      5.171251      5.172154
   4.18730      5.180187      5.181217
 
# Band-Index   28
   4.18730      5.905463      5.905641
   4.12973      5.946637      5.946862
   4.07217      6.046730      6.047017
   4.01460      6.166389      6.166701
   3.95704      6.275568      6.275893
   3.89947      6.336243      6.336527
   3.84191      6.293329      6.293342
   3.78434      6.250954      6.251143
   3.72678      6.536643      6.536880
   3.66921      6.780226      6.780526
   3.61165      6.856221      6.856681
   3.55408      6.917570      6.918974
   3.49652      6.925224      6.927408
   3.43895      6.824286      6.823882
   3.38139      6.940827      6.948874
   3.32382      7.065437      7.074064
   3.26626      7.171787      7.180442
   3.20869      7.276125      7.284164
   3.15112      7.301295      7.305335
   3.09356      7.325811      7.330674
   3.09356      7.325811      7.330674
   3.05285      7.292915      7.288719
   3.01215      7.209496      7.188086
   2.97145      7.108415      7.092496
   2.93074      7.028700      7.025751
   2.89004      7.009577      7.071833
   2.84933      7.070343      7.145285
   2.80863      7.062471      7.068021
   2.76792      6.792191      7.015432
   2.72722      6.495781      6.961475
   2.68651      6.411655      6.776375
   2.64581      6.429380      6.566223
   2.60510      6.525580      6.560451
   2.56440      6.526921      6.729488
   2.52369      6.540885      6.772987
   2.48299      6.573081      6.817659
   2.44228      6.640043      6.903936
   2.40158      6.725268      7.010775
   2.36087      6.720320      7.116304
   2.32017      6.719497      7.173145
   2.32017      6.719497      7.173145
   2.27946      6.693022      7.130798
   2.23876      6.663318      7.076173
   2.19806      6.681011      6.575964
   2.15735      6.725355      6.784684
   2.11665      6.748365      6.936950
   2.07594      6.679742      6.858538
   2.03524      6.588435      6.811903
   1.99453      6.476229      6.659498
   1.95383      6.346888      6.494798
   1.91312      6.205041      6.324740
   1.87242      6.109970      6.151978
   1.83171      6.098263      5.983772
   1.79101      6.091979      5.968874
   1.75030      6.089349      5.953421
   1.70960      6.086863      5.938768
   1.66889      6.075204      5.925953
   1.62819      6.023161      5.915639
   1.58748      5.942875      5.908429
   1.54678      5.905463      5.905641
   1.54678      5.905463      5.905641
   1.50608      5.908269      5.943112
   1.46537      5.915524      6.023380
   1.42467      5.925898      6.074897
   1.38396      5.938786      6.086208
   1.34326      5.953527      6.088490
   1.30255      5.969089      6.090925
   1.26185      5.984104      6.096992
   1.22114      6.151413      6.108464
   1.18044      6.324215      6.206011
   1.13973      6.494308      6.347924
   1.09903      6.659036      6.477350
   1.05832      6.810255      6.589657
   1.01762      6.856918      6.681071
   0.97691      6.935034      6.749796
   0.93621      6.781580      6.728966
   0.89550      6.584961      6.591252
   0.85480      6.466667      6.456482
   0.81409      6.471260      6.448178
   0.77339      6.466944      6.436076
   0.77339      6.466944      6.436076
   0.73269      6.469204      6.438025
   0.69198      6.475885      6.443347
   0.65128      6.486646      6.450477
   0.61057      6.500800      6.456980
   0.56987      6.517125      6.460119
   0.52916      6.533638      6.457787
   0.48846      6.547506      6.449215
   0.44775      6.555427      6.434932
   0.40705      6.772991      6.416258
   0.36634      6.919997      6.497826
   0.32564      6.985826      6.793275
   0.28493      7.053588      6.959553
   0.24423      7.095339      7.002530
   0.20352      7.056645      7.001453
   0.16282      7.022376      7.026445
   0.12211      7.086901      7.109656
   0.08141      7.183745      7.212710
   0.04070      7.283729      7.297095
   0.00000      7.325812      7.330218
 
# Band-Index   29
   0.00000      7.392289      7.399142
   0.04070      7.381418      7.379711
   0.08141      7.357743      7.332522
   0.12211      7.342005      7.280985
   0.16282      7.354507      7.245711
   0.20352      7.403760      7.232388
   0.24423      7.381445      7.207737
   0.28493      7.283479      7.063328
   0.32564      7.199662      6.885685
   0.36634      7.094731      6.805462
   0.40705      6.865689      6.730225
   0.44775      6.827963      6.665810
   0.48846      6.810525      6.616521
   0.52916      6.816305      6.586665
   0.56987      6.847184      6.581021
   0.61057      6.903389      6.604084
   0.65128      6.982841      6.657339
   0.69198      7.080442      6.730144
   0.73269      7.152631      6.723396
   0.77339      7.147027      6.721278
   0.77339      7.147027      6.721278
   0.81409      7.099288      6.698154
   0.85480      7.061152      6.667084
   0.89550      7.036073      6.684638
   0.93621      6.998517      6.796884
   0.97691      6.979808      6.767906
   1.01762      6.961075      6.725403
   1.05832      6.815625      6.695766
   1.09903      6.873683      6.686661
   1.13973      7.044531      6.687470
   1.18044      7.035845      6.683083
   1.22114      6.930218      6.659611
   1.26185      6.811039      6.608288
   1.30255      6.686537      6.529279
   1.34326      6.562172      6.429595
   1.38396      6.441310      6.318397
   1.42467      6.327490      6.210251
   1.46537      6.227560      6.144798
   1.50608      6.154857      6.129197
   1.54678      6.127454      6.126695
   1.54678      6.127454      6.126695
   1.58748      6.129960      6.154187
   1.62819      6.145466      6.227081
   1.66889      6.210371      6.327195
   1.70960      6.318205      6.441157
   1.75030      6.429287      6.562124
   1.79101      6.528910      6.686571
   1.83171      6.607878      6.811150
   1.87242      6.659174      6.930430
   1.91312      6.682633      7.036226
   1.95383      6.687046      7.045890
   1.99453      6.686374      6.875334
   2.03524      6.695838      6.816064
   2.07594      6.726045      6.961494
   2.11665      6.764708      6.983833
   2.15735      6.795370      7.001042
   2.19806      6.824392      7.041670
   2.23876      6.840373      7.268792
   2.27946      6.847884      7.218908
   2.32017      6.850062      7.197226
   2.32017      6.850062      7.197226
   2.36087      6.808198      7.167825
   2.40158      6.724515      7.152674
   2.44228      6.736276      7.130430
   2.48299      6.755447      7.105000
   2.52369      6.784520      7.079052
   2.56440      6.825703      7.060403
   2.60510      6.879998      7.053861
   2.64581      6.947422      7.064480
   2.68651      7.027292      6.968728
   2.72722      7.072671      7.098282
   2.76792      7.112271      7.214017
   2.80863      7.158469      7.298654
   2.84933      7.204462      7.397269
   2.89004      7.226749      7.410787
   2.93074      7.238926      7.361578
   2.97145      7.273703      7.349212
   3.01215      7.325237      7.364904
   3.05285      7.372693      7.388383
   3.09356      7.392289      7.399142
   3.09356      7.392289      7.399142
   3.15112      7.360519      7.367702
   3.20869      7.290794      7.294694
   3.26626      7.274796      7.277357
   3.32382      7.219038      7.209254
   3.38139      7.119557      7.117032
   3.43895      7.052853      7.054153
   3.49652      6.998682      6.999704
   3.55408      6.931183      6.931872
   3.61165      6.933113      6.933853
   3.66921      6.805257      6.805606
   3.72678      6.705115      6.705302
   3.78434      6.629588      6.629689
   3.84191      6.553142      6.553155
   3.89947      6.483949      6.483841
   3.95704      6.418830      6.418644
   4.01460      6.330311      6.330005
   4.07217      6.233159      6.232669
   4.12973      6.156796      6.156120
   4.18730      6.127454      6.126695
 
# Band-Index   30
   4.18730      7.208999      7.208949
   4.12973      7.211438      7.211395
   4.07217      7.215847      7.215829
   4.01460      7.215956      7.215978
   3.95704      7.211341      7.211411
   3.89947      7.221369      7.221486
   3.84191      7.275441      7.275607
   3.78434      7.373488      7.373731
   3.72678      7.431737      7.432006
   3.66921      7.266270      7.266793
   3.61165      7.266171      7.266920
   3.55408      7.228041      7.229633
   3.49652      7.087383      7.089226
   3.43895      7.198757      7.201777
   3.38139      7.263403      7.265364
   3.32382      7.257671      7.260596
   3.26626      7.344947      7.332466
   3.20869      7.516327      7.501445
   3.15112      7.699638      7.689703
   3.09356      7.759705      7.762837
   3.09356      7.759705      7.762837
   3.05285      7.729160      7.757347
   3.01215      7.656390      7.711020
   2.97145      7.575850      7.610919
   2.93074      7.478896      7.514935
   2.89004      7.389655      7.451332
   2.84933      7.442520      7.472023
   2.80863      7.326297      7.551684
   2.76792      7.216994      7.421154
   2.72722      7.116363      7.145124
   2.68651      7.040581      7.094560
   2.64581      7.014605      7.158142
   2.60510      6.998796      7.189844
   2.56440      6.990591      7.294083
   2.52369      6.984781      7.353435
   2.48299      6.982837      7.441571
   2.44228      6.982489      7.560034
   2.40158      6.983350      7.583521
   2.36087      6.979169      7.476459
   2.32017      6.986172      7.418605
   2.32017      6.986172      7.418605
   2.27946      6.975115      7.405153
   2.23876      6.948669      7.364422
   2.19806      6.899599      7.297281
   2.15735      6.841019      7.205607
   2.11665      6.776491      7.092511
   2.07594      6.795239      7.134416
   2.03524      6.842021      7.191807
   1.99453      6.952244      7.175276
   1.95383      7.135356      7.119918
   1.91312      7.208160      7.261619
   1.87242      7.169988      7.475415
   1.83171      7.146642      7.436191
   1.79101      7.141549      7.383643
   1.75030      7.149972      7.336944
   1.70960      7.165229      7.295396
   1.66889      7.181899      7.259953
   1.62819      7.196200      7.232474
   1.58748      7.205689      7.214969
   1.54678      7.208999      7.208949
   1.54678      7.208999      7.208949
   1.50608      7.215018      7.205645
   1.46537      7.232518      7.196174
   1.42467      7.259991      7.181903
   1.38396      7.295426      7.165274
   1.34326      7.336968      7.150070
   1.30255      7.383665      7.141716
   1.26185      7.436219      7.146909
   1.22114      7.475150      7.170405
   1.18044      7.260714      7.208816
   1.13973      7.119243      7.137027
   1.09903      7.174057      6.954375
   1.05832      7.189734      6.844501
   1.01762      7.132986      6.798034
   0.97691      7.092108      6.775149
   0.93621      7.205214      6.803167
   0.89550      7.296878      6.825987
   0.85480      7.304400      6.842022
   0.81409      7.231560      6.849572
   0.77339      7.172010      6.851732
   0.77339      7.172010      6.851732
   0.73269      7.166323      6.813935
   0.69198      7.150236      6.734401
   0.65128      7.126513      6.742723
   0.61057      7.099272      6.763107
   0.56987      7.073423      6.793637
   0.52916      7.054191      6.836228
   0.48846      7.046751      6.891747
   0.44775      7.055679      6.960034
   0.40705      7.083996      7.040327
   0.36634      7.132419      7.088953
   0.32564      7.376614      7.135364
   0.28493      7.390786      7.193294
   0.24423      7.419981      7.263799
   0.20352      7.454628      7.347222
   0.16282      7.513917      7.442042
   0.12211      7.616263      7.543743
   0.08141      7.712047      7.643394
   0.04070      7.752556      7.724512
   0.00000      7.758319      7.758526
 
# Band-Index   31
   0.00000      7.951156      7.943692
   0.04070      7.865027      7.871567
   0.08141      7.736131      7.755611
   0.12211      7.634420      7.641623
   0.16282      7.547374      7.541825
   0.20352      7.472411      7.482861
   0.24423      7.479198      7.459388
   0.28493      7.542317      7.342549
   0.32564      7.415021      7.232781
   0.36634      7.363325      7.131618
   0.40705      7.341085      7.053168
   0.44775      7.316129      7.027367
   0.48846      7.304490      7.010579
   0.52916      7.319964      7.001067
   0.56987      7.283771      6.996617
   0.61057      7.235416      6.995155
   0.65128      7.197092      6.995149
   0.69198      7.169381      6.995638
   0.73269      7.185236      6.996095
   0.77339      7.251078      6.996272
   0.77339      7.251079      6.996272
   0.81409      7.265384      6.984797
   0.85480      7.314173      6.951395
   0.89550      7.357128      6.900202
   0.93621      7.409608      6.843928
   0.97691      7.459992      7.016020
   1.01762      7.545104      7.176291
   1.05832      7.710710      7.257290
   1.09903      7.746847      7.272022
   1.13973      7.658000      7.248788
   1.18044      7.571222      7.355740
   1.22114      7.497442      7.562888
   1.26185      7.636445      7.697311
   1.30255      7.708503      7.738594
   1.34326      7.718104      7.731191
   1.38396      7.703571      7.708864
   1.42467      7.683697      7.685347
   1.46537      7.666327      7.666234
   1.50608      7.654910      7.654029
   1.54678      7.650960      7.649853
   1.54678      7.650960      7.649853
   1.58748      7.655139      7.653801
   1.62819      7.667348      7.665211
   1.66889      7.686469      7.682571
   1.70960      7.709993      7.702435
   1.75030      7.732315      7.716980
   1.79101      7.739634      7.707507
   1.83171      7.697946      7.635929
   1.87242      7.562629      7.497390
   1.91312      7.354654      7.571122
   1.95383      7.247749      7.657836
   1.99453      7.270340      7.746796
   2.03524      7.255297      7.705501
   2.07594      7.176310      7.535859
   2.11665      7.022204      7.776867
   2.15735      7.311810      7.591580
   2.19806      7.352954      7.918169
   2.23876      7.349011      7.881970
   2.27946      7.356580      7.860894
   2.32017      7.380728      7.854110
   2.32017      7.380728      7.854110
   2.36087      7.409137      7.803986
   2.40158      7.516165      7.690212
   2.44228      7.639306      7.692883
   2.48299      7.763587      7.799816
   2.52369      7.698363      7.899092
   2.56440      7.624001      7.870940
   2.60510      7.575776      7.823123
   2.64581      7.553649      7.782391
   2.68651      7.570674      7.554221
   2.72722      7.495856      7.611755
   2.76792      7.506172      7.644698
   2.80863      7.526628      7.667404
   2.84933      7.460029      7.486787
   2.89004      7.564553      7.507372
   2.93074      7.688837      7.626642
   2.97145      7.811502      7.752472
   3.01215      7.884713      7.733418
   3.05285      7.899354      7.858745
   3.09356      7.957475      7.945135
   3.09356      7.957475      7.945135
   3.15112      7.872511      7.867255
   3.20869      7.864066      7.878349
   3.26626      7.772820      7.784751
   3.32382      7.643729      7.651789
   3.38139      7.434949      7.439575
   3.43895      7.296464      7.298388
   3.49652      7.354098      7.355635
   3.55408      7.434166      7.435293
   3.61165      7.512933      7.513772
   3.66921      7.542998      7.543596
   3.72678      7.482485      7.482864
   3.78434      7.623484      7.623304
   3.84191      7.754408      7.753627
   3.89947      7.784655      7.783560
   3.95704      7.758400      7.757250
   4.01460      7.718190      7.717051
   4.07217      7.682547      7.681424
   4.12973      7.659079      7.657968
   4.18730      7.650960      7.649853
 
# Band-Index   32
   4.18730      9.247083      9.245185
   4.12973      9.260781      9.258887
   4.07217      9.294889      9.293065
   4.01460      9.189804      9.189914
   3.95704      8.874034      8.874536
   3.89947      8.591541      8.591954
   3.84191      8.369402      8.369694
   3.78434      8.203342      8.203548
   3.72678      8.038945      8.040641
   3.66921      7.770563      7.772243
   3.61165      7.547028      7.548463
   3.55408      7.602234      7.602913
   3.49652      7.836989      7.838283
   3.43895      7.956994      7.960104
   3.38139      8.000186      8.004417
   3.32382      8.035364      8.032812
   3.26626      7.946869      7.946644
   3.20869      7.887146      7.887923
   3.15112      7.971194      7.986071
   3.09356      8.056721      8.071109
   3.09356      8.056721      8.071109
   3.05285      8.017930      8.002743
   3.01215      7.926131      7.880958
   2.97145      8.165910      8.171850
   2.93074      8.117136      8.162573
   2.89004      7.912291      8.146309
   2.84933      7.660064      8.047465
   2.80863      7.672976      7.816405
   2.76792      7.690430      7.803382
   2.72722      7.618220      7.766366
   2.68651      8.248260      7.757397
   2.64581      8.188443      8.164510
   2.60510      8.097512      8.076799
   2.56440      7.993774      7.990898
   2.52369      7.881713      7.918460
   2.48299      7.798591      7.959297
   2.44228      7.919567      7.992162
   2.40158      8.055963      8.015448
   2.36087      8.205050      8.029077
   2.32017      8.347524      8.030940
   2.32017      8.347524      8.030940
   2.27946      8.342070      8.020211
   2.23876      8.327581      8.001817
   2.19806      8.310021      7.951675
   2.15735      7.586573      7.911947
   2.11665      7.782747      7.790479
   2.07594      7.980600      7.913466
   2.03524      8.140299      7.853871
   1.99453      8.215083      7.968645
   1.95383      8.218900      8.225603
   1.91312      8.204412      8.227384
   1.87242      8.221558      8.231556
   1.83171      8.330781      8.307591
   1.79101      8.551178      8.490406
   1.75030      8.835145      8.751302
   1.70960      9.143652      9.048749
   1.66889      9.298598      9.309884
   1.62819      9.271418      9.274754
   1.58748      9.253384      9.252699
   1.54678      9.247083      9.245185
   1.54678      9.247083      9.245185
   1.50608      9.254598      9.251490
   1.46537      9.276655      9.269542
   1.42467      9.311779      9.296760
   1.38396      9.047184      9.145296
   1.34326      8.749581      8.836980
   1.30255      8.488607      8.553160
   1.26185      8.306001      8.332646
   1.22114      8.230348      8.222930
   1.18044      8.226142      8.205607
   1.13973      8.223144      8.220774
   1.09903      7.970423      8.035020
   1.05832      7.854457      7.792958
   1.01762      7.908673      7.607157
   0.97691      7.766430      7.496883
   0.93621      7.578583      7.436047
   0.89550      7.425503      7.399151
   0.85480      7.364091      7.279908
   0.81409      7.404830      7.176944
   0.77339      7.418430      7.136674
   0.77339      7.418430      7.136674
   0.73269      7.485229      7.141895
   0.69198      7.594248      7.157469
   0.65128      7.567546      7.183113
   0.61057      7.455187      7.218293
   0.56987      7.370137      7.262118
   0.52916      7.341209      7.313120
   0.48846      7.406128      7.368859
   0.44775      7.475677      7.425192
   0.40705      7.544448      7.475155
   0.36634      7.602153      7.508630
   0.32564      7.640061      7.519551
   0.28493      7.708866      7.536920
   0.24423      7.514877      7.521825
   0.20352      7.491224      7.581318
   0.16282      7.610476      7.705604
   0.12211      7.736547      7.828157
   0.08141      7.865568      7.942036
   0.04070      7.988003      8.032909
   0.00000      8.056718      8.071102
 
# Band-Index   33
   0.00000      8.173506      8.152982
   0.04070      8.206938      8.178724
   0.08141      8.230169      8.220873
   0.12211      8.253605      8.223249
   0.16282      8.234269      8.163726
   0.20352      8.162342      7.918782
   0.24423      8.057461      7.667352
   0.28493      7.815437      7.684500
   0.32564      7.847459      7.698560
   0.36634      7.784030      7.618945
   0.40705      7.765047      7.571105
   0.44775      7.783577      7.556275
   0.48846      7.823437      7.573702
   0.52916      7.871233      7.621594
   0.56987      7.902884      7.697329
   0.61057      7.806061      7.762024
   0.65128      7.703115      7.637977
   0.69198      7.692206      7.514565
   0.73269      7.803461      7.409846
   0.77339      7.853791      7.364203
   0.77339      7.853791      7.364203
   0.81409      7.860603      7.367052
   0.85480      7.881646      7.377462
   0.89550      7.918043      7.424341
   0.93621      7.963400      7.599922
   0.97691      7.944334      7.796135
   1.01762      7.966421      7.992942
   1.05832      8.138382      8.149214
   1.09903      8.229399      8.219270
   1.13973      8.241471      8.303416
   1.18044      8.476866      8.578025
   1.22114      8.716428      8.838534
   1.26185      8.927722      9.034348
   1.30255      9.099819      9.225391
   1.34326      9.276640      9.344058
   1.38396      9.357042      9.328188
   1.42467      9.356520      9.455263
   1.46537      9.658394      9.743522
   1.50608      9.874420      9.888665
   1.54678      9.913815      9.914926
   1.54678      9.913815      9.914926
   1.58748      9.887512      9.875486
   1.62819      9.742190      9.659705
   1.66889      9.453799      9.357939
   1.70960      9.329902      9.355198
   1.75030      9.344707      9.277329
   1.79101      9.224544      9.100444
   1.83171      9.033575      8.928294
   1.87242      8.836875      8.720578
   1.91312      8.580349      8.479910
   1.95383      8.309999      8.243644
   1.99453      8.459025      8.234289
   2.03524      8.377832      8.147872
   2.07594      8.325354      7.979101
   2.11665      8.300288      8.039727
   2.15735      8.297838      7.971117
   2.19806      8.414331      8.334099
   2.23876      8.375584      8.293813
   2.27946      8.355421      8.269526
   2.32017      8.588685      8.261424
   2.32017      8.588685      8.261424
   2.36087      8.506838      8.247857
   2.40158      8.603668      8.217739
   2.44228      8.608191      8.196540
   2.48299      8.614944      8.186858
   2.52369      8.635305      8.179231
   2.56440      8.663187      8.192648
   2.60510      8.695780      8.206644
   2.64581      8.733191      8.185714
   2.68651      8.586559      8.226395
   2.72722      8.155538      8.169958
   2.76792      7.916314      7.945748
   2.80863      7.791171      7.898409
   2.84933      7.882152      8.116029
   2.89004      7.995822      8.317972
   2.93074      8.176814      8.421912
   2.97145      8.331062      8.489579
   3.01215      8.330839      8.396428
   3.05285      8.298657      8.260808
   3.09356      8.214068      8.164835
   3.09356      8.214068      8.164835
   3.15112      8.238355      8.175503
   3.20869      8.250348      8.298091
   3.26626      8.248331      8.227067
   3.32382      8.097085      8.101356
   3.38139      8.138464      8.138488
   3.43895      8.238352      8.239019
   3.49652      8.181701      8.183356
   3.55408      8.226734      8.227963
   3.61165      8.170201      8.170573
   3.66921      8.074696      8.074860
   3.72678      8.093945      8.094110
   3.78434      8.305785      8.306968
   3.84191      8.452761      8.453630
   3.89947      8.663288      8.664468
   3.95704      8.944097      8.945335
   4.01460      9.252494      9.253718
   4.07217      9.568184      9.569397
   4.12973      9.839703      9.840797
   4.18730      9.913815      9.914926
 
# Band-Index   34
   4.18730     10.064190     10.065580
   4.12973      9.873804      9.875059
   4.07217      9.598236      9.599223
   4.01460      9.436834      9.435862
   3.95704      9.339841      9.341582
   3.89947      8.997262      8.999065
   3.84191      8.671475      8.673276
   3.78434      8.420766      8.421592
   3.72678      8.390820      8.390581
   3.66921      8.379098      8.378757
   3.61165      8.313976      8.314340
   3.55408      8.305494      8.306714
   3.49652      8.330407      8.331903
   3.43895      8.294297      8.295584
   3.38139      8.244864      8.238841
   3.32382      8.219126      8.208061
   3.26626      8.254790      8.253405
   3.20869      8.347259      8.356137
   3.15112      8.337714      8.327142
   3.09356      8.282405      8.293750
   3.09356      8.282405      8.293750
   3.05285      8.297757      8.361266
   3.01215      8.461081      8.478147
   2.97145      8.525285      8.585848
   2.93074      8.417544      8.642717
   2.89004      8.370960      8.557613
   2.84933      8.754483      8.370135
   2.80863      8.679466      8.309860
   2.76792      8.598480      8.399001
   2.72722      8.553106      8.445132
   2.68651      8.677758      8.484531
   2.64581      8.811940      8.933735
   2.60510      9.060854      9.041560
   2.56440      9.094471      8.973493
   2.52369      9.008086      8.887800
   2.48299      8.908932      8.804816
   2.44228      8.780343      8.689231
   2.40158      8.646069      8.637358
   2.36087      8.586378      8.575906
   2.32017      9.062803      8.507109
   2.32017      9.062803      8.507109
   2.27946      8.593807      8.411101
   2.23876      8.612873      8.381130
   2.19806      8.642043      8.342265
   2.15735      8.454532      8.315524
   2.11665      8.496376      8.316922
   2.07594      8.575325      8.124444
   2.03524      8.712059      8.224502
   1.99453      8.735772      8.339359
   1.95383      8.568005      8.468259
   1.91312      8.702108      8.610261
   1.87242      8.858457      8.764148
   1.83171      9.060710      8.947619
   1.79101      9.241904      9.170523
   1.75030      9.427480      9.376946
   1.70960      9.580159      9.453980
   1.66889      9.707030      9.622470
   1.62819      9.814241      9.769771
   1.58748      9.969560      9.925846
   1.54678     10.064190     10.065580
   1.54678     10.064190     10.065580
   1.50608      9.924555      9.970877
   1.46537      9.768805      9.815521
   1.42467      9.621611      9.708540
   1.38396      9.453215      9.581989
   1.34326      9.375639      9.428388
   1.30255      9.166818      9.244508
   1.26185      8.943406      9.063971
   1.22114      8.763621      8.859143
   1.18044      8.609773      8.702713
   1.13973      8.467806      8.568511
   1.09903      8.338935      8.459476
   1.05832      8.224103      8.378099
   1.01762      8.124063      8.325524
   0.97691      8.039447      8.300344
   0.93621      7.971316      8.297748
   0.89550      7.982413      8.309847
   0.85480      8.003326      8.327361
   0.81409      8.020325      8.337204
   0.77339      8.026759      8.328227
   0.77339      8.026759      8.328227
   0.73269      8.026268      8.192940
   0.69198      8.016209      8.050869
   0.65128      7.993664      7.916988
   0.61057      7.960446      7.797327
   0.56987      7.918906      7.880585
   0.52916      7.995957      7.992247
   0.48846      8.085552      8.096541
   0.44775      8.171084      8.189713
   0.40705      8.240633      8.247565
   0.36634      8.193363      8.155927
   0.32564      7.957438      7.918652
   0.28493      7.945012      7.805375
   0.24423      8.111855      7.930037
   0.20352      8.310055      8.057056
   0.16282      8.413950      8.179431
   0.12211      8.477337      8.335131
   0.08141      8.469257      8.339405
   0.04070      8.282138      8.279876
   0.00000      8.203691      8.182579
 
# Band-Index   35
   0.00000      8.282403      8.293688
   0.04070      8.350666      8.309209
   0.08141      8.469894      8.462181
   0.12211      8.579521      8.536770
   0.16282      8.639130      8.428528
   0.20352      8.555182      8.379343
   0.24423      8.365938      8.334444
   0.28493      8.305898      8.311355
   0.32564      8.348007      8.338483
   0.36634      8.405087      8.435693
   0.40705      8.352091      8.600242
   0.44775      8.305456      8.756253
   0.48846      8.266772      8.706556
   0.52916      8.237538      8.667675
   0.56987      8.219139      8.639625
   0.61057      8.212631      8.621533
   0.65128      8.218122      8.611640
   0.69198      8.233439      8.607504
   0.73269      8.251752      8.479501
   0.77339      8.260556      8.347319
   0.77339      8.260556      8.347319
   0.81409      8.268658      8.341826
   0.85480      8.292949      8.363280
   0.89550      8.333369      8.404680
   0.93621      8.356256      8.460908
   0.97691      8.396142      8.533648
   1.01762      8.485275      8.626112
   1.05832      8.612259      8.740927
   1.09903      8.756635      8.877763
   1.13973      8.904147      9.033289
   1.18044      9.050123      9.206128
   1.22114      9.208374      9.404716
   1.26185      9.377212      9.465608
   1.30255      9.477759      9.436621
   1.34326      9.437495      9.459534
   1.38396      9.630452      9.638458
   1.42467      9.851885      9.847891
   1.46537     10.051581     10.043234
   1.50608     10.200372     10.196814
   1.54678     10.257844     10.259308
   1.54678     10.257844     10.259308
   1.58748     10.195441     10.201939
   1.62819     10.042021     10.053401
   1.66889      9.846808      9.854043
   1.70960      9.637473      9.632991
   1.75030      9.458129      9.437423
   1.79101      9.437599      9.476005
   1.83171      9.466852      9.377987
   1.87242      9.500458      9.209168
   1.91312      9.442431      9.050935
   1.95383      9.153823      8.904974
   1.99453      8.915163      8.772474
   2.03524      8.767180      8.654270
   2.07594      9.211347      8.550970
   2.11665      9.165241      8.463006
   2.15735      9.128191      8.390694
   2.19806      9.099511      8.612731
   2.23876      9.079151      8.570160
   2.27946      9.066927      8.553004
   2.32017      9.359373      8.545612
   2.32017      9.359373      8.545612
   2.36087      9.068308      8.600945
   2.40158      9.084198      8.655556
   2.44228      9.108605      8.717050
   2.48299      9.140267      8.883919
   2.52369      9.176801      9.011450
   2.56440      9.214095      9.090462
   2.60510      9.198347      9.215623
   2.64581      8.972684      8.947523
   2.68651      8.804085      8.640050
   2.72722      8.790347      8.463582
   2.76792      8.874140      8.487975
   2.80863      8.964608      8.541684
   2.84933      9.038252      8.603421
   2.89004      8.808881      8.643697
   2.93074      8.797820      8.746132
   2.97145      8.697399      8.704931
   3.01215      8.619557      8.514886
   3.05285      8.527295      8.510536
   3.09356      8.488169      8.504210
   3.09356      8.488169      8.504210
   3.15112      8.539561      8.348432
   3.20869      8.636696      8.647142
   3.26626      8.626301      8.327307
   3.32382      8.617912      8.304111
   3.38139      8.390043      8.375370
   3.43895      8.448396      8.442658
   3.49652      8.601956      8.590325
   3.55408      8.690545      8.688708
   3.61165      8.765386      8.770341
   3.66921      8.794635      8.798842
   3.72678      8.903178      8.906463
   3.78434      9.080703      9.083162
   3.84191      9.300008      9.301889
   3.89947      9.545388      9.546868
   3.95704      9.527128      9.525812
   4.01460      9.688653      9.690272
   4.07217     10.025849     10.027260
   4.12973     10.160029     10.161530
   4.18730     10.257844     10.259308
 
# Band-Index   36
   4.18730     10.383909     10.384825
   4.12973     10.304056     10.305157
   4.07217     10.033991     10.035725
   4.01460      9.948642      9.950876
   3.95704      9.801938      9.803134
   3.89947      9.655775      9.655089
   3.84191      9.650920      9.655376
   3.78434      9.481675      9.485575
   3.72678      9.267470      9.272711
   3.66921      9.042901      9.046153
   3.61165      8.842450      8.843101
   3.55408      8.762776      8.761614
   3.49652      8.743761      8.644888
   3.43895      8.488282      8.475912
   3.38139      8.505369      8.508362
   3.32382      8.695006      8.627685
   3.26626      8.715229      8.638691
   3.20869      8.730633      8.742004
   3.15112      8.902204      8.553733
   3.09356      9.011895      8.982290
   3.09356      9.011895      8.982290
   3.05285      8.914324      8.948906
   3.01215      8.721583      8.940321
   2.97145      8.742259      8.940961
   2.93074      8.877185      8.805867
   2.89004      9.059499      8.742090
   2.84933      9.148073      8.673514
   2.80863      9.206291      8.565205
   2.76792      9.273863      9.141936
   2.72722      9.297419      9.135624
   2.68651      9.310996      9.110454
   2.64581      9.285693      9.108309
   2.60510      9.253566      9.243659
   2.56440      9.327075      9.496273
   2.52369      9.580525      9.731221
   2.48299      9.762672      9.853308
   2.44228      9.834928      9.876486
   2.40158      9.850645      9.873759
   2.36087      9.851763      9.866043
   2.32017      9.850483      9.864845
   2.32017      9.850483      9.864845
   2.27946      9.853339      9.858140
   2.23876      9.850886      9.848354
   2.19806      9.871055      9.852226
   2.15735      9.739000      9.744767
   2.11665      9.780673      9.810559
   2.07594      9.815922      8.736400
   2.03524      9.266444      8.779841
   1.99453      9.330481      8.916486
   1.95383      9.403605      9.149290
   1.91312      9.485639      9.108463
   1.87242      9.576157      9.317329
   1.83171      9.667978      9.524409
   1.79101      9.779228      9.554972
   1.75030      9.888979      9.736610
   1.70960     10.001492      9.917824
   1.66889     10.114048     10.091492
   1.62819     10.223240     10.248419
   1.58748     10.323422     10.378907
   1.54678     10.383909     10.384825
   1.54678     10.383909     10.384825
   1.50608     10.378200     10.324233
   1.46537     10.247737     10.223979
   1.42467     10.090806     10.114737
   1.38396      9.917120     10.002140
   1.34326      9.735881      9.889590
   1.30255      9.554220      9.779804
   1.26185      9.525647      9.651639
   1.22114      9.327484      9.500403
   1.18044      9.095341      9.458005
   1.13973      8.911814      9.168419
   1.09903      8.771634      8.927100
   1.05832      8.653419      8.774377
   1.01762      8.550111      8.719937
   0.97691      8.462139      8.711260
   0.93621      8.389819      8.703379
   0.89550      8.356956      8.680375
   0.85480      8.380617      8.646969
   0.81409      8.408618      8.617835
   0.77339      8.421310      8.606397
   0.77339      8.421310      8.606397
   0.73269      8.463385      8.606467
   0.69198      8.560961      8.613648
   0.65128      8.676699      8.738801
   0.61057      8.794236      8.855023
   0.56987      8.901957      8.964137
   0.52916      8.985321      9.068912
   0.48846      9.062764      9.063283
   0.44775      8.943797      8.815228
   0.40705      8.640574      8.679018
   0.36634      8.471499      8.553520
   0.32564      8.462651      8.599676
   0.28493      8.522426      8.681877
   0.24423      8.580487      8.762703
   0.20352      8.627765      8.820068
   0.16282      8.764746      8.803855
   0.12211      8.659506      8.658934
   0.08141      8.500260      8.634845
   0.04070      8.494650      8.542453
   0.00000      8.488031      8.504204
 
# Band-Index   37
   0.00000      8.637291      8.612160
   0.04070      8.678464      8.640027
   0.08141      8.778034      8.721195
   0.12211      8.915503      8.753924
   0.16282      8.803926      8.885974
   0.20352      8.744917      9.019665
   0.24423      8.676246      9.110436
   0.28493      8.593413      9.037584
   0.32564      8.511893      8.958987
   0.36634      8.486751      8.884219
   0.40705      8.694487      8.815965
   0.44775      8.944027      8.973713
   0.48846      9.134946      9.172317
   0.52916      9.022124      9.217175
   0.56987      8.909226      9.178155
   0.61057      8.816135      9.141521
   0.65128      8.732258      9.109663
   0.69198      8.656924      9.084760
   0.73269      8.600819      9.068802
   0.77339      8.579104      9.063292
   0.77339      8.579104      9.063292
   0.81409      8.593163      9.067328
   0.85480      8.630056      9.079472
   0.89550      8.675254      9.099820
   0.93621      8.710663      9.128533
   0.97691      8.726410      9.165804
   1.01762      8.733653      9.211842
   1.05832      8.773313      9.266834
   1.09903      8.904972      9.330904
   1.13973      9.134772      9.404054
   1.18044      9.421682      9.486119
   1.22114      9.586746      9.576668
   1.26185      9.631803      9.674949
   1.30255      9.950084      9.947674
   1.34326     10.304641     10.282907
   1.38396     10.675656     10.551138
   1.42467     10.639556     10.536637
   1.46537     10.566342     10.512174
   1.50608     10.463027     10.484675
   1.54678     10.467502     10.468325
   1.54678     10.467502     10.468325
   1.58748     10.483580     10.464187
   1.62819     10.510648     10.567858
   1.66889     10.534640     10.640473
   1.70960     10.548239     10.670929
   1.75030     10.292659     10.296298
   1.79101      9.960995      9.943667
   1.83171      9.674406      9.622289
   1.87242      9.754898      9.584305
   1.91312      9.534285      9.437422
   1.95383      9.579194      9.390391
   1.99453      9.650029      9.442489
   2.03524      9.744649      9.487337
   2.07594     10.039428      9.621793
   2.11665      9.894753      9.839695
   2.15735      9.850556      9.753442
   2.19806     10.669381     10.402485
   2.23876     10.726915     10.729851
   2.27946     10.788505     10.902944
   2.32017     10.875206     10.934453
   2.32017     10.875206     10.934453
   2.36087     10.774153     10.976624
   2.40158     10.814975     10.965897
   2.44228     10.522677     10.672357
   2.48299     10.293521     10.363218
   2.52369     10.073827      9.997958
   2.56440      9.694551      9.630654
   2.60510      9.321086      9.280127
   2.64581      9.296695      9.338454
   2.68651      9.391944      9.423566
   2.72722      9.505181      9.525377
   2.76792      9.612440      9.621632
   2.80863      9.655555      9.705999
   2.84933      9.496593      9.511632
   2.89004      9.261442      9.299492
   2.93074      9.047045      8.960990
   2.97145      9.025336      8.987812
   3.01215      9.007289      8.973639
   3.05285      9.014636      9.019142
   3.09356      9.022451      9.034042
   3.09356      9.022451      9.034042
   3.15112      8.976260      8.910697
   3.20869      8.919004      8.817913
   3.26626      8.925712      8.724239
   3.32382      8.966592      8.701169
   3.38139      8.683423      8.690205
   3.43895      8.709920      8.717211
   3.49652      9.015849      8.750728
   3.55408      8.770199      8.768750
   3.61165      8.935080      8.929572
   3.66921      9.121838      9.118551
   3.72678      9.322380      9.320779
   3.78434      9.542526      9.545331
   3.84191      9.722984      9.724816
   3.89947      9.779793      9.783797
   3.95704      9.871064      9.874123
   4.01460     10.047524     10.048516
   4.07217     10.252162     10.253008
   4.12973     10.387680     10.388450
   4.18730     10.467502     10.468325
 
# Band-Index   38
   4.18730     10.488115     10.488783
   4.12973     10.666251     10.667253
   4.07217     10.944123     10.945613
   4.01460     10.934750     10.937278
   3.95704     10.579244     10.581376
   3.89947     10.252514     10.252797
   3.84191     10.046198     10.041045
   3.78434     10.101762     10.099199
   3.72678     10.029350     10.044055
   3.66921      9.845690      9.872817
   3.61165      9.609068      9.630986
   3.55408      9.301428      9.305634
   3.49652      9.211540      9.028961
   3.43895      9.042457      9.039242
   3.38139      8.970879      8.986619
   3.32382      9.003644      9.013102
   3.26626      9.149310      9.154712
   3.20869      9.264698      9.082916
   3.15112      9.291762      9.380257
   3.09356      9.390033      9.532785
   3.09356      9.390033      9.532785
   3.05285      9.373046      9.499498
   3.01215      9.411652      9.198236
   2.97145      9.394573      9.008926
   2.93074      9.160072      9.084444
   2.89004      9.348336      9.337004
   2.84933      9.611992      9.596864
   2.80863      9.897542      9.908431
   2.76792     10.112810     10.169849
   2.72722     10.337614     10.321445
   2.68651     10.311287     10.287891
   2.64581     10.264701     10.258956
   2.60510     10.218235     10.213286
   2.56440     10.186079     10.186641
   2.52369     10.192309     10.220838
   2.48299     10.468793     10.392190
   2.44228     10.875025     10.713801
   2.40158     10.894957     10.980398
   2.36087     11.101058     11.183908
   2.32017     11.237333     11.203940
   2.32017     11.237333     11.203940
   2.27946     11.236376     11.053431
   2.23876     11.067782     10.909548
   2.19806     10.778872     10.826556
   2.15735     10.549070     10.164180
   2.11665     10.239249      9.989849
   2.07594     10.044719     10.021624
   2.03524      9.980138      9.990765
   1.99453     10.026869      9.993308
   1.95383     10.057595      9.961998
   1.91312     10.144924      9.874735
   1.87242     10.308148      9.754260
   1.83171     10.073795     10.084447
   1.79101     10.360123     10.405682
   1.75030     10.519716     10.638509
   1.70960     10.643087     10.679290
   1.66889     10.684569     10.642708
   1.62819     10.614621     10.599418
   1.58748     10.539818     10.549196
   1.54678     10.488115     10.488783
   1.54678     10.488115     10.488783
   1.50608     10.548398     10.540592
   1.46537     10.598562     10.615467
   1.42467     10.640718     10.685460
   1.38396     10.678382     10.638217
   1.34326     10.629949     10.525548
   1.30255     10.391214     10.372219
   1.26185     10.068503     10.088951
   1.22114      9.738142      9.771087
   1.18044      9.584609      9.534175
   1.13973      9.522698      9.580339
   1.09903      9.469146      9.651084
   1.05832      9.496337      9.746325
   1.01762      9.620234      9.796195
   0.97691      9.794730      9.747275
   0.93621      9.698350      9.666886
   0.89550      9.540662      9.584663
   0.85480      9.399621      9.515858
   0.81409      9.299489      9.470614
   0.77339      9.262514      9.454878
   0.77339      9.262514      9.454879
   0.73269      9.283190      9.474998
   0.69198      9.343265      9.533900
   0.65128      9.437077      9.627171
   0.61057      9.555723      9.747591
   0.56987      9.684172      9.580154
   0.52916      9.494824      9.327471
   0.48846      9.217102      9.255727
   0.44775      9.130804      9.277006
   0.40705      9.184936      9.314537
   0.36634      9.218596      9.321457
   0.32564      9.222746      9.300555
   0.28493      9.188650      9.242896
   0.24423      9.116138      9.154580
   0.20352      9.022021      9.201618
   0.16282      8.944726      9.035778
   0.12211      8.929420      8.854119
   0.08141      8.959947      8.736536
   0.04070      8.996030      8.921567
   0.00000      9.011785      9.020644
 
# Band-Index   39
   0.00000      9.238721      9.031326
   0.04070      9.207707      9.039873
   0.08141      9.033481      9.059842
   0.12211      9.003514      9.081437
   0.16282      9.087498      9.150038
   0.20352      9.291893      9.252377
   0.24423      9.510895      9.486478
   0.28493      9.653413      9.658889
   0.32564      9.599385      9.604863
   0.36634      9.486874      9.495867
   0.40705      9.367435      9.384777
   0.44775      9.249702      9.289999
   0.48846      9.276734      9.319180
   0.52916      9.614754      9.686883
   0.56987      9.734265      9.884323
   0.61057      9.855771      9.761485
   0.65128      9.880064      9.833261
   0.69198      9.876657      9.848887
   0.73269      9.870183      9.849659
   0.77339      9.867510      9.848928
   0.77339      9.867510      9.848928
   0.81409      9.862809      9.847692
   0.85480      9.855851      9.850461
   0.89550      9.865237      9.873774
   0.93621      9.913412      9.936290
   0.97691      9.908281     10.048728
   1.01762      9.984099     10.033311
   1.05832     10.024690      9.981952
   1.09903     10.014949     10.020261
   1.13973     10.003932     10.088757
   1.18044     10.061420     10.195304
   1.22114     10.236358     10.352741
   1.26185     10.494117     10.561307
   1.30255     10.762608     10.808294
   1.34326     10.718782     10.806047
   1.38396     10.680930     10.748745
   1.42467     11.040009     10.981499
   1.46537     11.265104     11.198152
   1.50608     11.239495     11.234137
   1.54678     11.204994     11.205403
   1.54678     11.204994     11.205403
   1.58748     11.231864     11.240003
   1.62819     11.195363     11.267733
   1.66889     10.981754     11.037905
   1.70960     10.747828     10.684250
   1.75030     10.805121     10.719672
   1.79101     10.854694     10.763472
   1.83171     10.801441     10.811409
   1.87242     10.745928     10.863517
   1.91312     10.666646     10.919351
   1.95383     10.611036     10.978024
   1.99453     10.619943     11.038975
   2.03524     10.680043     10.875164
   2.07594     10.804338     11.159403
   2.11665     10.993115     11.216964
   2.15735     11.192088     11.267933
   2.19806     11.212416     11.312254
   2.23876     11.227113     11.345465
   2.27946     11.377467     11.366126
   2.32017     11.602399     11.373682
   2.32017     11.602399     11.373682
   2.36087     11.509304     11.250422
   2.40158     11.285825     11.070849
   2.44228     11.008534     11.081976
   2.48299     11.153541     11.253556
   2.52369     11.280559     11.323971
   2.56440     11.417972     11.407878
   2.60510     11.283845     11.197962
   2.64581     11.030224     10.952930
   2.68651     10.682076     10.703777
   2.72722     10.402928     10.469369
   2.76792     10.218544     10.289878
   2.80863      9.923305     10.003539
   2.84933      9.971539      9.958334
   2.89004      9.739303      9.831834
   2.93074      9.349512      9.109412
   2.97145      9.745529      9.586812
   3.01215      9.680920      9.819135
   3.05285      9.613105      9.749825
   3.09356      9.754251      9.733964
   3.09356      9.754251      9.733964
   3.15112      9.632099      9.571737
   3.20869      9.736287      9.277245
   3.26626      9.476340      9.456518
   3.32382      9.624355      9.019241
   3.38139      9.104588      9.065792
   3.43895      9.062110      9.079479
   3.49652      9.340485      9.229359
   3.55408      9.397704      9.415435
   3.61165      9.613363      9.628935
   3.66921      9.855301      9.887722
   3.72678     10.086730     10.100425
   3.78434     10.194054     10.181266
   3.84191     10.378843     10.359501
   3.89947     10.606955     10.591810
   3.95704     10.871072     10.860802
   4.01460     11.122264     11.126186
   4.07217     11.236456     11.239279
   4.12973     11.245989     11.247942
   4.18730     11.204994     11.205403
 
# Band-Index   40
   4.18730     11.230307     11.232351
   4.12973     11.284550     11.285783
   4.07217     11.281362     11.284080
   4.01460     11.132109     11.128536
   3.95704     11.051009     11.060810
   3.89947     10.819280     10.832414
   3.84191     10.557004     10.571128
   3.78434     10.307658     10.321839
   3.72678     10.123760     10.141296
   3.66921      9.907629      9.920370
   3.61165      9.779157      9.790245
   3.55408      9.660013      9.723144
   3.49652      9.566643      9.544225
   3.43895      9.411674      9.435152
   3.38139      9.494669      9.560827
   3.32382      9.656343      9.663301
   3.26626      9.567688      9.576098
   3.20869      9.740947      9.646359
   3.15112      9.757661      9.724340
   3.09356      9.811886      9.840574
   3.09356      9.811886      9.840574
   3.05285      9.738713      9.827860
   3.01215      9.739431      9.826858
   2.97145      9.760432      9.817138
   2.93074      9.840886      9.680755
   2.89004      9.995693      9.909970
   2.84933      9.992467      9.985953
   2.80863     10.179456     10.128403
   2.76792     10.306347     10.308254
   2.72722     10.559994     10.479409
   2.68651     10.800020     10.715076
   2.64581     11.045655     11.097561
   2.60510     11.392982     11.436906
   2.56440     11.466690     11.420750
   2.52369     11.554635     11.546690
   2.48299     11.570871     11.541139
   2.44228     11.557435     11.522464
   2.40158     11.536812     11.528240
   2.36087     11.627695     11.486857
   2.32017     11.688291     11.500368
   2.32017     11.688291     11.500368
   2.27946     12.120263     11.488139
   2.23876     11.677890     11.498111
   2.19806     11.524471     11.497791
   2.15735     11.240238     11.386511
   2.11665     11.168465     11.260404
   2.07594     11.140063     11.173957
   2.03524     11.086653     11.097647
   1.99453     11.070584     11.069318
   1.95383     11.035070     11.176985
   1.91312     10.994782     11.033530
   1.87242     10.951791     11.041147
   1.83171     10.906222     11.020604
   1.79101     10.857578     10.997202
   1.75030     11.022068     11.063770
   1.70960     11.308418     11.307172
   1.66889     11.446464     11.453702
   1.62819     11.388488     11.331102
   1.58748     11.259548     11.256173
   1.54678     11.230307     11.232351
   1.54678     11.230307     11.232351
   1.50608     11.253975     11.260123
   1.46537     11.330342     11.389452
   1.42467     11.452578     11.436996
   1.38396     11.293821     11.299231
   1.34326     11.054003     11.034269
   1.30255     10.792603     10.858490
   1.26185     10.810582     10.804708
   1.22114     10.862738     10.748296
   1.18044     10.918659     10.668040
   1.13973     10.829097     10.601760
   1.09903     10.602235     10.551043
   1.05832     10.374316     10.398689
   1.01762     10.173108     10.208417
   0.97691     10.015781     10.220813
   0.93621     10.125667     10.475643
   0.89550     10.439639     10.767419
   0.85480     10.770060     10.868826
   0.81409     11.017922     10.875280
   0.77339     11.052462     10.878014
   0.77339     11.052462     10.878015
   0.73269     11.072867     10.900317
   0.69198     10.979445     10.816174
   0.65128     10.672450     10.523337
   0.61057     10.372395     10.293688
   0.56987     10.013015     10.076753
   0.52916      9.865130     10.037708
   0.48846      9.997708     10.185044
   0.44775     10.136641     10.263853
   0.40705     10.266040     10.310794
   0.36634     10.341367     10.339061
   0.32564     10.160575     10.105703
   0.28493      9.894882      9.887512
   0.24423      9.603556      9.601221
   0.20352      9.335459      9.339400
   0.16282      9.121810      9.276599
   0.12211      9.034955      9.346841
   0.08141      9.130390      9.412094
   0.04070      9.531175      9.320888
   0.00000      9.528606      9.253131
 
# Band-Index   41
   0.00000      9.663548      9.531813
   0.04070      9.576815      9.474397
   0.08141      9.545759      9.428928
   0.12211      9.575504      9.538859
   0.16282      9.665846      9.668175
   0.20352      9.819563      9.828984
   0.24423      9.922722      9.901396
   0.28493      9.945311      9.892695
   0.32564     10.193073     10.197558
   0.36634     10.358680     10.397984
   0.40705     10.310176     10.445571
   0.44775     10.261358     10.325360
   0.48846     10.214661     10.217245
   0.52916     10.187767     10.185134
   0.56987     10.221444     10.191889
   0.61057     10.391973     10.471455
   0.65128     10.732248     10.877996
   0.69198     11.043689     10.965349
   0.73269     11.201179     11.097432
   0.77339     11.230398     11.237602
   0.77339     11.230400     11.237602
   0.81409     11.092568     11.234718
   0.85480     10.973329     11.083137
   0.89550     10.887070     10.868813
   0.93621     10.805439     10.876030
   0.97691     10.752888     10.908439
   1.01762     10.765528     10.805412
   1.05832     10.873479     10.692351
   1.09903     11.038422     10.709683
   1.13973     10.977579     10.886591
   1.18044     10.993391     10.995590
   1.22114     11.039709     10.952665
   1.26185     11.017948     10.907113
   1.30255     10.992992     10.860997
   1.34326     11.103532     11.070020
   1.38396     11.375747     11.321774
   1.42467     11.493589     11.520023
   1.46537     11.535956     11.537720
   1.50608     11.530023     11.530894
   1.54678     11.525732     11.526584
   1.54678     11.525732     11.526584
   1.58748     11.529976     11.530973
   1.62819     11.536432     11.537376
   1.66889     11.515711     11.486723
   1.70960     11.312117     11.372739
   1.75030     11.572034     11.093541
   1.79101     11.358352     11.660771
   1.83171     11.188238     11.644433
   1.87242     11.090924     11.563327
   1.91312     11.041693     11.495301
   1.95383     11.276007     11.305561
   1.99453     11.380716     11.165635
   2.03524     11.108018     11.144008
   2.07594     11.609109     11.879362
   2.11665     11.708661     11.928251
   2.15735     11.782824     11.887399
   2.19806     11.857279     11.884154
   2.23876     11.968692     12.034544
   2.27946     12.146161     11.961633
   2.32017     12.011448     11.919521
   2.32017     12.011448     11.919521
   2.36087     11.746381     11.757623
   2.40158     11.622099     11.551336
   2.44228     11.682577     11.530168
   2.48299     11.766345     11.613298
   2.52369     11.859850     11.694631
   2.56440     11.728181     11.723170
   2.60510     11.563081     11.577875
   2.64581     11.348025     11.318303
   2.68651     10.948402     10.786516
   2.72722     10.569080     10.537507
   2.76792     10.374472     10.322921
   2.80863     10.220460     10.150267
   2.84933     10.104650     10.024408
   2.89004     10.037394      9.968188
   2.93074      9.984806      9.932851
   2.97145      9.924519      9.929107
   3.01215      9.864424     10.648890
   3.05285      9.821557     10.662233
   3.09356     10.650787     10.687651
   3.09356     10.650787     10.687651
   3.15112      9.815947      9.802216
   3.20869      9.858896      9.737112
   3.26626      9.698511      9.594776
   3.32382      9.759829      9.758496
   3.38139      9.711941      9.718195
   3.43895      9.720518      9.726871
   3.49652      9.705972      9.713244
   3.55408      9.714073      9.740206
   3.61165      9.905331      9.945504
   3.66921     10.401187     10.410557
   3.72678     10.462973     10.492596
   3.78434     10.413706     10.431256
   3.84191     10.725664     10.724720
   3.89947     11.031437     11.010949
   3.95704     11.324247     11.318390
   4.01460     11.533409     11.521634
   4.07217     11.574775     11.576544
   4.12973     11.536302     11.537318
   4.18730     11.525732     11.526584
 
# Band-Index   42
   4.18730     11.749945     11.754744
   4.12973     11.848734     11.854248
   4.07217     11.628901     11.624352
   4.01460     11.669516     11.657855
   3.95704     11.399659     11.416825
   3.89947     11.056471     11.073868
   3.84191     11.487046     10.743179
   3.78434     11.272327     11.274304
   3.72678     10.873252     10.875972
   3.66921     10.732771     10.736921
   3.61165     10.983857     10.989262
   3.55408     10.799711     10.808202
   3.49652     10.611254     10.612933
   3.43895     10.431308     10.432673
   3.38139     10.260666     10.264554
   3.32382     10.085726     10.033136
   3.26626      9.906406      9.914428
   3.20869     10.637501     10.606922
   3.15112     10.694087     10.688514
   3.09356     10.713502     10.741153
   3.09356     10.713502     10.741153
   3.05285     10.714040     10.698727
   3.01215     10.710216     10.700019
   2.97145     10.560811     10.661965
   2.93074     10.381411     10.497846
   2.89004     10.330206     10.434993
   2.84933     10.467974     10.499205
   2.80863     10.701547     10.731058
   2.76792     10.946069     10.994834
   2.72722     11.135368     11.195273
   2.68651     11.415539     11.485000
   2.64581     11.663260     11.572921
   2.60510     11.650322     11.630430
   2.56440     11.923858     11.801292
   2.52369     11.931438     11.912422
   2.48299     11.952530     11.936584
   2.44228     11.950761     11.918292
   2.40158     11.948065     11.914543
   2.36087     11.958271     11.915176
   2.32017     12.134057     12.040712
   2.32017     12.134057     12.040712
   2.27946     12.152965     12.060778
   2.23876     12.143753     12.044603
   2.19806     12.083085     12.087957
   2.15735     12.056645     12.063943
   2.11665     12.118653     12.123155
   2.07594     12.132514     12.180844
   2.03524     11.490781     11.767418
   1.99453     11.871987     11.659498
   1.95383     11.576725     11.555626
   1.91312     11.605497     11.510159
   1.87242     11.550260     11.679144
   1.83171     11.639879     11.807717
   1.79101     11.661455     11.856379
   1.75030     11.650994     11.655672
   1.70960     11.645274     11.588297
   1.66889     11.541598     11.513381
   1.62819     11.615360     11.609222
   1.58748     11.808605     11.803986
   1.54678     11.749945     11.754744
   1.54678     11.749945     11.754744
   1.50608     11.798874     11.813697
   1.46537     11.614033     11.608604
   1.42467     11.508352     11.543079
   1.38396     11.586732     11.648387
   1.34326     11.653768     11.574748
   1.30255     11.662166     11.360316
   1.26185     11.635876     11.189874
   1.22114     11.522938     11.092639
   1.18044     11.350790     11.028026
   1.13973     11.228926     11.036055
   1.09903     11.063649     11.073961
   1.05832     11.099792     11.086698
   1.01762     11.159974     10.976462
   0.97691     11.216950     10.994264
   0.93621     11.268435     11.192911
   0.89550     11.311991     11.212103
   0.85480     11.345239     11.226149
   0.81409     11.366131     11.384106
   0.77339     11.373264     11.515324
   0.77339     11.373264     11.515327
   0.73269     11.249945     11.521382
   0.69198     11.131942     11.288218
   0.65128     11.223186     11.067557
   0.61057     11.335369     11.197882
   0.56987     11.451695     11.343977
   0.52916     11.401223     11.468899
   0.48846     11.188940     11.286823
   0.44775     10.943095     11.033947
   0.40705     10.698727     10.708817
   0.36634     10.447055     10.461924
   0.32564     10.281280     10.311930
   0.28493     10.129257     10.193230
   0.24423     10.009296     10.013858
   0.20352      9.922965      9.931404
   0.16282      9.832810      9.866620
   0.12211      9.738025      9.790823
   0.08141      9.647122      9.715075
   0.04070      9.709590      9.623295
   0.00000      9.810008      9.792037
 
# Band-Index   43
   0.00000     10.617396     10.657326
   0.04070      9.813012      9.793794
   0.08141      9.834389      9.797341
   0.12211      9.842303      9.817247
   0.16282      9.890690      9.920301
   0.20352      9.935371     10.017106
   0.24423     10.015340     10.114069
   0.28493     10.195273     10.230430
   0.32564     10.316590     10.383948
   0.36634     10.473883     10.578592
   0.40705     10.756226     10.805873
   0.44775     11.077858     11.050385
   0.48846     11.401343     11.366732
   0.52916     11.544862     11.489467
   0.56987     11.520045     11.555875
   0.61057     11.535728     11.571946
   0.65128     11.505778     11.558350
   0.69198     11.468781     11.537691
   0.73269     11.441676     11.556650
   0.77339     11.431920     11.558290
   0.77339     11.431920     11.558291
   0.81409     11.451547     11.534203
   0.85480     11.495092     11.573314
   0.89550     11.495768     11.499539
   0.93621     11.388175     11.240939
   0.97691     11.262746     11.169009
   1.01762     11.178175     11.140881
   1.05832     11.146035     11.109039
   1.09903     11.164324     11.236433
   1.13973     11.300577     11.371711
   1.18044     11.553972     11.413712
   1.22114     11.660258     11.547491
   1.26185     11.805691     11.643515
   1.30255     11.855865     11.665110
   1.34326     11.722324     11.656283
   1.38396     11.647941     11.694330
   1.42467     11.741477     11.765902
   1.46537     11.883354     11.909548
   1.50608     11.945675     11.935476
   1.54678     12.187899     12.191028
   1.54678     12.187886     12.191024
   1.58748     11.937502     11.947385
   1.62819     11.901578     11.891605
   1.66889     11.753712     11.753316
   1.70960     11.692260     11.651202
   1.75030     11.791588     11.724917
   1.79101     11.821222     11.886579
   1.83171     11.802693     11.857487
   1.87242     11.742874     11.698706
   1.91312     11.986812     11.965936
   1.95383     12.087827     12.072219
   1.99453     12.136680     12.141971
   2.03524     12.141930     12.176691
   2.07594     12.199561     12.184105
   2.11665     12.134398     12.143969
   2.15735     12.117402     12.225537
   2.19806     12.158354     12.304363
   2.23876     12.174071     12.173838
   2.27946     12.178209     12.184542
   2.32017     12.155821     12.164677
   2.32017     12.155821     12.164677
   2.36087     12.307901     12.412599
   2.40158     12.543831     12.375505
   2.44228     12.541721     12.315192
   2.48299     12.447337     12.200452
   2.52369     12.210580     12.068829
   2.56440     12.059227     11.979561
   2.60510     11.960911     11.964373
   2.64581     11.733252     11.808951
   2.68651     11.684468     11.507450
   2.72722     11.400415     11.338629
   2.76792     10.965636     11.032529
   2.80863     10.859051     10.863491
   2.84933     10.833146     10.844733
   2.89004     10.805479     10.835318
   2.93074     10.759807     10.769860
   2.97145     10.722089     10.733164
   3.01215     10.760753     10.843096
   3.05285     10.886539     10.904211
   3.09356     10.959862     10.913632
   3.09356     10.959862     10.913632
   3.15112     10.854291     10.851209
   3.20869     10.649355     10.679232
   3.26626     10.405888     10.043331
   3.32382     10.118540     10.092902
   3.38139     10.565252     10.644046
   3.43895     11.008510     11.010304
   3.49652     11.175059     11.160729
   3.55408     11.235582     11.245126
   3.61165     11.016804     11.015568
   3.66921     11.228657     11.223026
   3.72678     11.415077     11.417682
   3.78434     11.533524     11.500252
   3.84191     11.582156     11.571494
   3.89947     11.680673     11.685290
   3.95704     11.693645     11.657870
   4.01460     11.670856     11.674629
   4.07217     11.793551     11.778908
   4.12973     11.880540     11.882634
   4.18730     12.187886     12.191024
 
# Band-Index   44
   4.18730     12.291244     12.292409
   4.12973     12.087230     12.081177
   4.07217     11.946972     11.958091
   4.01460     11.736852     11.752769
   3.95704     11.801901     11.701504
   3.89947     11.760996     11.696165
   3.84191     11.656640     11.660325
   3.78434     11.570164     11.573477
   3.72678     11.558485     11.573007
   3.66921     11.550860     11.552313
   3.61165     11.514253     11.504881
   3.55408     11.345238     11.341764
   3.49652     11.425079     11.314604
   3.43895     11.138369     11.213280
   3.38139     10.881284     10.892560
   3.32382     10.920408     10.900123
   3.26626     10.808366     10.860990
   3.20869     10.740963     11.207863
   3.15112     11.251336     11.211625
   3.09356     11.239687     11.228867
   3.09356     11.239687     11.228867
   3.05285     11.376812     11.331026
   3.01215     11.356928     11.480116
   2.97145     10.776508     11.169727
   2.93074     10.818865     10.821786
   2.89004     10.902066     10.934525
   2.84933     11.064648     10.871730
   2.80863     11.284045     11.206542
   2.76792     11.505436     11.471898
   2.72722     11.651158     11.627648
   2.68651     11.741768     11.690274
   2.64581     11.887683     11.909132
   2.60510     12.053200     12.041432
   2.56440     12.066851     12.027811
   2.52369     12.248299     12.242921
   2.48299     12.509314     12.592316
   2.44228     12.844769     12.759729
   2.40158     12.608626     12.692829
   2.36087     12.580985     12.459849
   2.32017     12.192457     12.416833
   2.32017     12.192457     12.416833
   2.27946     12.304180     12.266901
   2.23876     12.211398     12.230656
   2.19806     12.303275     12.332273
   2.15735     12.424404     12.401751
   2.11665     12.567809     12.515573
   2.07594     12.721070     12.635363
   2.03524     12.255785     12.301168
   1.99453     12.622357     12.382271
   1.95383     12.483213     12.373078
   1.91312     12.349556     12.265142
   1.87242     12.216346     12.125657
   1.83171     12.088253     11.990318
   1.79101     11.960912     11.987013
   1.75030     11.832091     12.155154
   1.70960     11.805317     12.250284
   1.66889     11.995336     12.001414
   1.62819     12.171936     12.225089
   1.58748     12.241354     12.251542
   1.54678     12.291244     12.292409
   1.54678     12.291251     12.292384
   1.50608     12.251662     12.240325
   1.46537     12.225393     12.181244
   1.42467     12.008504     11.998210
   1.38396     11.865588     11.807620
   1.34326     11.885274     11.834696
   1.30255     11.930693     11.856871
   1.26185     11.919634     11.831333
   1.22114     11.784908     11.744151
   1.18044     11.592763     11.593766
   1.13973     11.606372     11.413000
   1.09903     11.678314     11.421951
   1.05832     11.778242     11.508609
   1.01762     11.880800     11.607415
   0.97691     11.931469     11.701775
   0.93621     11.889281     11.761811
   0.89550     11.879607     11.775087
   0.85480     12.028048     11.953327
   0.81409     12.010256     12.077129
   0.77339     11.923785     11.967270
   0.77339     11.923785     11.967271
   0.73269     11.762258     11.750619
   0.69198     11.568412     11.636331
   0.65128     11.551777     11.696453
   0.61057     11.610364     11.785198
   0.56987     11.689411     11.882967
   0.52916     11.718532     11.699497
   0.48846     11.544599     11.609165
   0.44775     11.230807     11.260729
   0.40705     10.897755     10.919813
   0.36634     10.591574     10.673876
   0.32564     10.529584     10.669789
   0.28493     10.552891     10.621717
   0.24423     10.460181     10.430206
   0.20352     10.287030     10.278089
   0.16282     10.108908     10.105834
   0.12211      9.956628      9.973318
   0.08141     10.716738     10.677430
   0.04070     10.734760     10.738989
   0.00000     10.744540     10.749354
 
# Band-Index   45
   0.00000     10.832255     10.777901
   0.04070     10.832837     10.786335
   0.08141     10.725616     10.740623
   0.12211     10.673292     10.556517
   0.16282     10.558447     10.411012
   0.20352     10.502514     10.339969
   0.24423     10.571672     10.466620
   0.28493     10.750258     10.634520
   0.32564     10.939122     10.889585
   0.36634     11.146539     11.147163
   0.40705     11.429250     11.425293
   0.44775     11.656305     11.695851
   0.48846     11.642095     11.620901
   0.52916     11.751325     11.884904
   0.56987     11.928625     11.934705
   0.61057     11.937713     11.974179
   0.65128     11.931219     11.973920
   0.69198     11.926738     11.970560
   0.73269     11.924461     11.968114
   0.77339     12.040010     12.134836
   0.77339     12.040011     12.134835
   0.81409     12.059254     12.118613
   0.85480     12.063024     12.119868
   0.89550     12.101081     12.047768
   0.93621     12.146523     12.026705
   0.97691     12.142262     12.075380
   1.01762     12.140470     12.132793
   1.05832     12.157610     12.158733
   1.09903     12.149775     12.151435
   1.13973     12.125447     12.127570
   1.18044     12.107355     12.112258
   1.22114     12.120162     12.147891
   1.26185     11.987817     12.090152
   1.30255     11.984517     11.965215
   1.34326     12.151970     11.853183
   1.38396     12.245967     11.881008
   1.42467     12.208410     12.027058
   1.46537     12.239319     12.235562
   1.50608     12.341167     12.375365
   1.54678     12.329405     12.332586
   1.54678     12.329375     12.332460
   1.58748     12.372094     12.344843
   1.62819     12.244145     12.251451
   1.66889     12.036647     12.213724
   1.70960     12.355528     12.362872
   1.75030     12.429233     12.363660
   1.79101     12.522352     12.532064
   1.83171     12.319981     12.443652
   1.87242     12.239855     12.351103
   1.91312     12.380833     12.320992
   1.95383     13.022390     12.412333
   1.99453     13.049610     12.573380
   2.03524     12.748700     12.703115
   2.07594     12.942227     12.862059
   2.11665     12.814440     12.659770
   2.15735     12.629934     12.450604
   2.19806     12.631555     12.370463
   2.23876     12.450654     12.425036
   2.27946     13.050668     12.487099
   2.32017     12.543823     12.499116
   2.32017     12.543823     12.499116
   2.36087     12.585523     12.624997
   2.40158     12.970149     12.899634
   2.44228     12.916614     12.866909
   2.48299     12.946276     12.788452
   2.52369     12.590535     12.586476
   2.56440     12.288416     12.306422
   2.60510     12.077812     12.135770
   2.64581     11.967141     11.942516
   2.68651     11.789160     11.858679
   2.72722     11.773989     11.670024
   2.76792     11.800868     11.645705
   2.80863     11.825946     11.647972
   2.84933     11.847306     11.029490
   2.89004     11.850186     10.953623
   2.93074     11.774740     11.060598
   2.97145     11.330349     11.706971
   3.01215     11.764125     11.823732
   3.05285     11.799657     11.781978
   3.09356     11.786232     11.774006
   3.09356     11.786232     11.774006
   3.15112     11.709590     11.826563
   3.20869     11.238077     11.714163
   3.26626     11.239447     11.233384
   3.32382     11.291281     11.176459
   3.38139     11.165564     11.179572
   3.43895     11.394849     11.331221
   3.49652     11.480364     11.446199
   3.55408     11.464638     11.423173
   3.61165     11.840867     11.549522
   3.66921     12.014830     11.784209
   3.72678     12.082892     12.043597
   3.78434     12.345676     12.335742
   3.84191     12.285426     12.287920
   3.89947     12.157056     12.158771
   3.95704     11.936996     11.937974
   4.01460     11.854811     11.863943
   4.07217     12.105901     12.119415
   4.12973     12.260982     12.260733
   4.18730     12.329375     12.332460
 
# Band-Index   46
   4.18730     12.357449     12.359816
   4.12973     12.444756     12.457791
   4.07217     12.267844     12.257808
   4.01460     12.032788     12.022902
   3.95704     12.519489     12.510735
   3.89947     12.610725     12.586782
   3.84191     12.643263     12.501956
   3.78434     12.429604     12.438924
   3.72678     12.206830     12.221515
   3.66921     12.463339     12.030450
   3.61165     12.544268     11.862569
   3.55408     11.695966     11.717873
   3.49652     11.727745     11.643530
   3.43895     11.453092     11.458305
   3.38139     11.350404     11.205996
   3.32382     11.424836     11.406938
   3.26626     11.521483     11.473487
   3.20869     11.735242     11.746062
   3.15112     11.806133     11.879061
   3.09356     11.872221     11.879423
   3.09356     11.872221     11.879423
   3.05285     11.830237     11.866888
   3.01215     11.876666     11.835355
   2.97145     11.787768     11.742920
   2.93074     11.880596     11.723485
   2.89004     12.024408     11.794968
   2.84933     12.174628     11.776949
   2.80863     12.311720     12.379170
   2.76792     12.421785     12.407093
   2.72722     12.320170     12.267712
   2.68651     12.216985     12.164661
   2.64581     12.161036     12.208879
   2.60510     12.234898     12.203601
   2.56440     12.441155     12.492907
   2.52369     12.823987     12.874123
   2.48299     13.019549     13.080433
   2.44228     13.137476     13.088735
   2.40158     13.125386     13.128528
   2.36087     13.368924     12.953619
   2.32017     13.426189     12.940290
   2.32017     13.426189     12.940290
   2.27946     13.356434     12.994390
   2.23876     13.333752     13.202288
   2.19806     13.387170     13.325374
   2.15735     13.244372     13.180923
   2.11665     13.093452     13.033753
   2.07594     12.989010     12.924157
   2.03524     12.913658     12.779956
   1.99453     13.180793     12.882429
   1.95383     13.189035     12.943463
   1.91312     13.022292     12.863991
   1.87242     12.414369     12.745720
   1.83171     12.533190     12.634208
   1.79101     12.598271     12.614482
   1.75030     12.701333     12.445549
   1.70960     12.610016     12.527175
   1.66889     12.305989     12.339415
   1.62819     12.306967     12.342323
   1.58748     12.426565     12.410507
   1.54678     12.357449     12.359816
   1.54678     12.357415     12.359829
   1.50608     12.413061     12.418736
   1.46537     12.342215     12.296295
   1.42467     12.338629     12.305412
   1.38396     12.384617     12.357197
   1.34326     12.448323     12.426306
   1.30255     12.501132     12.503388
   1.26185     12.264605     12.292399
   1.22114     12.134179     12.214473
   1.18044     12.254961     12.311212
   1.13973     12.309445     12.265298
   1.09903     12.298519     12.238445
   1.05832     12.275548     12.220259
   1.01762     12.239745     12.205845
   0.97691     12.194816     12.193004
   0.93621     12.224065     12.179951
   0.89550     12.302957     12.164930
   0.85480     12.211256     12.143434
   0.81409     12.183533     12.154482
   0.77339     12.167899     12.145340
   0.77339     12.167899     12.145341
   0.73269     12.395420     12.296738
   0.69198     12.372787     12.539927
   0.65128     12.313200     12.542347
   0.61057     12.196987     12.450291
   0.56987     12.053599     12.182283
   0.52916     11.961756     12.074193
   0.48846     11.925444     11.968293
   0.44775     11.752322     11.745210
   0.40705     11.541096     11.474730
   0.36634     11.329266     11.330753
   0.32564     10.987963     10.944397
   0.28493     10.843405     10.848973
   0.24423     10.822503     10.824454
   0.20352     10.813469     10.811146
   0.16282     10.773038     10.783473
   0.12211     10.729229     10.748273
   0.08141     10.747878     11.210163
   0.04070     11.193585     11.192818
   0.00000     11.188310     11.164973
 
# Band-Index   47
   0.00000     11.719634     11.710993
   0.04070     11.725786     11.655828
   0.08141     11.159526     11.641428
   0.12211     10.760063     10.771420
   0.16282     10.789667     10.815808
   0.20352     10.862694     10.907840
   0.24423     10.982729     11.050159
   0.28493     11.031866     11.159388
   0.32564     11.215389     11.281773
   0.36634     11.591794     11.632653
   0.40705     11.747680     11.780278
   0.44775     11.877635     11.831247
   0.48846     12.063894     12.062538
   0.52916     12.081793     12.088546
   0.56987     12.197057     12.254906
   0.61057     12.509429     12.481716
   0.65128     12.755418     12.820515
   0.69198     12.686430     12.606236
   0.73269     12.458727     12.519874
   0.77339     12.400857     12.189197
   0.77339     12.400857     12.189197
   0.81409     12.258897     12.227316
   0.85480     12.229486     12.212152
   0.89550     12.330153     12.304215
   0.93621     12.399459     12.425060
   0.97691     12.512770     12.567002
   1.01762     12.633680     12.715341
   1.05832     12.678643     12.737435
   1.09903     12.537080     12.606755
   1.13973     12.393789     12.471851
   1.18044     12.316017     12.340868
   1.22114     12.344867     12.395851
   1.26185     12.457273     12.511704
   1.30255     12.526220     12.535732
   1.34326     12.597632     12.686864
   1.38396     12.508119     12.579732
   1.42467     12.432651     12.486443
   1.46537     12.375967     12.418358
   1.50608     12.542805     12.501660
   1.54678     12.608997     12.595137
   1.54678     12.609123     12.595028
   1.58748     12.490772     12.557827
   1.62819     12.416406     12.379611
   1.66889     12.486430     12.435387
   1.70960     12.783960     12.804573
   1.75030     12.892306     12.613279
   1.79101     12.723398     12.811327
   1.83171     12.669532     12.900187
   1.87242     12.765576     12.973302
   1.91312     13.237892     13.039837
   1.95383     13.426706     13.072136
   1.99453     13.324980     13.163505
   2.03524     13.298409     13.283032
   2.07594     13.488033     13.506741
   2.11665     13.577924     13.361501
   2.15735     13.446003     13.349172
   2.19806     13.403674     13.403143
   2.23876     13.504120     13.402863
   2.27946     13.587527     13.360037
   2.32017     13.485286     13.294042
   2.32017     13.485286     13.294042
   2.36087     13.437833     13.246481
   2.40158     13.162716     13.181479
   2.44228     13.205550     13.329242
   2.48299     13.089508     13.176702
   2.52369     13.097903     12.920108
   2.56440     12.867651     12.742500
   2.60510     12.697994     12.593613
   2.64581     12.745529     12.597548
   2.68651     12.789471     12.681904
   2.72722     12.630082     12.633365
   2.76792     12.465630     12.499423
   2.80863     12.486871     12.501076
   2.84933     12.304570     12.259411
   2.89004     12.054967     12.182516
   2.93074     11.998127     12.032214
   2.97145     11.951120     12.008881
   3.01215     11.939577     11.983169
   3.05285     11.904778     11.924243
   3.09356     11.904009     11.904113
   3.09356     11.904009     11.904113
   3.15112     11.901266     11.917204
   3.20869     11.923528     12.055618
   3.26626     12.040569     12.102138
   3.32382     12.152882     12.158119
   3.38139     11.376358     11.405056
   3.43895     11.469078     11.479521
   3.49652     11.868808     11.826561
   3.55408     12.296092     12.284504
   3.61165     12.726381     12.559130
   3.66921     13.078631     12.565702
   3.72678     12.791098     12.461155
   3.78434     12.487590     12.442502
   3.84191     12.662472     12.689112
   3.89947     12.674575     12.680698
   3.95704     12.597241     12.595589
   4.01460     12.428529     12.428209
   4.07217     12.377598     12.368750
   4.12973     12.709500     12.702997
   4.18730     12.609123     12.595028
 
# Band-Index   48
   4.18730     12.781789     12.788828
   4.12973     12.709707     12.721631
   4.07217     12.527232     12.534881
   4.01460     12.568748     12.571538
   3.95704     12.621942     12.615509
   3.89947     12.790485     12.707461
   3.84191     12.822401     12.700351
   3.78434     12.855481     12.855139
   3.72678     12.955595     12.966185
   3.66921     13.109953     13.107714
   3.61165     12.984349     12.959354
   3.55408     12.500352     12.457254
   3.49652     11.912216     11.845725
   3.43895     11.811526     11.810373
   3.38139     12.015484     12.014266
   3.32382     12.232638     12.291768
   3.26626     12.134988     12.192833
   3.20869     12.158189     12.061949
   3.15112     12.086999     11.923349
   3.09356     11.981713     11.979807
   3.09356     11.981713     11.979807
   3.05285     11.991678     12.012095
   3.01215     11.997233     12.103554
   2.97145     11.972290     12.050242
   2.93074     12.329488     12.106606
   2.89004     12.519281     12.225763
   2.84933     12.701005     12.488100
   2.80863     12.819136     12.828656
   2.76792     13.028811     12.980787
   2.72722     13.116888     12.854968
   2.68651     12.916766     12.843339
   2.64581     12.908417     12.973430
   2.60510     13.155359     13.247267
   2.56440     13.191487     13.163080
   2.52369     13.100364     13.185441
   2.48299     13.236861     13.224387
   2.44228     13.221716     13.390952
   2.40158     13.391600     13.284892
   2.36087     13.520784     13.470555
   2.32017     13.623888     13.628242
   2.32017     13.623888     13.628242
   2.27946     13.778844     13.590564
   2.23876     13.891332     13.462661
   2.19806     13.883806     13.502501
   2.15735     13.737909     13.516455
   2.11665     13.631950     13.587448
   2.07594     13.728247     13.667241
   2.03524     13.343838     13.549295
   1.99453     13.596062     13.598477
   1.95383     13.500866     13.514619
   1.91312     13.408241     13.407256
   1.87242     13.104272     13.299806
   1.83171     13.022422     13.224540
   1.79101     12.945860     13.148068
   1.75030     13.059727     12.843802
   1.70960     12.976696     12.930798
   1.66889     12.669877     12.968842
   1.62819     12.706034     12.893862
   1.58748     12.781220     12.784447
   1.54678     12.781789     12.788828
   1.54678     12.781785     12.788829
   1.50608     12.737174     12.718316
   1.46537     12.622885     12.645945
   1.42467     12.631987     12.647235
   1.38396     12.685553     12.684321
   1.34326     12.733303     12.728559
   1.30255     12.656677     12.720799
   1.26185     12.625155     12.668690
   1.22114     12.727573     12.746444
   1.18044     12.838741     12.850838
   1.13973     12.932189     12.970310
   1.09903     12.867703     13.048568
   1.05832     12.770644     12.914691
   1.01762     12.847867     12.923961
   0.97691     12.818744     12.910676
   0.93621     12.609008     12.747822
   0.89550     12.405255     12.576134
   0.85480     12.423655     12.388891
   0.81409     12.484684     12.323229
   0.77339     12.497090     12.511250
   0.77339     12.497090     12.511250
   0.73269     12.619206     12.584970
   0.69198     12.850350     12.971320
   0.65128     12.842579     12.893257
   0.61057     12.725272     12.850359
   0.56987     12.482331     12.487952
   0.52916     12.194699     12.225369
   0.48846     12.100238     12.091271
   0.44775     11.917171     11.895165
   0.40705     11.767648     11.792396
   0.36634     11.725241     11.826734
   0.32564     11.385201     11.434824
   0.28493     11.181061     11.232086
   0.24423     11.001576     11.156675
   0.20352     11.027206     11.196626
   0.16282     11.090664     11.230374
   0.12211     11.150941     11.240523
   0.08141     11.739606     11.834860
   0.04070     11.824257     11.815982
   0.00000     11.874255     11.874538
 
# Band-Index   49
   0.00000     11.902965     11.904311
   0.04070     11.884665     11.904721
   0.08141     11.788617     11.919431
   0.12211     11.721100     11.790614
   0.16282     11.710415     11.842163
   0.20352     11.710332     11.882518
   0.24423     11.714978     11.879513
   0.28493     11.721231     11.870888
   0.32564     11.727591     11.856617
   0.36634     12.469890     12.437193
   0.40705     12.372072     11.800287
   0.44775     11.943416     12.039939
   0.48846     12.109349     12.188497
   0.52916     12.464949     12.455232
   0.56987     12.835771     12.824870
   0.61057     13.021575     13.001225
   0.65128     12.977063     13.114979
   0.69198     13.120636     13.083476
   0.73269     12.932844     13.052587
   0.77339     12.894388     13.044766
   0.77339     12.894390     13.044767
   0.81409     12.983110     13.184540
   0.85480     13.194729     13.306455
   0.89550     13.291425     13.315010
   0.93621     13.157953     13.215832
   0.97691     13.002498     13.066215
   1.01762     13.025452     13.072664
   1.05832     13.169183     13.231143
   1.09903     13.078759     13.092980
   1.13973     12.956729     13.142584
   1.18044     12.934377     13.112684
   1.22114     12.879719     13.039929
   1.26185     12.791986     12.908183
   1.30255     12.694389     12.802805
   1.34326     12.758560     12.783495
   1.38396     12.912819     12.792721
   1.42467     12.956558     12.674669
   1.46537     12.885350     12.711396
   1.50608     12.814765     12.872811
   1.54678     12.784522     12.795389
   1.54678     12.784498     12.795390
   1.58748     12.866558     12.819986
   1.62819     12.995555     13.095597
   1.66889     13.010906     12.997198
   1.70960     13.048631     13.046182
   1.75030     13.085126     13.060569
   1.79101     13.154232     13.165370
   1.83171     13.237082     13.258718
   1.87242     13.341958     13.369362
   1.91312     13.459165     13.466414
   1.95383     13.598408     13.565266
   1.99453     13.672095     13.681215
   2.03524     13.469933     13.781205
   2.07594     13.773090     13.803880
   2.11665     13.800990     13.645450
   2.15735     13.907701     13.737562
   2.19806     14.076048     13.734749
   2.23876     13.928169     13.695015
   2.27946     14.280186     13.685536
   2.32017     14.225842     13.714201
   2.32017     14.225842     13.714201
   2.36087     13.672007     13.737260
   2.40158     13.516647     13.595666
   2.44228     13.482289     13.460778
   2.48299     13.297619     13.270711
   2.52369     13.130685     13.211364
   2.56440     13.246605     13.242786
   2.60510     13.230298     13.360839
   2.64581     13.263765     13.320612
   2.68651     13.337002     13.401384
   2.72722     13.320036     13.260197
   2.76792     13.071042     13.091615
   2.80863     12.880981     13.127995
   2.84933     12.777166     12.614937
   2.89004     12.642928     12.435031
   2.93074     12.471621     12.276175
   2.97145     12.413607     12.217339
   3.01215     13.529290     13.546819
   3.05285     13.534869     13.579118
   3.09356     13.579698     13.578971
   3.09356     13.579698     13.578971
   3.15112     12.180026     12.396526
   3.20869     12.421177     12.633075
   3.26626     12.607667     12.543153
   3.32382     12.946682     13.114124
   3.38139     12.305396     13.393452
   3.43895     12.877478     12.912453
   3.49652     12.950316     12.938743
   3.55408     12.988731     12.895035
   3.61165     13.287256     12.992253
   3.66921     13.147677     13.152679
   3.72678     13.200691     13.107646
   3.78434     13.075962     13.072682
   3.84191     12.911770     12.970188
   3.89947     12.898133     12.998325
   3.95704     13.028567     13.030866
   4.01460     12.845028     12.848424
   4.07217     12.808793     12.814170
   4.12973     12.742343     12.730200
   4.18730     12.784498     12.795390
 
# Band-Index   50
   4.18730     12.976515     12.993529
   4.12973     12.929599     12.938062
   4.07217     13.083586     12.856376
   4.01460     13.402667     13.316698
   3.95704     13.221120     13.284827
   3.89947     13.102504     13.056621
   3.84191     12.956006     13.245398
   3.78434     13.473583     13.465575
   3.72678     13.428291     13.200076
   3.66921     13.219001     13.213998
   3.61165     13.294627     13.328520
   3.55408     13.471511     13.423325
   3.49652     13.562291     13.514661
   3.43895     13.497194     13.563092
   3.38139     13.345521     13.494104
   3.32382     13.230773     13.643210
   3.26626     13.178151     12.864356
   3.20869     13.480928     13.480588
   3.15112     13.533283     13.524740
   3.09356     13.632684     13.646148
   3.09356     13.632684     13.646148
   3.05285     13.624002     13.589233
   3.01215     13.594358     13.571779
   2.97145     13.450169     13.497116
   2.93074     13.428307     13.392981
   2.89004     13.390268     13.395933
   2.84933     13.386112     13.274110
   2.80863     13.389148     13.462625
   2.76792     13.379018     13.470179
   2.72722     13.395716     13.463060
   2.68651     13.514479     13.438577
   2.64581     13.634256     13.443776
   2.60510     13.498099     13.417579
   2.56440     13.514819     13.412594
   2.52369     13.741331     13.705409
   2.48299     13.567081     13.871485
   2.44228     13.621913     13.528895
   2.40158     13.747769     13.835976
   2.36087     13.874977     13.869197
   2.32017     14.228234     14.200874
   2.32017     14.228234     14.200874
   2.27946     14.369030     14.062440
   2.23876     14.205900     13.952725
   2.19806     14.214921     14.104964
   2.15735     14.270769     14.022838
   2.11665     14.137677     13.929685
   2.07594     14.048073     14.025965
   2.03524     13.651890     13.799993
   1.99453     14.043524     13.682241
   1.95383     14.119608     13.729927
   1.91312     13.792349     13.850793
   1.87242     13.433794     13.940032
   1.83171     13.401147     13.905942
   1.79101     13.312961     13.590132
   1.75030     13.098043     13.122667
   1.70960     13.163381     13.160705
   1.66889     13.183950     13.033087
   1.62819     13.118966     13.097971
   1.58748     12.981578     13.079790
   1.54678     12.976515     12.993529
   1.54678     12.976515     12.993531
   1.50608     12.911700     12.870911
   1.46537     13.081613     13.013798
   1.42467     13.011186     13.038616
   1.38396     13.017079     13.072698
   1.34326     13.075908     13.079978
   1.30255     13.021978     13.067992
   1.26185     13.099407     13.101867
   1.22114     13.281502     13.296532
   1.18044     13.373486     13.373688
   1.13973     13.466442     13.459022
   1.09903     13.429974     13.400786
   1.05832     13.297778     13.237418
   1.01762     13.309488     13.346895
   0.97691     13.260983     13.293177
   0.93621     13.266000     13.293065
   0.89550     13.306279     13.359965
   0.85480     13.282714     13.328391
   0.81409     13.167241     13.328522
   0.77339     13.059615     13.344068
   0.77339     13.059615     13.344067
   0.73269     13.075494     13.348732
   0.69198     13.155492     13.143273
   0.65128     13.311895     13.194569
   0.61057     13.023394     13.084456
   0.56987     12.881562     12.913281
   0.52916     12.609391     12.553317
   0.48846     12.299941     12.259121
   0.44775     12.283570     12.245785
   0.40705     12.536996     12.337936
   0.36634     12.508553     12.497424
   0.32564     12.436247     12.446912
   0.28493     12.260833     12.238248
   0.24423     12.060635     12.043160
   0.20352     11.920305     11.908901
   0.16282     11.848182     11.869336
   0.12211     11.834023     11.830916
   0.08141     11.881571     11.977828
   0.04070     11.904324     11.928662
   0.00000     11.979501     11.979526
 
# Band-Index   51
   0.00000     12.014041     11.999623
   0.04070     12.022386     12.171834
   0.08141     12.056303     12.234512
   0.12211     12.057711     11.926589
   0.16282     12.104202     11.993173
   0.20352     12.258025     12.166684
   0.24423     12.349836     12.362614
   0.28493     12.402812     12.411373
   0.32564     12.505140     12.478921
   0.36634     12.777269     12.748249
   0.40705     12.701347     12.602386
   0.44775     12.656975     12.756450
   0.48846     12.679061     12.731408
   0.52916     12.795326     12.917844
   0.56987     12.963180     13.086716
   0.61057     13.160524     13.232959
   0.65128     13.361745     13.227179
   0.69198     13.156964     13.376951
   0.73269     13.415048     13.410251
   0.77339     13.562955     13.555160
   0.77339     13.562951     13.555123
   0.81409     13.528523     13.576781
   0.85480     13.435838     13.486288
   0.89550     13.401198     13.372484
   0.93621     13.517431     13.459374
   0.97691     13.502694     13.517007
   1.01762     13.375089     13.369794
   1.05832     13.428960     13.469145
   1.09903     13.548856     13.525044
   1.13973     13.475865     13.480734
   1.18044     13.375881     13.382422
   1.22114     13.287651     13.289923
   1.26185     13.209562     13.227713
   1.30255     13.139243     13.167445
   1.34326     13.142117     13.115719
   1.38396     13.300123     13.152695
   1.42467     13.230012     13.204628
   1.46537     13.109804     13.110300
   1.50608     13.063997     12.998665
   1.54678     13.079744     13.067096
   1.54678     13.079743     13.067075
   1.58748     13.062771     13.115308
   1.62819     13.137238     13.196130
   1.66889     13.287728     13.250180
   1.70960     13.319159     13.412610
   1.75030     13.256423     13.587076
   1.79101     13.847781     13.762374
   1.83171     13.928851     14.139081
   1.87242     13.885326     14.396706
   1.91312     14.013596     14.632742
   1.95383     14.202170     14.106467
   1.99453     14.101011     15.168885
   2.03524     13.808873     15.258164
   2.07594     14.133128     14.319658
   2.11665     14.166338     14.127473
   2.15735     14.288200     14.216237
   2.19806     14.423911     14.237953
   2.23876     14.537051     14.126901
   2.27946     14.517590     14.332945
   2.32017     14.709561     14.412441
   2.32017     14.709561     14.412441
   2.36087     14.317370     14.336744
   2.40158     13.808352     13.913156
   2.44228     13.658286     13.861646
   2.48299     13.836352     13.936811
   2.52369     13.850330     14.017007
   2.56440     13.712862     13.931882
   2.60510     13.694409     13.748570
   2.64581     13.688773     13.753147
   2.68651     13.623897     13.948935
   2.72722     13.482728     13.976165
   2.76792     13.471669     13.833380
   2.80863     13.700301     13.653215
   2.84933     13.715921     13.399886
   2.89004     13.639915     13.498543
   2.93074     13.643042     13.529105
   2.97145     13.632280     13.551858
   3.01215     13.810528     13.785434
   3.05285     13.750459     13.726925
   3.09356     13.687137     13.683960
   3.09356     13.687137     13.683960
   3.15112     13.581273     13.592586
   3.20869     13.522580     13.632730
   3.26626     13.448000     13.468543
   3.32382     13.475268     13.766812
   3.38139     13.363097     13.661971
   3.43895     13.493947     13.656290
   3.49652     13.715776     13.588522
   3.55408     13.555815     13.567716
   3.61165     13.636988     13.561749
   3.66921     13.558855     13.521329
   3.72678     13.477255     13.455787
   3.78434     13.535968     13.535231
   3.84191     13.655995     13.615441
   3.89947     13.407784     13.449207
   3.95704     13.425474     13.377752
   4.01460     13.449768     13.415413
   4.07217     13.485285     13.222245
   4.12973     13.215286     13.231707
   4.18730     13.079743     13.067075
 
# Band-Index   52
   4.18730     13.088496     13.094403
   4.12973     13.278747     13.294230
   4.07217     13.549776     13.496890
   4.01460     13.728248     13.665702
   3.95704     13.801071     13.561151
   3.89947     13.822371     13.826423
   3.84191     13.683105     13.681170
   3.78434     13.738248     13.657647
   3.72678     13.835490     13.845666
   3.66921     14.038700     13.910906
   3.61165     13.891391     13.617447
   3.55408     13.616390     13.600733
   3.49652     13.892046     13.724801
   3.43895     13.655675     13.717208
   3.38139     13.459007     13.728670
   3.32382     13.632040     13.793382
   3.26626     13.599877     13.655582
   3.20869     13.992002     13.960590
   3.15112     13.797843     13.781081
   3.09356     13.758670     13.721274
   3.09356     13.758670     13.721274
   3.05285     13.786997     13.777474
   3.01215     13.856437     13.822898
   2.97145     13.870142     13.723194
   2.93074     13.995389     13.627069
   2.89004     14.034581     13.505660
   2.84933     13.857616     13.490755
   2.80863     13.794194     14.220273
   2.76792     13.909665     14.020732
   2.72722     13.992554     14.001393
   2.68651     13.901958     14.088759
   2.64581     13.812942     14.233176
   2.60510     13.838985     14.359404
   2.56440     13.902809     14.062990
   2.52369     13.986148     14.310052
   2.48299     13.904024     13.943351
   2.44228     13.815293     13.912621
   2.40158     13.925026     14.226433
   2.36087     14.658423     14.623851
   2.32017     15.137787     14.860523
   2.32017     15.137787     14.860522
   2.27946     15.191954     14.592082
   2.23876     14.584510     14.390414
   2.19806     14.861690     14.313438
   2.15735     14.963626     14.492593
   2.11665     14.951712     14.402985
   2.07594     15.135480     15.232887
   2.03524     13.933517     15.447009
   1.99453     15.233057     15.280626
   1.95383     15.095906     15.107998
   1.91312     14.937956     14.934622
   1.87242     14.163103     14.653602
   1.83171     14.346052     14.369088
   1.79101     14.244814     14.082274
   1.75030     13.715021     13.801601
   1.70960     13.552695     13.533925
   1.66889     13.478465     13.350610
   1.62819     13.576759     13.456874
   1.58748     13.309745     13.260151
   1.54678     13.088496     13.094403
   1.54678     13.088699     13.094400
   1.50608     13.101104     13.077639
   1.46537     13.177453     13.154600
   1.42467     13.331421     13.251387
   1.38396     13.350688     13.330468
   1.34326     13.219007     13.218097
   1.30255     13.264483     13.173143
   1.26185     13.352002     13.282237
   1.22114     13.452713     13.391623
   1.18044     13.413062     13.451326
   1.13973     13.674823     13.579732
   1.09903     13.565431     13.552192
   1.05832     13.668596     13.652775
   1.01762     13.675047     13.725361
   0.97691     13.599539     13.582945
   0.93621     13.620242     13.654252
   0.89550     13.662356     13.748533
   0.85480     13.649576     13.729006
   0.81409     13.636557     13.619852
   0.77339     13.632683     13.610385
   0.77339     13.632706     13.610385
   0.73269     13.705108     13.666432
   0.69198     13.564472     13.521639
   0.65128     13.372317     13.410179
   0.61057     13.226452     13.280300
   0.56987     13.082036     13.118257
   0.52916     13.033944     13.117939
   0.48846     12.869074     13.037432
   0.44775     12.676034     12.787473
   0.40705     13.059693     12.950237
   0.36634     12.925417     13.124541
   0.32564     12.611689     12.529046
   0.28493     12.622089     12.520956
   0.24423     12.464103     12.365444
   0.20352     12.271110     12.287612
   0.16282     12.173857     12.190142
   0.12211     12.076951     12.085536
   0.08141     12.580494     12.414737
   0.04070     12.362385     12.221792
   0.00000     12.235306     12.220627
 
# Band-Index   53
   0.00000     13.576222     13.577611
   0.04070     13.557543     13.548593
   0.08141     13.505056     13.542431
   0.12211     12.743228     12.425057
   0.16282     12.821939     12.366102
   0.20352     12.433453     12.499297
   0.24423     12.613943     12.671434
   0.28493     12.800118     12.866865
   0.32564     12.947715     13.033333
   0.36634     13.236244     13.346546
   0.40705     13.202331     13.021448
   0.44775     13.173740     13.164018
   0.48846     13.150713     13.152206
   0.52916     13.114331     13.210076
   0.56987     13.098707     13.137961
   0.61057     13.330781     13.290110
   0.65128     13.492849     13.624886
   0.69198     13.732792     13.721847
   0.73269     13.745513     13.804385
   0.77339     13.746531     13.806008
   0.77339     13.746501     13.805996
   0.81409     13.777325     13.841937
   0.85480     13.930949     13.983857
   0.89550     14.048341     14.104970
   0.93621     13.969353     13.989058
   0.97691     13.875385     13.872830
   1.01762     13.773270     13.760058
   1.05832     13.678642     13.658295
   1.09903     13.615512     13.648978
   1.13973     13.681089     13.620662
   1.18044     13.562704     13.504078
   1.22114     13.892070     13.831170
   1.26185     13.372227     13.471791
   1.30255     13.333537     13.693802
   1.34326     13.395979     13.553731
   1.38396     13.422697     13.548673
   1.42467     13.377190     13.630281
   1.46537     13.480965     13.760728
   1.50608     13.702245     13.822196
   1.54678     13.459975     13.485187
   1.54678     13.467300     13.485596
   1.58748     13.607183     13.708084
   1.62819     13.887141     13.729842
   1.66889     14.132250     14.067041
   1.70960     14.289081     14.489259
   1.75030     14.422823     14.856144
   1.79101     14.719681     14.818530
   1.83171     14.673308     14.725237
   1.87242     14.784548     14.763071
   1.91312     15.006960     14.965677
   1.95383     15.186423     15.123273
   1.99453     15.333156     15.854702
   2.03524     15.236443     15.788703
   2.07594     15.621023     15.573091
   2.11665     15.649839     15.025293
   2.15735     15.153510     14.765457
   2.19806     15.061910     14.797030
   2.23876     15.099119     14.801671
   2.27946     15.512488     14.998976
   2.32017     15.276691     15.115366
   2.32017     15.276691     15.115366
   2.36087     14.700881     14.836711
   2.40158     14.201153     14.535146
   2.44228     13.949737     14.136285
   2.48299     13.932471     14.054189
   2.52369     14.043197     14.429081
   2.56440     14.189958     14.536355
   2.60510     14.315127     14.437433
   2.64581     14.068278     14.307600
   2.68651     14.151685     14.214520
   2.72722     14.263109     14.225172
   2.76792     14.464482     14.494481
   2.80863     14.553872     14.773346
   2.84933     14.365300     14.205056
   2.89004     14.159782     14.109291
   2.93074     14.123057     13.980745
   2.97145     14.011222     13.877208
   3.01215     13.993959     14.026917
   3.05285     13.842467     13.852978
   3.09356     13.817540     13.810712
   3.09356     13.817540     13.810712
   3.15112     13.853690     13.866760
   3.20869     13.997953     14.012702
   3.26626     14.076652     13.976410
   3.32382     13.887098     14.224482
   3.38139     13.829804     14.189977
   3.43895     13.871665     14.266071
   3.49652     14.035357     14.046341
   3.55408     13.768043     13.860491
   3.61165     14.060753     14.019220
   3.66921     14.377674     14.320529
   3.72678     14.589406     14.593752
   3.78434     14.350277     14.351043
   3.84191     14.063607     14.056361
   3.89947     13.997869     14.000120
   3.95704     13.828592     13.840309
   4.01460     13.913349     13.797627
   4.07217     13.863182     13.795778
   4.12973     13.677398     13.745482
   4.18730     13.467300     13.485596
 
# Band-Index   54
   4.18730     13.826225     13.764871
   4.12973     13.810248     14.033255
   4.07217     13.960986     13.882103
   4.01460     13.929052     13.902616
   3.95704     14.016949     14.029443
   3.89947     14.330206     14.336563
   3.84191     14.670862     14.690515
   3.78434     14.681073     14.665717
   3.72678     14.668370     14.638594
   3.66921     14.643026     14.342350
   3.61165     14.034697     14.052501
   3.55408     14.143084     14.135609
   3.49652     14.637050     14.295942
   3.43895     14.041852     14.314764
   3.38139     13.977686     14.403145
   3.32382     14.168524     14.367139
   3.26626     14.112114     14.105096
   3.20869     14.067885     14.107929
   3.15112     14.251123     14.275428
   3.09356     14.324475     14.293642
   3.09356     14.324475     14.293642
   3.05285     14.258181     14.300772
   3.01215     14.197308     14.271626
   2.97145     14.258070     14.246314
   2.93074     14.389475     14.350998
   2.89004     14.458346     14.448273
   2.84933     14.627465     14.576327
   2.80863     14.762938     14.781093
   2.76792     14.557328     15.099453
   2.72722     14.981728     15.371480
   2.68651     14.831385     15.080466
   2.64581     14.611306     14.963579
   2.60510     14.453204     14.829148
   2.56440     14.435211     14.727385
   2.52369     14.033315     14.517431
   2.48299     14.073111     15.042232
   2.44228     14.177872     14.506892
   2.40158     14.474873     15.278471
   2.36087     14.866550     14.878154
   2.32017     15.621825     15.267299
   2.32017     15.621825     15.267299
   2.27946     15.512281     15.193344
   2.23876     15.435512     15.070322
   2.19806     15.557064     15.195034
   2.15735     15.631484     15.314454
   2.11665     15.665047     15.531059
   2.07594     15.829881     15.829174
   2.03524     15.436964     16.048016
   1.99453     16.071322     16.053999
   1.95383     15.989259     15.930833
   1.91312     15.761960     15.712230
   1.87242     14.804561     15.476225
   1.83171     14.689519     15.272679
   1.79101     14.804143     15.079247
   1.75030     14.665009     14.984420
   1.70960     14.457574     14.740963
   1.66889     14.163518     14.382880
   1.62819     13.914119     13.822591
   1.58748     13.837812     14.000868
   1.54678     13.826225     13.764871
   1.54678     13.812848     13.758482
   1.50608     13.908875     13.835897
   1.46537     13.845714     13.918813
   1.42467     13.642103     13.853803
   1.38396     13.554074     13.740029
   1.34326     13.792368     13.873130
   1.30255     14.047980     14.130060
   1.26185     13.926384     13.916899
   1.22114     14.374528     14.399454
   1.18044     13.911558     13.757984
   1.13973     13.854763     13.896814
   1.09903     13.758475     13.731409
   1.05832     13.767469     13.857152
   1.01762     13.813423     13.799241
   0.97691     13.984469     13.972566
   0.93621     14.133596     14.123653
   0.89550     14.198073     14.150498
   0.85480     14.106159     14.212988
   0.81409     14.140057     14.263279
   0.77339     14.150974     14.206565
   0.77339     14.150971     14.206617
   0.73269     13.882201     13.879418
   0.69198     13.778060     13.785159
   0.65128     13.650235     13.643756
   0.61057     13.787347     13.549843
   0.56987     13.632853     13.733293
   0.52916     13.417314     13.438317
   0.48846     13.359153     13.487096
   0.44775     13.307397     13.444578
   0.40705     13.303324     13.324782
   0.36634     13.328960     13.347627
   0.32564     13.091264     13.056759
   0.28493     12.925305     12.882057
   0.24423     12.918288     12.867212
   0.20352     12.936531     12.867928
   0.16282     13.484241     12.803541
   0.12211     13.534481     13.502326
   0.08141     13.549435     13.543234
   0.04070     13.568323     13.574932
   0.00000     13.682997     13.682765
 
# Band-Index   55
   0.00000     13.759571     13.767753
   0.04070     13.712752     13.749654
   0.08141     13.737770     13.809058
   0.12211     13.591361     13.546984
   0.16282     13.532482     13.483029
   0.20352     13.499936     13.494877
   0.24423     13.461228     13.474123
   0.28493     13.360137     13.431768
   0.32564     13.212373     13.387135
   0.36634     14.132076     14.148672
   0.40705     13.539717     13.509046
   0.44775     13.437644     13.595720
   0.48846     13.597962     13.695683
   0.52916     13.584836     13.866210
   0.56987     13.773857     13.793250
   0.61057     13.870453     13.883676
   0.65128     13.705377     13.672580
   0.69198     14.212485     14.189099
   0.73269     14.236997     14.245857
   0.77339     14.374876     14.331332
   0.77339     14.374863     14.331336
   0.81409     14.417813     14.297377
   0.85480     14.327782     14.359989
   0.89550     14.245640     14.292195
   0.93621     14.248288     14.197007
   0.97691     14.220689     14.125523
   1.01762     14.084115     14.008342
   1.05832     13.944721     13.880196
   1.09903     13.810341     13.758656
   1.13973     14.133862     14.265256
   1.18044     14.123024     14.155085
   1.22114     14.466851     14.482013
   1.26185     14.331958     14.400180
   1.30255     14.090275     14.525014
   1.34326     13.816638     14.402802
   1.38396     13.662904     14.279489
   1.42467     13.807958     14.166218
   1.46537     13.924367     14.074585
   1.50608     14.201393     14.018383
   1.54678     13.984763     13.992554
   1.54678     13.984837     13.992306
   1.58748     14.011793     14.220553
   1.62819     14.071890     14.407517
   1.66889     14.233853     14.646577
   1.70960     14.620871     14.847811
   1.75030     14.943747     14.999430
   1.79101     14.962162     15.180003
   1.83171     14.719460     15.345500
   1.87242     15.396813     15.582865
   1.91312     16.003042     15.827048
   1.95383     16.082785     16.029587
   1.99453     16.112139     16.202960
   2.03524     15.766335     16.096733
   2.07594     16.168445     15.910279
   2.11665     15.884244     15.756497
   2.15735     15.652414     15.466959
   2.19806     16.144846     15.288678
   2.23876     16.193267     15.325566
   2.27946     16.262536     15.229012
   2.32017     16.505323     15.302144
   2.32017     16.505323     15.302144
   2.36087     15.348420     15.211043
   2.40158     14.940308     15.292181
   2.44228     14.645913     15.183706
   2.48299     14.270695     15.082592
   2.52369     14.462820     15.029999
   2.56440     14.607236     14.784173
   2.60510     14.829171     15.157833
   2.64581     15.192064     15.478532
   2.68651     15.127025     15.593319
   2.72722     15.158038     15.451940
   2.76792     14.851056     15.569915
   2.80863     14.795753     15.434958
   2.84933     14.976295     14.903050
   2.89004     15.031289     14.645217
   2.93074     14.609297     14.457482
   2.97145     14.518963     14.350149
   3.01215     14.790685     14.451642
   3.05285     14.707510     14.574443
   3.09356     14.628157     14.628967
   3.09356     14.628157     14.628967
   3.15112     14.494314     14.649744
   3.20869     14.606333     14.692460
   3.26626     14.209278     14.185183
   3.32382     14.447714     14.878169
   3.38139     14.615086     14.682274
   3.43895     14.754955     14.793452
   3.49652     14.844093     14.873426
   3.55408     14.843798     14.862319
   3.61165     14.898888     14.833296
   3.66921     14.912400     14.794573
   3.72678     14.888814     14.745530
   3.78434     14.975134     14.945330
   3.84191     14.862743     14.906957
   3.89947     14.622543     14.640475
   3.95704     14.517158     14.492408
   4.01460     14.310048     14.230173
   4.07217     14.079824     14.042602
   4.12973     13.839537     14.284342
   4.18730     13.984837     13.992306
 
# Band-Index   56
   4.18730     13.990231     13.993084
   4.12973     14.256152     14.322562
   4.07217     14.195029     14.301899
   4.01460     14.359083     14.255467
   3.95704     14.830629     14.836441
   3.89947     15.249462     15.293242
   3.84191     14.977506     15.027166
   3.78434     15.007057     15.064681
   3.72678     14.999290     14.927437
   3.66921     14.958830     14.960244
   3.61165     14.905525     15.000162
   3.55408     14.928169     15.010724
   3.49652     15.133950     15.155905
   3.43895     15.182393     15.345423
   3.38139     15.198323     15.403198
   3.32382     15.123962     15.286413
   3.26626     15.002440     14.283084
   3.20869     14.959379     15.015335
   3.15112     14.873949     14.888947
   3.09356     15.015311     14.874687
   3.09356     15.015310     14.874687
   3.05285     14.833327     14.855094
   3.01215     14.869265     14.948162
   2.97145     14.736758     15.049188
   2.93074     14.946213     15.133644
   2.89004     15.118182     15.171257
   2.84933     15.391350     15.026931
   2.80863     15.494678     15.755515
   2.76792     15.342984     15.667653
   2.72722     15.559963     15.708251
   2.68651     15.553670     15.829656
   2.64581     15.683383     15.577571
   2.60510     15.304735     15.195433
   2.56440     14.883991     14.835942
   2.52369     14.806577     15.137469
   2.48299     15.022073     15.903091
   2.44228     15.200677     15.288246
   2.40158     15.239163     15.394272
   2.36087     15.461187     15.429859
   2.32017     16.522553     15.642144
   2.32017     16.522554     15.642144
   2.27946     16.459800     15.454558
   2.23876     16.309099     15.484398
   2.19806     16.163180     15.837513
   2.15735     16.066792     15.885997
   2.11665     16.098010     15.827314
   2.07594     16.228851     15.964818
   2.03524     16.157088     16.268639
   1.99453     16.209317     16.381832
   1.95383     16.179589     16.063137
   1.91312     16.021229     16.140064
   1.87242     15.411608     15.922539
   1.83171     15.177726     15.723983
   1.79101     14.995013     15.498120
   1.75030     15.043766     15.087149
   1.70960     14.678442     15.051810
   1.66889     14.367420     14.840331
   1.62819     14.315121     14.663996
   1.58748     14.100426     14.309793
   1.54678     13.990231     13.993084
   1.54678     13.990083     13.992988
   1.50608     14.278685     14.235771
   1.46537     14.304848     14.090418
   1.42467     14.496860     14.250730
   1.38396     14.735598     14.506679
   1.34326     14.734740     14.560643
   1.30255     14.536283     14.570863
   1.26185     14.357968     14.517091
   1.22114     14.616952     14.753093
   1.18044     14.713605     14.441075
   1.13973     14.985458     14.982026
   1.09903     13.997265     14.111132
   1.05832     15.117606     15.044067
   1.01762     14.093080     14.072634
   0.97691     14.952108     14.930764
   0.93621     14.320635     14.297749
   0.89550     14.301004     14.325506
   0.85480     14.462699     14.419185
   0.81409     14.515172     14.502406
   0.77339     14.658201     14.631185
   0.77339     14.678473     14.635409
   0.73269     14.433767     14.422975
   0.69198     14.806815     14.751935
   0.65128     13.859138     13.797454
   0.61057     13.943466     13.920974
   0.56987     13.847494     13.874743
   0.52916     13.826158     13.944892
   0.48846     13.687507     13.714297
   0.44775     13.747339     13.689255
   0.40705     13.986908     13.910176
   0.36634     14.177358     14.285892
   0.32564     13.371247     13.458591
   0.28493     13.417182     13.663374
   0.24423     13.532496     13.557634
   0.20352     13.500934     13.510590
   0.16282     13.827275     13.537449
   0.12211     13.900991     13.901259
   0.08141     13.926605     13.959983
   0.04070     13.842454     13.804695
   0.00000     13.916392     13.950474
 
# Band-Index   57
   0.00000     13.961863     14.025900
   0.04070     13.951640     13.946326
   0.08141     14.011002     14.025079
   0.12211     14.178570     13.991511
   0.16282     14.011777     14.031086
   0.20352     13.697183     14.033877
   0.24423     13.560730     13.866930
   0.28493     13.675622     13.675886
   0.32564     13.842057     13.836355
   0.36634     14.224526     14.418165
   0.40705     14.197930     14.242226
   0.44775     13.902265     13.846253
   0.48846     14.180753     14.195044
   0.52916     14.253848     14.183879
   0.56987     14.094355     13.983820
   0.61057     13.962747     13.955893
   0.65128     13.944089     13.948841
   0.69198     15.262579     15.366663
   0.73269     14.617338     14.593132
   0.77339     14.686025     14.692181
   0.77339     14.668552     14.676019
   0.81409     14.865914     14.759670
   0.85480     14.509317     14.454698
   0.89550     14.550925     14.606390
   0.93621     14.665948     14.747588
   0.97691     15.035622     15.165223
   1.01762     15.053361     15.108410
   1.05832     15.281718     15.218362
   1.09903     14.982880     14.966086
   1.13973     15.084573     15.165232
   1.18044     14.761731     14.804404
   1.22114     14.873260     15.029090
   1.26185     14.739990     14.618115
   1.30255     14.906355     14.963102
   1.34326     14.993406     14.864275
   1.38396     14.734618     14.561696
   1.42467     14.611294     14.416374
   1.46537     14.325140     14.322433
   1.50608     14.663521     14.659632
   1.54678     14.169942     14.170611
   1.54678     14.171066     14.170753
   1.58748     14.260291     15.144058
   1.62819     14.561771     14.801543
   1.66889     14.902992     14.987609
   1.70960     15.040701     15.264475
   1.75030     15.046523     15.489558
   1.79101     15.349536     15.637611
   1.83171     15.555904     15.830671
   1.87242     15.765877     16.023312
   1.91312     16.265659     16.217105
   1.95383     16.281465     16.354446
   1.99453     16.532449     16.516456
   2.03524     16.303158     16.671433
   2.07594     16.329746     16.095944
   2.11665     16.204420     16.111972
   2.15735     16.112663     16.042729
   2.19806     16.623210     15.821287
   2.23876     16.774461     15.584497
   2.27946     17.040491     15.963919
   2.32017     16.752956     16.346971
   2.32017     16.752956     16.346971
   2.36087     16.058639     16.042511
   2.40158     15.402545     16.147272
   2.44228     15.442007     16.147870
   2.48299     15.521528     16.448356
   2.52369     15.562754     16.143020
   2.56440     15.976974     16.110776
   2.60510     15.929850     15.814780
   2.64581     15.813100     15.764514
   2.68651     15.750887     15.940118
   2.72722     15.787435     16.131243
   2.76792     15.714473     16.073753
   2.80863     15.637691     15.912955
   2.84933     15.420136     15.656872
   2.89004     15.134519     15.602387
   2.93074     15.107625     15.540811
   2.97145     15.068853     15.375897
   3.01215     15.038715     15.314712
   3.05285     14.984250     15.181141
   3.09356     15.132872     15.125026
   3.09356     15.132872     15.125026
   3.15112     15.050833     14.979056
   3.20869     15.037307     15.024709
   3.26626     15.301181     15.174628
   3.32382     15.487610     15.993492
   3.38139     15.244658     16.212378
   3.43895     15.251138     16.311316
   3.49652     16.191017     16.206899
   3.55408     15.794798     15.828190
   3.61165     15.572871     15.378199
   3.66921     15.397441     14.981840
   3.72678     15.105528     15.019472
   3.78434     15.340202     15.379455
   3.84191     15.612705     15.666883
   3.89947     15.321172     15.422460
   3.95704     14.934388     14.942273
   4.01460     14.746378     14.845118
   4.07217     14.320181     14.537928
   4.12973     14.312568     14.667682
   4.18730     14.171066     14.170753
 
# Band-Index   58
   4.18730     15.006705     15.010595
   4.12973     14.656889     15.182169
   4.07217     14.478098     14.768265
   4.01460     15.091122     15.081368
   3.95704     15.289151     15.312816
   3.89947     15.553960     15.554829
   3.84191     15.662077     15.762476
   3.78434     15.902750     15.934535
   3.72678     15.682553     15.320036
   3.66921     15.953827     15.426586
   3.61165     15.836772     15.813935
   3.55408     16.075279     16.114822
   3.49652     16.214160     16.226589
   3.43895     15.910845     16.322662
   3.38139     15.318180     16.399673
   3.32382     15.858861     16.747155
   3.26626     15.718133     15.332558
   3.20869     15.636543     15.649129
   3.15112     15.290244     15.268399
   3.09356     15.296119     15.289857
   3.09356     15.296119     15.289857
   3.05285     15.442412     15.362858
   3.01215     15.649405     15.518757
   2.97145     15.768153     15.634045
   2.93074     15.881478     15.736788
   2.89004     15.831027     15.641457
   2.84933     15.946699     15.718381
   2.80863     16.080233     16.565205
   2.76792     16.080539     16.528689
   2.72722     15.999360     16.313411
   2.68651     15.988924     15.965689
   2.64581     15.895465     15.808478
   2.60510     16.112431     16.064124
   2.56440     16.061454     16.104968
   2.52369     15.959150     16.244068
   2.48299     16.186407     16.682766
   2.44228     16.387679     16.655770
   2.40158     16.041330     16.958164
   2.36087     16.578566     16.221366
   2.32017     17.379380     16.492654
   2.32017     17.379379     16.492654
   2.27946     17.558350     16.262349
   2.23876     17.455335     16.360275
   2.19806     17.441847     16.408294
   2.15735     17.072781     16.471824
   2.11665     17.072333     16.406361
   2.07594     17.036555     16.773395
   2.03524     16.422585     16.695509
   1.99453     16.798740     16.533297
   1.95383     16.520401     16.570023
   1.91312     16.294319     16.374114
   1.87242     15.818420     16.180735
   1.83171     15.602695     16.064980
   1.79101     15.374893     15.881510
   1.75030     15.465302     15.594014
   1.70960     15.303048     15.377784
   1.66889     14.943687     15.344512
   1.62819     14.771357     15.204784
   1.58748     15.113100     15.298436
   1.54678     15.006705     15.010595
   1.54678     15.007425     15.004337
   1.50608     14.876797     14.937355
   1.46537     14.746355     14.815702
   1.42467     14.789867     14.846082
   1.38396     14.962391     14.860759
   1.34326     14.998731     14.967761
   1.30255     14.982580     14.983999
   1.26185     14.817488     14.829623
   1.22114     15.235449     15.414169
   1.18044     14.988899     15.046451
   1.13973     15.696233     15.873855
   1.09903     15.263569     15.267067
   1.05832     15.436089     15.342862
   1.01762     15.246381     15.142939
   0.97691     15.213713     15.389172
   0.93621     15.003531     15.164713
   0.89550     14.973375     15.016304
   0.85480     14.957780     14.964430
   0.81409     14.981366     14.999747
   0.77339     14.723470     14.727782
   0.77339     14.981442     14.978442
   0.73269     14.653076     14.643957
   0.69198     15.454745     15.403269
   0.65128     14.328015     14.446222
   0.61057     13.974366     14.080406
   0.56987     14.253452     14.001423
   0.52916     14.321199     14.274899
   0.48846     14.463613     14.334003
   0.44775     14.161662     14.195507
   0.40705     14.533210     14.555779
   0.36634     15.272681     15.066887
   0.32564     14.271273     14.316323
   0.28493     14.283898     14.328752
   0.24423     14.248315     14.288727
   0.20352     14.148761     14.178733
   0.16282     14.319210     14.102166
   0.12211     14.352296     14.164761
   0.08141     14.372222     14.282336
   0.04070     14.419438     14.363503
   0.00000     14.508339     14.506564
 
# Band-Index   59
   0.00000     14.912335     14.940937
   0.04070     14.673372     14.791011
   0.08141     14.604795     14.797850
   0.12211     14.476543     14.214384
   0.16282     14.409182     14.341900
   0.20352     14.355770     14.449453
   0.24423     14.379633     14.466043
   0.28493     14.377988     14.511520
   0.32564     14.361922     14.532598
   0.36634     15.604316     15.298043
   0.40705     14.973250     14.803852
   0.44775     14.546417     14.563966
   0.48846     14.744445     14.830940
   0.52916     14.635963     14.463253
   0.56987     14.311654     14.444571
   0.61057     14.080723     14.085918
   0.65128     14.428744     15.096142
   0.69198     15.645119     15.652462
   0.73269     15.079357     15.039183
   0.77339     15.236435     15.118330
   0.77339     14.936167     14.927169
   0.81409     15.249236     15.108300
   0.85480     14.986618     15.054266
   0.89550     15.042094     15.123679
   0.93621     15.076069     15.257043
   0.97691     15.496737     15.478133
   1.01762     15.465820     15.470123
   1.05832     15.522823     15.485901
   1.09903     15.272784     15.345473
   1.13973     15.846764     15.884479
   1.18044     15.036759     15.132057
   1.22114     15.381061     15.596415
   1.26185     14.968166     15.054561
   1.30255     15.061022     15.150270
   1.34326     15.107399     15.122496
   1.38396     15.393872     15.228868
   1.42467     15.510924     15.236468
   1.46537     15.367991     15.145956
   1.50608     15.231764     15.122466
   1.54678     15.029217     15.039130
   1.54678     15.026559     15.039380
   1.58748     15.127348     15.585805
   1.62819     15.130491     15.413591
   1.66889     15.314485     15.381139
   1.70960     15.333593     15.539777
   1.75030     15.469536     15.823022
   1.79101     15.820186     16.024142
   1.83171     15.995955     16.289809
   1.87242     16.104169     16.716609
   1.91312     16.438027     16.712078
   1.95383     16.638948     16.587243
   1.99453     16.960527     16.777189
   2.03524     16.640656     17.062868
   2.07594     17.615614     17.329620
   2.11665     17.829990     16.597757
   2.15735     18.238028     16.484021
   2.19806     18.443743     16.775976
   2.23876     18.580891     16.969478
   2.27946     18.662327     17.479659
   2.32017     18.647534     17.683342
   2.32017     18.647534     17.683342
   2.36087     17.455461     17.470338
   2.40158     16.285190     17.224949
   2.44228     16.499781     17.057032
   2.48299     16.454836     17.856740
   2.52369     16.166736     17.823498
   2.56440     16.965797     17.595115
   2.60510     16.252822     16.541621
   2.64581     16.065029     16.907777
   2.68651     16.073308     16.938121
   2.72722     16.388829     16.404790
   2.76792     16.169991     16.671778
   2.80863     16.130622     16.638214
   2.84933     16.123638     15.964067
   2.89004     16.064992     15.898861
   2.93074     15.943570     15.785175
   2.97145     15.995945     15.920872
   3.01215     16.136197     16.090293
   3.05285     16.216641     16.251401
   3.09356     16.632024     16.249738
   3.09356     16.632024     16.249738
   3.15112     15.980258     16.105974
   3.20869     15.942800     15.930138
   3.26626     15.820186     15.798005
   3.32382     15.904680     16.855657
   3.38139     16.049831     16.488469
   3.43895     16.247187     16.378874
   3.49652     16.528074     16.535134
   3.55408     16.250633     16.249647
   3.61165     15.993931     16.067532
   3.66921     16.758147     16.045924
   3.72678     15.948811     16.067866
   3.78434     15.985756     16.060784
   3.84191     15.777274     15.891200
   3.89947     15.567942     15.581266
   3.95704     15.651384     15.587678
   4.01460     15.327902     15.247947
   4.07217     14.960056     15.274772
   4.12973     14.804931     15.530140
   4.18730     15.026559     15.039380
 
# Band-Index   60
   4.18730     15.200982     15.197592
   4.12973     15.126835     15.907072
   4.07217     15.147311     15.662871
   4.01460     15.373102     15.430727
   3.95704     15.667187     15.729144
   3.89947     15.847228     15.966780
   3.84191     15.951093     16.070389
   3.78434     16.295743     16.238039
   3.72678     16.423983     16.425545
   3.66921     17.010799     16.794483
   3.61165     16.812014     16.829668
   3.55408     16.891093     16.667479
   3.49652     16.931585     16.546060
   3.43895     16.297620     16.642258
   3.38139     16.235618     16.769740
   3.32382     16.081126     17.065328
   3.26626     15.980941     15.992719
   3.20869     16.023730     16.029179
   3.15112     16.202742     16.189653
   3.09356     16.880311     16.859574
   3.09356     16.880311     16.859574
   3.05285     16.904780     16.282987
   3.01215     17.006345     16.144946
   2.97145     17.080852     16.107823
   2.93074     17.139510     16.118363
   2.89004     16.902932     16.236500
   2.84933     16.685245     16.426087
   2.80863     16.675987     16.898629
   2.76792     16.703697     16.704259
   2.72722     16.427912     16.829318
   2.68651     16.608667     16.947127
   2.64581     16.958721     17.104067
   2.60510     17.116885     17.441014
   2.56440     17.163711     17.637368
   2.52369     16.812544     17.833847
   2.48299     16.563749     18.050531
   2.44228     16.766611     17.923586
   2.40158     16.563361     17.839224
   2.36087     18.282270     17.575192
   2.32017     19.196889     18.053876
   2.32017     19.196887     18.053876
   2.27946     19.492615     17.656435
   2.23876     19.087301     17.993942
   2.19806     18.659089     18.520805
   2.15735     18.255708     18.168941
   2.11665     18.050022     17.747981
   2.07594     17.766918     17.607761
   2.03524     16.826496     17.333678
   1.99453     17.205163     17.151696
   1.95383     17.084891     16.908034
   1.91312     17.021382     17.120491
   1.87242     16.258326     16.789277
   1.83171     16.180530     16.500612
   1.79101     15.989740     16.145520
   1.75030     15.849130     16.044898
   1.70960     15.465891     16.047527
   1.66889     15.323045     15.973522
   1.62819     15.196535     15.863598
   1.58748     15.632365     15.919786
   1.54678     15.200982     15.197592
   1.54678     15.066080     15.311523
   1.50608     15.832795     15.806545
   1.46537     15.720990     15.673970
   1.42467     15.586529     15.460345
   1.38396     15.548676     15.368710
   1.34326     15.240832     15.351446
   1.30255     15.252589     15.293521
   1.26185     15.402273     15.163889
   1.22114     15.609008     15.771095
   1.18044     15.830077     15.768947
   1.13973     16.197552     16.187810
   1.09903     15.490035     15.375208
   1.05832     15.892888     16.048569
   1.01762     15.520241     15.576219
   0.97691     15.632163     15.755776
   0.93621     15.292765     15.331958
   0.89550     15.048768     15.125338
   0.85480     15.088305     15.067819
   0.81409     15.294764     15.331903
   0.77339     14.956756     14.950945
   0.77339     15.309599     15.231484
   0.73269     15.117627     15.127036
   0.69198     15.943541     15.981879
   0.65128     15.159950     15.306356
   0.61057     14.999749     15.009160
   0.56987     14.740628     14.664428
   0.52916     14.725173     14.865559
   0.48846     14.800605     14.862109
   0.44775     14.653358     14.636487
   0.40705     15.769216     15.532005
   0.36634     15.697163     15.654803
   0.32564     14.492875     14.541077
   0.28493     14.766903     14.775949
   0.24423     14.793221     14.730591
   0.20352     14.587839     14.545099
   0.16282     14.425643     14.369701
   0.12211     14.799621     14.596441
   0.08141     14.872356     14.875571
   0.04070     14.803190     14.907328
   0.00000     15.246555     15.252983
 
# Band-Index   61
   0.00000     15.431121     15.518410
   0.04070     15.274860     15.126598
   0.08141     15.421441     15.215537
   0.12211     15.588398     15.073026
   0.16282     15.450992     14.985819
   0.20352     14.606532     14.995675
   0.24423     14.812012     14.741486
   0.28493     15.019206     14.957480
   0.32564     15.285162     15.226572
   0.36634     15.819259     15.851428
   0.40705     15.813969     15.742799
   0.44775     14.715795     14.758358
   0.48846     15.133590     15.275015
   0.52916     14.780556     15.483542
   0.56987     14.766562     14.752952
   0.61057     15.079162     15.028561
   0.65128     15.247842     15.777542
   0.69198     16.050853     16.130933
   0.73269     15.121599     15.196668
   0.77339     15.573984     15.579121
   0.77339     15.192063     15.146016
   0.81409     15.685024     15.663783
   0.85480     15.137022     15.148441
   0.89550     15.350785     15.373491
   0.93621     15.551950     15.611611
   0.97691     15.813518     15.932297
   1.01762     15.877586     15.937299
   1.05832     16.115455     16.182022
   1.09903     15.769101     15.788657
   1.13973     16.282570     16.403816
   1.18044     15.899842     15.875697
   1.22114     16.008506     15.870138
   1.26185     15.543010     15.423206
   1.30255     15.556889     15.422629
   1.34326     15.363017     15.397224
   1.38396     16.020906     15.931868
   1.42467     15.976969     15.916922
   1.46537     15.944878     15.907349
   1.50608     15.946666     15.921134
   1.54678     15.501878     15.555932
   1.54678     15.509552     15.568573
   1.58748     15.734720     15.967077
   1.62819     15.555203     15.932684
   1.66889     15.524502     16.139270
   1.70960     15.821555     16.120968
   1.75030     16.052206     16.209665
   1.79101     16.133792     16.542089
   1.83171     16.256941     16.944922
   1.87242     16.706085     17.195270
   1.91312     17.204349     17.308141
   1.95383     17.481276     17.750922
   1.99453     17.658007     17.548345
   2.03524     16.949111     17.357650
   2.07594     17.798880     17.697595
   2.11665     18.296360     17.977677
   2.15735     18.765777     18.342484
   2.19806     19.179136     18.690631
   2.23876     19.578281     19.073551
   2.27946     20.003587     19.533376
   2.32017     20.107780     19.902963
   2.32017     20.107780     19.902963
   2.36087     19.661938     19.502430
   2.40158     17.148325     19.103381
   2.44228     16.875217     18.770508
   2.48299     17.213903     18.530084
   2.52369     17.016504     18.520291
   2.56440     17.353235     18.468964
   2.60510     17.451612     17.562051
   2.64581     17.382061     17.316909
   2.68651     17.219072     17.151560
   2.72722     17.127267     17.264492
   2.76792     16.868081     17.356554
   2.80863     16.973647     17.489503
   2.84933     17.146051     16.810340
   2.89004     17.184685     16.981743
   2.93074     17.194709     17.093604
   2.97145     17.409950     17.241302
   3.01215     17.533863     17.411954
   3.05285     17.579782     17.500180
   3.09356     17.619086     17.532817
   3.09356     17.619086     17.532817
   3.15112     17.443063     17.278369
   3.20869     17.273213     17.333283
   3.26626     17.021027     17.044848
   3.32382     16.698972     17.358950
   3.38139     16.389844     17.351329
   3.43895     16.496818     17.238628
   3.49652     17.281306     16.969474
   3.55408     17.104746     17.156086
   3.61165     17.306611     17.023962
   3.66921     17.585036     17.023550
   3.72678     17.005204     16.697038
   3.78434     16.502062     16.460251
   3.84191     16.030066     16.097593
   3.89947     16.117988     16.248939
   3.95704     15.909603     16.000619
   4.01460     15.818142     15.993784
   4.07217     15.381731     15.841999
   4.12973     15.654830     15.955258
   4.18730     15.509552     15.568573
 
# Band-Index   62
   4.18730     15.879068     15.931673
   4.12973     15.709304     16.376713
   4.07217     15.853088     16.201545
   4.01460     16.415466     16.577847
   3.95704     16.331425     16.347797
   3.89947     16.232215     16.494394
   3.84191     16.278895     16.653321
   3.78434     16.859279     16.899268
   3.72678     17.017631     17.373844
   3.66921     17.835095     17.797353
   3.61165     17.519668     17.657682
   3.55408     17.647777     17.258774
   3.49652     17.799263     17.331508
   3.43895     16.529266     17.383696
   3.38139     16.634913     17.610755
   3.32382     16.960144     17.964361
   3.26626     17.288591     17.284936
   3.20869     17.554744     17.349708
   3.15112     17.868126     17.480558
   3.09356     17.907034     17.951536
   3.09356     17.907034     17.951536
   3.05285     17.866733     17.943904
   3.01215     17.735099     17.856259
   2.97145     17.540353     17.702110
   2.93074     17.388878     17.473018
   2.89004     17.281073     17.234835
   2.84933     17.218823     17.088888
   2.80863     17.298787     17.669268
   2.76792     17.299561     17.827977
   2.72722     17.539510     18.119068
   2.68651     17.665128     18.436976
   2.64581     17.712337     18.776052
   2.60510     17.626034     18.838619
   2.56440     17.628070     19.457455
   2.52369     17.976049     19.672984
   2.48299     17.235777     19.935753
   2.44228     17.224673     19.416701
   2.40158     17.234911     19.645942
   2.36087     20.276536     19.906869
   2.32017     20.538950     20.061655
   2.32017     20.538950     20.061655
   2.27946     20.358868     19.576632
   2.23876     19.943206     19.181627
   2.19806     19.510907     18.807097
   2.15735     19.061107     18.405767
   2.11665     18.590898     17.992825
   2.07594     18.135537     18.189711
   2.03524     17.309774     18.570298
   1.99453     17.967768     18.073765
   1.95383     17.990216     18.044042
   1.91312     17.476052     17.680219
   1.87242     16.887223     17.367593
   1.83171     16.500567     17.188374
   1.79101     16.208831     16.955177
   1.75030     16.088020     16.678036
   1.70960     15.990535     16.419248
   1.66889     15.937304     16.244707
   1.62819     15.904197     16.147047
   1.58748     15.971335     16.339449
   1.54678     15.879068     15.931673
   1.54678     15.876493     15.931973
   1.50608     16.342139     16.435524
   1.46537     16.267038     16.319176
   1.42467     16.199034     16.297116
   1.38396     16.093541     15.997776
   1.34326     16.053896     16.029118
   1.30255     15.782765     15.993357
   1.26185     15.923444     15.549277
   1.22114     16.195982     16.098496
   1.18044     16.228080     16.107907
   1.13973     16.334178     16.456090
   1.09903     16.158210     16.106829
   1.05832     16.229270     16.223448
   1.01762     15.917968     16.084903
   0.97691     15.932447     15.976051
   0.93621     15.863272     15.827091
   0.89550     15.695326     15.657420
   0.85480     15.237796     15.243261
   0.81409     15.917284     15.897973
   0.77339     15.237366     15.258782
   0.77339     15.867848     15.905268
   0.73269     15.216198     15.213593
   0.69198     16.175269     16.526219
   0.65128     15.463278     16.135988
   0.61057     15.280071     15.302395
   0.56987     15.198832     15.231447
   0.52916     15.029798     16.382326
   0.48846     15.180636     15.843700
   0.44775     15.500223     15.243404
   0.40705     15.892801     15.888903
   0.36634     16.019058     15.982811
   0.32564     15.286231     15.236923
   0.28493     15.057408     15.012750
   0.24423     15.011327     14.979160
   0.20352     15.169379     15.280065
   0.16282     15.668179     15.436835
   0.12211     15.907304     15.077507
   0.08141     15.921550     15.909554
   0.04070     15.943428     15.964602
   0.00000     16.157752     16.162761
 
# Band-Index   63
   0.00000     17.173374     17.205763
   0.04070     16.174042     16.204835
   0.08141     16.101419     16.112154
   0.12211     15.926895     15.840880
   0.16282     15.782767     15.833838
   0.20352     15.788208     15.864071
   0.24423     15.582113     15.640812
   0.28493     15.838073     15.572446
   0.32564     15.574845     15.399976
   0.36634     16.274830     16.350777
   0.40705     15.958191     15.896054
   0.44775     15.593748     15.661159
   0.48846     16.140659     16.211891
   0.52916     16.101889     16.610613
   0.56987     15.660004     15.746707
   0.61057     15.888459     16.003033
   0.65128     15.820036     16.262552
   0.69198     16.525831     16.753810
   0.73269     15.541396     15.515462
   0.77339     15.900777     16.687167
   0.77339     15.466150     15.403522
   0.81409     15.922450     16.584067
   0.85480     15.525374     15.499450
   0.89550     15.835616     15.900278
   0.93621     15.879208     15.909473
   0.97691     16.008612     16.010370
   1.01762     15.989939     16.094336
   1.05832     16.412833     16.480053
   1.09903     16.182473     16.280828
   1.13973     16.452162     16.777554
   1.18044     16.249177     16.252318
   1.22114     16.269366     16.337755
   1.26185     16.097362     15.661258
   1.30255     16.045308     16.160605
   1.34326     16.130860     16.054035
   1.38396     16.122683     16.219220
   1.42467     16.240582     16.359808
   1.46537     16.337274     16.496388
   1.50608     16.370105     16.481235
   1.54678     15.917213     15.976199
   1.54678     15.917422     15.982366
   1.58748     16.039142     16.392519
   1.62819     16.231720     16.320332
   1.66889     16.323442     16.599647
   1.70960     16.180274     16.914591
   1.75030     16.194498     17.056112
   1.79101     16.490091     17.220471
   1.83171     16.808994     17.388307
   1.87242     17.033789     17.376710
   1.91312     17.964306     17.842158
   1.95383     18.223573     18.258609
   1.99453     18.522312     18.533117
   2.03524     17.399407     18.699581
   2.07594     18.791208     18.978134
   2.11665     19.062813     19.092492
   2.15735     19.431372     19.305027
   2.19806     19.903079     19.644158
   2.23876     20.363648     20.020320
   2.27946     20.830661     20.451824
   2.32017     20.568718     20.655722
   2.32017     20.568718     20.655722
   2.36087     20.293599     20.363765
   2.40158     18.598898     20.151981
   2.44228     18.697950     20.036802
   2.48299     18.283556     20.353707
   2.52369     18.520224     20.007838
   2.56440     18.574469     19.742411
   2.60510     18.704829     19.104263
   2.64581     18.289023     18.990304
   2.68651     17.825091     18.759976
   2.72722     17.612354     18.465395
   2.76792     17.515691     18.257288
   2.80863     17.455222     18.168469
   2.84933     17.411310     17.665011
   2.89004     17.473188     17.722875
   2.93074     17.657360     17.868119
   2.97145     17.916325     18.030039
   3.01215     18.231112     18.229002
   3.05285     18.532792     18.389993
   3.09356     18.617795     18.486736
   3.09356     18.617795     18.486736
   3.15112     18.299921     17.822559
   3.20869     17.676379     17.650516
   3.26626     17.507868     17.398307
   3.32382     17.289212     18.243451
   3.38139     17.235976     18.193279
   3.43895     17.201440     18.120195
   3.49652     18.104521     18.151283
   3.55408     18.254810     18.282368
   3.61165     18.278779     18.345103
   3.66921     18.055072     17.954510
   3.72678     17.712364     17.516301
   3.78434     17.170099     16.990692
   3.84191     16.636048     16.781232
   3.89947     16.370393     16.647208
   3.95704     16.378247     16.417203
   4.01460     16.544590     16.724273
   4.07217     16.278673     16.588765
   4.12973     15.966593     16.568535
   4.18730     15.917422     15.982366
 
# Band-Index   64
   4.18730     16.403973     16.403891
   4.12973     16.348675     17.532272
   4.07217     16.401968     16.984702
   4.01460     16.559206     16.862650
   3.95704     16.475291     16.602473
   3.89947     16.641321     17.188179
   3.84191     16.645405     17.521173
   3.78434     17.871705     17.897633
   3.72678     17.943264     17.986148
   3.66921     18.335628     18.048110
   3.61165     18.531965     18.350119
   3.55408     18.809730     18.496773
   3.49652     18.892110     18.393324
   3.43895     17.686504     18.323331
   3.38139     17.539621     18.497258
   3.32382     17.812915     18.972532
   3.26626     18.006590     17.509740
   3.20869     17.902694     17.883739
   3.15112     18.769678     18.208719
   3.09356     18.850324     18.850182
   3.09356     18.850324     18.850182
   3.05285     18.741501     18.721876
   3.01215     18.543229     18.343743
   2.97145     18.318073     18.050434
   2.93074     18.111481     18.092609
   2.89004     17.938809     18.017962
   2.84933     17.829797     17.918164
   2.80863     17.790759     19.086703
   2.76792     17.882896     18.977938
   2.72722     18.111913     19.112064
   2.68651     18.396062     19.112947
   2.64581     18.593797     19.121645
   2.60510     18.913560     19.457854
   2.56440     19.456749     20.094928
   2.52369     19.450054     20.312165
   2.48299     18.676788     20.539067
   2.44228     18.720207     20.682128
   2.40158     19.069589     20.884754
   2.36087     21.191163     20.916116
   2.32017     21.369853     20.943549
   2.32017     21.369853     20.943549
   2.27946     21.493854     20.458677
   2.23876     20.930179     20.407912
   2.19806     20.415819     20.078409
   2.15735     19.955951     19.706383
   2.11665     19.543204     19.344317
   2.07594     19.180026     19.240135
   2.03524     17.701913     19.098939
   1.99453     18.572381     18.588209
   1.95383     18.448126     18.664050
   1.91312     18.144838     18.577248
   1.87242     17.283688     17.919271
   1.83171     16.923093     17.500855
   1.79101     16.584281     17.771787
   1.75030     16.819335     17.577436
   1.70960     16.634965     17.084906
   1.66889     16.509080     16.779033
   1.62819     16.347712     16.657282
   1.58748     16.320847     16.605996
   1.54678     16.403973     16.403891
   1.54678     16.403894     16.403881
   1.50608     17.455948     16.712323
   1.46537     17.039164     17.099540
   1.42467     16.666737     16.682819
   1.38396     16.362789     16.354257
   1.34326     16.324064     16.157510
   1.30255     16.168544     16.238442
   1.26185     16.193329     16.005672
   1.22114     16.903005     16.820535
   1.18044     16.360124     16.279053
   1.13973     16.488234     17.350466
   1.09903     16.315904     16.510610
   1.05832     16.504175     16.620884
   1.01762     16.160341     16.258860
   0.97691     16.066191     16.153964
   0.93621     15.903403     16.023348
   0.89550     15.878967     15.960253
   0.85480     15.730294     15.714759
   0.81409     16.748211     16.736016
   0.77339     15.566681     15.572458
   0.77339     16.754415     16.739391
   0.73269     15.665496     15.634236
   0.69198     16.750646     17.129960
   0.65128     15.877829     16.498574
   0.61057     16.082136     16.310688
   0.56987     16.029731     16.515031
   0.52916     16.186807     17.098683
   0.48846     16.204056     16.717592
   0.44775     15.979516     15.910507
   0.40705     15.964883     16.008148
   0.36634     16.741713     16.776366
   0.32564     15.785363     15.823004
   0.28493     16.318965     16.179948
   0.24423     15.923278     15.881585
   0.20352     15.863030     16.156564
   0.16282     15.852984     15.861262
   0.12211     17.157269     15.943079
   0.08141     17.312029     17.501287
   0.04070     17.544476     17.525330
   0.00000     17.669077     17.673604
