#K-Path(1/A)         Spin-Up(eV)   Spin-down(eV)
# NKPTS & NBANDS: 100  64
# Band-Index    1
   0.00000    -14.080775    -14.080798
   0.03941    -14.082483    -14.082704
   0.07882    -14.087551    -14.088357
   0.11823    -14.095812    -14.097570
   0.15764    -14.106999    -14.110038
   0.19705    -14.120754    -14.125357
   0.23646    -14.136647    -14.143044
   0.27587    -14.154195    -14.162553
   0.31528    -14.172876    -14.183303
   0.35469    -14.192153    -14.204694
   0.39410    -14.211489    -14.226129
   0.43351    -14.230361    -14.247030
   0.47292    -14.248276    -14.266852
   0.51233    -14.264778    -14.285097
   0.55174    -14.279460    -14.301317
   0.59114    -14.291968    -14.315127
   0.63055    -14.302007    -14.326206
   0.66996    -14.309346    -14.334302
   0.70937    -14.313816    -14.339232
   0.74878    -14.315318    -14.340888
   0.74878    -14.315318    -14.340888
   0.78819    -14.317322    -14.342690
   0.82760    -14.323265    -14.348040
   0.86701    -14.332948    -14.356758
   0.90642    -14.346050    -14.368562
   0.94583    -14.362143    -14.383073
   0.98524    -14.380715    -14.399835
   1.02465    -14.401193    -14.418336
   1.06406    -14.422963    -14.438027
   1.10347    -14.445395    -14.458339
   1.14288    -14.467863    -14.478706
   1.18229    -14.489762    -14.498579
   1.22170    -14.510523    -14.517438
   1.26111    -14.529624    -14.534805
   1.30052    -14.546601    -14.550253
   1.33993    -14.561050    -14.563411
   1.37934    -14.572640    -14.573971
   1.41875    -14.581107    -14.581689
   1.45816    -14.586263    -14.586390
   1.49757    -14.587994    -14.587969
   1.49757    -14.587994    -14.587969
   1.53698    -14.586415    -14.586238
   1.57639    -14.581713    -14.581081
   1.61580    -14.573994    -14.572614
   1.65521    -14.563432    -14.561024
   1.69462    -14.550272    -14.546573
   1.73402    -14.534821    -14.529596
   1.77343    -14.517451    -14.510494
   1.81284    -14.498589    -14.489732
   1.85225    -14.478712    -14.467831
   1.89166    -14.458341    -14.445362
   1.93107    -14.438026    -14.422928
   1.97048    -14.418332    -14.401157
   2.00989    -14.399827    -14.380678
   2.04930    -14.383062    -14.362104
   2.08871    -14.368548    -14.346010
   2.12812    -14.356742    -14.332908
   2.16753    -14.348022    -14.323224
   2.20694    -14.342672    -14.317280
   2.24635    -14.340868    -14.315276
   2.24635    -14.340868    -14.315276
   2.28576    -14.339213    -14.313775
   2.32517    -14.334282    -14.309305
   2.36458    -14.326187    -14.301968
   2.40399    -14.315107    -14.291932
   2.44340    -14.301297    -14.279427
   2.48281    -14.285077    -14.264749
   2.52222    -14.266832    -14.248252
   2.56163    -14.247009    -14.230342
   2.60104    -14.226107    -14.211474
   2.64045    -14.204672    -14.192144
   2.67986    -14.183281    -14.172872
   2.71927    -14.162531    -14.154196
   2.75868    -14.143022    -14.136654
   2.79809    -14.125335    -14.120765
   2.83750    -14.110015    -14.107014
   2.87690    -14.097547    -14.095830
   2.91631    -14.088335    -14.087572
   2.95572    -14.082681    -14.082505
   2.99513    -14.080775    -14.080798
   2.99513    -14.080775    -14.080798
   3.05087    -14.084390    -14.084412
   3.10660    -14.095122    -14.095142
   3.16233    -14.112641    -14.112659
   3.21807    -14.136411    -14.136426
   3.27380    -14.165711    -14.165722
   3.32954    -14.199666    -14.199673
   3.38527    -14.237274    -14.237276
   3.44100    -14.277446    -14.277445
   3.49674    -14.319043    -14.319037
   3.55247    -14.360908    -14.360898
   3.60820    -14.401902    -14.401889
   3.66394    -14.440935    -14.440919
   3.71967    -14.476990    -14.476972
   3.77541    -14.509147    -14.509127
   3.83114    -14.536602    -14.536579
   3.88687    -14.558676    -14.558652
   3.94261    -14.574833    -14.574808
   3.99834    -14.584684    -14.584659
   4.05407    -14.587994    -14.587969
 
# Band-Index    2
   4.05407    -14.244351    -14.244407
   3.99834    -14.242370    -14.242426
   3.94261    -14.236482    -14.236538
   3.88687    -14.226845    -14.226900
   3.83114    -14.213717    -14.213772
   3.77541    -14.197453    -14.197507
   3.71967    -14.178495    -14.178549
   3.66394    -14.157358    -14.157411
   3.60820    -14.134621    -14.134673
   3.55247    -14.110906    -14.110958
   3.49674    -14.086866    -14.086917
   3.44100    -14.063161    -14.063212
   3.38527    -14.040443    -14.040493
   3.32954    -14.019334    -14.019384
   3.27380    -14.000409    -14.000459
   3.21807    -13.984181    -13.984231
   3.16233    -13.971088    -13.971137
   3.10660    -13.961478    -13.961528
   3.05087    -13.955609    -13.955659
   2.99513    -13.953636    -13.953686
   2.99513    -13.953636    -13.953686
   2.95572    -13.954624    -13.954670
   2.91631    -13.957557    -13.957595
   2.87690    -13.962346    -13.962370
   2.83750    -13.968845    -13.968849
   2.79809    -13.976857    -13.976838
   2.75868    -13.986145    -13.986098
   2.71927    -13.996436    -13.996358
   2.67986    -14.007433    -14.007323
   2.64045    -14.018825    -14.018683
   2.60104    -14.030297    -14.030123
   2.56163    -14.041537    -14.041331
   2.52222    -14.052246    -14.052009
   2.48281    -14.062143    -14.061879
   2.44340    -14.070974    -14.070686
   2.40399    -14.078518    -14.078209
   2.36458    -14.084586    -14.084261
   2.32517    -14.089029    -14.088691
   2.28576    -14.091738    -14.091393
   2.24635    -14.092649    -14.092301
   2.24635    -14.092649    -14.092301
   2.20694    -14.093732    -14.093387
   2.16753    -14.096947    -14.096612
   2.12812    -14.102195    -14.101874
   2.08871    -14.109315    -14.109012
   2.04930    -14.118088    -14.117808
   2.00989    -14.128251    -14.127999
   1.97048    -14.139504    -14.139281
   1.93107    -14.151521    -14.151330
   1.89166    -14.163961    -14.163803
   1.85225    -14.176478    -14.176354
   1.81284    -14.188733    -14.188641
   1.77343    -14.200400    -14.200340
   1.73402    -14.211177    -14.211145
   1.69462    -14.220787    -14.220781
   1.65521    -14.228992    -14.229007
   1.61580    -14.235589    -14.235622
   1.57639    -14.240418    -14.240463
   1.53698    -14.243362    -14.243415
   1.49757    -14.244351    -14.244407
   1.49757    -14.244351    -14.244407
   1.45816    -14.243359    -14.243417
   1.41875    -14.240407    -14.240473
   1.37934    -14.235566    -14.235645
   1.33993    -14.228953    -14.229048
   1.30052    -14.220727    -14.220843
   1.26111    -14.211091    -14.211233
   1.22170    -14.200287    -14.200456
   1.18229    -14.188590    -14.188789
   1.14288    -14.176303    -14.176534
   1.10347    -14.163753    -14.164017
   1.06406    -14.151282    -14.151577
   1.02465    -14.139234    -14.139560
   0.98524    -14.127952    -14.128307
   0.94583    -14.117762    -14.118143
   0.90642    -14.108966    -14.109370
   0.86701    -14.101829    -14.102251
   0.82760    -14.096567    -14.097003
   0.78819    -14.093343    -14.093787
   0.74878    -14.092257    -14.092704
   0.74878    -14.092257    -14.092704
   0.70937    -14.091349    -14.091794
   0.66996    -14.088647    -14.089084
   0.63055    -14.084216    -14.084641
   0.59114    -14.078165    -14.078573
   0.55174    -14.070641    -14.071029
   0.51233    -14.061834    -14.062197
   0.47292    -14.051964    -14.052300
   0.43351    -14.041285    -14.041591
   0.39410    -14.030076    -14.030350
   0.35469    -14.018636    -14.018878
   0.31528    -14.007276    -14.007485
   0.27587    -13.996310    -13.996487
   0.23646    -13.986050    -13.986196
   0.19705    -13.976789    -13.976908
   0.15764    -13.968800    -13.968895
   0.11823    -13.962320    -13.962396
   0.07882    -13.957545    -13.957607
   0.03941    -13.954621    -13.954674
   0.00000    -13.953636    -13.953686
 
# Band-Index    3
   0.00000     -5.532261     -5.533027
   0.03941     -5.534820     -5.523922
   0.07882     -5.542406     -5.497089
   0.11823     -5.554750     -5.454237
   0.15764     -5.571420     -5.424883
   0.19705     -5.591847     -5.437823
   0.23646     -5.615357     -5.452855
   0.27587     -5.641200     -5.469540
   0.31528     -5.668587     -5.487405
   0.35469     -5.696715     -5.505946
   0.39410     -5.724796     -5.524645
   0.43351     -5.752082     -5.542991
   0.47292     -5.777875     -5.560492
   0.51233     -5.801542     -5.576683
   0.55174     -5.822528     -5.599435
   0.59114     -5.840355     -5.631587
   0.63055     -5.854629     -5.657215
   0.66996     -5.865045     -5.675842
   0.70937     -5.871383     -5.687144
   0.74878     -5.873510     -5.690933
   0.74878     -5.873510     -5.690933
   0.78819     -5.864996     -5.701237
   0.82760     -5.840431     -5.722017
   0.86701     -5.803499     -5.747008
   0.90642     -5.763431     -5.775700
   0.94583     -5.738390     -5.808039
   0.98524     -5.744162     -5.843611
   1.02465     -5.775875     -5.881685
   1.06406     -5.821409     -5.921335
   1.10347     -5.872984     -5.961560
   1.14288     -5.926246     -6.001341
   1.18229     -5.978487     -6.039701
   1.22170     -6.027832     -6.075737
   1.26111     -6.072883     -6.108631
   1.30052     -6.112570     -6.137672
   1.33993     -6.146065     -6.162255
   1.37934     -6.172731     -6.181884
   1.41875     -6.192101     -6.196178
   1.45816     -6.203849     -6.204864
   1.49757     -6.207785     -6.207777
   1.49757     -6.207785     -6.207777
   1.53698     -6.204872     -6.203839
   1.57639     -6.196184     -6.192087
   1.61580     -6.181888     -6.172710
   1.65521     -6.162254     -6.146033
   1.69462     -6.137667     -6.112526
   1.73402     -6.108620     -6.072823
   1.77343     -6.075720     -6.027755
   1.81284     -6.039678     -5.978393
   1.85225     -6.001310     -5.926137
   1.89166     -5.961522     -5.872870
   1.93107     -5.921291     -5.821311
   1.97048     -5.881635     -5.775844
   2.00989     -5.843558     -5.744312
   2.04930     -5.807985     -5.738886
   2.08871     -5.775648     -5.764282
   2.12812     -5.746960     -5.804542
   2.16753     -5.721970     -5.841556
   2.20694     -5.701166     -5.866152
   2.24635     -5.690817     -5.874675
   2.24635     -5.690817     -5.874675
   2.28576     -5.687030     -5.872546
   2.32517     -5.675732     -5.866202
   2.36458     -5.657112     -5.855776
   2.40399     -5.631494     -5.841486
   2.44340     -5.599356     -5.823641
   2.48281     -5.577131     -5.802633
   2.52222     -5.560923     -5.778941
   2.56163     -5.543402     -5.753119
   2.60104     -5.525034     -5.725802
   2.64045     -5.506312     -5.697688
   2.67986     -5.487747     -5.669527
   2.71927     -5.469858     -5.642107
   2.75868     -5.453148     -5.616232
   2.79809     -5.438094     -5.592692
   2.83750     -5.425133     -5.572238
   2.87690     -5.453527     -5.555546
   2.91631     -5.496345     -5.543185
   2.95572     -5.523161     -5.535589
   2.99513     -5.532261     -5.533027
   2.99513     -5.532261     -5.533027
   3.05087     -5.525792     -5.526555
   3.10660     -5.507413     -5.508163
   3.16233     -5.480607     -5.481308
   3.21807     -5.452594     -5.453176
   3.27380     -5.436290     -5.436666
   3.32954     -5.448064     -5.448210
   3.38527     -5.493506     -5.493506
   3.44100     -5.562921     -5.562862
   3.49674     -5.644765     -5.644691
   3.55247     -5.731288     -5.731216
   3.60820     -5.817512     -5.817449
   3.66394     -5.899957     -5.899905
   3.71967     -5.975996     -5.975955
   3.77541     -6.043557     -6.043525
   3.83114     -6.100987     -6.100964
   3.88687     -6.146976     -6.146959
   3.94261     -6.180526     -6.180514
   3.99834     -6.200936     -6.200927
   4.05407     -6.207785     -6.207777
 
# Band-Index    4
   4.05407     -3.969382     -3.969395
   3.99834     -3.978868     -3.978926
   3.94261     -4.006824     -4.006985
   3.88687     -4.051446     -4.051712
   3.83114     -4.109528     -4.109878
   3.77541     -4.176979     -4.177388
   3.71967     -4.285933     -4.286749
   3.66394     -4.442400     -4.443259
   3.60820     -4.590055     -4.590943
   3.55247     -4.726069     -4.726977
   3.49674     -4.848293     -4.849209
   3.44100     -4.955382     -4.956270
   3.38527     -5.048917     -5.049642
   3.32954     -5.136138     -5.136499
   3.27380     -5.217247     -5.217321
   3.21807     -5.285287     -5.285201
   3.16233     -5.337160     -5.336992
   3.10660     -5.372935     -5.372735
   3.05087     -5.393752     -5.393544
   2.99513     -5.400576     -5.400367
   2.99513     -5.400576     -5.400367
   2.95572     -5.402168     -5.392043
   2.91631     -5.406897     -5.367506
   2.87690     -5.414623     -5.328298
   2.83750     -5.398764     -5.277997
   2.79809     -5.341783     -5.224921
   2.75868     -5.303021     -5.185969
   2.71927     -5.301872     -5.176275
   2.67986     -5.330972     -5.190006
   2.64045     -5.374281     -5.215171
   2.60104     -5.422664     -5.244989
   2.56163     -5.471552     -5.276048
   2.52222     -5.518340     -5.306379
   2.48281     -5.561338     -5.334668
   2.44340     -5.591598     -5.359966
   2.40399     -5.603972     -5.381551
   2.36458     -5.613926     -5.398873
   2.32517     -5.621217     -5.411527
   2.28576     -5.625664     -5.419230
   2.24635     -5.627159     -5.421817
   2.24635     -5.627159     -5.421817
   2.20694     -5.610480     -5.425970
   2.16753     -5.570672     -5.437256
   2.12812     -5.513953     -5.451445
   2.08871     -5.440770     -5.458538
   2.04930     -5.351172     -5.439489
   2.00989     -5.245669     -5.377454
   1.97048     -5.125264     -5.276461
   1.93107     -4.991380     -5.148307
   1.89166     -4.845832     -5.000864
   1.85225     -4.690835     -4.839033
   1.81284     -4.529053     -4.666618
   1.77343     -4.363691     -4.487279
   1.73402     -4.243090     -4.305035
   1.69462     -4.158538     -4.132999
   1.65521     -4.085766     -4.069387
   1.61580     -4.029003     -4.021895
   1.57639     -3.992127     -3.991057
   1.53698     -3.974279     -3.974520
   1.49757     -3.969382     -3.969395
   1.49757     -3.969382     -3.969395
   1.45816     -3.974450     -3.974289
   1.41875     -3.990818     -3.992143
   1.37934     -4.021406     -4.029054
   1.33993     -4.068657     -4.085855
   1.30052     -4.132112     -4.158656
   1.26111     -4.303986     -4.243229
   1.22170     -4.486201     -4.363325
   1.18229     -4.665529     -4.528673
   1.14288     -4.837949     -4.690440
   1.10347     -4.999806     -4.845424
   1.06406     -5.147302     -4.990962
   1.02465     -5.275567     -5.124837
   0.98524     -5.376787     -5.245237
   0.94583     -5.439215     -5.350737
   0.90642     -5.458665     -5.440337
   0.86701     -5.451804     -5.513524
   0.82760     -5.437728     -5.570244
   0.78819     -5.426494     -5.610029
   0.74878     -5.422357     -5.626663
   0.74878     -5.422357     -5.626663
   0.70937     -5.419769     -5.625169
   0.66996     -5.412060     -5.620726
   0.63055     -5.399399     -5.613442
   0.59114     -5.382066     -5.603497
   0.55174     -5.360467     -5.591136
   0.51233     -5.335152     -5.561401
   0.47292     -5.306844     -5.518385
   0.43351     -5.276492     -5.471574
   0.39410     -5.245408     -5.422665
   0.35469     -5.215564     -5.374264
   0.31528     -5.190367     -5.330957
   0.27587     -5.176590     -5.301923
   0.23646     -5.186218     -5.303270
   0.19705     -5.225117     -5.342275
   0.15764     -5.278180     -5.399404
   0.11823     -5.328487     -5.414390
   0.07882     -5.367705     -5.406677
   0.03941     -5.392249     -5.401957
   0.00000     -5.400576     -5.400367
 
# Band-Index    5
   0.00000     -4.931792     -4.931580
   0.03941     -4.934363     -4.936618
   0.07882     -4.941635     -4.951041
   0.11823     -4.952066     -4.972554
   0.15764     -4.962107     -4.996267
   0.19705     -4.963556     -5.011600
   0.23646     -4.939790     -4.997290
   0.27587     -4.876235     -4.933226
   0.31528     -4.850856     -4.847010
   0.35469     -4.881777     -4.888459
   0.39410     -4.912320     -4.928972
   0.43351     -4.941701     -4.967573
   0.47292     -4.969223     -5.003421
   0.51233     -4.994273     -5.035809
   0.55174     -5.016330     -5.064146
   0.59114     -5.034957     -5.087951
   0.63055     -5.049802     -5.106843
   0.66996     -5.060596     -5.120538
   0.70937     -5.067148     -5.128834
   0.74878     -5.069345     -5.131612
   0.74878     -5.069345     -5.131612
   0.78819     -5.062380     -5.124585
   0.82760     -5.041616     -5.103625
   0.86701     -5.007442     -5.069102
   0.90642     -4.960512     -5.021634
   0.94583     -4.901744     -4.962089
   0.98524     -4.832330     -4.891593
   1.02465     -4.753736     -4.811535
   1.06406     -4.667720     -4.723573
   1.10347     -4.576335     -4.629651
   1.14288     -4.481933     -4.531996
   1.18229     -4.387174     -4.433124
   1.22170     -4.295035     -4.335841
   1.26111     -4.208812     -4.198267
   1.30052     -4.123710     -4.038232
   1.33993     -3.951520     -3.924818
   1.37934     -3.869082     -3.918120
   1.41875     -3.881043     -3.907585
   1.45816     -3.888294     -3.896094
   1.49757     -3.890722     -3.891054
   1.49757     -3.890722     -3.891054
   1.53698     -3.895762     -3.888621
   1.57639     -3.907270     -3.881357
   1.61580     -3.917853     -3.869375
   1.65521     -3.924610     -3.952439
   1.69462     -4.038571     -4.124709
   1.73402     -4.198619     -4.209771
   1.77343     -4.335687     -4.296009
   1.81284     -4.432957     -4.388133
   1.85225     -4.531818     -4.482862
   1.89166     -4.629464     -4.577229
   1.93107     -4.723378     -4.668579
   1.97048     -4.811333     -4.754562
   2.00989     -4.891386     -4.833127
   2.04930     -4.961878     -4.902517
   2.08871     -5.021419     -4.961265
   2.12812     -5.068884     -5.008180
   2.16753     -5.103405     -5.042343
   2.20694     -5.124364     -5.063101
   2.24635     -5.131391     -5.070063
   2.24635     -5.131391     -5.070063
   2.28576     -5.128615     -5.067867
   2.32517     -5.120327     -5.061315
   2.36458     -5.106646     -5.050522
   2.40399     -5.087773     -5.035678
   2.44340     -5.063993     -5.017053
   2.48281     -5.035688     -4.994997
   2.52222     -5.003337     -4.969948
   2.56163     -4.967531     -4.942428
   2.60104     -4.928981     -4.913047
   2.64045     -4.888524     -4.882504
   2.67986     -4.847136     -4.851583
   2.71927     -4.932515     -4.876252
   2.75868     -4.996815     -4.939703
   2.79809     -5.011409     -4.963386
   2.83750     -4.996264     -4.961902
   2.87690     -4.972657     -4.951852
   2.91631     -4.951207     -4.941420
   2.95572     -4.936819     -4.934151
   2.99513     -4.931792     -4.931580
   2.99513     -4.931792     -4.931580
   3.05087     -4.939395     -4.939194
   3.10660     -4.961047     -4.960877
   3.16233     -4.992880     -4.992767
   3.21807     -5.026817     -5.026793
   3.27380     -5.047672     -5.047750
   3.32954     -5.033637     -5.033718
   3.38527     -4.970103     -4.970026
   3.44100     -4.865453     -4.865327
   3.49674     -4.737718     -4.737627
   3.55247     -4.596432     -4.596384
   3.60820     -4.446616     -4.446602
   3.66394     -4.322836     -4.323301
   3.71967     -4.249458     -4.249903
   3.77541     -4.124513     -4.125264
   3.83114     -3.963655     -3.964312
   3.88687     -3.924528     -3.925040
   3.94261     -3.904139     -3.904532
   3.99834     -3.893817     -3.894154
   4.05407     -3.890722     -3.891054
 
# Band-Index    6
   4.05407     -3.827310     -3.828555
   3.99834     -3.831052     -3.832235
   3.94261     -3.840762     -3.841753
   3.88687     -3.852621     -3.853334
   3.83114     -3.957005     -3.957610
   3.77541     -4.000625     -4.001245
   3.71967     -4.138244     -4.138271
   3.66394     -4.292417     -4.292428
   3.60820     -4.393509     -4.393981
   3.55247     -4.458550     -4.459021
   3.49674     -4.515796     -4.516260
   3.44100     -4.563865     -4.564320
   3.38527     -4.602192     -4.602642
   3.32954     -4.631040     -4.631495
   3.27380     -4.651543     -4.652023
   3.21807     -4.665749     -4.666289
   3.16233     -4.676410     -4.677038
   3.10660     -4.685638     -4.686334
   3.05087     -4.692779     -4.693493
   2.99513     -4.695520     -4.696233
   2.99513     -4.695520     -4.696233
   2.95572     -4.689637     -4.699246
   2.91631     -4.672144     -4.708151
   2.87690     -4.668873     -4.722565
   2.83750     -4.696227     -4.741889
   2.79809     -4.729107     -4.765353
   2.75868     -4.766138     -4.792081
   2.71927     -4.805928     -4.821137
   2.67986     -4.825666     -4.779715
   2.64045     -4.692561     -4.663304
   2.60104     -4.543140     -4.535481
   2.56163     -4.383403     -4.401840
   2.52222     -4.218126     -4.267090
   2.48281     -4.070976     -4.135838
   2.44340     -4.031770     -4.068236
   2.40399     -4.000838     -4.056664
   2.36458     -3.977542     -4.048276
   2.32517     -3.961292     -4.042543
   2.28576     -3.951686     -4.039190
   2.24635     -3.948505     -4.038084
   2.24635     -3.948505     -4.038084
   2.20694     -3.948382     -4.037141
   2.16753     -3.948015     -4.034335
   2.12812     -3.947412     -4.029720
   2.08871     -3.946588     -4.023393
   2.04930     -3.945559     -4.015481
   2.00989     -3.944346     -4.006146
   1.97048     -3.942972     -3.995575
   1.93107     -3.941460     -3.983971
   1.89166     -3.939827     -3.971545
   1.85225     -3.938079     -3.958490
   1.81284     -3.936202     -3.944958
   1.77343     -3.934147     -3.931000
   1.73402     -3.931785     -3.916498
   1.69462     -3.928821     -3.901072
   1.65521     -3.889392     -3.884137
   1.61580     -3.814995     -3.865580
   1.57639     -3.821785     -3.847346
   1.53698     -3.825921     -3.833646
   1.49757     -3.827310     -3.828555
   1.49757     -3.827310     -3.828555
   1.45816     -3.832462     -3.827167
   1.41875     -3.846347     -3.823035
   1.37934     -3.864854     -3.816250
   1.33993     -3.883676     -3.889061
   1.30052     -3.900793     -3.928976
   1.26111     -3.916313     -3.931890
   1.22170     -3.930846     -3.934205
   1.18229     -3.944797     -3.936211
   1.14288     -3.958302     -3.938040
   1.10347     -3.971316     -3.939741
   1.06406     -3.983698     -3.941328
   1.02465     -3.995255     -3.942796
   0.98524     -4.005782     -3.944129
   0.94583     -4.015076     -3.945306
   0.90642     -4.022953     -3.946303
   0.86701     -4.029252     -3.947103
   0.82760     -4.033846     -3.947688
   0.78819     -4.036639     -3.948043
   0.74878     -4.037577     -3.948163
   0.74878     -4.037577     -3.948163
   0.70937     -4.038690     -3.951367
   0.66996     -4.042064     -3.961045
   0.63055     -4.047833     -3.977412
   0.59114     -4.056274     -4.000867
   0.55174     -4.067919     -4.031991
   0.51233     -4.135149     -4.071399
   0.47292     -4.266539     -4.218936
   0.43351     -4.401415     -4.384237
   0.39410     -4.535171     -4.543985
   0.35469     -4.663097     -4.693404
   0.31528     -4.779602     -4.826478
   0.27587     -4.820411     -4.805736
   0.23646     -4.791356     -4.765879
   0.19705     -4.764631     -4.728779
   0.15764     -4.741170     -4.695835
   0.11823     -4.721848     -4.668426
   0.07882     -4.707436     -4.672870
   0.03941     -4.698532     -4.690354
   0.00000     -4.695520     -4.696233
 
# Band-Index    7
   0.00000     -4.631143     -4.630612
   0.03941     -4.624882     -4.634964
   0.07882     -4.606262     -4.647783
   0.11823     -4.575777     -4.644219
   0.15764     -4.534285     -4.605205
   0.19705     -4.483075     -4.556893
   0.23646     -4.423988     -4.500711
   0.27587     -4.359630     -4.438426
   0.31528     -4.293697     -4.372169
   0.35469     -4.231152     -4.304413
   0.39410     -4.177412     -4.237898
   0.43351     -4.135742     -4.175412
   0.47292     -4.105472     -4.119382
   0.51233     -4.083745     -4.052820
   0.55174     -4.012011     -3.891194
   0.59114     -3.902031     -3.740350
   0.63055     -3.810071     -3.658506
   0.66996     -3.740610     -3.633132
   0.70937     -3.697311     -3.617258
   0.74878     -3.682598     -3.611859
   0.74878     -3.682598     -3.611859
   0.78819     -3.681902     -3.613435
   0.82760     -3.679829     -3.618114
   0.86701     -3.676408     -3.625741
   0.90642     -3.671699     -3.636070
   0.94583     -3.665781     -3.648772
   0.98524     -3.658759     -3.663449
   1.02465     -3.650764     -3.679656
   1.06406     -3.642574     -3.696912
   1.10347     -3.678657     -3.714721
   1.14288     -3.713934     -3.732586
   1.18229     -3.747562     -3.750025
   1.22170     -3.778811     -3.766582
   1.26111     -3.807058     -3.781834
   1.30052     -3.831786     -3.795406
   1.33993     -3.852570     -3.806969
   1.37934     -3.795619     -3.757978
   1.41875     -3.667145     -3.653662
   1.45816     -3.580319     -3.585588
   1.49757     -3.562154     -3.561821
   1.49757     -3.562154     -3.561821
   1.53698     -3.585921     -3.580862
   1.57639     -3.653991     -3.667817
   1.61580     -3.758306     -3.796428
   1.65521     -3.805706     -3.852829
   1.69462     -3.794134     -3.832004
   1.73402     -3.780551     -3.807225
   1.77343     -3.765286     -3.778916
   1.81284     -3.748716     -3.747593
   1.85225     -3.731262     -3.713882
   1.89166     -3.713381     -3.678510
   1.93107     -3.695557     -3.642768
   1.97048     -3.678286     -3.651685
   2.00989     -3.662064     -3.659780
   2.04930     -3.647373     -3.666889
   2.08871     -3.634660     -3.672879
   2.12812     -3.624321     -3.677644
   2.16753     -3.616687     -3.681106
   2.20694     -3.612004     -3.683203
   2.24635     -3.610426     -3.683907
   2.24635     -3.610426     -3.683907
   2.28576     -3.615856     -3.698596
   2.32517     -3.631821     -3.741824
   2.36458     -3.657343     -3.811177
   2.40399     -3.739707     -3.903005
   2.44340     -3.890476     -4.012843
   2.48281     -4.052047     -4.083962
   2.52222     -4.118775     -4.105555
   2.56163     -4.174663     -4.135653
   2.60104     -4.237064     -4.177135
   2.64045     -4.303543     -4.230721
   2.67986     -4.371298     -4.293175
   2.71927     -4.437574     -4.359070
   2.75868     -4.499888     -4.423419
   2.79809     -4.556100     -4.482511
   2.83750     -4.604439     -4.533730
   2.87690     -4.643476     -4.575231
   2.91631     -4.648276     -4.605724
   2.95572     -4.635485     -4.624349
   2.99513     -4.631143     -4.630612
   2.99513     -4.631143     -4.630612
   3.05087     -4.629049     -4.628528
   3.10660     -4.621230     -4.620761
   3.16233     -4.604171     -4.603822
   3.21807     -4.575673     -4.575478
   3.27380     -4.536403     -4.536343
   3.32954     -4.488165     -4.488210
   3.38527     -4.432772     -4.432905
   3.44100     -4.371981     -4.372194
   3.49674     -4.307594     -4.307883
   3.55247     -4.241497     -4.241863
   3.60820     -4.175675     -4.176118
   3.66394     -4.112180     -4.112697
   3.71967     -4.053111     -4.053693
   3.77541     -3.989201     -3.989235
   3.83114     -3.863595     -3.864063
   3.88687     -3.811577     -3.812098
   3.94261     -3.680849     -3.681172
   3.99834     -3.590683     -3.590611
   4.05407     -3.562154     -3.561821
 
# Band-Index    8
   4.05407     -3.549187     -3.549675
   3.99834     -3.575358     -3.575656
   3.94261     -3.637605     -3.637668
   3.88687     -3.731610     -3.731643
   3.83114     -3.851325     -3.851358
   3.77541     -3.873574     -3.873890
   3.71967     -3.883604     -3.883836
   3.66394     -3.894476     -3.894664
   3.60820     -3.906614     -3.906779
   3.55247     -3.920187     -3.920340
   3.49674     -3.935178     -3.935326
   3.44100     -3.951419     -3.951566
   3.38527     -3.968603     -3.968750
   3.32954     -3.986275     -3.986425
   3.27380     -4.003816     -4.003970
   3.21807     -4.020427     -4.020586
   3.16233     -4.035121     -4.035287
   3.10660     -4.046790     -4.046962
   3.05087     -4.054345     -4.054523
   2.99513     -4.056967     -4.057147
   2.99513     -4.056967     -4.057147
   2.95572     -4.055270     -4.056187
   2.91631     -4.050187     -4.053283
   2.87690     -4.041744     -4.048355
   2.83750     -4.029976     -4.041230
   2.79809     -4.014917     -4.031579
   2.75868     -3.996582     -4.018798
   2.71927     -3.974950     -4.001790
   2.67986     -3.949933     -3.978635
   2.64045     -3.921367     -3.946404
   2.60104     -3.889050     -3.901987
   2.56163     -3.852905     -3.844694
   2.52222     -3.813318     -3.777981
   2.48281     -3.771531     -3.707595
   2.44340     -3.729747     -3.639088
   2.40399     -3.690758     -3.577011
   2.36458     -3.607329     -3.524967
   2.32517     -3.502240     -3.485751
   2.28576     -3.433873     -3.461393
   2.24635     -3.410042     -3.453133
   2.24635     -3.410042     -3.453133
   2.20694     -3.411018     -3.456949
   2.16753     -3.413915     -3.468187
   2.12812     -3.418648     -3.486254
   2.08871     -3.425079     -3.510247
   2.04930     -3.433020     -3.539057
   2.00989     -3.442242     -3.571476
   1.97048     -3.452480     -3.606287
   1.93107     -3.463445     -3.642323
   1.89166     -3.474830     -3.633219
   1.85225     -3.486320     -3.623259
   1.81284     -3.497603     -3.613141
   1.77343     -3.508377     -3.603146
   1.73402     -3.518353     -3.593575
   1.69462     -3.527270     -3.584744
   1.65521     -3.534899     -3.576969
   1.61580     -3.541043     -3.570552
   1.57639     -3.545544     -3.565754
   1.53698     -3.548285     -3.562768
   1.49757     -3.549187     -3.549675
   1.49757     -3.549187     -3.549675
   1.45816     -3.563086     -3.548773
   1.41875     -3.566027     -3.546030
   1.37934     -3.570750     -3.541524
   1.33993     -3.577071     -3.535374
   1.30052     -3.584729     -3.527736
   1.26111     -3.593432     -3.518809
   1.22170     -3.602867     -3.508822
   1.18229     -3.612724     -3.498036
   1.14288     -3.622705     -3.486740
   1.10347     -3.632533     -3.475236
   1.06406     -3.641960     -3.463838
   1.02465     -3.606650     -3.452859
   0.98524     -3.571958     -3.442609
   0.94583     -3.539656     -3.433376
   0.90642     -3.510959     -3.425425
   0.86701     -3.487067     -3.418986
   0.82760     -3.469079     -3.414247
   0.78819     -3.457892     -3.411345
   0.74878     -3.454094     -3.410369
   0.74878     -3.454094     -3.410369
   0.70937     -3.462343     -3.434234
   0.66996     -3.486669     -3.502686
   0.63055     -3.525832     -3.607878
   0.59114     -3.577803     -3.691726
   0.55174     -3.639785     -3.730486
   0.51233     -3.708171     -3.772032
   0.47292     -3.778405     -3.813602
   0.43351     -3.844932     -3.853023
   0.39410     -3.902030     -3.889066
   0.35469     -3.946289     -3.921339
   0.31528     -3.978428     -3.949903
   0.27587     -4.001547     -3.974942
   0.23646     -4.018552     -3.996609
   0.19705     -4.031344     -4.014984
   0.15764     -4.041011     -4.030081
   0.11823     -4.048152     -4.041880
   0.07882     -4.053092     -4.050347
   0.03941     -4.056005     -4.055445
   0.00000     -4.056967     -4.057147
 
# Band-Index    9
   0.00000     -2.017230     -2.026761
   0.03941     -2.013760     -2.021232
   0.07882     -2.003495     -2.004934
   0.11823     -1.986857     -1.978689
   0.15764     -1.968457     -1.943768
   0.19705     -1.963682     -1.908182
   0.23646     -1.958175     -1.884836
   0.27587     -1.952121     -1.863992
   0.31528     -1.945728     -1.849627
   0.35469     -1.939214     -1.846692
   0.39410     -1.932802     -1.845713
   0.43351     -1.926704     -1.843803
   0.47292     -1.921107     -1.844506
   0.51233     -1.916164     -1.858870
   0.55174     -1.911978     -1.882870
   0.59114     -1.908601     -1.912653
   0.63055     -1.906039     -1.944931
   0.66996     -1.904261     -1.974972
   0.70937     -1.903220     -1.996783
   0.74878     -1.902878     -2.004831
   0.74878     -1.902878     -2.004831
   0.78819     -1.899733     -2.005872
   0.82760     -1.890719     -2.008988
   0.86701     -1.877028     -2.014156
   0.90642     -1.860444     -2.021342
   0.94583     -1.843103     -2.030506
   0.98524     -1.827262     -2.041606
   1.02465     -1.815175     -2.054613
   1.06406     -1.809168     -2.069517
   1.10347     -1.811981     -2.086343
   1.14288     -1.827160     -2.105165
   1.18229     -1.858245     -2.126117
   1.22170     -1.905808     -2.149391
   1.26111     -1.966524     -2.175185
   1.30052     -2.036035     -2.203551
   1.33993     -2.110285     -2.234043
   1.37934     -2.184425     -2.265121
   1.41875     -2.251054     -2.293492
   1.45816     -2.299278     -2.314095
   1.49757     -2.317211     -2.321729
   1.49757     -2.317211     -2.321729
   1.53698     -2.309494     -2.303746
   1.57639     -2.288656     -2.255418
   1.61580     -2.259940     -2.188710
   1.65521     -2.228466     -2.114587
   1.69462     -2.197582     -2.040514
   1.73402     -2.168866     -1.971407
   1.77343     -2.142780     -1.911369
   1.81284     -2.119273     -1.864653
   1.85225     -2.098139     -1.834262
   1.89166     -2.079177     -1.819446
   1.93107     -2.062245     -1.816775
   1.97048     -2.047260     -1.822842
   2.00989     -2.034193     -1.834967
   2.04930     -2.023047     -1.850843
   2.08871     -2.013851     -1.868215
   2.12812     -2.006641     -1.884825
   2.16753     -2.001458     -1.898536
   2.20694     -1.998333     -1.907563
   2.24635     -1.997289     -1.910713
   2.24635     -1.997289     -1.910713
   2.28576     -1.989268     -1.911053
   2.32517     -1.967519     -1.912089
   2.36458     -1.937546     -1.913857
   2.40399     -1.905318     -1.916401
   2.44340     -1.875554     -1.919752
   2.48281     -1.851492     -1.923904
   2.52222     -1.836362     -1.928804
   2.56163     -1.834455     -1.934350
   2.60104     -1.836370     -1.940392
   2.64045     -1.837658     -1.946745
   2.67986     -1.841712     -1.953199
   2.71927     -1.856668     -1.959534
   2.75868     -1.877577     -1.965534
   2.79809     -1.900945     -1.970994
   2.83750     -1.934189     -1.975728
   2.87690     -1.969135     -1.996484
   2.91631     -1.995394     -2.013069
   2.95572     -2.011700     -2.023302
   2.99513     -2.017230     -2.026761
   2.99513     -2.017230     -2.026761
   3.05087     -2.008246     -2.017790
   3.10660     -1.981887     -1.991470
   3.16233     -1.940846     -1.949491
   3.21807     -1.916845     -1.924120
   3.27380     -1.891290     -1.898590
   3.32954     -1.867263     -1.874581
   3.38527     -1.847597     -1.854930
   3.44100     -1.834542     -1.841888
   3.49674     -1.829686     -1.837041
   3.55247     -1.834172     -1.841517
   3.60820     -1.849094     -1.856376
   3.66394     -1.875967     -1.883085
   3.71967     -1.917115     -1.923910
   3.77541     -1.975206     -1.981489
   3.83114     -2.050738     -2.056394
   3.88687     -2.138344     -2.143432
   3.94261     -2.225128     -2.229844
   3.99834     -2.291713     -2.296267
   4.05407     -2.317211     -2.321729
 
# Band-Index   10
   4.05407     -1.901356     -1.910802
   3.99834     -1.896751     -1.906193
   3.94261     -1.883490     -1.892923
   3.88687     -1.862967     -1.872398
   3.83114     -1.837004     -1.846445
   3.77541     -1.807791     -1.817250
   3.71967     -1.778034     -1.787519
   3.66394     -1.750815     -1.760339
   3.60820     -1.728959     -1.738526
   3.55247     -1.714441     -1.724033
   3.49674     -1.708127     -1.717696
   3.44100     -1.709699     -1.719183
   3.38527     -1.717797     -1.727131
   3.32954     -1.747635     -1.757582
   3.27380     -1.819510     -1.829344
   3.21807     -1.884683     -1.894414
   3.16233     -1.939845     -1.948093
   3.10660     -1.960392     -1.967614
   3.05087     -1.973137     -1.980340
   2.99513     -1.977561     -1.984758
   2.99513     -1.977561     -1.984758
   2.95572     -1.973759     -1.984170
   2.91631     -1.962761     -1.982425
   2.87690     -1.945730     -1.979581
   2.83750     -1.924419     -1.974205
   2.79809     -1.892140     -1.947075
   2.75868     -1.844747     -1.916069
   2.71927     -1.828961     -1.882226
   2.67986     -1.829990     -1.846608
   2.64045     -1.823544     -1.810256
   2.60104     -1.818841     -1.774161
   2.56163     -1.820186     -1.739248
   2.52222     -1.823826     -1.706363
   2.48281     -1.820745     -1.676267
   2.44340     -1.815090     -1.649631
   2.40399     -1.809063     -1.627029
   2.36458     -1.803519     -1.608942
   2.32517     -1.799082     -1.595749
   2.28576     -1.796220     -1.587722
   2.24635     -1.795232     -1.585028
   2.24635     -1.795232     -1.585028
   2.20694     -1.796022     -1.580923
   2.16753     -1.798366     -1.568831
   2.12812     -1.802182     -1.549388
   2.08871     -1.807338     -1.523565
   2.04930     -1.813664     -1.492557
   2.00989     -1.820950     -1.457671
   1.97048     -1.828968     -1.470590
   1.93107     -1.837472     -1.521973
   1.89166     -1.846212     -1.572841
   1.85225     -1.854946     -1.620166
   1.81284     -1.863437     -1.670965
   1.77343     -1.871469     -1.722365
   1.73402     -1.878844     -1.769333
   1.69462     -1.885390     -1.810761
   1.65521     -1.890958     -1.845819
   1.61580     -1.895425     -1.873824
   1.57639     -1.898693     -1.894230
   1.53698     -1.900686     -1.906639
   1.49757     -1.901356     -1.910802
   1.49757     -1.901356     -1.910802
   1.45816     -1.897204     -1.910140
   1.41875     -1.884827     -1.908171
   1.37934     -1.864469     -1.904943
   1.33993     -1.836527     -1.900530
   1.30052     -1.801544     -1.895028
   1.26111     -1.760205     -1.888560
   1.22170     -1.713379     -1.881274
   1.18229     -1.662946     -1.873339
   1.14288     -1.619951     -1.864951
   1.10347     -1.573534     -1.856325
   1.06406     -1.522758     -1.847693
   1.02465     -1.471340     -1.839295
   0.98524     -1.446866     -1.831380
   0.94583     -1.481667     -1.824186
   0.90642     -1.512592     -1.817942
   0.86701     -1.538338     -1.812853
   0.82760     -1.557719     -1.809087
   0.78819     -1.569772     -1.806773
   0.74878     -1.573863     -1.805993
   0.74878     -1.573863     -1.805993
   0.70937     -1.576568     -1.806961
   0.66996     -1.584628     -1.809766
   0.63055     -1.597876     -1.814109
   0.59114     -1.616037     -1.819525
   0.55174     -1.638731     -1.825389
   0.51233     -1.665475     -1.830798
   0.47292     -1.695690     -1.832928
   0.43351     -1.728702     -1.827895
   0.39410     -1.763749     -1.826363
   0.35469     -1.799979     -1.831180
   0.31528     -1.836465     -1.838551
   0.27587     -1.872210     -1.837924
   0.23646     -1.906171     -1.854410
   0.19705     -1.937284     -1.901754
   0.15764     -1.964504     -1.931641
   0.11823     -1.972341     -1.952941
   0.07882     -1.975210     -1.969964
   0.03941     -1.976968     -1.980957
   0.00000     -1.977561     -1.984758
 
# Band-Index   11
   0.00000     -1.793264     -1.801589
   0.03941     -1.789550     -1.802919
   0.07882     -1.778522     -1.806717
   0.11823     -1.760512     -1.812450
   0.15764     -1.736040     -1.819344
   0.19705     -1.705769     -1.826505
   0.23646     -1.670466     -1.833029
   0.27587     -1.630950     -1.803550
   0.31528     -1.588062     -1.750942
   0.35469     -1.542644     -1.698231
   0.39410     -1.495536     -1.646892
   0.43351     -1.447589     -1.598203
   0.47292     -1.399711     -1.553238
   0.51233     -1.352924     -1.512867
   0.55174     -1.308455     -1.477776
   0.59114     -1.267830     -1.448484
   0.63055     -1.233619     -1.425368
   0.66996     -1.248621     -1.408691
   0.70937     -1.258707     -1.398623
   0.74878     -1.262066     -1.395257
   0.74878     -1.262066     -1.395257
   0.78819     -1.267014     -1.393617
   0.82760     -1.281674     -1.388728
   0.86701     -1.305501     -1.380684
   0.90642     -1.337634     -1.369639
   0.94583     -1.376942     -1.355808
   0.98524     -1.422054     -1.339467
   1.02465     -1.430676     -1.320945
   1.06406     -1.489123     -1.300632
   1.10347     -1.547912     -1.278970
   1.14288     -1.605354     -1.256452
   1.18229     -1.655070     -1.350806
   1.22170     -1.683724     -1.437810
   1.26111     -1.703691     -1.516479
   1.30052     -1.718894     -1.585954
   1.33993     -1.731063     -1.645132
   1.37934     -1.740750     -1.692761
   1.41875     -1.747926     -1.727654
   1.45816     -1.752371     -1.748919
   1.49757     -1.753878     -1.756058
   1.49757     -1.753878     -1.756058
   1.53698     -1.746831     -1.754553
   1.57639     -1.725822     -1.750107
   1.61580     -1.691302     -1.742908
   1.65521     -1.644097     -1.733142
   1.69462     -1.585333     -1.720785
   1.73402     -1.516224     -1.705220
   1.77343     -1.437857     -1.684707
   1.81284     -1.351089     -1.656201
   1.85225     -1.256563     -1.613653
   1.89166     -1.268473     -1.556847
   1.93107     -1.290131     -1.498124
   1.97048     -1.310442     -1.439720
   2.00989     -1.328963     -1.421364
   2.04930     -1.345304     -1.376310
   2.08871     -1.359135     -1.337052
   2.12812     -1.370180     -1.304958
   2.16753     -1.378225     -1.281159
   2.20694     -1.383114     -1.266516
   2.24635     -1.384754     -1.261573
   2.24635     -1.384754     -1.261573
   2.28576     -1.388129     -1.258213
   2.32517     -1.398221     -1.248129
   2.36458     -1.414937     -1.242390
   2.40399     -1.438107     -1.277221
   2.44340     -1.467466     -1.317818
   2.48281     -1.502634     -1.362239
   2.52222     -1.543090     -1.408962
   2.56163     -1.588145     -1.456761
   2.60104     -1.636925     -1.504615
   2.64045     -1.688353     -1.551623
   2.67986     -1.741146     -1.596934
   2.71927     -1.793826     -1.639716
   2.75868     -1.824182     -1.679130
   2.79809     -1.817800     -1.714339
   2.83750     -1.810767     -1.744526
   2.87690     -1.803980     -1.768930
   2.91631     -1.798326     -1.786889
   2.95572     -1.794577     -1.797885
   2.99513     -1.793264     -1.801589
   2.99513     -1.793264     -1.801589
   3.05087     -1.790955     -1.799307
   3.10660     -1.784224     -1.792654
   3.16233     -1.773647     -1.782204
   3.21807     -1.760189     -1.768916
   3.27380     -1.745192     -1.754119
   3.32954     -1.730374     -1.739513
   3.38527     -1.672250     -1.682311
   3.44100     -1.596185     -1.606356
   3.49674     -1.521771     -1.532040
   3.55247     -1.450796     -1.461142
   3.60820     -1.384544     -1.394946
   3.66394     -1.350556     -1.349893
   3.71967     -1.451359     -1.450968
   3.77541     -1.541886     -1.541971
   3.83114     -1.617872     -1.618588
   3.88687     -1.677159     -1.678499
   3.94261     -1.719581     -1.721396
   3.99834     -1.745251     -1.747342
   4.05407     -1.753878     -1.756058
 
# Band-Index   12
   4.05407     -1.106491     -1.116841
   3.99834     -1.111371     -1.121727
   3.94261     -1.125855     -1.136228
   3.88687     -1.149520     -1.159916
   3.83114     -1.181774     -1.192194
   3.77541     -1.221982     -1.232421
   3.71967     -1.269544     -1.279988
   3.66394     -1.323911     -1.334345
   3.60820     -1.243953     -1.243176
   3.55247     -1.134902     -1.134106
   3.49674     -1.025582     -1.024825
   3.44100     -0.917391     -0.916705
   3.38527     -0.811204     -0.810606
   3.32954     -0.707424     -0.706920
   3.27380     -0.605894     -0.605485
   3.21807     -0.505782     -0.505461
   3.16233     -0.405529     -0.405277
   3.10660     -0.302967     -0.302728
   3.05087     -0.196008     -0.195565
   2.99513     -0.103376     -0.100550
   2.99513     -0.103376     -0.100550
   2.95572     -0.102497     -0.197151
   2.91631     -0.099878     -0.308105
   2.87690     -0.095573     -0.413728
   2.83750     -0.089675     -0.513505
   2.79809     -0.082310     -0.607382
   2.75868     -0.073644     -0.695360
   2.71927     -0.063883     -0.777418
   2.67986     -0.053273     -0.853495
   2.64045     -0.042104     -0.923484
   2.60104     -0.030703     -0.987245
   2.56163     -0.019427     -1.044618
   2.52222     -0.008646     -1.095448
   2.48281      0.001281     -1.139596
   2.44340      0.010032     -1.176964
   2.40399      0.017353     -1.207492
   2.36458      0.023071     -1.231083
   2.32517      0.023415     -1.215056
   2.28576      0.016962     -1.197729
   2.24635      0.014730     -1.191756
   2.24635      0.014730     -1.191756
   2.20694     -0.126689     -1.197949
   2.16753     -0.272229     -1.216182
   2.12812     -0.413793     -1.245467
   2.08871     -0.550860     -1.284316
   2.04930     -0.683017     -1.330931
   2.00989     -0.809872     -1.383375
   1.97048     -0.931040     -1.420233
   1.93107     -1.046135     -1.381516
   1.89166     -1.154772     -1.342694
   1.85225     -1.245962     -1.304816
   1.81284     -1.223144     -1.268800
   1.77343     -1.200615     -1.235425
   1.73402     -1.179017     -1.205343
   1.69462     -1.159029     -1.179085
   1.65521     -1.141353     -1.157077
   1.61580     -1.126684     -1.139644
   1.57639     -1.115662     -1.127029
   1.53698     -1.108814     -1.119396
   1.49757     -1.106491     -1.116841
   1.49757     -1.106491     -1.116841
   1.45816     -1.109044     -1.119169
   1.41875     -1.116672     -1.126029
   1.37934     -1.129279     -1.137070
   1.33993     -1.146699     -1.151761
   1.30052     -1.168690     -1.169458
   1.26111     -1.194924     -1.189467
   1.22170     -1.224977     -1.211082
   1.18229     -1.258315     -1.233624
   1.14288     -1.294286     -1.256100
   1.10347     -1.332108     -1.154178
   1.06406     -1.370866     -1.045447
   1.02465     -1.409509     -0.930288
   0.98524     -1.374279     -0.809076
   0.94583     -1.321769     -0.682194
   0.90642     -1.275081     -0.550023
   0.86701     -1.236159     -0.412948
   0.82760     -1.206812     -0.271386
   0.78819     -1.188537     -0.125876
   0.74878     -1.182328      0.014121
   0.74878     -1.182328      0.014121
   0.70937     -1.188303      0.016337
   0.66996     -1.205640      0.022759
   0.63055     -1.230945      0.025520
   0.59114     -1.207996      0.019826
   0.55174     -1.177469      0.012525
   0.51233     -1.140092      0.003798
   0.47292     -1.095925     -0.006101
   0.43351     -1.045068     -0.016851
   0.39410     -0.987658     -0.028093
   0.35469     -0.923853     -0.039460
   0.31528     -0.853814     -0.050595
   0.27587     -0.777683     -0.061173
   0.23646     -0.695569     -0.070906
   0.19705     -0.607540     -0.079546
   0.15764     -0.513622     -0.086890
   0.11823     -0.413829     -0.092771
   0.07882     -0.308247     -0.097063
   0.03941     -0.197552     -0.099674
   0.00000     -0.103376     -0.100550
 
# Band-Index   13
   0.00000     -0.049207     -0.052590
   0.03941      0.050979     -0.048598
   0.07882      0.179550     -0.037084
   0.11823      0.314409     -0.019373
   0.15764      0.454098      0.002537
   0.19705      0.597405      0.026234
   0.23646      0.742805      0.049201
   0.27587      0.888270      0.069137
   0.31528      1.030913      0.084227
   0.35469      1.165386      0.093339
   0.39410      1.273088      0.096114
   0.43351      1.311230      0.092931
   0.47292      1.312265      0.084778
   0.51233      1.307116      0.073061
   0.55174      1.301366      0.059411
   0.59114      1.296285      0.045494
   0.63055      1.292250      0.032877
   0.66996      1.289364      0.029657
   0.70937      1.287640      0.032050
   0.74878      1.287068      0.032846
   0.74878      1.287068      0.032846
   0.78819      1.293764      0.175287
   0.82760      1.313794      0.327528
   0.86701      1.346895      0.478194
   0.90642      1.392288      0.623234
   0.94583      1.384458      0.756876
   0.98524      1.329654      0.871914
   1.02465      1.278266      0.961536
   1.06406      1.233345      1.022427
   1.10347      1.197477      1.056604
   1.14288      1.172870      1.069922
   1.18229      1.161385      1.069087
   1.22170      1.164497      1.059761
   1.26111      1.183154      1.046117
   1.30052      1.217493      1.031064
   1.33993      1.197140      1.016599
   1.37934      1.110835      1.004104
   1.41875      1.043271      0.994533
   1.45816      1.000257      0.988535
   1.49757      0.985494      0.986492
   1.49757      0.985494      0.986492
   1.53698      0.987537      1.001259
   1.57639      0.993536      1.044288
   1.61580      1.003105      1.111877
   1.65521      1.015594      1.198220
   1.69462      1.030044      1.211228
   1.73402      1.045073      1.176847
   1.77343      1.058681      1.158140
   1.81284      1.067959      1.154977
   1.85225      1.068739      1.166412
   1.89166      1.055365      1.190970
   1.93107      1.021148      1.226787
   1.97048      0.960251      1.271650
   2.00989      0.870663      1.322966
   2.04930      0.755686      1.377680
   2.08871      0.622111      1.391325
   2.12812      0.477128      1.345800
   2.16753      0.326499      1.312601
   2.20694      0.174253      1.292509
   2.24635      0.030399      1.285793
   2.24635      0.030399      1.285793
   2.28576      0.029602      1.286370
   2.32517      0.027225      1.288107
   2.36458      0.033622      1.291014
   2.40399      0.046364      1.295073
   2.44340      0.060422      1.300173
   2.48281      0.074237      1.305927
   2.52222      0.086140      1.311043
   2.56163      0.094499      1.309956
   2.60104      0.097902      1.272517
   2.64045      0.095357      1.165663
   2.67986      0.086478      1.031205
   2.71927      0.071618      0.888392
   2.75868      0.051898      0.742739
   2.79809      0.029127      0.597175
   2.83750      0.005600      0.453732
   2.87690     -0.016173      0.313923
   2.91631     -0.033784      0.178926
   2.95572     -0.045235      0.050039
   2.99513     -0.049207     -0.052590
   2.99513     -0.049207     -0.052590
   3.05087      0.054309      0.053345
   3.10660      0.193030      0.192379
   3.16233      0.345658      0.345179
   3.21807      0.510223      0.509929
   3.27380      0.683615      0.683552
   3.32954      0.861058      0.861261
   3.38527      1.035767      1.036238
   3.44100      1.198133      1.198827
   3.49674      1.258879      1.252231
   3.55247      1.229969      1.223369
   3.60820      1.212407      1.205864
   3.66394      1.208136      1.201655
   3.71967      1.218464      1.212050
   3.77541      1.243900      1.237549
   3.83114      1.219285      1.220363
   3.88687      1.126157      1.127196
   3.94261      1.050916      1.051930
   3.99834      1.002286      1.003288
   4.05407      0.985494      0.986492
 
# Band-Index   14
   4.05407      1.461703      1.455177
   3.99834      1.441428      1.434968
   3.94261      1.392551      1.386199
   3.88687      1.335510      1.329212
   3.83114      1.283796      1.277490
   3.77541      1.317928      1.319051
   3.71967      1.405903      1.407061
   3.66394      1.464201      1.465350
   3.60820      1.475478      1.476553
   3.55247      1.431314      1.432280
   3.49674      1.334973      1.335821
   3.44100      1.296683      1.289996
   3.38527      1.340520      1.333802
   3.32954      1.387266      1.380525
   3.27380      1.433703      1.426946
   3.21807      1.476702      1.469933
   3.16233      1.500086      1.500474
   3.10660      1.481141      1.481405
   3.05087      1.470418      1.470611
   2.99513      1.466955      1.467124
   2.99513      1.466955      1.467124
   2.95572      1.472186      1.465322
   2.91631      1.487870      1.460043
   2.87690      1.513953      1.451654
   2.83750      1.481295      1.440727
   2.79809      1.442858      1.427990
   2.75868      1.403139      1.414298
   2.71927      1.365294      1.400675
   2.67986      1.332339      1.388633
   2.64045      1.307022      1.381866
   2.60104      1.291707      1.397467
   2.56163      1.288241      1.474905
   2.52222      1.297768      1.555590
   2.48281      1.320465      1.556274
   2.44340      1.355184      1.557036
   2.40399      1.399008      1.557789
   2.36458      1.446810      1.558450
   2.32517      1.491137      1.558961
   2.28576      1.523076      1.559281
   2.24635      1.534793      1.559390
   2.24635      1.534793      1.559390
   2.20694      1.534275      1.549949
   2.16753      1.532738      1.523010
   2.12812      1.530228      1.482190
   2.08871      1.526822      1.432170
   2.04930      1.522624      1.447308
   2.00989      1.517757      1.509806
   1.97048      1.512363      1.571187
   1.93107      1.506596      1.618631
   1.89166      1.500618      1.637039
   1.85225      1.494592      1.618771
   1.81284      1.488682      1.566990
   1.77343      1.483045      1.489695
   1.73402      1.477828      1.396126
   1.69462      1.473167      1.295851
   1.65521      1.469181      1.260062
   1.61580      1.465972      1.319778
   1.57639      1.463620      1.382646
   1.53698      1.462185      1.434334
   1.49757      1.461703      1.455177
   1.49757      1.461703      1.455177
   1.45816      1.440792      1.455658
   1.41875      1.388984      1.457089
   1.37934      1.326040      1.459435
   1.33993      1.266306      1.462636
   1.30052      1.294718      1.466612
   1.26111      1.394933      1.471261
   1.22170      1.488454      1.476466
   1.18229      1.565767      1.482090
   1.14288      1.617724      1.487986
   1.10347      1.636391      1.493999
   1.06406      1.618503      1.499964
   1.02465      1.571487      1.505719
   0.98524      1.510397      1.511102
   0.94583      1.448108      1.515960
   0.90642      1.439055      1.520151
   0.86701      1.489195      1.523551
   0.82760      1.530133      1.526056
   0.78819      1.557161      1.527591
   0.74878      1.566636      1.528109
   0.74878      1.566636      1.528109
   0.70937      1.566520      1.516407
   0.66996      1.566181      1.484505
   0.63055      1.565638      1.440214
   0.59114      1.564934      1.392432
   0.55174      1.564131      1.348609
   0.51233      1.563313      1.313874
   0.47292      1.562574      1.291152
   0.43351      1.472036      1.281596
   0.39410      1.395774      1.285034
   0.35469      1.381425      1.300323
   0.31528      1.388537      1.325618
   0.27587      1.400665      1.358554
   0.23646      1.414292      1.396384
   0.19705      1.427958      1.436092
   0.15764      1.440657      1.474521
   0.11823      1.451546      1.508540
   0.07882      1.459902      1.488161
   0.03941      1.465160      1.472386
   0.00000      1.466955      1.467124
 
# Band-Index   15
   0.00000      1.565009      1.558224
   0.03941      1.564916      1.552348
   0.07882      1.564647      1.535268
   0.11823      1.564226      1.514394
   0.15764      1.563694      1.550922
   0.19705      1.563107      1.597393
   0.23646      1.562529      1.653158
   0.27587      1.562032      1.717186
   0.31528      1.561682      1.787998
   0.35469      1.561540      1.863664
   0.39410      1.561643      1.941828
   0.43351      1.561996      2.019806
   0.47292      1.575465      2.094697
   0.51233      1.673125      2.163490
   0.55174      1.757909      2.223121
   0.59114      1.827612      2.270470
   0.63055      1.881440      2.302558
   0.66996      1.918827      2.318035
   0.70937      1.924617      2.320795
   0.74878      1.912539      2.319989
   0.74878      1.912539      2.319989
   0.78819      1.913900      2.302791
   0.82760      1.917349      2.263380
   0.86701      1.922185      2.221238
   0.90642      1.928048      2.190021
   0.94583      1.934831      2.179648
   0.98524      1.943214      2.198579
   1.02465      1.955710      2.253020
   1.06406      1.977458      2.343804
   1.10347      2.012607      2.463379
   1.14288      2.055164      2.515160
   1.18229      2.090566      2.462364
   1.22170      2.110263      2.414971
   1.26111      2.116833      2.372416
   1.30052      2.116431      2.334373
   1.33993      2.113375      2.301028
   1.37934      2.109867      2.255060
   1.41875      2.106928      2.176108
   1.45816      2.105028      2.125493
   1.49757      2.104374      2.108078
   1.49757      2.104374      2.108078
   1.53698      2.121775      2.108729
   1.57639      2.172341      2.110623
   1.61580      2.251203      2.113553
   1.65521      2.301156      2.117051
   1.69462      2.333556      2.120100
   1.73402      2.370619      2.120504
   1.77343      2.412243      2.113944
   1.81284      2.458814      2.094255
   1.85225      2.510920      2.058903
   1.89166      2.464420      2.016549
   1.93107      2.344789      1.981721
   1.97048      2.253924      1.960227
   2.00989      2.199390      1.947874
   2.04930      2.180375      1.939575
   2.08871      2.190709      1.932852
   2.12812      2.221984      1.927043
   2.16753      2.264347      1.922256
   2.20694      2.304154      1.918857
   2.24635      2.321612      1.917525
   2.24635      2.321612      1.917525
   2.28576      2.321913      1.929736
   2.32517      2.317853      1.924579
   2.36458      2.300942      1.886849
   2.40399      2.267850      1.832561
   2.44340      2.220002      1.762329
   2.48281      2.160241      1.676990
   2.52222      2.091551      1.578808
   2.56163      2.016901      1.555065
   2.60104      1.939240      1.554756
   2.64045      1.861429      1.554690
   2.67986      1.786126      1.554859
   2.71927      1.715665      1.555227
   2.75868      1.651967      1.555737
   2.79809      1.596496      1.556321
   2.83750      1.550278      1.556911
   2.87690      1.515319      1.557443
   2.91631      1.542051      1.557863
   2.95572      1.559133      1.558131
   2.99513      1.565009      1.558224
   2.99513      1.565009      1.558224
   3.05087      1.559027      1.552243
   3.10660      1.541459      1.534678
   3.16233      1.513418      1.506641
   3.21807      1.528784      1.529354
   3.27380      1.569254      1.570071
   3.32954      1.624022      1.625165
   3.38527      1.696368      1.697930
   3.44100      1.790830      1.792921
   3.49674      1.913028      1.915742
   3.55247      2.066309      2.069669
   3.60820      2.244319      2.248281
   3.66394      2.407874      2.412215
   3.71967      2.458976      2.463096
   3.77541      2.425569      2.429728
   3.83114      2.346612      2.350652
   3.88687      2.254099      2.257968
   3.94261      2.174600      2.178365
   3.99834      2.122436      2.126153
   4.05407      2.104374      2.108078
 
# Band-Index   16
   4.05407      2.236109      2.234005
   3.99834      2.271998      2.269972
   3.94261      2.358405      2.356909
   3.88687      2.447253      2.447297
   3.83114      2.500209      2.502399
   3.77541      2.521625      2.525437
   3.71967      2.533627      2.538409
   3.66394      2.550178      2.555547
   3.60820      2.577399      2.583143
   3.55247      2.617296      2.623281
   3.49674      2.669216      2.675319
   3.44100      2.728949      2.734966
   3.38527      2.781926      2.787248
   3.32954      2.788409      2.791988
   3.27380      2.740120      2.742444
   3.21807      2.678213      2.679817
   3.16233      2.622030      2.623126
   3.10660      2.578613      2.579351
   3.05087      2.551395      2.551919
   2.99513      2.542138      2.542591
   2.99513      2.542138      2.542591
   2.95572      2.545923      2.548097
   2.91631      2.557256      2.564403
   2.87690      2.576065      2.590864
   2.83750      2.602213      2.626363
   2.79809      2.635473      2.669256
   2.75868      2.675492      2.717309
   2.71927      2.721754      2.767668
   2.67986      2.773538      2.816922
   2.64045      2.829882      2.727327
   2.60104      2.889560      2.614591
   2.56163      2.865039      2.505099
   2.52222      2.823210      2.399382
   2.48281      2.786143      2.297945
   2.44340      2.754116      2.201777
   2.40399      2.727404      2.112978
   2.36458      2.706278      2.035290
   2.32517      2.677660      1.974408
   2.28576      2.631170      1.952198
   2.24635      2.616961      1.958129
   2.24635      2.616961      1.958129
   2.20694      2.622288      1.968562
   2.16753      2.638232      1.999972
   2.12812      2.664695      2.051676
   2.08871      2.701523      2.122091
   2.04930      2.748497      2.209271
   2.00989      2.777426      2.311151
   1.97048      2.703125      2.425685
   1.93107      2.633258      2.550929
   1.89166      2.569034      2.594211
   1.85225      2.593564      2.571983
   1.81284      2.679120      2.580726
   1.77343      2.648419      2.617887
   1.73402      2.563289      2.669852
   1.69462      2.458805      2.710503
   1.65521      2.350345      2.587559
   1.61580      2.274103      2.463697
   1.57639      2.253502      2.350344
   1.53698      2.240539      2.266111
   1.49757      2.236109      2.234005
   1.49757      2.236109      2.234005
   1.45816      2.268288      2.238569
   1.41875      2.352653      2.251924
   1.37934      2.466101      2.273154
   1.33993      2.589992      2.354340
   1.30052      2.712889      2.462984
   1.26111      2.670468      2.567629
   1.22170      2.618564      2.652525
   1.18229      2.581444      2.680574
   1.14288      2.572638      2.592685
   1.10347      2.594708      2.573838
   1.06406      2.545423      2.638521
   1.02465      2.420118      2.708773
   0.98524      2.305509      2.783413
   0.94583      2.203541      2.755745
   0.90642      2.116271      2.708872
   0.86701      2.045773      2.672127
   0.82760      1.994008      2.645725
   0.78819      1.962574      2.629820
   0.74878      1.952144      2.624506
   0.74878      1.952144      2.624506
   0.70937      1.946423      2.638167
   0.66996      1.969495      2.683227
   0.63055      2.030402      2.713681
   0.59114      2.108116      2.734661
   0.55174      2.196951      2.761191
   0.51233      2.293158      2.793005
   0.47292      2.394624      2.829840
   0.43351      2.500349      2.871435
   0.39410      2.609814      2.893488
   0.35469      2.722478      2.833199
   0.31528      2.814287      2.776286
   0.27587      2.765518      2.723984
   0.23646      2.715601      2.677263
   0.19705      2.667932      2.636847
   0.15764      2.625354      2.603258
   0.11823      2.590099      2.576852
   0.07882      2.563812      2.557857
   0.03941      2.547610      2.546413
   0.00000      2.542138      2.542591
 
# Band-Index   17
   0.00000      3.306821      3.314832
   0.03941      3.307798      3.309436
   0.07882      3.306805      3.293204
   0.11823      3.256160      3.266181
   0.15764      3.191056      3.228941
   0.19705      3.120432      3.183043
   0.23646      3.049455      3.131065
   0.27587      2.952533      3.076069
   0.31528      2.837353      3.020864
   0.35469      2.857949      2.967556
   0.39410      2.832823      2.917488
   0.43351      2.807628      2.955637
   0.47292      2.797110      3.017866
   0.51233      2.801952      3.078166
   0.55174      2.821922      3.031755
   0.59114      2.855321      2.884399
   0.63055      2.898025      2.765670
   0.66996      2.915113      2.698502
   0.70937      2.910214      2.689300
   0.74878      2.908455      2.686220
   0.74878      2.908455      2.686220
   0.78819      2.918460      2.707781
   0.82760      2.946948      2.759294
   0.86701      2.918630      2.818799
   0.90642      2.873839      2.870448
   0.94583      2.819854      2.860290
   0.98524      2.759698      2.812458
   1.02465      2.697651      2.878451
   1.06406      2.639823      2.900346
   1.10347      2.679633      2.872268
   1.14288      2.821112      2.837537
   1.18229      2.968378      2.821941
   1.22170      2.936549      2.865630
   1.26111      2.829094      2.892076
   1.30052      2.722415      2.887336
   1.33993      2.765325      2.870754
   1.37934      2.796172      2.853527
   1.41875      2.815744      2.839905
   1.45816      2.826221      2.831389
   1.49757      2.829478      2.828506
   1.49757      2.829478      2.828506
   1.53698      2.832372      2.825269
   1.57639      2.840926      2.814853
   1.61580      2.854623      2.795376
   1.65521      2.871978      2.764634
   1.69462      2.888733      2.721798
   1.73402      2.893556      2.826869
   1.77343      2.866547      2.934683
   1.81284      2.819573      2.973830
   1.85225      2.832173      2.826558
   1.89166      2.866166      2.685098
   1.93107      2.893781      2.639527
   1.97048      2.871441      2.697582
   2.00989      2.805324      2.759875
   2.04930      2.853991      2.820289
   2.08871      2.863104      2.874528
   2.12812      2.811576      2.919549
   2.16753      2.752094      2.951473
   2.20694      2.700376      2.922955
   2.24635      2.678624      2.912945
   2.24635      2.678624      2.912945
   2.28576      2.681726      2.914709
   2.32517      2.690993      2.919635
   2.36458      2.761750      2.905301
   2.40399      2.881775      2.862480
   2.44340      3.029994      2.828981
   2.48281      3.072297      2.808945
   2.52222      3.012644      2.804063
   2.56163      2.951069      2.814563
   2.60104      2.911305      2.839757
   2.64045      2.961535      2.861164
   2.67986      3.014918      2.842339
   2.71927      3.070074      2.957745
   2.75868      3.124878      3.056640
   2.79809      3.176529      3.127748
   2.83750      3.222013      3.198529
   2.87690      3.258829      3.263806
   2.91631      3.285499      3.314759
   2.95572      3.301502      3.315813
   2.99513      3.306821      3.314832
   2.99513      3.306821      3.314832
   3.05087      3.302675      3.310616
   3.10660      3.288647      3.296369
   3.16233      3.235155      3.242796
   3.21807      3.155852      3.163264
   3.27380      3.074615      3.081690
   3.32954      3.015072      3.021358
   3.38527      2.932587      2.937257
   3.44100      2.827527      2.831615
   3.49674      2.730137      2.733706
   3.55247      2.650415      2.653551
   3.60820      2.602467      2.605311
   3.66394      2.620919      2.623870
   3.71967      2.779785      2.783667
   3.77541      2.867649      2.866678
   3.83114      2.833643      2.832605
   3.88687      2.827062      2.826106
   3.94261      2.827988      2.827043
   3.99834      2.829143      2.828180
   4.05407      2.829478      2.828506
 
# Band-Index   18
   4.05407      2.964057      2.971728
   3.99834      2.961228      2.968631
   3.94261      2.967911      2.974403
   3.88687      3.020371      3.024940
   3.83114      3.141783      3.143851
   3.77541      3.020007      3.024177
   3.71967      2.960694      2.959588
   3.66394      3.097054      3.096204
   3.60820      3.254960      3.254346
   3.55247      3.256515      3.262064
   3.49674      3.169809      3.174981
   3.44100      3.086021      3.090867
   3.38527      3.021192      3.026242
   3.32954      3.037165      3.042480
   3.27380      3.132517      3.138542
   3.21807      3.208713      3.215454
   3.16233      3.259729      3.267060
   3.10660      3.300294      3.308115
   3.05087      3.342886      3.350827
   2.99513      3.357683      3.365666
   2.99513      3.357683      3.365666
   2.95572      3.355495      3.353115
   2.91631      3.349229      3.317459
   2.87690      3.339655      3.299059
   2.83750      3.327748      3.252462
   2.79809      3.314422      3.172097
   2.75868      3.300384      3.069946
   2.71927      3.286099      2.989348
   2.67986      3.271824      2.929154
   2.64045      3.257652      2.878905
   2.60104      3.243558      2.897968
   2.56163      3.229413      2.923860
   2.52222      3.214985      2.938764
   2.48281      3.196421      2.943884
   2.44340      3.127856      2.941720
   2.40399      3.165485      2.935250
   2.36458      3.146981      2.927384
   2.32517      3.128172      2.950707
   2.28576      3.113337      2.986205
   2.24635      3.107559      2.980968
   2.24635      3.107559      2.980968
   2.20694      3.094134      2.973949
   2.16753      3.056044      2.953184
   2.12812      2.998864      2.993238
   2.08871      2.929425      2.994782
   2.04930      2.897916      2.992380
   2.00989      2.913391      2.989714
   1.97048      2.911431      2.986959
   1.93107      2.948010      2.984253
   1.89166      3.032152      2.981711
   1.85225      3.124757      2.979420
   1.81284      3.070758      2.977430
   1.77343      3.018306      2.975828
   1.73402      2.978977      2.974501
   1.69462      2.953821      2.973500
   1.65521      2.942580      2.972773
   1.61580      2.943116      2.972273
   1.57639      2.951055      2.971956
   1.53698      2.960119      2.971782
   1.49757      2.964057      2.971728
   1.49757      2.964057      2.971728
   1.45816      2.964112      2.967531
   1.41875      2.964284      2.957772
   1.37934      2.964599      2.948854
   1.33993      2.965095      2.947184
   1.30052      2.965819      2.957233
   1.26111      2.966817      2.981220
   1.22170      2.968147      3.019480
   1.18229      2.969740      3.071014
   1.14288      2.971724      3.131387
   1.10347      2.974011      3.038902
   1.06406      2.976549      2.954884
   1.02465      2.979252      2.918380
   0.98524      2.982005      2.920636
   0.94583      2.984668      2.905298
   0.90642      2.987072      2.936017
   0.86701      2.987290      3.005724
   0.82760      2.952081      3.063128
   0.78819      2.972727      3.101368
   0.74878      2.979705      3.114845
   0.74878      2.979705      3.114845
   0.70937      2.978563      3.120684
   0.66996      2.943249      3.135665
   0.63055      2.922844      3.154637
   0.59114      2.930732      3.173239
   0.55174      2.937231      3.134347
   0.51233      2.939479      3.197626
   0.47292      2.934528      3.222990
   0.43351      2.919897      3.237453
   0.39410      2.894382      3.251623
   0.35469      2.872033      3.265733
   0.31528      2.922146      3.279912
   0.27587      2.982264      3.294187
   0.23646      3.064372      3.308463
   0.19705      3.165962      3.322485
   0.15764      3.245556      3.335790
   0.11823      3.291439      3.347676
   0.07882      3.309647      3.357230
   0.03941      3.345179      3.363483
   0.00000      3.357683      3.365666
 
# Band-Index   19
   0.00000      3.848578      3.855757
   0.03941      3.825078      3.852448
   0.07882      3.770484      3.842280
   0.11823      3.716718      3.825001
   0.15764      3.691296      3.801567
   0.19705      3.700504      3.774869
   0.23646      3.730120      3.748504
   0.27587      3.762642      3.724844
   0.31528      3.785364      3.704519
   0.35469      3.791982      3.687078
   0.39410      3.780619      3.671540
   0.43351      3.746538      3.543757
   0.47292      3.668082      3.371566
   0.51233      3.534111      3.207888
   0.55174      3.383881      3.191736
   0.59114      3.245512      3.185093
   0.63055      3.131411      3.226128
   0.66996      3.047590      3.257351
   0.70937      2.996720      3.276765
   0.74878      2.992275      3.283352
   0.74878      2.992275      3.283352
   0.78819      2.991943      3.288103
   0.82760      2.990993      3.302224
   0.86701      2.992148      3.325310
   0.90642      3.042596      3.356699
   0.94583      3.098221      3.395488
   0.98524      3.150733      3.440549
   1.02465      3.191475      3.371566
   1.06406      3.206858      3.286354
   1.10347      3.182014      3.206534
   1.14288      3.119373      3.134057
   1.18229      3.034387      3.231582
   1.22170      3.120035      3.338745
   1.26111      3.274698      3.451924
   1.30052      3.430815      3.468839
   1.33993      3.400361      3.406702
   1.37934      3.362850      3.357545
   1.41875      3.332155      3.321818
   1.45816      3.312315      3.300008
   1.49757      3.305483      3.292649
   1.49757      3.305483      3.292649
   1.53698      3.312826      3.299551
   1.57639      3.334597      3.319633
   1.61580      3.370277      3.350832
   1.65521      3.419377      3.389250
   1.69462      3.481438      3.428986
   1.73402      3.445523      3.280261
   1.77343      3.332301      3.125524
   1.81284      3.225057      3.033187
   1.85225      3.134546      3.119373
   1.89166      3.207600      3.183911
   1.93107      3.287847      3.210683
   1.97048      3.373359      3.196200
   2.00989      3.432013      3.155618
   2.04930      3.387040      3.103025
   2.08871      3.348332      3.047279
   2.12812      3.317008      2.998493
   2.16753      3.293969      2.998701
   2.20694      3.279877      2.999658
   2.24635      3.275136      2.999991
   2.24635      3.275136      2.999991
   2.28576      3.268629      2.997985
   2.32517      3.249449      3.048867
   2.36458      3.218596      3.132732
   2.40399      3.178007      3.246957
   2.44340      3.183852      3.385648
   2.48281      3.199933      3.536851
   2.52222      3.370733      3.674032
   2.56163      3.543183      3.757135
   2.60104      3.665366      3.793241
   2.64045      3.680951      3.805152
   2.67986      3.698490      3.798320
   2.71927      3.718904      3.774766
   2.75868      3.742611      3.740979
   2.79809      3.768923      3.709915
   2.83750      3.795415      3.699293
   2.87690      3.818512      3.723699
   2.91631      3.835437      3.777186
   2.95572      3.845356      3.832039
   2.99513      3.848578      3.855757
   2.99513      3.848578      3.855757
   3.05087      3.821876      3.828746
   3.10660      3.756780      3.763075
   3.16233      3.681265      3.687140
   3.21807      3.618741      3.624494
   3.27380      3.581354      3.587209
   3.32954      3.566673      3.572601
   3.38527      3.562921      3.568539
   3.44100      3.552303      3.556725
   3.49674      3.507177      3.509302
   3.55247      3.403130      3.403258
   3.60820      3.337952      3.343742
   3.66394      3.402743      3.408392
   3.71967      3.413548      3.417252
   3.77541      3.301334      3.302113
   3.83114      3.273176      3.277971
   3.88687      3.422930      3.411289
   3.94261      3.360190      3.347737
   3.99834      3.319579      3.306830
   4.05407      3.305483      3.292649
 
# Band-Index   20
   4.05407      3.568504      3.606417
   3.99834      3.577226      3.614927
   3.94261      3.603254      3.639887
   3.88687      3.525501      3.531318
   3.83114      3.495889      3.486432
   3.77541      3.551697      3.545619
   3.71967      3.609931      3.602541
   3.66394      3.747857      3.738570
   3.60820      3.918961      3.909220
   3.55247      3.918513      3.927425
   3.49674      3.971580      3.978660
   3.44100      4.085168      4.089953
   3.38527      4.221774      4.225730
   3.32954      4.229121      4.233295
   3.27380      4.192954      4.197370
   3.21807      4.196729      4.201316
   3.16233      4.235642      4.240211
   3.10660      4.297511      4.301905
   3.05087      4.359954      4.363605
   2.99513      4.391373      4.391711
   2.99513      4.391373      4.391711
   2.95572      4.382516      4.380627
   2.91631      4.324857      4.370941
   2.87690      4.265426      4.362694
   2.83750      4.222740      4.355257
   2.79809      4.203665      4.349703
   2.75868      4.175677      4.346181
   2.71927      4.087477      4.338762
   2.67986      3.979978      4.303406
   2.64045      3.852508      4.235033
   2.60104      3.706136      4.118771
   2.56163      3.652039      3.983944
   2.52222      3.639444      3.873893
   2.48281      3.628061      3.813529
   2.44340      3.617936      3.777608
   2.40399      3.609245      3.751346
   2.36458      3.602198      3.731291
   2.32517      3.596999      3.716856
   2.28576      3.593810      3.708099
   2.24635      3.592735      3.705159
   2.24635      3.592735      3.705159
   2.20694      3.597791      3.706912
   2.16753      3.614243      3.712169
   2.12812      3.645443      3.720943
   2.08871      3.646541      3.733269
   2.04930      3.553783      3.749240
   2.00989      3.462463      3.679339
   1.97048      3.481998      3.591041
   1.93107      3.535534      3.525704
   1.89166      3.591128      3.494830
   1.85225      3.632809      3.490653
   1.81284      3.572185      3.491996
   1.77343      3.578316      3.484485
   1.73402      3.555922      3.462834
   1.69462      3.563396      3.436505
   1.65521      3.660476      3.592210
   1.61580      3.620914      3.632217
   1.57639      3.591856      3.617419
   1.53698      3.574343      3.609097
   1.49757      3.568504      3.606417
   1.49757      3.568504      3.606417
   1.45816      3.571404      3.612277
   1.41875      3.580389      3.629855
   1.37934      3.596301      3.659024
   1.33993      3.586306      3.689989
   1.30052      3.438638      3.569813
   1.26111      3.470448      3.543426
   1.22170      3.489794      3.582643
   1.18229      3.495401      3.575307
   1.14288      3.493196      3.635447
   1.10347      3.497793      3.600013
   1.06406      3.529570      3.544298
   1.02465      3.595070      3.490647
   0.98524      3.682951      3.460484
   0.94583      3.737084      3.551704
   0.90642      3.720727      3.644461
   0.86701      3.708108      3.651231
   0.82760      3.699129      3.620351
   0.78819      3.693749      3.604156
   0.74878      3.691956      3.599194
   0.74878      3.691956      3.599194
   0.70937      3.694890      3.600269
   0.66996      3.703632      3.603457
   0.63055      3.718052      3.608652
   0.59114      3.738126      3.615690
   0.55174      3.764553      3.624364
   0.51233      3.801238      3.634460
   0.47292      3.864570      3.645799
   0.43351      3.979042      3.658327
   0.39410      4.115799      3.706548
   0.35469      4.232856      3.852730
   0.31528      4.304347      3.980105
   0.27587      4.337293      4.087560
   0.23646      4.344263      4.175780
   0.19705      4.347046      4.210568
   0.15764      4.351922      4.229286
   0.11823      4.358936      4.271483
   0.07882      4.367171      4.330518
   0.03941      4.377619      4.386282
   0.00000      4.391373      4.391711
 
# Band-Index   21
   0.00000      4.408026      4.413558
   0.03941      4.444270      4.388121
   0.07882      4.509173      4.370004
   0.11823      4.581229      4.342030
   0.15764      4.645169      4.301359
   0.19705      4.544939      4.246593
   0.23646      4.450536      4.216124
   0.27587      4.369501      4.244476
   0.31528      4.307179      4.295286
   0.35469      4.257326      4.368322
   0.39410      4.229858      4.463049
   0.43351      4.221792      4.413479
   0.47292      4.230876      4.358529
   0.51233      4.252861      4.309704
   0.55174      4.282318      4.267444
   0.59114      4.313749      4.232145
   0.63055      4.342476      4.204177
   0.66996      4.365077      4.105842
   0.70937      4.371884      4.011471
   0.74878      4.332383      3.979603
   0.74878      4.332383      3.979603
   0.78819      4.235923      3.926216
   0.82760      4.118494      3.833879
   0.86701      4.002714      3.738560
   0.90642      3.890416      3.700561
   0.94583      3.783046      3.769079
   0.98524      3.757381      3.850426
   1.02465      3.781962      3.915041
   1.06406      3.811305      3.845868
   1.10347      3.845417      3.733163
   1.14288      3.872346      3.656230
   1.18229      3.821786      3.711364
   1.22170      3.755700      3.629769
   1.26111      3.699327      3.669385
   1.30052      3.654389      3.739280
   1.33993      3.620482      3.699337
   1.37934      3.737802      3.810207
   1.41875      3.878179      3.921853
   1.45816      3.951415      3.958085
   1.49757      3.952864      3.962552
   1.49757      3.952864      3.962552
   1.53698      3.948407      3.961003
   1.57639      3.914685      3.884968
   1.61580      3.803459      3.744040
   1.65521      3.684098      3.654846
   1.69462      3.703189      3.686826
   1.73402      3.660287      3.729512
   1.77343      3.642127      3.783296
   1.81284      3.702257      3.845773
   1.85225      3.647223      3.884364
   1.89166      3.730529      3.854896
   1.93107      3.842393      3.821607
   1.97048      3.907329      3.793014
   2.00989      3.843900      3.769045
   2.04930      3.763355      3.780017
   2.08871      3.694979      3.887995
   2.12812      3.740535      4.000889
   2.16753      3.835617      4.117243
   2.20694      3.927540      4.235236
   2.24635      3.980492      4.332478
   2.24635      3.980492      4.332478
   2.28576      4.012453      4.371992
   2.32517      4.107059      4.364224
   2.36458      4.205829      4.341505
   2.40399      4.233675      4.312616
   2.44340      4.268826      4.281002
   2.48281      4.310914      4.251375
   2.52222      4.359543      4.229284
   2.56163      4.414268      4.220196
   2.60104      4.457390      4.228380
   2.64045      4.362137      4.256078
   2.67986      4.288661      4.308806
   2.71927      4.237548      4.368911
   2.75868      4.209102      4.450314
   2.79809      4.246464      4.545089
   2.83750      4.301183      4.647921
   2.87690      4.341794      4.583921
   2.91631      4.369714      4.511811
   2.95572      4.386041      4.447350
   2.99513      4.408026      4.413558
   2.99513      4.408026      4.413558
   3.05087      4.431206      4.433622
   3.10660      4.473401      4.475516
   3.16233      4.507961      4.510325
   3.21807      4.510395      4.512906
   3.27380      4.464468      4.466919
   3.32954      4.370168      4.372374
   3.38527      4.328727      4.330850
   3.44100      4.449730      4.444208
   3.49674      4.280795      4.271884
   3.55247      4.099225      4.089603
   3.60820      3.920294      3.929468
   3.66394      3.954417      3.962919
   3.71967      3.945006      3.976896
   3.77541      3.822343      3.857093
   3.83114      3.725916      3.761598
   3.88687      3.657043      3.693145
   3.94261      3.768584      3.775375
   3.99834      3.947095      3.956675
   4.05407      3.952864      3.962552
 
# Band-Index   22
   4.05407      4.037438      4.045575
   3.99834      3.956998      3.964336
   3.94261      3.932046      3.941253
   3.88687      3.916364      3.924675
   3.83114      3.923820      3.929902
   3.77541      4.006258      4.008288
   3.71967      4.013308      4.023867
   3.66394      4.098652      4.133010
   3.60820      4.273794      4.307423
   3.55247      4.466968      4.497824
   3.49674      4.584139      4.588967
   3.44100      4.451655      4.451527
   3.38527      4.591584      4.586430
   3.32954      4.681979      4.679382
   3.27380      4.730916      4.730212
   3.21807      4.769126      4.769538
   3.16233      4.822046      4.823131
   3.10660      4.901641      4.903193
   3.05087      5.009142      5.011063
   2.99513      5.131313      5.136457
   2.99513      5.131313      5.136457
   2.95572      5.106808      5.010298
   2.91631      5.051229      4.885536
   2.87690      4.983150      4.764977
   2.83750      4.909620      4.650757
   2.79809      4.833744      4.693548
   2.75868      4.757461      4.717234
   2.71927      4.682259      4.726700
   2.67986      4.609377      4.735434
   2.64045      4.539857      4.719813
   2.60104      4.474576      4.715229
   2.56163      4.572676      4.721804
   2.52222      4.704195      4.737459
   2.48281      4.844677      4.758907
   2.44340      4.702168      4.782091
   2.40399      4.462106      4.803194
   2.36458      4.259758      4.649716
   2.32517      4.185629      4.483428
   2.28576      4.173371      4.378606
   2.24635      4.169259      4.383510
   2.24635      4.169259      4.383510
   2.20694      4.227724      4.477521
   2.16753      4.329635      4.579651
   2.12812      4.417180      4.644751
   2.08871      4.428859      4.556033
   2.04930      4.279994      4.444866
   2.00989      4.139318      4.333173
   1.97048      4.025394      4.224504
   1.93107      4.031005      4.121509
   1.89166      3.960111      4.027124
   1.85225      3.845696      3.953173
   1.81284      3.739149      3.967579
   1.77343      3.754778      3.989385
   1.73402      3.803322      3.961480
   1.69462      3.846645      3.949504
   1.65521      3.883637      3.948008
   1.61580      3.913378      3.951752
   1.57639      3.935141      3.956906
   1.53698      4.002009      3.997972
   1.49757      4.037438      4.045575
   1.49757      4.037438      4.045575
   1.45816      3.990374      4.009781
   1.41875      3.947654      3.944790
   1.37934      3.943161      3.922979
   1.33993      3.940530      3.893172
   1.30052      3.943736      3.856096
   1.26111      3.958088      3.812677
   1.22170      3.988808      3.764024
   1.18229      3.957893      3.726997
   1.14288      3.932941      3.833769
   1.10347      4.006094      3.948526
   1.06406      4.103451      4.039265
   1.02465      4.209793      4.025856
   0.98524      4.322101      4.139186
   0.94583      4.437642      4.279605
   0.90642      4.552665      4.427920
   0.86701      4.646057      4.415209
   0.82760      4.579772      4.328390
   0.78819      4.477630      4.226301
   0.74878      4.384270      4.167435
   0.74878      4.384270      4.167435
   0.70937      4.379388      4.171567
   0.66996      4.483356      4.183884
   0.63055      4.649937      4.258242
   0.59114      4.805760      4.460253
   0.55174      4.783632      4.699863
   0.51233      4.759336      4.848380
   0.47292      4.736816      4.708648
   0.43351      4.720217      4.577759
   0.39410      4.712885      4.474040
   0.35469      4.716919      4.539607
   0.31528      4.732459      4.609450
   0.27587      4.725167      4.682698
   0.23646      4.714953      4.758313
   0.19705      4.690895      4.835068
   0.15764      4.650236      4.911492
   0.11823      4.764084      4.985674
   0.07882      4.884266      5.054575
   0.03941      5.008628      5.111210
   0.00000      5.131313      5.136457
 
# Band-Index   23
   0.00000      5.139041      5.137870
   0.03941      5.154448      5.154186
   0.07882      5.080534      5.201820
   0.11823      4.999908      5.276820
   0.15764      4.924805      5.372333
   0.19705      4.859396      5.477466
   0.23646      4.805363      5.553690
   0.27587      4.763655      5.529484
   0.31528      4.747750      5.495878
   0.35469      4.803971      5.450397
   0.39410      4.900608      5.392303
   0.43351      5.021376      5.324135
   0.47292      5.145710      5.209726
   0.51233      5.222648      4.959954
   0.55174      5.052693      4.983544
   0.59114      4.849755      5.062122
   0.63055      4.823113      5.019413
   0.66996      4.834852      4.988748
   0.70937      4.841393      4.970340
   0.74878      4.843464      4.964206
   0.74878      4.843464      4.964206
   0.78819      4.819740      4.881079
   0.82760      4.754619      4.735255
   0.86701      4.661351      4.580940
   0.90642      4.644024      4.445196
   0.94583      4.579261      4.400538
   0.98524      4.484991      4.306173
   1.02465      4.382523      4.190488
   1.06406      4.281858      4.068777
   1.10347      4.188401      4.066755
   1.14288      4.106070      4.042876
   1.18229      4.038487      3.980549
   1.22170      4.022488      3.905881
   1.26111      4.103693      3.838103
   1.30052      4.198600      3.857415
   1.33993      4.299820      4.025184
   1.37934      4.259907      4.204451
   1.41875      4.177623      4.231113
   1.45816      4.129811      4.144122
   1.49757      4.114136      4.114113
   1.49757      4.114136      4.114113
   1.53698      4.144045      4.129776
   1.57639      4.230795      4.177564
   1.61580      4.199256      4.259819
   1.65521      4.022805      4.306326
   1.69462      3.854015      4.203954
   1.73402      3.808619      4.109672
   1.77343      3.873257      4.029804
   1.81284      3.950079      4.036344
   1.85225      4.018081      4.101748
   1.89166      4.050645      4.182555
   1.93107      4.079865      4.275069
   1.97048      4.200817      4.375312
   2.00989      4.315270      4.477932
   2.04930      4.407601      4.573175
   2.08871      4.449422      4.640097
   2.12812      4.582591      4.661226
   2.16753      4.737729      4.751884
   2.20694      4.884547      4.815646
   2.24635      4.968724      4.839044
   2.24635      4.968724      4.839044
   2.28576      4.974827      4.837081
   2.32517      4.993130      4.830875
   2.36458      5.023585      4.819720
   2.40399      5.065972      4.848634
   2.44340      4.980874      5.049533
   2.48281      4.963096      5.216752
   2.52222      5.214690      5.143651
   2.56163      5.324867      5.019666
   2.60104      5.391722      4.899303
   2.64045      5.448414      4.803298
   2.67986      5.492566      4.748389
   2.71927      5.525027      4.767035
   2.75868      5.548318      4.808735
   2.79809      5.479451      4.862553
   2.83750      5.373915      4.927547
   2.87690      5.278190      5.001996
   2.91631      5.203072      5.081645
   2.95572      5.155376      5.154202
   2.99513      5.139041      5.137870
   2.99513      5.139041      5.137870
   3.05087      5.198961      5.199013
   3.10660      5.213098      5.215364
   3.16233      5.217395      5.221142
   3.21807      5.213513      5.217915
   3.27380      5.206323      5.210942
   3.32954      5.194590      5.199705
   3.38527      5.132967      5.147712
   3.44100      4.937828      4.968646
   3.49674      4.739943      4.771610
   3.55247      4.811788      4.818959
   3.60820      4.838219      4.836071
   3.66394      4.495102      4.493336
   3.71967      4.204036      4.203182
   3.77541      4.086640      4.094268
   3.83114      4.177572      4.185155
   3.88687      4.278185      4.287904
   3.94261      4.286813      4.287039
   3.99834      4.159191      4.159251
   4.05407      4.114136      4.114113
 
# Band-Index   24
   4.05407      4.432876      4.467199
   3.99834      4.420132      4.449209
   3.94261      4.369051      4.386016
   3.88687      4.480770      4.481121
   3.83114      4.702643      4.725430
   3.77541      4.798671      4.830625
   3.71967      4.916272      4.947517
   3.66394      4.989296      4.999176
   3.60820      4.937240      4.943214
   3.55247      5.188535      5.185496
   3.49674      5.250633      5.262241
   3.44100      5.254602      5.267548
   3.38527      5.300230      5.325544
   3.32954      5.494060      5.523692
   3.27380      5.578922      5.575472
   3.21807      5.512618      5.511922
   3.16233      5.412576      5.412403
   3.10660      5.326163      5.326316
   3.05087      5.247420      5.248476
   2.99513      5.188990      5.187816
   2.99513      5.188990      5.187816
   2.95572      5.238874      5.264036
   2.91631      5.370076      5.388829
   2.87690      5.448853      5.490260
   2.83750      5.508408      5.593875
   2.79809      5.565028      5.691683
   2.75868      5.577543      5.753969
   2.71927      5.643183      5.758150
   2.67986      5.654681      5.711060
   2.64045      5.613223      5.634846
   2.60104      5.532224      5.545307
   2.56163      5.408262      5.448828
   2.52222      5.253273      5.343482
   2.48281      5.183242      5.248160
   2.44340      5.119791      5.314311
   2.40399      5.092024      5.341619
   2.36458      5.160330      5.323688
   2.32517      5.191056      5.278492
   2.28576      5.201849      5.253439
   2.24635      5.204265      5.245359
   2.24635      5.204265      5.245359
   2.20694      5.245615      5.223915
   2.16753      5.185455      5.176082
   2.12812      5.130986      5.144157
   2.08871      5.113196      5.173387
   2.04930      4.963938      5.131436
   2.00989      4.822785      5.057531
   1.97048      4.696173      4.984412
   1.93107      4.596042      4.914414
   1.89166      4.541532      4.848675
   1.85225      4.538663      4.787718
   1.81284      4.560642      4.731859
   1.77343      4.578828      4.681492
   1.73402      4.582291      4.637287
   1.69462      4.572874      4.539143
   1.65521      4.544593      4.379641
   1.61580      4.367146      4.400593
   1.57639      4.344711      4.454292
   1.53698      4.417939      4.466173
   1.49757      4.432876      4.467199
   1.49757      4.432876      4.467199
   1.45816      4.432801      4.446850
   1.41875      4.426570      4.358275
   1.37934      4.386926      4.367727
   1.33993      4.379767      4.545371
   1.30052      4.539327      4.605854
   1.26111      4.600050      4.615295
   1.22170      4.642923      4.611827
   1.18229      4.692077      4.594738
   1.14288      4.746711      4.576644
   1.10347      4.806389      4.586287
   1.06406      4.870834      4.646271
   1.02465      4.939689      4.748685
   0.98524      5.012191      4.875912
   0.94583      5.086739      5.016868
   0.90642      5.160308      5.119538
   0.86701      5.154042      5.119611
   0.82760      5.186478      5.174270
   0.78819      5.233770      5.235362
   0.74878      5.254843      5.203363
   0.74878      5.254843      5.203363
   0.70937      5.262860      5.200993
   0.66996      5.287699      5.190478
   0.63055      5.332403      5.160391
   0.59114      5.341415      5.093311
   0.55174      5.315691      5.116387
   0.51233      5.250309      5.180497
   0.47292      5.351108      5.251425
   0.43351      5.457054      5.400897
   0.39410      5.553494      5.524062
   0.35469      5.642529      5.605663
   0.31528      5.717695      5.648591
   0.27587      5.763040      5.638948
   0.23646      5.756670      5.574757
   0.19705      5.692666      5.571090
   0.15764      5.594012      5.511288
   0.11823      5.490106      5.451314
   0.07882      5.386133      5.369303
   0.03941      5.261732      5.237850
   0.00000      5.188990      5.187816
 
# Band-Index   25
   0.00000      5.323195      5.323335
   0.03941      5.343643      5.345776
   0.07882      5.402081      5.394412
   0.11823      5.506531      5.551518
   0.15764      5.621032      5.583638
   0.19705      5.728100      5.573436
   0.23646      5.826547      5.638126
   0.27587      5.915616      5.706106
   0.31528      5.994862      5.778178
   0.35469      6.003773      5.855052
   0.39410      5.917434      5.825177
   0.43351      5.847380      5.744888
   0.47292      5.794628      5.613409
   0.51233      5.719388      5.494322
   0.55174      5.524845      5.415113
   0.59114      5.405045      5.357332
   0.63055      5.343467      5.314709
   0.66996      5.336973      5.285039
   0.70937      5.330509      5.267462
   0.74878      5.327986      5.261634
   0.74878      5.327986      5.261634
   0.78819      5.316530      5.279163
   0.82760      5.282179      5.379991
   0.86701      5.227825      5.311148
   0.90642      5.181327      5.165035
   0.94583      5.266082      5.192312
   0.98524      5.364036      5.300300
   1.02465      5.421880      5.380306
   1.06406      5.407739      5.384634
   1.10347      5.345481      5.330797
   1.14288      5.265676      5.254363
   1.18229      5.179901      5.173506
   1.22170      4.970531      5.095974
   1.26111      4.737863      4.991136
   1.30052      4.564993      4.755853
   1.33993      4.541434      4.590008
   1.37934      4.541457      4.575715
   1.41875      4.585001      4.573769
   1.45816      4.640535      4.600585
   1.49757      4.625895      4.625700
   1.49757      4.625895      4.625700
   1.53698      4.595162      4.641638
   1.57639      4.552690      4.592699
   1.61580      4.546163      4.564644
   1.65521      4.557789      4.573606
   1.69462      4.754985      4.600457
   1.73402      4.990462      4.737604
   1.77343      5.107096      4.970131
   1.81284      5.184682      5.169958
   1.85225      5.265656      5.254728
   1.89166      5.342206      5.334395
   1.93107      5.395821      5.396909
   1.97048      5.390161      5.412467
   2.00989      5.308580      5.356712
   2.04930      5.200720      5.259395
   2.08871      5.129599      5.201814
   2.12812      5.263445      5.261863
   2.16753      5.363699      5.303985
   2.20694      5.279364      5.325954
   2.24635      5.271357      5.332098
   2.24635      5.271357      5.332098
   2.28576      5.277165      5.334405
   2.32517      5.294670      5.340222
   2.36458      5.324203      5.345500
   2.40399      5.366576      5.397413
   2.44340      5.423882      5.519425
   2.48281      5.502120      5.716894
   2.52222      5.619117      5.809163
   2.56163      5.743179      5.859032
   2.60104      5.824336      5.926360
   2.64045      5.852277      6.010746
   2.67986      5.775140      5.997506
   2.71927      5.702917      5.918978
   2.75868      5.634906      5.830140
   2.79809      5.570314      5.731648
   2.83750      5.577076      5.624376
   2.87690      5.552123      5.509577
   2.91631      5.392606      5.402277
   2.95572      5.344926      5.343805
   2.99513      5.323195      5.323335
   2.99513      5.323195      5.323335
   3.05087      5.370874      5.371977
   3.10660      5.495347      5.497537
   3.16233      5.625523      5.627783
   3.21807      5.712024      5.712903
   3.27380      5.751233      5.754844
   3.32954      5.539176      5.532296
   3.38527      5.501482      5.493897
   3.44100      5.503872      5.496188
   3.49674      5.447535      5.441310
   3.55247      5.242798      5.257894
   3.60820      5.187749      5.210940
   3.66394      5.073841      5.098640
   3.71967      5.015849      5.020786
   3.77541      4.986448      4.990404
   3.83114      4.725087      4.733215
   3.88687      4.635936      4.662973
   3.94261      4.606747      4.625321
   3.99834      4.619574      4.625154
   4.05407      4.625895      4.625700
 
# Band-Index   26
   4.05407      4.663679      4.663490
   3.99834      4.698885      4.699519
   3.94261      4.788084      4.790127
   3.88687      4.873074      4.876081
   3.83114      4.939301      4.942913
   3.77541      5.004458      5.004030
   3.71967      5.223831      5.213368
   3.66394      5.361362      5.350160
   3.60820      5.501466      5.490187
   3.55247      5.635354      5.625083
   3.49674      5.780976      5.775589
   3.44100      5.987128      5.985623
   3.38527      6.011219      6.011206
   3.32954      5.866811      5.866541
   3.27380      5.755563      5.774272
   3.21807      6.027026      6.042140
   3.16233      6.044765      6.046904
   3.10660      5.807676      5.811647
   3.05087      5.650254      5.656424
   2.99513      5.596110      5.603423
   2.99513      5.596110      5.603423
   2.95572      5.594987      5.652860
   2.91631      5.591581      5.772804
   2.87690      5.585839      5.931176
   2.83750      5.763723      6.115349
   2.79809      5.983451      6.320662
   2.75868      6.142328      6.351324
   2.71927      6.116381      6.224495
   2.67986      6.019115      6.110518
   2.64045      5.917726      6.064790
   2.60104      5.934810      6.082961
   2.56163      5.806331      6.010923
   2.52222      5.677081      5.964056
   2.48281      5.631385      5.778342
   2.44340      5.613942      5.764251
   2.40399      5.637937      5.762794
   2.36458      5.712057      5.767813
   2.32517      5.763631      5.775246
   2.28576      5.756089      5.779116
   2.24635      5.749544      5.780227
   2.24635      5.749544      5.780227
   2.20694      5.622849      5.770035
   2.16753      5.512168      5.758517
   2.12812      5.579186      5.764695
   2.08871      5.680854      5.791781
   2.04930      5.764204      5.831328
   2.00989      5.825518      5.871133
   1.97048      5.864537      5.898318
   1.93107      5.866992      5.901332
   1.89166      5.803613      5.797326
   1.85225      5.716032      5.514123
   1.81284      5.504638      5.237986
   1.77343      5.243702      5.098874
   1.73402      5.036939      5.027302
   1.69462      4.975322      4.965533
   1.65521      4.924012      4.913924
   1.61580      4.883560      4.873109
   1.57639      4.802141      4.789170
   1.53698      4.703039      4.674051
   1.49757      4.663679      4.663490
   1.49757      4.663679      4.663490
   1.45816      4.673717      4.703219
   1.41875      4.788049      4.802931
   1.37934      4.884158      4.872432
   1.33993      4.924901      4.912918
   1.30052      4.976449      4.964267
   1.26111      5.038179      5.026092
   1.22170      5.109679      5.244538
   1.18229      5.239334      5.505278
   1.14288      5.514528      5.725037
   1.10347      5.797494      5.812316
   1.06406      5.895704      5.871285
   1.02465      5.891936      5.865839
   0.98524      5.863559      5.826249
   0.94583      5.821499      5.764726
   0.90642      5.777731      5.681450
   0.86701      5.743343      5.582062
   0.82760      5.726989      5.543511
   0.78819      5.729677      5.665534
   0.74878      5.735797      5.762055
   0.74878      5.735797      5.762055
   0.70937      5.735391      5.767125
   0.66996      5.734157      5.782335
   0.63055      5.732610      5.723414
   0.59114      5.733064      5.648163
   0.55174      5.740178      5.620436
   0.51233      5.759399      5.635589
   0.47292      5.932686      5.680060
   0.43351      5.982898      5.803443
   0.39410      6.057300      5.937221
   0.35469      6.063758      5.917628
   0.31528      6.105177      6.018090
   0.27587      6.220451      6.114322
   0.23646      6.348396      6.139686
   0.19705      6.318205      5.982328
   0.15764      6.112289      5.763066
   0.11823      5.927308      5.592730
   0.07882      5.767854      5.598722
   0.03941      5.646494      5.602258
   0.00000      5.596110      5.603423
 
# Band-Index   27
   0.00000      7.027220      7.020595
   0.03941      6.993065      6.979865
   0.07882      6.907211      6.879616
   0.11823      6.792664      6.754383
   0.15764      6.636988      6.626435
   0.19705      6.487962      6.510050
   0.23646      6.451352      6.418185
   0.27587      6.344879      6.361867
   0.31528      6.243236      6.304240
   0.35469      6.146267      6.219736
   0.39410      6.120782      6.042084
   0.43351      6.162208      6.024787
   0.47292      5.989460      6.004587
   0.51233      5.918360      5.942586
   0.55174      5.944712      5.888249
   0.59114      5.994438      5.843054
   0.63055      6.038728      5.807669
   0.66996      6.064655      5.819329
   0.70937      6.075891      5.891114
   0.74878      6.078814      5.915307
   0.74878      6.078814      5.915307
   0.78819      6.124328      6.003664
   0.82760      6.174592      6.119050
   0.86701      6.154174      6.135594
   0.90642      6.096232      6.090632
   0.94583      6.022586      6.022231
   0.98524      5.965571      5.964794
   1.02465      5.968067      5.964866
   1.06406      6.015444      6.016266
   1.10347      5.868385      5.971589
   1.14288      5.810804      5.761769
   1.18229      5.730572      5.646691
   1.22170      5.579977      5.545686
   1.26111      5.415296      5.390128
   1.30052      5.250851      5.233804
   1.33993      5.088649      5.080219
   1.37934      4.932046      4.933962
   1.41875      4.854705      4.843245
   1.45816      4.836889      4.825631
   1.49757      4.830926      4.819743
   1.49757      4.830926      4.819743
   1.53698      4.836807      4.825724
   1.57639      4.854401      4.843587
   1.61580      4.932739      4.933685
   1.65521      5.078756      5.090579
   1.69462      5.232240      5.252932
   1.73402      5.388557      5.417444
   1.77343      5.544178      5.582139
   1.81284      5.638975      5.734123
   1.85225      5.761405      5.815078
   1.89166      5.970719      5.873353
   1.93107      6.006962      6.015696
   1.97048      5.967703      5.965373
   2.00989      5.971122      5.959116
   2.04930      6.031535      6.012871
   2.08871      6.102823      6.083491
   2.12812      6.151247      6.137925
   2.16753      6.113526      6.154427
   2.20694      6.012046      6.139733
   2.24635      6.118121      6.128173
   2.24635      6.118121      6.128173
   2.28576      6.122702      6.129319
   2.32517      5.984461      6.132880
   2.36458      5.827433      6.138910
   2.40399      5.825493      6.057536
   2.44340      5.903500      5.986698
   2.48281      5.952327      5.953293
   2.52222      5.982022      5.988954
   2.56163      6.022827      6.154466
   2.60104      6.043703      6.118587
   2.64045      6.196166      6.169194
   2.67986      6.284230      6.262887
   2.71927      6.369305      6.360576
   2.75868      6.427204      6.462966
   2.79809      6.509030      6.489755
   2.83750      6.636019      6.637784
   2.87690      6.763503      6.791359
   2.91631      6.887901      6.899182
   2.95572      6.987084      6.985961
   2.99513      7.027222      7.020596
   2.99513      7.027222      7.020596
   3.05087      6.949544      6.941651
   3.10660      6.638886      6.642311
   3.16233      6.326854      6.335780
   3.21807      6.323610      6.312118
   3.27380      6.236999      6.229201
   3.32954      6.215100      6.210184
   3.38527      6.165114      6.160863
   3.44100      6.075986      6.107286
   3.49674      5.885684      5.913813
   3.55247      5.726975      5.748998
   3.60820      5.686761      5.698022
   3.66394      5.654783      5.655110
   3.71967      5.332327      5.332154
   3.77541      5.121522      5.111426
   3.83114      5.016978      5.006100
   3.88687      4.936346      4.925338
   3.94261      4.878073      4.866977
   3.99834      4.842761      4.831602
   4.05407      4.830926      4.819743
 
# Band-Index   28
   4.05407      5.251175      5.252198
   3.99834      5.286814      5.287781
   3.94261      5.371586      5.372594
   3.88687      5.473731      5.474896
   3.83114      5.578226      5.579473
   3.77541      5.681714      5.682849
   3.71967      5.778341      5.779193
   3.66394      5.779281      5.782761
   3.60820      5.968011      5.968085
   3.55247      6.157650      6.156751
   3.49674      6.180442      6.177374
   3.44100      6.164555      6.160653
   3.38527      6.252321      6.285895
   3.32954      6.408206      6.444196
   3.27380      6.570491      6.610112
   3.21807      6.337323      6.339057
   3.16233      6.512793      6.500579
   3.10660      6.748079      6.737510
   3.05087      6.953934      6.953106
   2.99513      7.147593      7.144118
   2.99513      7.147593      7.144118
   2.95572      7.087580      7.081733
   2.91631      6.947036      6.946697
   2.87690      6.790313      6.792289
   2.83750      6.639095      6.688800
   2.79809      6.519671      6.572842
   2.75868      6.463831      6.545068
   2.71927      6.381942      6.662187
   2.67986      6.331721      6.634785
   2.64045      6.240998      6.560231
   2.60104      6.117743      6.507839
   2.56163      6.049304      6.306989
   2.52222      6.115525      6.169081
   2.48281      6.207919      6.167033
   2.44340      6.236766      6.157682
   2.40399      6.198307      6.147419
   2.36458      6.163866      6.271719
   2.32517      6.138601      6.529523
   2.28576      6.223618      6.680394
   2.24635      6.267086      6.826967
   2.24635      6.267086      6.826967
   2.20694      6.133347      6.832241
   2.16753      6.156705      6.284775
   2.12812      6.199707      6.434103
   2.08871      6.244842      6.607496
   2.04930      6.233985      6.612126
   2.00989      6.172368      6.491318
   1.97048      6.084078      6.357776
   1.93107      6.046533      6.159677
   1.89166      5.988892      6.063212
   1.85225      5.839561      5.906459
   1.81284      5.695860      5.745824
   1.77343      5.580151      5.642376
   1.73402      5.535698      5.549945
   1.69462      5.496387      5.465016
   1.65521      5.452570      5.392171
   1.61580      5.398562      5.333464
   1.57639      5.335724      5.289698
   1.53698      5.277204      5.261913
   1.49757      5.251175      5.252198
   1.49757      5.251175      5.252198
   1.45816      5.260822      5.278108
   1.41875      5.288436      5.336579
   1.37934      5.331981      5.399714
   1.33993      5.390437      5.454396
   1.30052      5.462981      5.499249
   1.26111      5.547518      5.539959
   1.22170      5.639438      5.586107
   1.18229      5.743663      5.697222
   1.14288      5.904360      5.840713
   1.10347      6.061162      5.990596
   1.06406      6.160797      6.046174
   1.02465      6.355810      6.096580
   0.98524      6.489357      6.184677
   0.94583      6.610117      6.244290
   0.90642      6.583452      6.252512
   0.86701      6.400288      6.206349
   0.82760      6.240975      6.137469
   0.78819      6.162951      6.110804
   0.74878      6.152550      6.094856
   0.74878      6.152550      6.094856
   0.70937      6.153720      6.100002
   0.66996      6.157259      6.115393
   0.63055      6.163181      6.140858
   0.59114      6.171237      6.175891
   0.55174      6.180252      6.217609
   0.51233      6.186790      6.207830
   0.47292      6.183612      6.116966
   0.43351      6.306481      6.071986
   0.39410      6.525382      6.143280
   0.35469      6.580503      6.238669
   0.31528      6.656190      6.326866
   0.27587      6.667724      6.398601
   0.23646      6.543210      6.468296
   0.19705      6.565197      6.510197
   0.15764      6.688751      6.638653
   0.11823      6.800125      6.789227
   0.07882      6.948136      6.944850
   0.03941      7.084314      7.084220
   0.00000      7.147418      7.144123
 
# Band-Index   29
   0.00000      7.154425      7.150349
   0.03941      7.088956      7.094345
   0.07882      6.960276      6.986502
   0.11823      6.821918      6.862371
   0.15764      6.697852      6.737043
   0.19705      6.624906      6.616297
   0.23646      6.609143      6.502953
   0.27587      6.748252      6.617419
   0.31528      6.757741      6.702570
   0.35469      6.652630      6.601359
   0.39410      6.561280      6.508510
   0.43351      6.485738      6.424675
   0.47292      6.428749      6.350816
   0.51233      6.394269      6.292249
   0.55174      6.387711      6.283630
   0.59114      6.415345      6.243876
   0.63055      6.482111      6.221884
   0.66996      6.588663      6.223482
   0.70937      6.730031      6.248082
   0.74878      6.848046      6.265660
   0.74878      6.848046      6.265660
   0.78819      6.846390      6.268097
   0.82760      6.857344      6.274289
   0.86701      6.799610      6.280788
   0.90642      6.714777      6.281710
   0.94583      6.770066      6.269117
   0.98524      6.605848      6.234788
   1.02465      6.375655      6.173354
   1.06406      6.212295      6.084358
   1.10347      6.261950      5.992959
   1.14288      6.460370      6.005381
   1.18229      6.631155      6.026885
   1.22170      6.554974      6.052531
   1.26111      6.473706      6.080075
   1.30052      6.392524      6.105276
   1.33993      6.313369      6.122245
   1.37934      6.238186      6.127624
   1.41875      6.172348      6.124372
   1.45816      6.125511      6.119048
   1.49757      6.108287      6.116704
   1.49757      6.108287      6.116704
   1.53698      6.110811      6.133780
   1.57639      6.116706      6.180270
   1.61580      6.120956      6.245734
   1.65521      6.116896      6.320623
   1.69462      6.101240      6.399567
   1.73402      6.077056      6.480574
   1.77343      6.050135      6.561638
   1.81284      6.024705      6.637557
   1.85225      6.002905      6.461155
   1.89166      5.990562      6.262084
   1.93107      6.083857      6.214297
   1.97048      6.173279      6.375245
   2.00989      6.235151      6.605704
   2.04930      6.269863      6.784408
   2.08871      6.282756      6.716922
   2.12812      6.282031      6.802028
   2.16753      6.275647      6.844220
   2.20694      6.269514      6.851671
   2.24635      6.314551      6.911803
   2.24635      6.314551      6.911803
   2.28576      6.325773      7.039583
   2.32517      6.326914      6.893776
   2.36458      6.323088      6.805910
   2.40399      6.313655      6.710785
   2.44340      6.332471      6.625635
   2.48281      6.315871      6.548073
   2.52222      6.375131      6.499038
   2.56163      6.448765      6.485175
   2.60104      6.532392      6.636391
   2.64045      6.625017      6.844521
   2.67986      6.725954      6.774479
   2.71927      6.612810      6.726601
   2.75868      6.490331      6.601821
   2.79809      6.607039      6.616261
   2.83750      6.731255      6.693189
   2.87690      6.859288      6.823585
   2.91631      6.986374      6.959692
   2.95572      7.096779      7.086357
   2.99513      7.154455      7.150359
   2.99513      7.154455      7.150359
   3.05087      7.153360      7.149673
   3.10660      7.158258      7.154574
   3.16233      7.016991      7.064194
   3.21807      6.770678      6.814571
   3.27380      6.636477      6.637090
   3.32954      6.847656      6.847587
   3.38527      6.689502      6.684264
   3.44100      6.518726      6.516496
   3.49674      6.459480      6.459352
   3.55247      6.279328      6.279891
   3.60820      6.117064      6.118396
   3.66394      6.000803      6.003651
   3.71967      6.060745      6.064412
   3.77541      6.200734      6.204030
   3.83114      6.270060      6.274192
   3.88687      6.246445      6.252261
   3.94261      6.181600      6.188796
   3.99834      6.128121      6.136212
   4.05407      6.108287      6.116704
 
# Band-Index   30
   4.05407      6.468625      6.473129
   3.99834      6.472644      6.477116
   3.94261      6.483110      6.487544
   3.88687      6.500208      6.504848
   3.83114      6.544021      6.549294
   3.77541      6.635583      6.641097
   3.71967      6.753662      6.759010
   3.66394      6.799346      6.801380
   3.60820      6.601882      6.603293
   3.55247      6.545514      6.546965
   3.49674      6.534059      6.534788
   3.44100      6.641366      6.640621
   3.38527      6.801121      6.800198
   3.32954      6.923566      6.916229
   3.27380      7.119071      7.116183
   3.21807      7.152114      7.148720
   3.16233      7.161238      7.157646
   3.10660      7.294103      7.340000
   3.05087      7.490593      7.494364
   2.99513      7.472105      7.475661
   2.99513      7.472105      7.475661
   2.95572      7.493045      7.499795
   2.91631      7.442288      7.359710
   2.87690      7.320241      7.216923
   2.83750      7.194637      7.079692
   2.79809      7.070243      6.950964
   2.75868      6.949623      6.832692
   2.71927      6.834466      6.787046
   2.67986      6.790112      6.927691
   2.64045      6.680015      6.871633
   2.60104      6.563626      6.758246
   2.56163      6.473346      6.775511
   2.52222      6.412466      6.546373
   2.48281      6.373440      6.600226
   2.44340      6.351083      6.639924
   2.40399      6.425377      6.726785
   2.36458      6.517871      6.848478
   2.32517      6.596589      6.928953
   2.28576      6.650377      7.064854
   2.24635      6.669655      7.091268
   2.24635      6.669655      7.091268
   2.20694      6.660353      6.900161
   2.16753      6.643635      6.863839
   2.12812      6.626213      6.885148
   2.08871      6.614301      6.894323
   2.04930      6.589607      6.789469
   2.00989      6.528731      6.891459
   1.97048      6.418656      6.867759
   1.93107      6.272847      6.815509
   1.89166      6.296523      6.760880
   1.85225      6.503308      6.703332
   1.81284      6.739099      6.681552
   1.77343      6.677261      6.738525
   1.73402      6.594823      6.670226
   1.69462      6.530479      6.612993
   1.65521      6.488587      6.564459
   1.61580      6.469003      6.525201
   1.57639      6.465008      6.496437
   1.53698      6.467147      6.478973
   1.49757      6.468625      6.473129
   1.49757      6.468625      6.473129
   1.45816      6.474497      6.471647
   1.41875      6.492043      6.469534
   1.37934      6.520938      6.473672
   1.33993      6.560362      6.493500
   1.30052      6.609071      6.535552
   1.26111      6.666458      6.599832
   1.22170      6.734853      6.682000
   1.18229      6.680059      6.741436
   1.14288      6.697138      6.504781
   1.10347      6.754680      6.297287
   1.06406      6.809103      6.272406
   1.02465      6.861139      6.417537
   0.98524      6.884549      6.526948
   0.94583      6.789884      6.587150
   0.90642      6.897921      6.611204
   0.86701      6.895908      6.592853
   0.82760      6.860984      6.504124
   0.78819      6.896806      6.444205
   0.74878      6.886754      6.423878
   0.74878      6.886754      6.423878
   0.70937      6.853412      6.423274
   0.66996      6.869426      6.421398
   0.63055      6.822551      6.418237
   0.59114      6.725319      6.414455
   0.55174      6.624895      6.326981
   0.51233      6.549637      6.337604
   0.47292      6.505297      6.403936
   0.43351      6.497706      6.481338
   0.39410      6.635244      6.568128
   0.35469      6.845613      6.659584
   0.31528      6.778560      6.726344
   0.27587      6.784856      6.811439
   0.23646      6.854087      6.927089
   0.19705      6.971805      7.048364
   0.15764      7.099708      7.173656
   0.11823      7.235892      7.300506
   0.07882      7.377366      7.424284
   0.03941      7.513314      7.499374
   0.00000      7.471665      7.475508
 
# Band-Index   31
   0.00000      7.598278      7.584408
   0.03941      7.515651      7.532586
   0.07882      7.535484      7.512045
   0.11823      7.428889      7.459695
   0.15764      7.285905      7.359498
   0.19705      7.142250      7.216200
   0.23646      7.004647      7.082479
   0.27587      6.876930      6.975984
   0.31528      7.045359      6.845047
   0.35469      7.025778      6.701694
   0.39410      6.979786      6.579069
   0.43351      6.896656      6.491435
   0.47292      6.809950      6.440578
   0.51233      6.746797      6.418109
   0.55174      6.721528      6.412531
   0.59114      6.745779      6.422003
   0.63055      6.847064      6.513483
   0.66996      6.934254      6.590398
   0.70937      7.042382      6.642489
   0.74878      6.908261      6.661031
   0.74878      6.908261      6.661031
   0.78819      6.909695      6.655248
   0.82760      6.971479      6.638350
   0.86701      7.045099      6.622092
   0.90642      7.068985      6.690033
   0.94583      7.042356      6.791248
   0.98524      7.064850      6.896479
   1.02465      7.165743      6.977591
   1.06406      7.152259      6.997885
   1.10347      7.050647      6.954009
   1.14288      6.929552      6.871619
   1.18229      6.820977      6.775709
   1.22170      6.902454      6.977428
   1.26111      7.100905      7.176664
   1.30052      7.230299      7.286804
   1.33993      7.276680      7.313973
   1.37934      7.280935      7.308569
   1.41875      7.273499      7.296609
   1.45816      7.266254      7.287291
   1.49757      7.263475      7.283902
   1.49757      7.263475      7.283902
   1.53698      7.266925      7.286591
   1.57639      7.276467      7.293507
   1.61580      7.288963      7.300136
   1.65521      7.295710      7.293859
   1.69462      7.272077      7.242757
   1.73402      7.168173      7.107267
   1.77343      6.973279      6.905377
   1.81284      6.771394      6.824633
   1.85225      6.867876      6.933178
   1.89166      6.951115      7.054029
   1.93107      6.996345      7.154749
   1.97048      6.977148      7.167842
   2.00989      6.894430      7.074528
   2.04930      6.783010      7.057551
   2.08871      6.689569      7.112783
   2.12812      7.046562      7.152131
   2.16753      7.067859      7.116346
   2.20694      7.096967      7.097022
   2.24635      7.148134      7.199066
   2.24635      7.148134      7.199066
   2.28576      7.199423      7.124245
   2.32517      7.321205      6.986708
   2.36458      7.339568      6.894466
   2.40399      7.214090      6.918371
   2.44340      6.974458      6.962905
   2.48281      7.015419      7.014155
   2.52222      7.049047      7.066381
   2.56163      7.064247      7.108067
   2.60104      7.056634      7.118353
   2.64045      7.092291      7.182376
   2.67986      6.986888      7.046437
   2.71927      6.954001      7.012776
   2.75868      7.067160      7.110561
   2.79809      7.189186      7.234798
   2.83750      7.317166      7.362967
   2.87690      7.436118      7.481832
   2.91631      7.496948      7.560987
   2.95572      7.548232      7.520691
   2.99513      7.598283      7.584408
   2.99513      7.598283      7.584408
   3.05087      7.510048      7.501738
   3.10660      7.449910      7.434456
   3.16233      7.419903      7.405036
   3.21807      7.334112      7.321060
   3.27380      7.152563      7.142604
   3.32954      7.078496      7.076550
   3.38527      7.089471      7.089219
   3.44100      7.071859      7.072432
   3.49674      7.014699      7.014632
   3.55247      6.926174      6.926004
   3.60820      6.975744      6.979820
   3.66394      6.874802      6.879743
   3.71967      7.022631      7.026579
   3.77541      7.204021      7.212438
   3.83114      7.291851      7.306355
   3.88687      7.302199      7.320389
   3.94261      7.285828      7.305521
   3.99834      7.269668      7.289941
   4.05407      7.263475      7.283902
 
# Band-Index   32
   4.05407      8.617550      8.618004
   3.99834      8.528566      8.529236
   3.94261      8.336635      8.337979
   3.88687      8.125401      8.128273
   3.83114      7.942780      7.949164
   3.77541      7.831001      7.841326
   3.71967      7.634628      7.635505
   3.66394      7.359108      7.359228
   3.60820      7.107482      7.107480
   3.55247      7.032888      7.035601
   3.49674      7.054221      7.055669
   3.44100      7.300642      7.300206
   3.38527      7.512805      7.511002
   3.32954      7.639179      7.643488
   3.27380      7.662081      7.666390
   3.21807      7.656817      7.661103
   3.16233      7.611013      7.616722
   3.10660      7.569321      7.577780
   3.05087      7.588176      7.616294
   2.99513      7.600638      7.611057
   2.99513      7.600638      7.611057
   2.95572      7.623151      7.630131
   2.91631      7.581287      7.595495
   2.87690      7.464388      7.517680
   2.83750      7.844860      7.960665
   2.79809      7.766153      7.940226
   2.75868      7.606727      7.830198
   2.71927      7.423023      7.661549
   2.67986      7.256987      7.469017
   2.64045      7.187239      7.316986
   2.60104      7.080711      7.220023
   2.56163      7.065446      7.192070
   2.52222      7.050286      7.200187
   2.48281      7.094220      7.225694
   2.44340      7.146212      7.249856
   2.40399      7.613151      7.271315
   2.36458      7.469174      7.284340
   2.32517      7.485678      7.246746
   2.28576      7.632676      7.294206
   2.24635      7.720312      7.289387
   2.24635      7.720312      7.289387
   2.20694      7.709844      7.229787
   2.16753      7.681710      7.208165
   2.12812      7.642747      7.178515
   2.08871      7.175378      7.200966
   2.04930      7.358924      7.274876
   2.00989      7.556840      7.360639
   1.97048      7.519615      7.461992
   1.93107      7.681547      7.578656
   1.89166      7.788336      7.709858
   1.85225      7.775378      7.792391
   1.81284      7.724733      7.742884
   1.77343      7.693363      7.706110
   1.73402      7.716223      7.707766
   1.69462      7.840637      7.790061
   1.65521      8.047583      7.965842
   1.61580      8.271290      8.185552
   1.57639      8.460499      8.398160
   1.53698      8.579119      8.557649
   1.49757      8.617550      8.618004
   1.49757      8.617550      8.618004
   1.45816      8.557150      8.579756
   1.41875      8.397418      8.461625
   1.37934      8.184069      8.273149
   1.33993      7.962389      8.050830
   1.30052      7.781954      7.847346
   1.26111      7.693680      7.728991
   1.22170      7.688823      7.710153
   1.18229      7.724701      7.742741
   1.14288      7.774780      7.792970
   1.10347      7.708707      7.789612
   1.06406      7.577333      7.683201
   1.02465      7.455406      7.542366
   0.98524      7.359233      7.397838
   0.94583      7.273498      7.268210
   0.90642      7.203995      7.157970
   0.86701      7.151288      7.009284
   0.82760      7.115894      6.908683
   0.78819      7.096996      6.859251
   0.74878      7.091462      6.847229
   0.74878      7.091462      6.847229
   0.70937      7.078638      6.852134
   0.66996      6.985655      6.866704
   0.63055      6.895801      6.890457
   0.59114      6.931954      6.922392
   0.55174      6.976764      6.960542
   0.51233      7.027965      7.000959
   0.47292      7.080505      7.035577
   0.43351      7.122141      7.050722
   0.39410      7.131194      7.044809
   0.35469      7.190425      7.081110
   0.31528      7.054343      7.016162
   0.27587      7.095340      6.989632
   0.23646      7.160544      7.124042
   0.19705      7.249759      7.248160
   0.15764      7.356139      7.362899
   0.11823      7.464490      7.501851
   0.07882      7.553006      7.617110
   0.03941      7.609810      7.640944
   0.00000      7.600753      7.610903
 
# Band-Index   33
   0.00000      7.825424      7.807422
   0.03941      7.912560      7.846384
   0.07882      7.908574      7.934689
   0.11823      7.960452      7.946187
   0.15764      8.002676      7.927141
   0.19705      7.955249      7.832161
   0.23646      7.839474      7.673520
   0.27587      7.666120      7.498745
   0.31528      7.474844      7.247427
   0.35469      7.318794      7.235288
   0.39410      7.217807      7.160724
   0.43351      7.191125      7.118174
   0.47292      7.204175      7.105155
   0.51233      7.228643      7.122053
   0.55174      7.253664      7.170344
   0.59114      7.274614      7.250444
   0.63055      7.289071      7.360020
   0.66996      7.259659      7.344207
   0.70937      7.131762      7.226107
   0.74878      7.235264      7.177885
   0.74878      7.235264      7.177885
   0.78819      7.229181      7.167069
   0.82760      7.209252      7.143972
   0.86701      7.183736      7.134758
   0.90642      7.214419      7.172668
   0.94583      7.350910      7.341807
   0.98524      7.413772      7.542232
   1.02465      7.460972      7.612492
   1.06406      7.582514      7.709333
   1.10347      7.753730      7.836977
   1.14288      7.853847      7.927361
   1.18229      8.011841      8.091741
   1.22170      8.181321      8.278471
   1.26111      8.360350      8.483727
   1.30052      8.546059      8.703806
   1.33993      8.733976      8.740662
   1.37934      8.765001      8.726818
   1.41875      8.727821      8.712609
   1.45816      8.703554      8.701846
   1.49757      8.695104      8.697815
   1.49757      8.695104      8.697815
   1.53698      8.699187      8.706264
   1.57639      8.710105      8.730531
   1.61580      8.724569      8.767695
   1.65521      8.738754      8.733840
   1.69462      8.703388      8.546204
   1.73402      8.483222      8.360746
   1.77343      8.277850      8.181942
   1.81284      8.090963      8.012662
   1.85225      7.926369      7.854846
   1.89166      7.822054      7.752798
   1.93107      7.696507      7.588858
   1.97048      7.610418      7.472792
   2.00989      7.576751      7.443247
   2.04930      7.577419      7.334361
   2.08871      7.603676      7.205287
   2.12812      7.959498      7.183542
   2.16753      7.936615      7.240415
   2.20694      7.918688      7.276808
   2.24635      7.932226      7.349965
   2.24635      7.932226      7.349965
   2.28576      7.912291      7.387299
   2.32517      7.860217      7.297211
   2.36458      7.839077      7.423527
   2.40399      7.834411      7.578709
   2.44340      7.748532      7.720710
   2.48281      7.867430      7.838952
   2.52222      7.888665      7.938948
   2.56163      7.711241      7.832210
   2.60104      7.576574      7.608698
   2.64045      7.267942      7.321391
   2.67986      7.294198      7.473772
   2.71927      7.520301      7.701011
   2.75868      7.783294      7.833609
   2.79809      7.955620      7.959602
   2.83750      8.038295      8.027440
   2.87690      8.029112      8.056708
   2.91631      7.950731      8.007521
   2.95572      7.863715      7.896680
   2.99513      7.825426      7.807435
   2.99513      7.825426      7.807435
   3.05087      7.882594      7.864461
   3.10660      7.915563      7.897360
   3.16233      7.930081      7.914584
   3.21807      7.866696      7.857442
   3.27380      7.810140      7.802490
   3.32954      7.692651      7.688246
   3.38527      7.749310      7.752040
   3.44100      7.546287      7.546998
   3.49674      7.533052      7.534447
   3.55247      7.606928      7.609576
   3.60820      7.542109      7.543991
   3.66394      7.565455      7.566910
   3.71967      7.671522      7.672811
   3.77541      7.865375      7.866452
   3.83114      8.147661      8.148422
   3.88687      8.483877      8.484408
   3.94261      8.712026      8.713976
   3.99834      8.706889      8.709535
   4.05407      8.695104      8.697815
 
# Band-Index   34
   4.05407      9.250673      9.249357
   3.99834      9.172495      9.171545
   3.94261      8.958607      8.959083
   3.88687      8.631249      8.630903
   3.83114      8.291738      8.291532
   3.77541      7.980512      7.982293
   3.71967      7.871080      7.886070
   3.66394      7.876974      7.888528
   3.60820      7.760898      7.764525
   3.55247      7.622506      7.624563
   3.49674      7.739571      7.742712
   3.44100      7.848279      7.851010
   3.38527      7.764068      7.763618
   3.32954      8.012488      8.007742
   3.27380      7.983324      7.999585
   3.21807      8.035579      8.042114
   3.16233      8.020582      8.067228
   3.10660      7.990533      8.040824
   3.05087      7.968274      7.994869
   2.99513      7.937431      7.917774
   2.99513      7.937431      7.917774
   2.95572      7.961448      7.948835
   2.91631      7.990156      8.015274
   2.87690      8.107283      8.154046
   2.83750      8.343467      8.354114
   2.79809      8.169143      8.357561
   2.75868      7.973114      8.271055
   2.71927      7.827780      7.941292
   2.67986      7.721164      7.717293
   2.64045      7.649468      7.647917
   2.60104      7.634516      7.680099
   2.56163      7.890739      7.900796
   2.52222      7.970338      8.011752
   2.48281      8.090223      8.319412
   2.44340      8.377543      8.558161
   2.40399      8.585303      8.371584
   2.36458      8.454523      8.222679
   2.32517      8.297523      8.050081
   2.28576      8.137238      7.947153
   2.24635      8.040485      7.896833
   2.24635      8.040485      7.896833
   2.20694      7.936803      7.359014
   2.16753      7.958040      7.385595
   2.12812      8.047485      7.429776
   2.08871      7.976604      7.491352
   2.04930      7.985385      7.570043
   2.00989      7.988504      7.521054
   1.97048      7.734210      7.705706
   1.93107      7.827367      7.820887
   1.89166      7.901807      7.832409
   1.85225      8.120932      7.925723
   1.81284      8.335004      8.108544
   1.77343      8.528131      8.305995
   1.73402      8.690428      8.516809
   1.69462      8.748877      8.734006
   1.65521      8.934181      8.812913
   1.61580      9.059504      8.916217
   1.57639      9.152153      9.080154
   1.53698      9.222177      9.202277
   1.49757      9.250673      9.249357
   1.49757      9.250673      9.249357
   1.45816      9.203433      9.221028
   1.41875      9.080968      9.151327
   1.37934      8.916674      9.058982
   1.33993      8.810341      8.934528
   1.30052      8.735885      8.750338
   1.26111      8.519317      8.689207
   1.22170      8.309123      8.525993
   1.18229      8.112184      8.332905
   1.14288      7.929185      8.120139
   1.10347      7.817739      7.905840
   1.06406      7.815133      7.833870
   1.02465      7.713246      7.727179
   0.98524      7.535701      7.579289
   0.94583      7.366248      7.580449
   0.90642      7.288651      7.606976
   0.86701      7.247370      7.646257
   0.82760      7.259737      7.685379
   0.78819      7.278353      7.713601
   0.74878      7.285651      7.723836
   0.74878      7.285651      7.723836
   0.70937      7.291597      7.635091
   0.66996      7.295423      7.492937
   0.63055      7.429689      7.488382
   0.59114      7.580492      7.631281
   0.55174      7.686642      7.762541
   0.51233      7.737806      7.881148
   0.47292      7.794440      7.877607
   0.43351      7.824890      7.707110
   0.39410      7.608625      7.577828
   0.35469      7.322416      7.271567
   0.31528      7.482775      7.347392
   0.27587      7.710321      7.510635
   0.23646      7.842533      7.770497
   0.19705      7.964110      7.940908
   0.15764      8.042684      8.023595
   0.11823      8.073356      8.014097
   0.07882      8.033275      7.942843
   0.03941      7.934296      7.971550
   0.00000      7.937425      7.917749
 
# Band-Index   35
   0.00000      7.953471      8.009553
   0.03941      7.959575      7.974213
   0.07882      8.053705      8.072232
   0.11823      8.224522      8.219636
   0.15764      8.363241      8.337416
   0.19705      8.364764      8.166243
   0.23646      8.270903      7.969874
   0.27587      7.940194      7.821911
   0.31528      7.714605      7.714982
   0.35469      7.639618      7.644432
   0.39410      7.670873      7.631048
   0.43351      7.857767      7.892721
   0.47292      7.932048      7.984289
   0.51233      7.827855      7.946307
   0.55174      7.711771      7.906929
   0.59114      7.638437      7.883235
   0.63055      7.587928      7.878691
   0.66996      7.524646      7.896876
   0.70937      7.435234      7.937465
   0.74878      7.351931      7.962260
   0.74878      7.351931      7.962260
   0.78819      7.360801      7.967914
   0.82760      7.387372      7.982331
   0.86701      7.431524      8.001084
   0.90642      7.493060      8.022993
   0.94583      7.571699      8.053468
   0.98524      7.667076      8.107408
   1.02465      7.778725      8.206269
   1.06406      7.906058      8.359800
   1.10347      8.048327      8.509609
   1.14288      8.204556      8.598615
   1.18229      8.373433      8.696010
   1.22170      8.553122      8.758738
   1.26111      8.740946      8.759812
   1.30052      8.868760      8.832121
   1.33993      8.959925      8.951996
   1.37934      9.165963      9.170134
   1.41875      9.351365      9.323149
   1.45816      9.403879      9.387358
   1.49757      9.413132      9.412049
   1.49757      9.413132      9.412049
   1.53698      9.388410      9.402889
   1.57639      9.324119      9.350829
   1.61580      9.169850      9.165060
   1.65521      8.952356      8.958685
   1.69462      8.832599      8.871431
   1.73402      8.758620      8.740092
   1.77343      8.757782      8.552119
   1.81284      8.695605      8.372301
   1.85225      8.597909      8.203310
   1.89166      8.508605      8.046978
   1.93107      8.372865      7.904618
   1.97048      8.282834      7.777203
   2.00989      8.278370      7.665482
   2.04930      8.246094      7.733021
   2.08871      8.204629      7.801797
   2.12812      8.172603      7.872052
   2.16753      8.149761      7.951585
   2.20694      8.136099      8.051582
   2.24635      8.131543      8.102757
   2.24635      8.131543      8.102757
   2.28576      8.194336      8.146233
   2.32517      8.327681      8.247247
   2.36458      8.490584      8.366855
   2.40399      8.665926      8.485687
   2.44340      8.599949      8.643410
   2.48281      8.609901      8.565778
   2.52222      8.270423      8.243664
   2.56163      8.119729      8.073877
   2.60104      8.213263      8.167802
   2.64045      8.321135      8.271633
   2.67986      8.429310      8.376628
   2.71927      8.529379      8.474941
   2.75868      8.445959      8.549062
   2.79809      8.447278      8.537936
   2.83750      8.361244      8.394030
   2.87690      8.231693      8.212781
   2.91631      8.100823      8.050269
   2.95572      7.989271      7.995498
   2.99513      7.988003      8.012451
   2.99513      7.988003      8.012451
   3.05087      7.979132      8.027029
   3.10660      8.151568      8.157788
   3.16233      8.077070      8.069443
   3.21807      8.055305      8.067434
   3.27380      8.072388      8.061940
   3.32954      8.026774      8.037809
   3.38527      8.141487      8.149797
   3.44100      8.253521      8.257673
   3.49674      8.315586      8.325251
   3.55247      8.229085      8.243631
   3.60820      8.127205      8.142013
   3.66394      8.102135      8.108863
   3.71967      8.278673      8.279422
   3.77541      8.544549      8.544552
   3.83114      8.840155      8.839916
   3.88687      8.914312      8.916703
   3.94261      8.976933      8.976570
   3.99834      9.292551      9.292077
   4.05407      9.413132      9.412049
 
# Band-Index   36
   4.05407      9.511870      9.512602
   3.99834      9.477735      9.477544
   3.94261      9.320798      9.320140
   3.88687      9.130973      9.130633
   3.83114      9.027256      9.029740
   3.77541      9.100520      9.097925
   3.71967      8.996847      8.993344
   3.66394      8.862377      8.858633
   3.60820      8.708879      8.705861
   3.55247      8.548732      8.547222
   3.49674      8.390213      8.390966
   3.44100      8.332304      8.333218
   3.38527      8.256066      8.272034
   3.32954      8.176045      8.201459
   3.27380      8.120989      8.155891
   3.21807      8.107316      8.136019
   3.16233      8.210669      8.206783
   3.10660      8.169332      8.164555
   3.05087      8.043023      8.028739
   2.99513      8.378269      8.047719
   2.99513      8.378269      8.047719
   2.95572      8.446295      8.470705
   2.91631      8.597113      8.613792
   2.87690      8.482663      8.659779
   2.83750      8.427167      8.575206
   2.79809      8.586237      8.545625
   2.75868      8.605960      8.780457
   2.71927      9.006652      8.982411
   2.67986      9.191343      9.138629
   2.64045      9.103125      9.105100
   2.60104      9.001069      8.994877
   2.56163      8.903586      8.892486
   2.52222      8.806790      8.838524
   2.48281      8.707276      8.765308
   2.44340      8.844307      8.719282
   2.40399      8.693272      8.764677
   2.36458      9.005620      8.614161
   2.32517      9.235587      8.500941
   2.28576      9.275676      8.435722
   2.24635      9.276233      8.414638
   2.24635      9.276233      8.414638
   2.20694      8.657770      8.492782
   2.16753      8.704665      8.608797
   2.12812      8.795636      8.783337
   2.08871      8.247219      8.241667
   2.04930      8.281089      8.285094
   2.00989      8.297168      8.285302
   1.97048      8.357957      8.283824
   1.93107      8.428486      8.357902
   1.89166      8.570720      8.404958
   1.85225      8.757369      8.590517
   1.81284      8.755883      8.831632
   1.77343      8.800376      8.961712
   1.73402      8.910208      8.923054
   1.69462      9.022196      8.932120
   1.65521      9.132346      9.121549
   1.61580      9.235347      9.296696
   1.57639      9.337326      9.394013
   1.53698      9.445467      9.500212
   1.49757      9.511870      9.512602
   1.49757      9.511870      9.512602
   1.45816      9.499533      9.445806
   1.41875      9.394841      9.337028
   1.37934      9.296864      9.234507
   1.33993      9.122010      9.131687
   1.30052      8.932799      9.021763
   1.26111      8.920408      8.910034
   1.22170      8.958869      8.800485
   1.18229      8.812668      8.756744
   1.14288      8.561479      8.752454
   1.10347      8.352139      8.553976
   1.06406      8.191786      8.363610
   1.02465      8.048095      8.286141
   0.98524      7.914879      8.287995
   0.94583      7.834716      8.248125
   0.90642      7.829249      8.206842
   0.86701      7.877526      8.174106
   0.82760      7.956948      8.077330
   0.78819      7.967923      8.000330
   0.74878      7.938682      7.970956
   0.74878      7.938682      7.970956
   0.70937      7.977260      8.053860
   0.66996      8.088260      8.204621
   0.63055      8.251345      8.352707
   0.59114      8.439958      8.486966
   0.55174      8.589378      8.392194
   0.51233      8.339958      8.114499
   0.47292      8.061257      7.998591
   0.43351      7.900507      8.061535
   0.39410      7.928335      8.133120
   0.35469      8.006268      8.211184
   0.31528      8.091285      8.292821
   0.27587      8.182515      8.372772
   0.23646      8.277456      8.437299
   0.19705      8.541509      8.443498
   0.15764      8.414265      8.352402
   0.11823      8.226172      8.238266
   0.07882      8.063998      8.086040
   0.03941      7.967970      8.014365
   0.00000      7.980060      8.045188
 
# Band-Index   37
   0.00000      8.380539      8.438527
   0.03941      8.429775      8.444540
   0.07882      8.551490      8.521911
   0.11823      8.652145      8.473396
   0.15764      8.580021      8.437122
   0.19705      8.543631      8.596336
   0.23646      8.539226      8.619170
   0.27587      8.463099      8.544988
   0.31528      8.364210      8.442954
   0.35469      8.259625      8.334761
   0.39410      8.155614      8.227508
   0.43351      8.062839      8.131622
   0.47292      8.242531      8.271027
   0.51233      8.563744      8.609891
   0.55174      8.634673      8.606187
   0.59114      8.478267      8.674784
   0.63055      8.358032      8.498255
   0.66996      8.237173      8.335496
   0.70937      8.138710      8.200664
   0.74878      8.098832      8.134315
   0.74878      8.098833      8.134315
   0.78819      8.047492      8.138812
   0.82760      8.045665      8.152333
   0.86701      8.145800      8.175015
   0.90642      8.232712      8.255269
   0.94583      8.275211      8.292055
   0.98524      8.275662      8.298980
   1.02465      8.279968      8.359520
   1.06406      8.366464      8.429778
   1.10347      8.566123      8.555437
   1.14288      8.828360      8.784191
   1.18229      9.031153      9.004496
   1.22170      9.147978      9.218519
   1.26111      9.450975      9.252961
   1.30052      9.456781      9.246049
   1.33993      9.426169      9.244285
   1.37934      9.402735      9.268606
   1.41875      9.434161      9.400026
   1.45816      9.504444      9.598304
   1.49757      9.594136      9.594119
   1.49757      9.594136      9.594119
   1.53698      9.598209      9.504218
   1.57639      9.399819      9.434443
   1.61580      9.269405      9.402002
   1.65521      9.245456      9.425389
   1.69462      9.247671      9.455543
   1.73402      9.255732      9.465378
   1.77343      9.217719      9.167864
   1.81284      8.973762      9.045452
   1.85225      8.820031      8.809089
   1.89166      8.769346      8.549234
   1.93107      8.815730      8.564787
   1.97048      8.878467      8.653502
   2.00989      8.930068      8.809396
   2.04930      8.931805      9.003438
   2.08871      8.865978      8.941121
   2.12812      9.201580      9.104966
   2.16753      9.211266      9.181758
   2.20694      9.262174      9.256351
   2.24635      9.656049      9.298525
   2.24635      9.656049      9.298525
   2.28576      9.704731      9.301272
   2.32517      9.462917      9.289246
   2.36458      9.381643      9.219353
   2.40399      9.347065      8.943868
   2.44340      8.949638      8.932073
   2.48281      9.007802      8.793972
   2.52222      9.171733      8.959405
   2.56163      9.304684      9.100197
   2.60104      9.369797      9.202547
   2.64045      9.327108      9.237699
   2.67986      9.212832      9.224372
   2.71927      9.276301      9.304216
   2.75868      8.956708      9.134006
   2.79809      8.767240      8.640670
   2.83750      8.749481      8.654158
   2.87690      8.721307      8.711665
   2.91631      8.622588      8.706945
   2.95572      8.756088      8.774567
   2.99513      8.825406      8.809204
   2.99513      8.825406      8.809204
   3.05087      8.709260      8.696913
   3.10660      8.584075      8.575601
   3.16233      8.655653      8.649591
   3.21807      8.611666      8.606229
   3.27380      8.424702      8.419264
   3.32954      8.269105      8.263585
   3.38527      8.282457      8.277324
   3.44100      8.358156      8.366141
   3.49674      8.478309      8.481574
   3.55247      8.644840      8.645386
   3.60820      8.843526      8.842361
   3.66394      9.068969      9.066677
   3.71967      9.305193      9.302718
   3.77541      9.192507      9.194853
   3.83114      9.177176      9.175459
   3.88687      9.238507      9.237391
   3.94261      9.373751      9.373419
   3.99834      9.499455      9.499344
   4.05407      9.594136      9.594119
 
# Band-Index   38
   4.05407      9.664324      9.664053
   3.99834      9.678900      9.678584
   3.94261      9.877317      9.876695
   3.88687     10.154367     10.153560
   3.83114      9.902822      9.899164
   3.77541      9.608468      9.605245
   3.71967      9.418620      9.420628
   3.66394      9.619480      9.607264
   3.60820      9.387409      9.371183
   3.55247      9.187771      9.173660
   3.49674      8.806487      8.809703
   3.44100      8.455261      8.459151
   3.38527      8.430085      8.434224
   3.32954      8.642717      8.647386
   3.27380      8.728036      8.756053
   3.21807      9.013485      9.017159
   3.16233      8.938843      8.970159
   3.10660      8.829666      8.624129
   3.05087      8.939177      8.925633
   2.99513      8.967925      8.955194
   2.99513      8.967925      8.955194
   2.95572      8.948743      8.882210
   2.91631      8.898489      8.765943
   2.87690      8.834548      8.764255
   2.83750      8.776395      8.834272
   2.79809      8.892431      8.957466
   2.75868      9.069975      9.140947
   2.71927      9.342260      9.395328
   2.67986      9.499991      9.594090
   2.64045      9.711682      9.768122
   2.60104      9.669899      9.710107
   2.56163      9.613879      9.636954
   2.52222      9.535004      9.565749
   2.48281      9.465359      9.504968
   2.44340      9.266375      9.426765
   2.40399      9.399819      9.282167
   2.36458      9.716928      9.444948
   2.32517      9.795484      9.697383
   2.28576      9.761376     10.018622
   2.24635     10.019275     10.220444
   2.24635     10.019275     10.220444
   2.20694      9.950993     10.210724
   2.16753      9.928495     10.069825
   2.12812      9.974549      9.852599
   2.08871      9.784271      9.482520
   2.04930      9.540938      9.257604
   2.00989      9.373109      9.316371
   1.97048      9.317364      9.364368
   1.93107      9.341541      9.334800
   1.89166      9.388768      9.272060
   1.85225      9.456018      9.004254
   1.81284      9.067988      9.093390
   1.77343      9.225880      9.354061
   1.73402      9.482034      9.466414
   1.69462      9.751684      9.645737
   1.65521      9.748789      9.619869
   1.61580      9.723535      9.603707
   1.57639      9.697652      9.605805
   1.53698      9.628097      9.639676
   1.49757      9.664324      9.664053
   1.49757      9.664324      9.664053
   1.45816      9.639958      9.628000
   1.41875      9.605844      9.697444
   1.37934      9.603474      9.723388
   1.33993      9.619504      9.748689
   1.30052      9.645289      9.757338
   1.26111      9.470309      9.498354
   1.22170      9.367874      9.242741
   1.18229      9.112249      9.052549
   1.14288      8.963063      8.801901
   1.10347      8.796299      8.781957
   1.06406      8.662913      8.826212
   1.02465      8.661985      8.894464
   0.98524      8.810475      8.947144
   0.94583      9.015360      8.928780
   0.90642      8.955923      8.858866
   0.86701      8.786707      8.775586
   0.82760      8.618083      8.701879
   0.78819      8.474045      8.652068
   0.74878      8.404918      8.634540
   0.74878      8.404919      8.634540
   0.70937      8.427100      8.658174
   0.66996      8.494610      8.729486
   0.63055      8.608460      8.847708
   0.59114      8.763270      8.695339
   0.55174      8.642134      8.855003
   0.51233      8.691564      8.713391
   0.47292      8.788882      8.813077
   0.43351      8.886359      8.909791
   0.39410      8.988594      9.007471
   0.35469      9.099083      9.109497
   0.31528      9.158740      9.186686
   0.27587      8.991666      9.016486
   0.23646      8.812357      8.857600
   0.19705      8.646799      8.762600
   0.15764      8.658070      8.764254
   0.11823      8.661166      8.645883
   0.07882      8.719751      8.610539
   0.03941      8.789510      8.741550
   0.00000      8.823699      8.809093
 
# Band-Index   39
   0.00000      8.967123      8.954423
   0.03941      8.893479      8.935661
   0.07882      8.775281      8.702772
   0.11823      8.675565      8.829143
   0.15764      8.790915      8.772216
   0.19705      8.937520      8.897075
   0.23646      9.114514      9.065588
   0.27587      9.290059      9.264196
   0.31528      9.218292      9.218723
   0.35469      9.264460      9.325535
   0.39410      9.249295      9.373872
   0.43351      9.144174      9.313764
   0.47292      8.995892      9.187918
   0.51233      8.822990      9.029540
   0.55174      8.857855      8.948981
   0.59114      8.954173      9.000392
   0.63055      9.221316      9.009126
   0.66996      9.282684      9.256906
   0.70937      9.279683      9.300303
   0.74878      9.276851      9.301979
   0.74878      9.276851      9.301979
   0.78819      9.256138      9.284061
   0.82760      9.206739      9.241772
   0.86701      9.159146      9.203561
   0.90642      9.151859      9.205622
   0.94583      9.219323      9.277490
   0.98524      9.335115      9.377508
   1.02465      9.376620      9.337803
   1.06406      9.349251      9.366238
   1.10347      9.305738      9.425207
   1.14288      9.303879      9.516285
   1.18229      9.447691      9.526284
   1.22170      9.704593      9.624498
   1.26111      9.678201      9.796682
   1.30052      9.777357      9.772983
   1.33993     10.043554      9.893600
   1.37934      9.980831      9.821706
   1.41875      9.866799      9.713168
   1.45816      9.762289      9.674374
   1.49757      9.690475      9.690475
   1.49757      9.690475      9.690475
   1.53698      9.674630      9.762421
   1.57639      9.713368      9.867023
   1.61580      9.822042      9.981082
   1.65521      9.894252     10.044366
   1.69462      9.773063      9.786843
   1.73402      9.796775      9.678719
   1.77343      9.638596      9.717647
   1.81284      9.532943      9.756459
   1.85225      9.528536      9.809999
   1.89166      9.518595      9.861690
   1.93107      9.498358      9.915384
   1.97048      9.541925      9.892068
   2.00989      9.642952      9.812699
   2.04930      9.820514      9.861303
   2.08871      9.987032      9.942653
   2.12812     10.002516     10.055799
   2.16753     10.011633     10.193999
   2.20694     10.017274     10.213816
   2.24635     10.274130     10.286252
   2.24635     10.274130     10.286252
   2.28576     10.406870     10.304737
   2.32517     10.086543     10.000169
   2.36458      9.940391      9.636601
   2.40399     10.102873      9.395657
   2.44340      9.434035     10.605762
   2.48281      9.469216     10.505677
   2.52222      9.692353     10.305742
   2.56163      9.912367      9.656965
   2.60104     10.004068      9.863359
   2.64045      9.744942      9.787021
   2.67986      9.679621      9.670985
   2.71927      9.406929      9.421008
   2.75868      9.156730      9.394959
   2.79809      8.979249      8.972310
   2.83750      8.915775      8.881067
   2.87690      9.308018      9.403953
   2.91631      9.283443      9.362324
   2.95572      9.203989      9.221016
   2.99513      9.148120      9.146428
   2.99513      9.148120      9.146428
   3.05087      9.223338      9.213295
   3.10660      8.964569      8.950789
   3.16233      9.016947      9.003522
   3.21807      9.106352      9.112813
   3.27380      8.817378      8.806303
   3.32954      8.694480      8.676028
   3.38527      8.737192      8.715325
   3.44100      8.872310      8.849807
   3.49674      9.045337      9.027966
   3.55247      9.243521      9.239477
   3.60820      9.459588      9.496268
   3.66394      9.624152      9.621502
   3.71967      9.880545      9.866672
   3.77541     10.118786     10.130555
   3.83114     10.318472     10.310690
   3.88687     10.156787     10.155335
   3.94261      9.931895      9.931780
   3.99834      9.753344      9.753379
   4.05407      9.690475      9.690475
 
# Band-Index   40
   4.05407     10.294791     10.293709
   3.99834     10.382490     10.382488
   3.94261     10.407833     10.405897
   3.88687     10.205874     10.202722
   3.83114     10.326316     10.334813
   3.77541     10.145340     10.150853
   3.71967      9.883255      9.919750
   3.66394      9.662298      9.726745
   3.60820      9.518978      9.553114
   3.55247      9.275009      9.252344
   3.49674      9.066864      9.053010
   3.44100      8.979893      9.031696
   3.38527      8.883005      9.060310
   3.32954      8.827559      9.033148
   3.27380      8.989621      9.143668
   3.21807      9.124937      9.133394
   3.16233      9.169183      9.162176
   3.10660      9.228905      9.221717
   3.05087      9.425090      9.462279
   2.99513      9.385498      9.532954
   2.99513      9.385498      9.532954
   2.95572      9.418566      9.419656
   2.91631      9.430153      9.433167
   2.87690      9.334426      9.460757
   2.83750      9.292714      9.401014
   2.79809      9.331242      9.370967
   2.75868      9.469524      9.571364
   2.71927      9.575052      9.612206
   2.67986      9.711288      9.752317
   2.64045      9.963104      9.836734
   2.60104     10.070616      9.893475
   2.56163     10.218974     10.085504
   2.52222     10.402629     10.655797
   2.48281     10.546575     10.802886
   2.44340     10.582421     10.614997
   2.40399     10.656480     10.550808
   2.36458     10.696192     10.484467
   2.32517     10.592560     10.421076
   2.28576     10.548351     10.410915
   2.24635     10.525993     10.387848
   2.24635     10.525993     10.387848
   2.20694     10.260208     10.375946
   2.16753     10.221343     10.382271
   2.12812     10.158078     10.163225
   2.08871     10.027725     10.123416
   2.04930      9.973540     10.062647
   2.00989      9.954594     10.000964
   1.97048      9.873930      9.969216
   1.93107      9.750920      9.951534
   1.89166      9.728576      9.871907
   1.85225      9.795323      9.813146
   1.81284      9.843861      9.761690
   1.77343      9.820315      9.746867
   1.73402      9.891504      9.907757
   1.69462     10.133568     10.211076
   1.65521     10.243442     10.231754
   1.61580     10.527538     10.517987
   1.57639     10.516789     10.423426
   1.53698     10.370129     10.332039
   1.49757     10.294791     10.293709
   1.49757     10.294791     10.293709
   1.45816     10.331810     10.370362
   1.41875     10.423621     10.516638
   1.37934     10.512931     10.532003
   1.33993     10.221313     10.255019
   1.30052     10.187766     10.150053
   1.26111      9.924972      9.873880
   1.22170      9.717060      9.820179
   1.18229      9.758802      9.652364
   1.14288      9.809264      9.524355
   1.10347      9.860821      9.513788
   1.06406      9.789618      9.488415
   1.02465      9.571130      9.498423
   0.98524      9.366961      9.414808
   0.94583      9.260517      9.537287
   0.90642      9.482676      9.784597
   0.86701      9.841979      9.848328
   0.82760     10.041815      9.834785
   0.78819     10.105790      9.827322
   0.74878     10.129126      9.825019
   0.74878     10.129123      9.825019
   0.70937     10.017082      9.760428
   0.66996      9.695982      9.469984
   0.63055      9.440168      9.401309
   0.59114      9.280819      9.372144
   0.55174      9.033275      9.260386
   0.51233      9.208651      9.466098
   0.47292      9.433856      9.580241
   0.43351      9.627600      9.647439
   0.39410      9.698604      9.714240
   0.35469      9.757177      9.740399
   0.31528      9.586511      9.496329
   0.27587      9.385589      9.345093
   0.23646      9.134907      9.150159
   0.19705      8.953459      9.000273
   0.15764      8.867018      8.950705
   0.11823      8.770831      8.857207
   0.07882      9.380837      8.889925
   0.03941      9.231191      9.190417
   0.00000      9.147426      9.140197
 
# Band-Index   41
   0.00000      9.385898      9.384578
   0.03941      9.423368      9.413952
   0.07882      9.375056      9.271319
   0.11823      9.399189      9.294999
   0.15764      9.404032      9.277565
   0.19705      9.363256      9.313550
   0.23646      9.469971      9.439699
   0.27587      9.413947      9.395263
   0.31528      9.663607      9.676225
   0.35469      9.783834      9.764159
   0.39410      9.853451      9.998339
   0.43351      9.655161      9.907575
   0.47292      9.558011      9.692715
   0.51233      9.495223      9.518586
   0.55174      9.442801      9.465489
   0.59114      9.407602      9.423756
   0.63055      9.634469      9.728159
   0.66996      9.998183      9.925643
   0.70937     10.154452      9.850228
   0.74878     10.218664     10.017908
   0.74878     10.218664     10.017908
   0.78819     10.212054     10.015973
   0.82760     10.192728     10.010233
   0.86701      9.986555     10.000873
   0.90642      9.895652      9.892207
   0.94583      9.826947      9.821597
   0.98524      9.809564      9.648930
   1.02465      9.896451      9.644563
   1.06406      9.914727      9.729266
   1.10347      9.861493      9.727082
   1.14288      9.813008      9.793551
   1.18229      9.761035      9.843654
   1.22170      9.754422      9.835308
   1.26111      9.985867     10.032249
   1.30052     10.231287     10.187272
   1.33993     10.554908     10.517713
   1.37934     10.537802     10.660535
   1.41875     10.587316     10.662562
   1.45816     10.378531     10.409676
   1.49757     10.294786     10.295209
   1.49757     10.294786     10.295209
   1.53698     10.410530     10.377371
   1.57639     10.661842     10.586000
   1.61580     10.661159     10.537141
   1.65521     10.532014     10.541787
   1.69462     10.204500     10.212402
   1.73402     10.009236     10.024570
   1.77343     10.161921     10.561004
   1.81284      9.952879     10.556103
   1.85225      9.867395     10.389717
   1.89166      9.890673     10.241297
   1.93107      9.913381     10.068544
   1.97048      9.934983      9.983107
   2.00989      9.957700     10.023700
   2.04930     10.043118     10.076925
   2.08871     10.135783     10.170264
   2.12812     10.455098     10.320130
   2.16753     10.682541     10.409811
   2.20694     10.724333     10.694417
   2.24635     10.707085     10.702981
   2.24635     10.707085     10.702981
   2.28576     10.649214     10.415736
   2.32517     10.654611     10.456386
   2.36458     10.679566     10.492714
   2.40399     10.741151     10.590824
   2.44340     10.595414     10.727412
   2.48281     10.697696     10.883051
   2.52222     10.543795     10.830653
   2.56163     10.273508     10.380995
   2.60104     10.076518     10.101848
   2.64045     10.017889      9.927298
   2.67986     10.054476      9.795306
   2.71927     10.029686      9.851878
   2.75868      9.788234      9.849555
   2.79809      9.565626      9.618558
   2.83750      9.450312      9.501725
   2.87690      9.407310      9.507998
   2.91631      9.468441      9.482602
   2.95572      9.492927      9.500089
   2.99513      9.514604      9.621368
   2.99513      9.514604      9.621368
   3.05087      9.468821      9.461488
   3.10660      9.417766      9.484787
   3.16233      9.280471      9.335386
   3.21807      9.247068      9.278812
   3.27380      9.233368      9.225105
   3.32954      9.219917      9.222709
   3.38527      9.111148      9.116866
   3.44100      9.031364      9.146857
   3.49674      9.111475      9.269786
   3.55247      9.276501      9.424990
   3.60820      9.662237      9.668144
   3.66394      9.787844      9.765154
   3.71967     10.079431     10.056808
   3.77541     10.347933     10.369006
   3.83114     10.511977     10.531998
   3.88687     10.709224     10.723899
   3.94261     10.697353     10.709033
   3.99834     10.475327     10.474357
   4.05407     10.294786     10.295209
 
# Band-Index   42
   4.05407     10.671991     10.684149
   3.99834     10.679197     10.691272
   3.94261     10.829404     10.827815
   3.88687     10.717934     10.726506
   3.83114     10.628943     10.665972
   3.77541     10.391464     10.394684
   3.71967     10.146075     10.129492
   3.66394     10.213429     10.212526
   3.60820      9.983475      9.986108
   3.55247     10.175832     10.178338
   3.49674     10.278667     10.267720
   3.44100     10.032723     10.036548
   3.38527      9.810170      9.806670
   3.32954      9.630324      9.631382
   3.27380      9.569477      9.579559
   3.21807      9.631293      9.636940
   3.16233      9.707328      9.613036
   3.10660      9.642312      9.628334
   3.05087      9.515795      9.574816
   2.99513      9.571248     10.405440
   2.99513      9.571248     10.405440
   2.95572      9.541895      9.591341
   2.91631      9.504504      9.525110
   2.87690      9.629560     10.162016
   2.83750      9.785562      9.582575
   2.79809      9.652035      9.776965
   2.75868     10.092015      9.892839
   2.71927     10.108171     10.100575
   2.67986     10.200475     10.209415
   2.64045     10.324970     10.121492
   2.60104     10.434774     10.325161
   2.56163     10.673444     10.617629
   2.52222     10.906059     10.947177
   2.48281     10.816757     10.886063
   2.44340     11.057743     10.960843
   2.40399     11.267220     11.127565
   2.36458     11.340154     11.284226
   2.32517     10.931076     11.302122
   2.28576     10.710476     10.928278
   2.24635     10.677509     10.715262
   2.24635     10.677509     10.715262
   2.20694     10.693646     10.716626
   2.16753     10.738950     10.649033
   2.12812     10.632603     10.586299
   2.08871     10.789569     10.504250
   2.04930     10.834313     10.412946
   2.00989     10.037070     10.319675
   1.97048     10.096004     10.245518
   1.93107     10.221660     10.206744
   1.89166     10.355060     10.261320
   1.85225     10.478239     10.410724
   1.81284     10.505349     10.548569
   1.77343     10.517932     10.704928
   1.73402     10.397091     10.784554
   1.69462     10.618101     10.765235
   1.65521     10.716961     10.653476
   1.61580     10.691418     10.695703
   1.57639     10.688078     10.696659
   1.53698     10.675589     10.687549
   1.49757     10.671991     10.684149
   1.49757     10.671991     10.684149
   1.45816     10.675417     10.687699
   1.41875     10.684773     10.698576
   1.37934     10.685904     10.701895
   1.33993     10.654558     10.725301
   1.30052     10.564615     10.618550
   1.26111     10.583583     10.393805
   1.22170     10.653104     10.158686
   1.18229     10.546189      9.950228
   1.14288     10.375061      9.867090
   1.10347     10.137568      9.890256
   1.06406      9.987959      9.912837
   1.02465      9.969508      9.904494
   0.98524     10.013680      9.954486
   0.94583     10.075229      9.930829
   0.90642     10.122154      9.988190
   0.86701     10.162088     10.098104
   0.82760     10.242252     10.220066
   0.78819     10.359541     10.258759
   0.74878     10.342080     10.272183
   0.74878     10.342080     10.272183
   0.70937     10.353083     10.420909
   0.66996     10.229971     10.090863
   0.63055     10.353288     10.049671
   0.59114     10.505302     10.217306
   0.55174     10.559153     10.418731
   0.51233     10.498596     10.558796
   0.47292     10.304116     10.409112
   0.43351     10.084943     10.222830
   0.39410      9.892752     10.074154
   0.35469      9.835633      9.962789
   0.31528      9.758650      9.746447
   0.27587      9.639727      9.611956
   0.23646      9.512629      9.476356
   0.19705      9.546845      9.579768
   0.15764      9.444060      9.489015
   0.11823      9.475574      9.454276
   0.07882      9.488854      9.495459
   0.03941      9.465642      9.465759
   0.00000      9.501146      9.534611
 
# Band-Index   43
   0.00000      9.589882      9.613377
   0.03941      9.564176      9.572536
   0.07882      9.489869      9.499815
   0.11823      9.494765      9.455024
   0.15764      9.483983      9.769359
   0.19705      9.596025      9.645184
   0.23646      9.810646      9.818873
   0.27587      9.857434     10.044612
   0.31528      9.792530     10.069320
   0.35469      9.920571     10.029384
   0.39410     10.099023     10.076410
   0.43351     10.369498     10.265864
   0.47292     10.641527     10.538032
   0.51233     10.817598     10.638430
   0.55174     10.710634     10.610247
   0.59114     10.517825     10.592687
   0.63055     10.438554     10.555987
   0.66996     10.385774     10.522274
   0.70937     10.354983     10.499941
   0.74878     10.512931     10.492213
   0.74878     10.512926     10.492212
   0.78819     10.481182     10.507784
   0.82760     10.381456     10.371255
   0.86701     10.333033     10.156219
   0.90642     10.210791     10.034643
   0.94583     10.090813      9.972580
   0.98524     10.023650      9.962442
   1.02465      9.982710      9.934406
   1.06406     10.072687      9.978184
   1.10347     10.281734     10.210876
   1.14288     10.430391     10.472895
   1.18229     10.626515     10.588548
   1.22170     10.700301     10.613716
   1.26111     10.776122     10.599143
   1.30052     10.767214     10.666550
   1.33993     10.788424     10.784736
   1.37934     10.853616     10.867374
   1.41875     10.856174     10.859492
   1.45816     11.151482     11.164482
   1.49757     11.214695     11.218886
   1.49757     11.214694     11.218887
   1.53698     11.165757     11.151196
   1.57639     10.859522     10.857233
   1.61580     10.874411     10.852091
   1.65521     10.785826     10.792191
   1.69462     10.867232     10.790058
   1.73402     10.849373     10.863583
   1.77343     10.824544     10.865496
   1.81284     11.131482     11.086416
   1.85225     11.191783     11.194886
   1.89166     11.248149     11.276874
   1.93107     11.173699     11.241612
   1.97048     11.131325     11.201597
   2.00989     11.350894     11.178982
   2.04930     11.177488     11.054758
   2.08871     11.021716     10.938643
   2.12812     10.891153     10.839942
   2.16753     10.791356     10.764833
   2.20694     11.096576     10.730972
   2.24635     11.281153     10.825240
   2.24635     11.281153     10.825240
   2.28576     11.448836     11.132201
   2.32517     11.425170     11.416078
   2.36458     11.380520     11.401851
   2.40399     11.422727     11.334730
   2.44340     11.248133     11.166152
   2.48281     11.108014     10.933868
   2.52222     10.986883     11.063402
   2.56163     10.975766     10.998884
   2.60104     10.667614     10.681478
   2.64045     10.395317     10.403758
   2.67986     10.274931     10.218167
   2.71927     10.143625     10.174677
   2.75868     10.150722     10.203138
   2.79809      9.961924     10.116702
   2.83750      9.819784      9.903547
   2.87690     10.041762     10.307045
   2.91631     10.285254     10.406599
   2.95572     10.421101     10.462082
   2.99513     10.399261     10.470815
   2.99513     10.399261     10.470815
   3.05087     10.408176     10.439189
   3.10660     10.224336     10.255986
   3.16233      9.848867      9.697741
   3.21807      9.670547      9.668692
   3.27380     10.038344     10.086196
   3.32954     10.214300     10.221036
   3.38527     10.423063     10.343314
   3.44100     10.589643     10.593918
   3.49674     10.406103     10.407212
   3.55247     10.535693     10.512949
   3.60820     10.776050     10.767601
   3.66394     10.866953     10.859922
   3.71967     10.694518     10.584370
   3.77541     10.709921     10.690485
   3.83114     10.718743     10.696765
   3.88687     10.836730     10.847833
   3.94261     10.940812     10.942773
   3.99834     11.135242     11.133943
   4.05407     11.214694     11.218887
 
# Band-Index   44
   4.05407     11.410626     11.407240
   3.99834     11.258335     11.259548
   3.94261     10.999897     11.006237
   3.88687     11.000810     10.986574
   3.83114     10.745953     10.745211
   3.77541     10.899177     10.906298
   3.71967     10.991369     10.999395
   3.66394     10.948893     10.950658
   3.60820     10.886645     10.870874
   3.55247     10.828366     10.833675
   3.49674     10.758109     10.696312
   3.44100     10.676432     10.701010
   3.38527     10.542096     10.550908
   3.32954     10.461422     10.471468
   3.27380     10.138944     10.143961
   3.21807     10.135086     10.144022
   3.16233     10.145504     10.153301
   3.10660     10.256984     10.282738
   3.05087     10.435236     10.476395
   2.99513     10.454862     10.601052
   2.99513     10.454862     10.601052
   2.95572     10.444425     10.475103
   2.91631     10.424220     10.534042
   2.87690     10.290118     10.577467
   2.83750     10.304871     10.161320
   2.79809     10.314857     10.201815
   2.75868     10.309951     10.243611
   2.71927     10.461592     10.429835
   2.67986     10.575942     10.480062
   2.64045     10.627990     10.708484
   2.60104     10.897916     10.973982
   2.56163     11.041597     11.009398
   2.52222     11.054467     11.250435
   2.48281     11.222029     11.471177
   2.44340     11.638147     11.652658
   2.40399     11.724139     11.637145
   2.36458     11.523072     11.616776
   2.32517     11.539827     11.441007
   2.28576     11.467688     11.430761
   2.24635     11.458499     11.446077
   2.24635     11.458499     11.446077
   2.20694     11.378378     11.220990
   2.16753     11.214449     11.156662
   2.12812     11.593542     11.096835
   2.08871     11.159633     11.121139
   2.04930     11.321115     11.242722
   2.00989     11.385834     11.285200
   1.97048     11.364189     11.293126
   1.93107     11.330968     11.343183
   1.89166     11.271414     11.285504
   1.85225     11.304680     11.221935
   1.81284     11.197576     11.134098
   1.77343     11.093182     10.976899
   1.73402     10.987510     11.008673
   1.69462     10.894417     11.141688
   1.65521     10.980011     10.834721
   1.61580     10.966245     10.985954
   1.57639     11.237035     11.275252
   1.53698     11.253646     11.294767
   1.49757     11.410626     11.407240
   1.49757     11.410631     11.407240
   1.45816     11.290584     11.257573
   1.41875     11.267847     11.225102
   1.37934     11.004629     10.957349
   1.33993     10.791100     10.897124
   1.30052     10.780882     10.871096
   1.26111     10.875947     10.857588
   1.22170     10.853247     10.832328
   1.18229     10.666453     10.705628
   1.14288     10.483240     10.501003
   1.10347     10.290508     10.372609
   1.06406     10.238492     10.232943
   1.02465     10.264920     10.105034
   0.98524     10.337434     10.002763
   0.94583     10.425121     10.045337
   0.90642     10.511751     10.156085
   0.86701     10.586672     10.363382
   0.82760     10.648607     10.506676
   0.78819     10.693449     10.531480
   0.74878     10.702956     10.571740
   0.74878     10.702956     10.571741
   0.70937     10.570874     10.547606
   0.66996     10.583530     10.696577
   0.63055     10.621447     10.737958
   0.59114     10.676402     10.799596
   0.55174     10.745606     10.880658
   0.51233     10.882986     10.811348
   0.47292     10.820442     10.862973
   0.43351     10.604926     10.661611
   0.39410     10.308762     10.366535
   0.35469     10.107903     10.311680
   0.31528     10.163752     10.200430
   0.27587     10.038529     10.116243
   0.23646      9.872356      9.870583
   0.19705      9.849293      9.689342
   0.15764      9.707530      9.828543
   0.11823      9.538677      9.617086
   0.07882     10.380253     10.207871
   0.03941     10.431931     10.418451
   0.00000     10.396085     10.404664
 
# Band-Index   45
   0.00000     10.454840     10.468966
   0.03941     10.450360     10.445041
   0.07882     10.411055     10.345323
   0.11823     10.259055     10.073548
   0.15764     10.023631     10.233191
   0.19705      9.859526      9.941657
   0.23646      9.910452     10.100691
   0.27587     10.065714     10.130028
   0.31528     10.216338     10.300855
   0.35469     10.414692     10.378458
   0.39410     10.694347     10.648676
   0.43351     11.003590     10.959456
   0.47292     10.940640     10.944952
   0.51233     10.886545     10.971178
   0.55174     10.954690     11.063276
   0.59114     11.129495     11.267794
   0.63055     11.283762     11.323843
   0.66996     11.280591     10.929756
   0.70937     10.922259     10.680372
   0.74878     10.709399     10.706994
   0.74878     10.709399     10.706994
   0.78819     10.718864     10.728401
   0.82760     10.689068     10.791081
   0.86701     10.743486     10.890868
   0.90642     10.832266     10.937882
   0.94583     10.937248     10.982799
   0.98524     11.046138     11.040167
   1.02465     11.143790     11.102845
   1.06406     11.214957     11.167923
   1.10347     11.255181     11.237975
   1.14288     11.195488     11.262741
   1.18229     11.089751     11.195531
   1.22170     10.982937     11.093350
   1.26111     11.009889     10.993853
   1.30052     11.144586     10.893124
   1.33993     11.091420     10.974133
   1.37934     11.113411     11.200411
   1.41875     11.369546     11.245473
   1.45816     11.428429     11.444397
   1.49757     11.420183     11.416974
   1.49757     11.420181     11.416971
   1.53698     11.447452     11.425112
   1.57639     11.240347     11.349708
   1.61580     11.249310     11.160582
   1.65521     11.261245     11.089378
   1.69462     11.309830     11.363276
   1.73402     11.368057     11.299898
   1.77343     11.460609     11.361317
   1.81284     11.394397     11.308150
   1.85225     11.335993     11.281664
   1.89166     11.418010     11.289668
   1.93107     11.531940     11.343553
   1.97048     11.528792     11.375660
   2.00989     11.753140     11.348586
   2.04930     11.701403     11.481768
   2.08871     11.661976     11.355437
   2.12812     12.143036     11.265540
   2.16753     11.434301     11.216399
   2.20694     11.390866     11.334765
   2.24635     11.547111     11.454730
   2.24635     11.547111     11.454730
   2.28576     11.555994     11.445558
   2.32517     11.795996     11.452813
   2.36458     11.928586     11.666443
   2.40399     11.779296     11.757750
   2.44340     11.785578     11.706189
   2.48281     11.579178     11.655975
   2.52222     11.309917     11.332228
   2.56163     11.108194     11.173747
   2.60104     10.993364     10.987214
   2.64045     10.867104     10.856916
   2.67986     10.669651     10.671854
   2.71927     11.332564     10.533757
   2.75868     10.989880     11.202741
   2.79809     10.731803     11.062143
   2.83750     10.749208     10.272906
   2.87690     10.709627     10.848858
   2.91631     10.560745     10.555950
   2.95572     10.503733     10.815711
   2.99513     10.576013     10.888143
   2.99513     10.576013     10.888143
   3.05087     10.461906     10.560830
   3.10660     10.460360     10.492676
   3.16233     10.239665     10.254315
   3.21807     10.204845     10.202287
   3.27380     10.381329     10.377610
   3.32954     10.619229     10.565072
   3.38527     10.739405     10.766436
   3.44100     11.039235     11.054483
   3.49674     11.119160     10.765922
   3.55247     11.221241     10.911682
   3.60820     11.345641     11.360849
   3.66394     11.294339     11.305390
   3.71967     11.233032     11.212505
   3.77541     10.923899     10.932910
   3.83114     10.902289     10.902058
   3.88687     11.021805     11.004447
   3.94261     11.270554     11.255797
   3.99834     11.305175     11.308578
   4.05407     11.420181     11.416971
 
# Band-Index   46
   4.05407     11.659678     11.659388
   3.99834     11.551688     11.542364
   3.94261     11.290476     11.298509
   3.88687     11.242764     11.260507
   3.83114     11.070827     11.079124
   3.77541     11.013100     11.008043
   3.71967     11.238386     11.244487
   3.66394     11.425506     11.462450
   3.60820     11.364412     11.384901
   3.55247     11.520035     11.234225
   3.49674     11.548800     11.128683
   3.44100     11.180698     11.150147
   3.38527     11.048936     10.929024
   3.32954     10.635462     10.633013
   3.27380     10.473119     10.451433
   3.21807     10.479181     10.483995
   3.16233     10.549589     10.554419
   3.10660     10.536782     10.547392
   3.05087     10.782280     10.754367
   2.99513     10.866393     10.960911
   2.99513     10.866393     10.960911
   2.95572     10.916509     10.929924
   2.91631     10.911959     11.001040
   2.87690     10.768502     10.994107
   2.83750     10.804860     10.998734
   2.79809     10.965391     11.148912
   2.75868     11.163753     11.209093
   2.71927     11.413162     11.402249
   2.67986     11.445359     11.341765
   2.64045     11.454250     11.359597
   2.60104     11.354329     11.337917
   2.56163     11.260468     11.331274
   2.52222     11.322406     11.597259
   2.48281     11.658547     11.683734
   2.44340     11.886163     12.007429
   2.40399     11.907900     11.957259
   2.36458     12.062939     11.924597
   2.32517     12.102953     11.849806
   2.28576     12.236444     11.746346
   2.24635     12.266773     11.725739
   2.24635     12.266773     11.725739
   2.20694     12.129265     11.996363
   2.16753     12.046374     12.158999
   2.12812     12.139963     12.079929
   2.08871     12.048339     11.953664
   2.04930     11.919972     11.809608
   2.00989     11.777446     11.736276
   1.97048     11.684909     11.758030
   1.93107     11.744308     11.668736
   1.89166     11.919836     11.736055
   1.85225     11.929712     11.809440
   1.81284     11.761939     11.714689
   1.77343     11.675918     11.599950
   1.73402     11.699308     11.508484
   1.69462     11.831112     11.748878
   1.65521     11.519532     11.328646
   1.61580     11.484146     11.300529
   1.57639     11.528592     11.477154
   1.53698     11.533041     11.721508
   1.49757     11.659678     11.659388
   1.49757     11.659680     11.659393
   1.45816     11.723380     11.525379
   1.41875     11.460191     11.525869
   1.37934     11.294526     11.263396
   1.33993     11.323058     11.285322
   1.30052     11.367098     11.327777
   1.26111     11.424740     11.399508
   1.22170     11.364417     11.414476
   1.18229     11.248229     11.274983
   1.14288     11.246711     11.302377
   1.10347     11.288698     11.302251
   1.06406     11.336403     11.349742
   1.02465     11.293814     11.375602
   0.98524     11.179723     11.348044
   0.94583     11.055120     11.177715
   0.90642     10.938989     11.021948
   0.86701     10.840463     10.919390
   0.82760     10.765625     10.962430
   0.78819     10.748735     11.121529
   0.74878     10.852745     11.284780
   0.74878     10.852746     11.284780
   0.70937     11.140869     11.462382
   0.66996     11.378503     11.441850
   0.63055     11.426147     11.388975
   0.59114     11.331332     11.420895
   0.55174     11.151962     11.245103
   0.51233     10.937062     11.102741
   0.47292     11.099079     11.055189
   0.43351     11.009774     11.042590
   0.39410     10.866017     10.867731
   0.35469     10.579556     10.577556
   0.31528     10.310132     10.313263
   0.27587     10.164988     10.165404
   0.23646     10.199885     10.198524
   0.19705     10.195155     10.227790
   0.15764     10.248375     10.498074
   0.11823     10.329581     10.258895
   0.07882     10.513205     10.479790
   0.03941     10.481930     10.460640
   0.00000     10.509020     10.521119
 
# Band-Index   47
   0.00000     10.777338     10.796060
   0.03941     10.706778     10.733104
   0.07882     10.517086     10.662193
   0.11823     10.345095     10.582074
   0.15764     10.269714     10.787945
   0.19705     10.241070     10.416364
   0.23646     10.255424     10.363925
   0.27587     10.434031     10.455215
   0.31528     10.504773     10.650655
   0.35469     10.718002     10.834659
   0.39410     10.975220     10.986310
   0.43351     11.118300     11.056704
   0.47292     11.171033     11.239318
   0.51233     11.404959     11.435197
   0.55174     11.637834     11.682568
   0.59114     11.672576     11.706400
   0.63055     11.614410     11.513717
   0.66996     11.448405     11.530826
   0.70937     11.422981     11.469344
   0.74878     11.435506     11.467830
   0.74878     11.435507     11.467831
   0.78819     11.318505     11.347998
   0.82760     11.136877     11.100444
   0.86701     11.062088     11.035087
   0.90642     11.120779     11.127804
   0.94583     11.234945     11.254507
   0.98524     11.329611     11.350917
   1.02465     11.360849     11.528610
   1.06406     11.344841     11.528472
   1.10347     11.292161     11.414321
   1.14288     11.279446     11.321969
   1.18229     11.326446     11.427680
   1.22170     11.426998     11.484302
   1.26111     11.611223     11.673775
   1.30052     11.753816     11.786696
   1.33993     11.657330     11.517029
   1.37934     11.560408     11.475877
   1.41875     11.480259     11.529686
   1.45816     11.725497     11.759338
   1.49757     11.681655     11.677840
   1.49757     11.681652     11.677848
   1.53698     11.758812     11.725048
   1.57639     11.714870     11.504500
   1.61580     11.651292     11.557708
   1.65521     11.818259     11.655772
   1.69462     11.928865     11.791414
   1.73402     11.696372     11.827548
   1.77343     12.128006     11.881399
   1.81284     12.153640     11.871362
   1.85225     12.070691     11.841093
   1.89166     11.975754     11.904041
   1.93107     11.934536     11.899815
   1.97048     11.901338     11.845208
   2.00989     12.440960     12.059083
   2.04930     12.476099     12.188872
   2.08871     12.325905     12.201958
   2.12812     12.167395     12.221889
   2.16753     12.243230     12.265911
   2.20694     12.309568     12.234490
   2.24635     12.286304     12.252681
   2.24635     12.286304     12.252681
   2.28576     12.274980     12.268154
   2.32517     12.220906     12.120784
   2.36458     12.076709     12.092763
   2.40399     12.091365     12.052666
   2.44340     11.941651     12.059741
   2.48281     11.951717     11.896192
   2.52222     11.534537     11.766650
   2.56163     11.563093     11.484912
   2.60104     11.651966     11.530390
   2.64045     11.640954     11.582734
   2.67986     11.576412     11.566789
   2.71927     11.465161     11.455739
   2.75868     11.258322     11.662167
   2.79809     11.149033     11.534537
   2.83750     11.042865     11.164840
   2.87690     10.960628     11.080277
   2.91631     10.926233     11.026743
   2.95572     11.036307     11.131859
   2.99513     11.172405     11.174225
   2.99513     11.172405     11.174225
   3.05087     10.986713     10.993138
   3.10660     10.752717     10.760563
   3.16233     10.624824     10.630056
   3.21807     10.654281     10.665592
   3.27380     10.703304     10.720594
   3.32954     10.756689     10.783642
   3.38527     11.113099     11.058354
   3.44100     11.656433     11.651816
   3.49674     11.724339     11.572160
   3.55247     11.943118     11.543179
   3.60820     11.758683     11.758604
   3.66394     11.624729     11.596982
   3.71967     11.551351     11.497175
   3.77541     11.473548     11.270735
   3.83114     11.398603     11.269155
   3.88687     11.342464     11.337728
   3.94261     11.479168     11.459708
   3.99834     11.754986     11.774929
   4.05407     11.681652     11.677848
 
# Band-Index   48
   4.05407     11.905076     11.919204
   3.99834     11.791874     11.780135
   3.94261     11.519097     11.547460
   3.88687     11.367458     11.349102
   3.83114     11.618593     11.435618
   3.77541     11.623463     11.509242
   3.71967     11.673696     11.647508
   3.66394     11.862542     11.861616
   3.60820     12.094157     12.085135
   3.55247     11.953040     11.939102
   3.49674     12.056216     11.756872
   3.44100     11.822698     11.884190
   3.38527     11.588191     11.096548
   3.32954     11.202702     11.198291
   3.27380     11.194885     11.413551
   3.21807     10.986686     11.596240
   3.16233     10.899618     11.552330
   3.10660     10.966585     11.427722
   3.05087     11.462972     11.462869
   2.99513     11.573492     11.527629
   2.99513     11.573492     11.527629
   2.95572     11.592721     11.481747
   2.91631     11.635675     11.449575
   2.87690     11.205928     11.424713
   2.83750     11.327526     11.516288
   2.79809     11.433744     11.572093
   2.75868     11.530531     11.701178
   2.71927     11.794898     11.737907
   2.67986     11.909228     11.777090
   2.64045     11.804876     11.666252
   2.60104     11.716138     11.610038
   2.56163     11.919253     11.750203
   2.52222     12.066364     11.911282
   2.48281     11.987747     11.960173
   2.44340     12.075953     12.076244
   2.40399     12.228124     12.332662
   2.36458     12.358225     12.136847
   2.32517     12.297731     12.263874
   2.28576     12.325401     12.280302
   2.24635     12.329773     12.336526
   2.24635     12.329773     12.336526
   2.20694     12.473866     12.308744
   2.16753     12.777139     12.508986
   2.12812     13.010101     12.420690
   2.08871     12.832125     12.275925
   2.04930     12.857771     12.267653
   2.00989     12.734382     12.433390
   1.97048     12.561820     12.599055
   1.93107     12.415369     12.454651
   1.89166     12.279265     12.388041
   1.85225     12.249702     12.351686
   1.81284     12.212296     12.310821
   1.77343     12.213631     12.246143
   1.73402     12.058452     12.085297
   1.69462     11.976162     11.834289
   1.65521     11.927985     11.805244
   1.61580     11.866010     11.868013
   1.57639     11.823432     11.803894
   1.53698     11.809260     11.731006
   1.49757     11.905076     11.919204
   1.49757     11.905226     11.919290
   1.45816     11.743740     11.818075
   1.41875     11.800582     11.702047
   1.37934     11.848364     11.654586
   1.33993     11.804515     11.810759
   1.30052     11.797088     11.941163
   1.26111     11.718014     11.843369
   1.22170     11.604909     11.696159
   1.18229     11.708719     11.764165
   1.14288     11.798658     11.918601
   1.10347     11.711740     11.911131
   1.06406     11.649542     11.736352
   1.02465     11.685110     11.671110
   0.98524     11.712850     11.755479
   0.94583     11.637556     11.708754
   0.90642     11.550176     11.681289
   0.86701     11.459410     11.665302
   0.82760     11.389160     11.641479
   0.78819     11.388635     11.570674
   0.74878     11.488549     11.526792
   0.74878     11.488550     11.526793
   0.70937     11.483810     11.528743
   0.66996     11.466872     11.796801
   0.63055     11.650835     11.911561
   0.59114     11.777517     11.765973
   0.55174     11.670565     11.770779
   0.51233     11.596249     11.615876
   0.47292     11.346475     11.293542
   0.43351     11.144360     11.178987
   0.39410     10.986577     11.098284
   0.35469     10.849436     10.846142
   0.31528     10.646296     10.676849
   0.27587     10.497238     10.720961
   0.23646     10.588577     10.805176
   0.19705     10.662602     10.850696
   0.15764     10.697482     10.931430
   0.11823     10.684847     10.781754
   0.07882     10.997950     10.859292
   0.03941     11.004994     10.995134
   0.00000     10.967678     10.980114
 
# Band-Index   49
   0.00000     11.172012     11.171850
   0.03941     11.106301     11.025357
   0.07882     11.006793     11.031241
   0.11823     10.935419     10.953975
   0.15764     10.922060     11.062881
   0.19705     10.990613     10.985389
   0.23646     11.148287     11.128284
   0.27587     11.322340     11.337788
   0.31528     11.347321     11.393715
   0.35469     11.350498     11.348564
   0.39410     11.327554     11.230951
   0.43351     11.257166     11.277004
   0.47292     11.437149     11.449841
   0.51233     11.696849     11.642710
   0.55174     11.941579     11.878485
   0.59114     11.934975     11.894756
   0.63055     11.946473     12.053793
   0.66996     11.846952     12.027080
   0.70937     11.758481     12.012601
   0.74878     11.739041     12.007927
   0.74878     11.739026     12.007928
   0.78819     12.007336     12.136278
   0.82760     12.209622     12.181000
   0.86701     12.144653     12.147925
   0.90642     12.029884     12.036407
   0.94583     11.907236     11.914574
   0.98524     11.786741     11.789415
   1.02465     11.782620     11.823347
   1.06406     11.853718     11.906135
   1.10347     11.896729     11.971567
   1.14288     11.840232     12.060721
   1.18229     11.858684     12.151597
   1.22170     11.870094     12.109729
   1.26111     11.830938     12.056378
   1.30052     11.937396     11.964067
   1.33993     11.902779     11.909471
   1.37934     11.978341     11.869115
   1.41875     11.841477     11.827709
   1.45816     11.782301     11.932555
   1.49757     12.005052     11.987957
   1.49757     12.005054     11.987962
   1.53698     11.948602     11.811642
   1.57639     12.219497     11.837100
   1.61580     12.247443     11.976733
   1.65521     12.185646     11.909675
   1.69462     12.045437     11.980980
   1.73402     12.138589     12.104012
   1.77343     12.278129     12.351438
   1.81284     12.469727     12.478873
   1.85225     12.557500     12.588105
   1.89166     12.649313     12.683167
   1.93107     12.715914     12.749847
   1.97048     12.795754     12.708808
   2.00989     12.870041     12.755934
   2.04930     12.858342     12.897341
   2.08871     13.004938     12.957480
   2.12812     13.027582     12.876793
   2.16753     12.813524     12.525045
   2.20694     12.662819     12.494303
   2.24635     12.569053     12.569528
   2.24635     12.569053     12.569528
   2.28576     12.551678     12.468263
   2.32517     12.332209     12.311558
   2.36458     12.382830     12.327334
   2.40399     12.396379     12.345540
   2.44340     12.240538     12.298284
   2.48281     12.149717     12.139147
   2.52222     12.155048     12.143419
   2.56163     12.199610     12.112199
   2.60104     12.268263     12.173675
   2.64045     12.309785     12.124308
   2.67986     12.200327     12.128820
   2.71927     11.893301     11.954326
   2.75868     11.695847     11.784527
   2.79809     11.629494     12.183739
   2.83750     11.599491     11.575462
   2.87690     11.625117     11.578576
   2.91631     11.753164     11.566684
   2.95572     11.722657     11.711450
   2.99513     11.730859     11.801026
   2.99513     11.730859     11.801026
   3.05087     11.876697     11.837239
   3.10660     11.399322     11.978563
   3.16233     11.552114     11.893846
   3.21807     11.589467     12.085284
   3.27380     11.399433     11.992939
   3.32954     12.083168     12.179632
   3.38527     12.153340     12.050792
   3.44100     12.386619     12.557230
   3.49674     12.190974     12.061823
   3.55247     12.201104     11.987802
   3.60820     12.099180     12.099996
   3.66394     11.970322     11.976343
   3.71967     11.963843     11.870714
   3.77541     12.006448     11.618797
   3.83114     11.797231     11.615039
   3.88687     11.747543     11.438891
   3.94261     11.843667     11.615567
   3.99834     11.805140     11.815935
   4.05407     12.005054     11.987962
 
# Band-Index   50
   4.05407     12.171705     12.178580
   3.99834     12.022466     12.004825
   3.94261     12.228281     11.833588
   3.88687     12.353770     11.741005
   3.83114     11.987793     11.794550
   3.77541     12.043903     12.112375
   3.71967     12.033167     12.136730
   3.66394     12.203719     12.208775
   3.60820     12.267655     12.268036
   3.55247     12.348467     12.196771
   3.49674     12.572707     12.185853
   3.44100     12.452628     12.670221
   3.38527     12.699594     12.672269
   3.32954     12.483090     12.584474
   3.27380     12.204122     12.625137
   3.21807     12.037873     12.353691
   3.16233     11.575039     12.302153
   3.10660     12.003758     12.168673
   3.05087     12.013176     12.131558
   2.99513     11.792136     11.941149
   2.99513     11.792136     11.941149
   2.95572     12.039589     12.391091
   2.91631     12.273132     12.358433
   2.87690     11.636933     12.361756
   2.83750     11.631868     12.261408
   2.79809     11.659922     12.195874
   2.75868     11.806070     12.154860
   2.71927     12.200895     12.198065
   2.67986     12.254612     12.314710
   2.64045     12.396860     12.202047
   2.60104     12.407031     12.283802
   2.56163     12.286811     12.236141
   2.52222     12.202982     12.183578
   2.48281     12.374991     12.226669
   2.44340     12.328127     12.483853
   2.40399     12.427184     12.408904
   2.36458     12.650723     12.720717
   2.32517     12.387164     12.599662
   2.28576     12.724622     12.672187
   2.24635     13.049304     12.789760
   2.24635     13.049304     12.789760
   2.20694     13.022969     12.866183
   2.16753     13.022462     12.881601
   2.12812     13.411385     12.907194
   2.08871     13.006930     13.017395
   2.04930     13.105815     12.937463
   2.00989     13.057073     12.946910
   1.97048     13.056496     12.941596
   1.93107     12.886687     12.933578
   1.89166     12.762112     12.796733
   1.85225     12.661532     12.726927
   1.81284     12.633424     12.734301
   1.77343     12.365790     12.439555
   1.73402     12.139452     12.331343
   1.69462     12.326984     12.220226
   1.65521     12.274069     12.120013
   1.61580     12.366413     11.984903
   1.57639     12.266166     12.169422
   1.53698     12.179016     12.230928
   1.49757     12.171705     12.178580
   1.49757     12.172108     12.178004
   1.45816     12.185268     12.179159
   1.41875     12.166215     12.192238
   1.37934     11.989823     12.213774
   1.33993     12.126431     12.243539
   1.30052     11.987722     12.038883
   1.26111     12.035911     12.086095
   1.22170     12.115056     12.156660
   1.18229     12.196495     12.167984
   1.14288     12.254813     12.195710
   1.10347     12.308748     12.245813
   1.06406     12.410517     12.366481
   1.02465     12.267073     12.352197
   0.98524     12.149620     12.227764
   0.94583     12.126798     12.195371
   0.90642     12.163696     12.225335
   0.86701     12.209966     12.262317
   0.82760     12.239008     12.240109
   0.78819     12.119038     12.169213
   0.74878     12.034359     12.268141
   0.74878     12.034360     12.268144
   0.70937     12.040343     12.228094
   0.66996     12.060265     12.088772
   0.63055     12.089451     12.060689
   0.59114     12.020702     12.067691
   0.55174     11.974894     11.938903
   0.51233     11.846069     11.945416
   0.47292     11.702566     11.804497
   0.43351     11.503084     11.597505
   0.39410     11.520758     11.667643
   0.35469     11.540012     11.597680
   0.31528     11.536895     11.573039
   0.27587     11.368382     11.394855
   0.23646     11.273060     11.329730
   0.19705     11.194306     11.213653
   0.15764     11.222508     11.325394
   0.11823     11.157443     11.203210
   0.07882     11.433187     11.614324
   0.03941     11.469502     11.061019
   0.00000     11.473282     11.472795
 
# Band-Index   51
   0.00000     11.747181     11.747261
   0.03941     11.684163     11.584491
   0.07882     11.576540     11.644142
   0.11823     11.263118     11.480486
   0.15764     11.279887     11.552171
   0.19705     11.392018     11.437372
   0.23646     11.477870     11.517166
   0.27587     11.524711     11.557676
   0.31528     11.625412     11.587082
   0.35469     11.621067     11.823471
   0.39410     11.589185     11.683453
   0.43351     11.734430     11.773784
   0.47292     11.775936     11.834735
   0.51233     11.951906     11.981474
   0.55174     12.000224     12.059885
   0.59114     12.231476     12.105419
   0.63055     12.106840     12.075038
   0.66996     12.130600     12.296579
   0.70937     12.270759     12.274041
   0.74878     12.315594     12.271228
   0.74878     12.315595     12.271230
   0.78819     12.306534     12.302146
   0.82760     12.240965     12.257746
   0.86701     12.279609     12.267095
   0.90642     12.317165     12.378580
   0.94583     12.383464     12.509966
   0.98524     12.485910     12.596259
   1.02465     12.539396     12.497815
   1.06406     12.468264     12.553786
   1.10347     12.629488     12.575191
   1.14288     12.550072     12.504706
   1.18229     12.470804     12.439140
   1.22170     12.347393     12.328814
   1.26111     12.111719     12.128128
   1.30052     12.017197     12.119881
   1.33993     12.205451     12.263463
   1.37934     12.254231     12.260208
   1.41875     12.223067     12.218006
   1.45816     12.197258     12.201169
   1.49757     12.196304     12.216338
   1.49757     12.196545     12.216221
   1.53698     12.203938     12.242047
   1.57639     12.494840     12.287742
   1.61580     12.609264     12.373754
   1.65521     12.497662     12.460307
   1.69462     12.560784     12.632556
   1.73402     12.455919     12.695226
   1.77343     12.622085     12.762888
   1.81284     13.125045     12.968481
   1.85225     13.454002     13.391357
   1.89166     13.582527     13.280558
   1.93107     13.262299     12.938061
   1.97048     13.220899     13.125992
   2.00989     13.233836     13.316853
   2.04930     13.385809     13.471297
   2.08871     13.495531     13.508920
   2.12812     13.531672     13.482420
   2.16753     13.494125     13.450318
   2.20694     13.254043     13.198943
   2.24635     13.248286     13.412254
   2.24635     13.248286     13.412254
   2.28576     13.519647     13.501771
   2.32517     13.101330     13.114213
   2.36458     12.713521     12.712397
   2.40399     12.556602     12.438668
   2.44340     12.368386     12.559916
   2.48281     12.464304     12.450037
   2.52222     12.324216     12.304879
   2.56163     12.471523     12.325763
   2.60104     12.496163     12.473296
   2.64045     12.405297     12.437686
   2.67986     12.331633     12.339271
   2.71927     12.384830     12.292250
   2.75868     12.514323     12.296875
   2.79809     12.361932     12.341723
   2.83750     12.330862     12.439822
   2.87690     12.326263     12.465674
   2.91631     12.364481     12.424029
   2.95572     12.304910     12.409337
   2.99513     12.367540     12.423786
   2.99513     12.367540     12.423786
   3.05087     12.284215     12.327066
   3.10660     12.137822     12.286632
   3.16233     11.905609     12.415304
   3.21807     12.087439     12.569991
   3.27380     12.397344     12.996608
   3.32954     12.840192     12.946197
   3.38527     12.778944     12.687419
   3.44100     12.816828     12.730132
   3.49674     12.589212     12.500607
   3.55247     12.375949     12.312286
   3.60820     12.296547     12.294293
   3.66394     12.211998     12.237619
   3.71967     12.169247     12.207849
   3.77541     12.195012     12.269079
   3.83114     12.204950     12.249105
   3.88687     12.386012     12.357613
   3.94261     12.441798     12.286087
   3.99834     12.070400     12.066188
   4.05407     12.196545     12.216221
 
# Band-Index   52
   4.05407     12.210295     12.259800
   3.99834     12.532498     12.514371
   3.94261     12.531189     12.440040
   3.88687     12.687679     12.506681
   3.83114     12.323594     12.464626
   3.77541     12.232570     12.341652
   3.71967     12.409953     12.407969
   3.66394     12.413620     12.401881
   3.60820     12.591136     12.575630
   3.55247     12.934918     12.457848
   3.49674     13.027281     12.524199
   3.44100     12.862067     12.919613
   3.38527     12.855113     12.877293
   3.32954     12.983213     13.066325
   3.27380     12.655330     13.112448
   3.21807     12.672804     12.596106
   3.16233     12.500778     12.544380
   3.10660     12.226236     12.482172
   3.05087     12.379393     12.448244
   2.99513     12.367365     12.469205
   2.99513     12.367365     12.469205
   2.95572     12.370217     12.544509
   2.91631     12.683654     12.482555
   2.87690     12.748215     12.494347
   2.83750     12.730670     12.492029
   2.79809     12.616872     12.503540
   2.75868     12.518679     12.512158
   2.71927     12.514139     12.521090
   2.67986     12.517199     12.542765
   2.64045     12.542342     12.503760
   2.60104     12.554617     12.669107
   2.56163     12.671169     12.697830
   2.52222     12.557134     12.626760
   2.48281     12.498048     12.532786
   2.44340     12.560506     12.814610
   2.40399     12.700200     12.587520
   2.36458     12.927794     12.881224
   2.32517     13.247812     13.312097
   2.28576     13.570937     13.517891
   2.24635     13.938779     13.903785
   2.24635     13.938779     13.903785
   2.20694     13.755410     13.756260
   2.16753     13.598260     13.585878
   2.12812     13.884812     13.736263
   2.08871     13.854709     13.714988
   2.04930     13.848141     13.704240
   2.00989     13.885008     13.785965
   1.97048     13.961408     13.928680
   1.93107     13.788103     13.767733
   1.89166     13.791697     13.571410
   1.85225     13.601208     13.411636
   1.81284     13.173798     13.362983
   1.77343     12.903872     13.259694
   1.73402     12.593165     13.004177
   1.69462     13.176481     12.724139
   1.65521     13.027457     12.510849
   1.61580     12.876351     12.417228
   1.57639     12.748681     12.404755
   1.53698     12.596676     12.482284
   1.49757     12.210295     12.259800
   1.49757     12.209571     12.258619
   1.45816     12.228125     12.212607
   1.41875     12.316338     12.246189
   1.37934     12.356145     12.283189
   1.33993     12.318233     12.318394
   1.30052     12.229562     12.281311
   1.26111     12.314443     12.326783
   1.22170     12.392823     12.379579
   1.18229     12.523203     12.467316
   1.14288     12.612494     12.582771
   1.10347     12.698592     12.684637
   1.06406     12.705210     12.649120
   1.02465     12.622321     12.724464
   0.98524     12.687124     12.728146
   0.94583     12.827307     12.802302
   0.90642     12.812350     12.915962
   0.86701     12.781274     12.954096
   0.82760     12.540307     12.783051
   0.78819     12.334953     12.496400
   0.74878     12.330011     12.324208
   0.74878     12.330011     12.324208
   0.70937     12.325453     12.316435
   0.66996     12.333172     12.326924
   0.63055     12.137329     12.352998
   0.59114     12.258025     12.358029
   0.55174     12.130549     12.275038
   0.51233     11.963640     12.085625
   0.47292     11.904020     12.056695
   0.43351     11.762598     11.866674
   0.39410     11.984535     11.790728
   0.35469     11.850233     11.853057
   0.31528     11.777280     11.763329
   0.27587     11.800720     11.703534
   0.23646     11.708691     11.654826
   0.19705     11.540679     11.630662
   0.15764     11.516824     11.624882
   0.11823     11.495024     11.617515
   0.07882     12.252393     12.096491
   0.03941     12.039253     11.760049
   0.00000     11.803234     11.800211
 
# Band-Index   53
   0.00000     12.331513     12.381653
   0.03941     12.409001     11.883024
   0.07882     12.389632     12.408163
   0.11823     12.330523     12.240814
   0.15764     12.322962     12.327009
   0.19705     11.623260     11.636185
   0.23646     11.712474     11.786736
   0.27587     11.855395     11.989124
   0.31528     11.854448     12.087396
   0.35469     11.898146     11.915942
   0.39410     12.130763     12.084122
   0.43351     12.180524     12.153231
   0.47292     12.158996     12.130666
   0.51233     12.121279     12.204000
   0.55174     12.239406     12.283750
   0.59114     12.384229     12.391580
   0.63055     12.356892     12.377508
   0.66996     12.336491     12.345342
   0.70937     12.570666     12.681482
   0.74878     12.716637     13.043045
   0.74878     12.716642     13.043045
   0.78819     12.725113     13.006281
   0.82760     12.748648     13.010358
   0.86701     12.877640     12.979210
   0.90642     12.938206     12.929417
   0.94583     12.826702     12.868090
   0.98524     12.813685     12.798552
   1.02465     12.770051     12.832362
   1.06406     12.717662     12.819161
   1.10347     12.704295     12.754356
   1.14288     12.654724     12.651522
   1.18229     12.558172     12.600567
   1.22170     12.476987     12.540574
   1.26111     12.415684     12.487178
   1.30052     12.360144     12.418244
   1.33993     12.330861     12.347360
   1.37934     12.393311     12.429552
   1.41875     12.406085     12.346144
   1.45816     12.360843     12.221465
   1.49757     12.361575     12.342272
   1.49757     12.362506     12.342648
   1.53698     12.649734     12.560889
   1.57639     13.020145     12.907215
   1.61580     13.357743     13.245569
   1.65521     13.584058     13.567797
   1.69462     13.580800     13.737698
   1.73402     13.371110     13.517195
   1.77343     13.215223     13.424695
   1.81284     13.692237     13.557226
   1.85225     13.804988     13.772207
   1.89166     13.965054     13.737239
   1.93107     14.058146     13.964125
   1.97048     14.065342     14.043212
   2.00989     14.339504     14.291839
   2.04930     14.496673     14.375837
   2.08871     14.315197     14.184765
   2.12812     13.968646     13.850532
   2.16753     13.984720     13.906604
   2.20694     14.014910     14.009513
   2.24635     13.968356     14.084696
   2.24635     13.968356     14.084696
   2.28576     13.630029     13.674279
   2.32517     13.546984     13.612931
   2.36458     13.173294     13.378100
   2.40399     12.851880     12.910353
   2.44340     12.797579     12.822001
   2.48281     12.684439     13.032479
   2.52222     13.049044     13.222938
   2.56163     12.805669     12.789641
   2.60104     12.680466     12.677988
   2.64045     12.855766     12.699781
   2.67986     13.034422     12.970307
   2.71927     13.291639     13.137643
   2.75868     13.344725     13.361630
   2.79809     12.949501     13.310405
   2.83750     12.881181     13.164274
   2.87690     12.864333     13.044615
   2.91631     12.879301     12.898187
   2.95572     12.735645     12.744155
   2.99513     12.646246     12.648262
   2.99513     12.646246     12.648262
   3.05087     12.818981     12.806411
   3.10660     12.949546     13.055453
   3.16233     13.126013     13.182318
   3.21807     12.965294     13.244201
   3.27380     12.730524     13.470021
   3.32954     13.210075     13.177333
   3.38527     13.089980     12.972649
   3.44100     12.998498     13.054112
   3.49674     13.039137     12.926628
   3.55247     12.947405     12.915956
   3.60820     12.697308     12.729865
   3.66394     12.649362     12.634901
   3.71967     12.543122     12.498946
   3.77541     12.581915     12.559946
   3.83114     12.673898     12.622803
   3.88687     12.815309     12.835812
   3.94261     12.992878     12.900561
   3.99834     12.597013     12.516577
   4.05407     12.362506     12.342648
 
# Band-Index   54
   4.05407     12.682107     12.677745
   3.99834     12.674828     12.581108
   3.94261     13.025789     12.955910
   3.88687     13.334918     13.052051
   3.83114     12.937612     12.907948
   3.77541     12.751603     12.735535
   3.71967     12.989023     12.978126
   3.66394     13.298548     13.329815
   3.60820     13.311738     13.225379
   3.55247     13.329727     12.993455
   3.49674     13.353657     13.032688
   3.44100     13.095051     13.589108
   3.38527     13.362228     13.026903
   3.32954     13.646010     13.419600
   3.27380     13.317046     13.697739
   3.21807     13.270160     13.281873
   3.16233     13.165040     13.353808
   3.10660     13.131538     13.134361
   3.05087     12.846450     13.168507
   2.99513     12.906740     13.243155
   2.99513     12.906740     13.243155
   2.95572     12.930195     13.268930
   2.91631     13.042291     13.375570
   2.87690     13.285667     13.483522
   2.83750     13.554685     13.600616
   2.79809     13.580697     13.570171
   2.75868     13.497140     13.431346
   2.71927     13.370244     13.275210
   2.67986     13.226662     13.079131
   2.64045     13.157727     13.018026
   2.60104     12.883489     13.044010
   2.56163     12.866922     13.048934
   2.52222     13.079279     13.380520
   2.48281     13.348321     13.168810
   2.44340     13.019088     12.858198
   2.40399     13.194213     13.493364
   2.36458     13.503130     13.688670
   2.32517     13.596012     13.781877
   2.28576     14.073563     14.228427
   2.24635     14.572350     14.436915
   2.24635     14.572350     14.436915
   2.20694     14.400088     14.369665
   2.16753     14.303155     14.267686
   2.12812     14.321495     14.158914
   2.08871     14.391206     14.205684
   2.04930     14.687285     14.594941
   2.00989     14.748537     14.776855
   1.97048     14.627732     14.558015
   1.93107     14.453780     14.108074
   1.89166     14.479319     14.445256
   1.85225     14.402105     14.492509
   1.81284     14.199918     14.288470
   1.77343     13.689892     14.077026
   1.73402     13.442226     13.965766
   1.69462     13.806829     13.833909
   1.65521     13.775891     13.790284
   1.61580     13.418890     13.459616
   1.57639     13.041867     13.029527
   1.53698     12.727498     12.568696
   1.49757     12.682107     12.677745
   1.49757     12.682321     12.678680
   1.45816     12.558235     12.700828
   1.41875     12.424072     12.811927
   1.37934     12.497259     12.678581
   1.33993     12.496799     12.492872
   1.30052     12.515548     12.478211
   1.26111     12.624592     12.623549
   1.22170     12.813267     12.736897
   1.18229     12.801417     12.699675
   1.14288     12.655647     12.659633
   1.10347     12.721040     12.775835
   1.06406     12.819337     12.856336
   1.02465     12.952560     12.925284
   0.98524     13.082153     13.023714
   0.94583     13.236739     13.092732
   0.90642     13.286706     13.105518
   0.86701     13.236242     13.062784
   0.82760     13.143217     13.015246
   0.78819     13.095133     13.036746
   0.74878     13.102452     13.043846
   0.74878     13.102457     13.043846
   0.70937     13.105593     13.161853
   0.66996     13.048837     13.168909
   0.63055     12.610234     12.664764
   0.59114     12.438852     12.415769
   0.55174     12.458792     12.300942
   0.51233     12.457077     12.434705
   0.47292     12.161674     12.134352
   0.43351     12.189362     12.219095
   0.39410     12.423107     12.404184
   0.35469     12.293183     12.396463
   0.31528     12.159169     12.280458
   0.27587     12.060316     12.350966
   0.23646     12.170223     12.347899
   0.19705     12.310576     12.322250
   0.15764     12.376008     12.325830
   0.11823     12.359360     12.369949
   0.07882     12.445235     12.436964
   0.03941     12.473713     12.430613
   0.00000     12.431552     12.441199
 
# Band-Index   55
   0.00000     12.648113     12.648186
   0.03941     12.766868     12.712613
   0.07882     12.691079     12.949106
   0.11823     12.549570     12.513418
   0.15764     12.447225     12.489972
   0.19705     12.329709     12.348672
   0.23646     12.379872     12.369610
   0.27587     12.378082     12.385341
   0.31528     12.433271     12.390326
   0.35469     12.400220     12.462177
   0.39410     12.476330     12.448795
   0.43351     12.324235     12.562799
   0.47292     12.289203     12.556223
   0.51233     12.514925     12.524729
   0.55174     12.596683     12.452618
   0.59114     12.470539     12.624340
   0.63055     12.856587     12.804408
   0.66996     13.109641     13.215231
   0.70937     13.427150     13.420928
   0.74878     13.268726     13.158052
   0.74878     13.268729     13.158050
   0.78819     13.356717     13.276253
   0.82760     13.499307     13.530819
   0.86701     13.421159     13.544401
   0.90642     13.382340     13.411127
   0.94583     13.247118     13.300051
   0.98524     13.150064     13.117274
   1.02465     13.032989     12.981818
   1.06406     12.912520     12.887031
   1.10347     12.811443     12.832266
   1.14288     13.025858     13.104427
   1.18229     13.100329     13.214986
   1.22170     12.947034     12.887138
   1.26111     12.764738     12.758932
   1.30052     12.882574     13.253021
   1.33993     13.532686     13.090605
   1.37934     12.636842     12.796306
   1.41875     12.888733     12.962297
   1.45816     12.719423     12.731452
   1.49757     13.386439     13.394274
   1.49757     13.387166     13.392155
   1.53698     13.530614     13.520502
   1.57639     13.585568     13.589822
   1.61580     13.740412     13.682355
   1.65521     13.862615     13.826787
   1.69462     13.987649     14.036881
   1.73402     13.899269     14.107443
   1.77343     13.942168     14.151588
   1.81284     14.265772     14.317573
   1.85225     14.490216     14.496741
   1.89166     14.660215     14.572096
   1.93107     14.555832     14.640337
   1.97048     14.705205     14.718807
   2.00989     14.836105     14.778321
   2.04930     14.768127     14.630759
   2.08871     14.720349     14.643156
   2.12812     14.787009     14.629897
   2.16753     14.659934     14.603998
   2.20694     14.680557     14.590066
   2.24635     14.613078     14.679215
   2.24635     14.613078     14.679215
   2.28576     14.222001     14.568743
   2.32517     14.007441     14.160242
   2.36458     13.973886     13.780221
   2.40399     13.871936     13.710260
   2.44340     13.290358     13.699584
   2.48281     13.344528     13.300426
   2.52222     13.213698     13.390764
   2.56163     13.435125     13.483625
   2.60104     13.264539     13.193832
   2.64045     13.186488     13.283970
   2.67986     13.426266     13.618974
   2.71927     13.709222     13.631208
   2.75868     13.606808     13.600404
   2.79809     13.725601     13.798578
   2.83750     13.620559     13.730055
   2.87690     13.486494     13.667048
   2.91631     13.371943     13.392727
   2.95572     13.261000     13.305631
   2.99513     13.209728     13.299547
   2.99513     13.209728     13.299547
   3.05087     13.267355     13.264323
   3.10660     13.250572     13.341885
   3.16233     13.491805     13.503651
   3.21807     13.728786     13.846161
   3.27380     13.667272     14.099288
   3.32954     13.773106     13.957737
   3.38527     13.456718     13.717651
   3.44100     13.395423     13.799236
   3.49674     13.477207     13.060431
   3.55247     13.397389     13.323624
   3.60820     13.517642     13.595273
   3.66394     13.526244     13.427211
   3.71967     13.696575     13.680627
   3.77541     13.595973     13.566975
   3.83114     13.355241     13.309263
   3.88687     13.491076     13.387012
   3.94261     13.047956     13.111143
   3.99834     13.404271     13.375263
   4.05407     13.387166     13.392155
 
# Band-Index   56
   4.05407     13.457016     13.454474
   3.99834     13.459926     13.426062
   3.94261     13.121301     13.164703
   3.88687     13.485171     13.428250
   3.83114     13.874298     13.931873
   3.77541     14.069373     14.096243
   3.71967     13.731785     13.685190
   3.66394     13.630661     13.692346
   3.60820     13.716246     13.754796
   3.55247     13.563135     13.342964
   3.49674     13.531108     13.324031
   3.44100     13.812025     13.825710
   3.38527     13.938170     14.103666
   3.32954     14.034878     14.159467
   3.27380     13.813359     14.142405
   3.21807     13.793473     13.845875
   3.16233     13.533581     13.642315
   3.10660     13.466906     13.439793
   3.05087     13.473845     13.294041
   2.99513     13.486138     13.445342
   2.99513     13.486138     13.445342
   2.95572     13.508766     13.393149
   2.91631     13.524847     13.538964
   2.87690     13.524784     13.721734
   2.83750     13.623155     13.825049
   2.79809     13.800981     13.887860
   2.75868     13.842001     13.773031
   2.71927     13.712989     13.885795
   2.67986     13.706442     13.646074
   2.64045     13.724624     13.612677
   2.60104     13.636389     13.568460
   2.56163     13.547170     13.556045
   2.52222     13.511626     13.465371
   2.48281     13.368667     13.629154
   2.44340     13.620181     14.234552
   2.40399     14.035663     14.487927
   2.36458     14.245610     14.509498
   2.32517     14.349584     14.502721
   2.28576     15.176694     14.791965
   2.24635     15.351183     14.987376
   2.24635     15.351183     14.987376
   2.20694     14.892672     15.104995
   2.16753     15.239407     15.131293
   2.12812     15.148664     15.103402
   2.08871     15.063770     15.042570
   2.04930     14.984033     14.909031
   2.00989     14.991326     14.789656
   1.97048     15.032953     14.795913
   1.93107     14.920244     14.698623
   1.89166     14.768157     14.700940
   1.85225     14.636852     14.672775
   1.81284     14.493776     14.446069
   1.77343     14.107666     14.278850
   1.73402     14.121139     14.158772
   1.69462     14.109816     14.148978
   1.65521     13.988682     13.991836
   1.61580     13.775744     13.851464
   1.57639     13.649066     13.685700
   1.53698     13.551754     13.531731
   1.49757     13.457016     13.454474
   1.49757     13.456854     13.451714
   1.45816     12.844677     13.362168
   1.41875     13.095364     13.051875
   1.37934     12.724457     12.936343
   1.33993     13.691595     13.416028
   1.30052     13.473173     13.303575
   1.26111     13.141641     13.312164
   1.22170     13.394585     13.132403
   1.18229     13.339150     13.453584
   1.14288     13.125374     13.184488
   1.10347     13.452389     13.563502
   1.06406     13.096443     13.133121
   1.02465     13.675414     13.225650
   0.98524     13.357889     13.379746
   0.94583     13.658356     13.825912
   0.90642     13.514947     13.595160
   0.86701     13.539903     13.561103
   0.82760     13.555784     13.547249
   0.78819     13.676471     13.680622
   0.74878     13.826119     13.820898
   0.74878     13.843079     13.820693
   0.70937     13.435266     13.451547
   0.66996     13.278258     13.745909
   0.63055     12.950403     12.978510
   0.59114     12.603286     12.689135
   0.55174     12.608996     12.725772
   0.51233     13.023365     12.665412
   0.47292     12.630974     12.623928
   0.43351     12.638730     12.611482
   0.39410     12.530875     12.569297
   0.35469     12.696546     12.644325
   0.31528     12.437572     12.413131
   0.27587     12.473412     12.449444
   0.23646     12.505915     12.478870
   0.19705     12.388634     12.492227
   0.15764     12.513884     12.868202
   0.11823     12.571744     12.943155
   0.07882     12.903803     12.991482
   0.03941     12.794256     12.925279
   0.00000     12.851609     12.885904
 
# Band-Index   57
   0.00000     13.110337     13.122002
   0.03941     13.284594     13.140073
   0.07882     13.359390     13.171912
   0.11823     13.371455     13.283246
   0.15764     13.231334     13.336162
   0.19705     12.524064     12.746883
   0.23646     13.040672     12.581797
   0.27587     12.488534     12.472266
   0.31528     12.652083     12.592095
   0.35469     12.856829     13.115925
   0.39410     13.033218     12.965225
   0.43351     12.747657     12.704877
   0.47292     12.953689     12.917362
   0.51233     13.161861     13.258231
   0.55174     12.748865     12.766039
   0.59114     12.956257     13.052009
   0.63055     13.145915     13.194567
   0.66996     13.709396     13.859031
   0.70937     13.641045     13.624571
   0.74878     13.846175     13.841274
   0.74878     13.843085     13.841212
   0.78819     13.826469     13.849125
   0.82760     13.678885     13.701969
   0.86701     13.752827     13.791802
   0.90642     13.706150     13.788396
   0.94583     13.895803     13.879109
   0.98524     13.655605     13.841748
   1.02465     13.775852     13.823244
   1.06406     13.694925     13.779624
   1.10347     13.767285     13.763722
   1.14288     13.447444     13.631288
   1.18229     13.600239     13.638251
   1.22170     13.659089     13.539563
   1.26111     13.313617     13.411512
   1.30052     13.615082     13.556538
   1.33993     13.715608     13.556503
   1.37934     13.230452     13.264668
   1.41875     13.518287     13.148704
   1.45816     13.392554     13.491415
   1.49757     13.493514     13.482784
   1.49757     13.494798     13.482940
   1.53698     13.567685     13.529743
   1.57639     13.764792     13.757912
   1.61580     13.963318     13.973827
   1.65521     14.098043     14.152735
   1.69462     14.196976     14.312439
   1.73402     14.136970     14.496397
   1.77343     14.313590     14.628988
   1.81284     14.611033     14.751638
   1.85225     14.744939     14.732512
   1.89166     14.816977     14.746885
   1.93107     14.992228     14.993589
   1.97048     15.068971     15.173227
   2.00989     15.167141     15.022238
   2.04930     15.215175     15.110244
   2.08871     15.429349     15.389785
   2.12812     15.625838     15.671671
   2.16753     15.871328     15.971596
   2.20694     16.096790     16.233046
   2.24635     16.233560     16.399472
   2.24635     16.233560     16.399472
   2.28576     15.766658     15.961661
   2.32517     15.375140     15.501747
   2.36458     14.849307     15.145198
   2.40399     14.773928     14.538900
   2.44340     13.974127     14.495631
   2.48281     13.434158     13.643326
   2.52222     13.669056     13.502187
   2.56163     13.765068     13.774689
   2.60104     14.095807     14.040347
   2.64045     14.370663     14.249382
   2.67986     14.066477     14.181713
   2.71927     13.826167     13.965509
   2.75868     13.879001     14.128147
   2.79809     13.862321     14.098670
   2.83750     13.708250     13.987356
   2.87690     13.584258     13.764946
   2.91631     13.565229     13.568929
   2.95572     13.526417     13.490353
   2.99513     13.532319     13.482757
   2.99513     13.532319     13.482757
   3.05087     13.538501     13.523773
   3.10660     13.658106     13.699818
   3.16233     13.730503     13.957091
   3.21807     13.976129     14.198857
   3.27380     13.981470     14.617625
   3.32954     14.568293     14.566168
   3.38527     14.240024     14.233545
   3.44100     13.823839     14.288778
   3.49674     13.832617     13.488432
   3.55247     13.605602     13.479162
   3.60820     13.982423     14.080492
   3.66394     14.020305     14.163157
   3.71967     14.334218     14.225858
   3.77541     14.208418     14.202858
   3.83114     14.010912     13.991583
   3.88687     13.947691     13.444998
   3.94261     13.786163     13.744228
   3.99834     13.526575     13.565830
   4.05407     13.494798     13.482940
 
# Band-Index   58
   4.05407     13.551976     13.610121
   3.99834     13.629396     13.645547
   3.94261     13.825898     13.768094
   3.88687     14.053350     13.844100
   3.83114     14.269827     14.340435
   3.77541     14.566628     14.531729
   3.71967     14.460428     14.412510
   3.66394     14.700440     14.781220
   3.60820     14.123008     14.154899
   3.55247     14.519817     13.600850
   3.49674     14.704269     13.604324
   3.44100     14.355551     14.608481
   3.38527     14.684487     14.658604
   3.32954     14.685795     14.620766
   3.27380     14.085786     14.637602
   3.21807     14.238590     14.210813
   3.16233     14.296099     14.267152
   3.10660     14.303451     14.279559
   3.05087     14.311221     14.320459
   2.99513     14.326081     14.330623
   2.99513     14.326081     14.330623
   2.95572     14.329154     14.351763
   2.91631     14.363356     14.322460
   2.87690     14.375348     14.279441
   2.83750     14.334457     14.227762
   2.79809     14.223377     14.178912
   2.75868     14.332832     14.161596
   2.71927     14.467718     14.388884
   2.67986     14.645756     14.423141
   2.64045     14.435372     14.317117
   2.60104     14.235668     14.353077
   2.56163     13.998142     13.938765
   2.52222     13.879545     14.382045
   2.48281     14.263935     14.197351
   2.44340     14.646438     14.676466
   2.40399     15.085098     14.990816
   2.36458     15.287101     15.526928
   2.32517     15.400459     15.932497
   2.28576     15.787921     16.268611
   2.24635     16.280525     16.499081
   2.24635     16.280525     16.499082
   2.20694     16.197360     16.401638
   2.16753     16.316699     16.270478
   2.12812     16.010821     15.935828
   2.08871     15.804082     15.693264
   2.04930     15.726814     15.431894
   2.00989     15.817658     15.427727
   1.97048     15.481743     15.308158
   1.93107     15.105987     15.064366
   1.89166     15.137182     15.030356
   1.85225     15.095636     14.875287
   1.81284     14.999982     14.803089
   1.77343     14.432234     14.790210
   1.73402     14.314470     14.692560
   1.69462     14.319549     14.473348
   1.65521     14.107107     14.286472
   1.61580     13.986402     14.011600
   1.57639     13.793849     13.766948
   1.53698     13.619962     13.690691
   1.49757     13.551976     13.610121
   1.49757     13.552498     13.610034
   1.45816     13.478639     13.514492
   1.41875     13.654979     13.499141
   1.37934     13.476533     13.413799
   1.33993     13.816152     13.696359
   1.30052     13.795742     13.802183
   1.26111     13.901056     13.947656
   1.22170     13.834802     13.746181
   1.18229     13.693737     13.789714
   1.14288     13.551156     13.670884
   1.10347     13.787282     13.977402
   1.06406     13.740897     13.797767
   1.02465     14.118724     14.046537
   0.98524     14.021250     13.918679
   0.94583     14.087940     14.382658
   0.90642     13.809050     13.879476
   0.86701     13.789057     13.906154
   0.82760     13.888886     13.936582
   0.78819     13.869471     13.877451
   0.74878     13.844483     13.857892
   0.74878     13.847243     13.874053
   0.70937     13.683002     13.651652
   0.66996     13.723964     14.224495
   0.63055     13.341378     13.429478
   0.59114     13.077735     13.114782
   0.55174     12.803390     13.035195
   0.51233     13.217581     13.323739
   0.47292     13.265572     13.076928
   0.43351     13.070950     12.986179
   0.39410     13.091652     13.163964
   0.35469     12.863261     13.196937
   0.31528     12.970480     13.091549
   0.27587     13.114924     13.296380
   0.23646     13.573004     13.400870
   0.19705     13.344364     13.384703
   0.15764     13.331993     13.467758
   0.11823     13.407636     13.357199
   0.07882     13.421599     13.338997
   0.03941     13.304933     13.158868
   0.00000     13.201572     13.214416
 
# Band-Index   59
   0.00000     13.433184     13.444024
   0.03941     13.506239     13.409211
   0.07882     13.534849     13.524731
   0.11823     13.511622     13.482700
   0.15764     13.652664     13.601939
   0.19705     13.379048     13.461572
   0.23646     13.606414     13.558692
   0.27587     13.277158     13.327152
   0.31528     12.981325     13.193129
   0.35469     13.324701     13.472005
   0.39410     13.108506     13.416377
   0.43351     13.336075     13.340615
   0.47292     13.304566     13.373616
   0.51233     13.403186     13.381927
   0.55174     13.200466     13.257594
   0.59114     13.168934     13.222028
   0.63055     13.413928     13.468349
   0.66996     14.210086     14.601585
   0.70937     13.823116     13.835810
   0.74878     14.037738     13.997471
   0.74878     13.889769     13.899194
   0.78819     13.997816     13.989029
   0.82760     13.926404     13.939502
   0.86701     14.035949     13.970244
   0.90642     14.109130     14.265235
   0.94583     14.300110     14.620853
   0.98524     14.184406     14.281077
   1.02465     14.180555     14.093169
   1.06406     14.055389     14.140978
   1.10347     14.181914     14.200416
   1.14288     13.725667     13.708860
   1.18229     14.111949     14.031193
   1.22170     13.859269     13.933927
   1.26111     13.977744     14.024265
   1.30052     14.035902     13.950450
   1.33993     14.146752     13.725189
   1.37934     13.802703     13.661051
   1.41875     13.909692     13.589983
   1.45816     13.528429     13.522740
   1.49757     13.963321     13.976469
   1.49757     13.959575     13.975735
   1.53698     13.972340     14.064693
   1.57639     14.006830     14.121429
   1.61580     14.148276     14.248323
   1.65521     14.413299     14.297654
   1.69462     14.416695     14.513118
   1.73402     14.481871     14.869281
   1.77343     14.583921     15.134369
   1.81284     15.501830     15.167211
   1.85225     15.448495     15.177363
   1.89166     15.534400     15.139095
   1.93107     15.595389     15.376443
   1.97048     15.499918     15.496566
   2.00989     15.840070     15.552213
   2.04930     16.002777     15.501253
   2.08871     16.138012     15.795936
   2.12812     16.271905     16.006544
   2.16753     16.340084     16.300997
   2.20694     16.723272     16.675838
   2.24635     16.706407     17.016263
   2.24635     16.706407     17.016263
   2.28576     16.769368     16.999489
   2.32517     16.774285     16.861719
   2.36458     16.688113     16.845181
   2.40399     16.523479     16.772910
   2.44340     14.933676     16.616782
   2.48281     14.922553     14.447366
   2.52222     15.029921     14.458588
   2.56163     15.042585     14.327873
   2.60104     14.672997     14.431437
   2.64045     14.454138     14.607786
   2.67986     14.669513     14.586792
   2.71927     14.850231     14.402375
   2.75868     14.957532     14.283561
   2.79809     14.289107     14.220651
   2.83750     14.398753     14.338896
   2.87690     14.714090     14.691407
   2.91631     14.953729     14.935996
   2.95572     15.152254     15.157160
   2.99513     15.317454     15.328561
   2.99513     15.317454     15.328561
   3.05087     15.013824     15.030078
   3.10660     14.756428     14.774464
   3.16233     14.584474     14.585395
   3.21807     14.548336     14.476782
   3.27380     14.618440     15.042065
   3.32954     14.986240     15.088899
   3.38527     14.801103     14.918037
   3.44100     14.664321     15.434564
   3.49674     15.043311     13.623111
   3.55247     14.713210     13.699699
   3.60820     14.747381     14.737353
   3.66394     14.754133     14.899934
   3.71967     14.764815     14.719288
   3.77541     14.587357     14.596453
   3.83114     14.475390     14.392304
   3.88687     14.274331     14.008732
   3.94261     13.939634     13.877286
   3.99834     13.662722     13.698092
   4.05407     13.959575     13.975735
 
# Band-Index   60
   4.05407     14.054877     14.055314
   3.99834     14.441039     14.380306
   3.94261     14.575707     14.048440
   3.88687     14.559412     14.114836
   3.83114     14.633927     14.671164
   3.77541     14.631507     14.663083
   3.71967     14.943180     14.930761
   3.66394     15.082786     15.215165
   3.60820     15.350683     15.453829
   3.55247     15.572742     14.149188
   3.49674     15.637453     14.010540
   3.44100     15.479342     15.783659
   3.38527     15.638880     15.536380
   3.32954     15.341977     15.296865
   3.27380     14.768255     15.275353
   3.21807     14.844841     14.839926
   3.16233     15.169664     15.208131
   3.10660     15.238575     15.293392
   3.05087     15.329245     15.329544
   2.99513     15.363836     15.354352
   2.99513     15.363836     15.354352
   2.95572     15.501149     15.502735
   2.91631     15.568004     15.541972
   2.87690     15.499186     15.436765
   2.83750     15.304242     15.279525
   2.79809     15.139155     15.086598
   2.75868     14.987434     14.902319
   2.71927     14.936826     14.720712
   2.67986     14.701419     14.684995
   2.64045     14.873376     14.854258
   2.60104     15.087201     14.936359
   2.56163     15.156604     14.843675
   2.52222     15.486799     14.844329
   2.48281     15.428741     14.922228
   2.44340     15.006776     16.668253
   2.40399     16.759567     16.861874
   2.36458     16.833106     17.269248
   2.32517     16.789488     17.619146
   2.28576     16.882746     17.732971
   2.24635     17.006192     17.719802
   2.24635     17.006192     17.719802
   2.20694     17.146263     17.880491
   2.16753     17.840364     17.375654
   2.12812     17.417188     17.109465
   2.08871     16.875261     16.656569
   2.04930     16.333621     16.276668
   2.00989     15.964301     15.941481
   1.97048     16.323705     15.859914
   1.93107     16.350795     15.573400
   1.89166     16.266698     15.418812
   1.85225     15.983066     16.147874
   1.81284     15.672285     15.767025
   1.77343     14.977278     15.319484
   1.73402     14.800309     15.011619
   1.69462     14.703126     14.704507
   1.65521     14.505789     14.465690
   1.61580     14.607704     14.431346
   1.57639     14.683862     14.587689
   1.53698     14.431067     14.379374
   1.49757     14.054877     14.055314
   1.49757     14.055020     14.052589
   1.45816     13.616778     13.974899
   1.41875     14.186676     13.994048
   1.37934     13.995647     13.986812
   1.33993     14.242317     14.009930
   1.30052     14.184269     14.172805
   1.26111     14.092445     14.096393
   1.22170     14.156015     14.091925
   1.18229     14.286718     14.272545
   1.14288     14.420828     14.292869
   1.10347     14.530667     14.596815
   1.06406     14.198110     14.200852
   1.02465     14.625395     14.619762
   0.98524     14.379428     14.366792
   0.94583     14.459403     14.845538
   0.90642     14.349192     14.290909
   0.86701     14.206367     14.196544
   0.82760     14.141048     14.055620
   0.78819     14.184148     14.245179
   0.74878     14.019404     13.973089
   0.74878     14.177166     14.262183
   0.70937     14.145143     14.231966
   0.66996     14.751347     14.845026
   0.63055     13.878314     13.917543
   0.59114     13.888464     13.907005
   0.55174     13.683002     13.636970
   0.51233     13.931867     14.049702
   0.47292     13.461639     13.536436
   0.43351     13.355507     13.451100
   0.39410     13.413506     14.012295
   0.35469     13.474134     14.291327
   0.31528     13.531003     13.445715
   0.27587     13.568704     13.600565
   0.23646     14.026532     13.605085
   0.19705     13.699752     13.667193
   0.15764     13.824565     13.651111
   0.11823     13.690174     13.512212
   0.07882     14.363033     14.423039
   0.03941     14.364159     13.522127
   0.00000     13.511726     13.514699
 
# Band-Index   61
   0.00000     14.226452     14.241235
   0.03941     15.163689     14.297180
   0.07882     14.934868     14.914877
   0.11823     14.209124     14.265573
   0.15764     14.163702     13.930037
   0.19705     13.874980     13.895181
   0.23646     14.073345     13.703740
   0.27587     13.895749     13.686424
   0.31528     13.616279     13.555676
   0.35469     14.257680     14.418105
   0.39410     14.062958     14.242570
   0.43351     13.381146     13.466325
   0.47292     13.500551     13.676102
   0.51233     14.320545     14.804379
   0.55174     13.699798     13.671565
   0.59114     13.915576     13.911031
   0.63055     14.101661     14.111238
   0.66996     15.038006     14.933560
   0.70937     14.215928     14.240914
   0.74878     14.579583     14.477817
   0.74878     14.158597     14.151156
   0.78819     14.573983     14.489391
   0.82760     14.189678     14.264068
   0.86701     14.248761     14.231668
   0.90642     14.352728     14.482100
   0.94583     14.545928     14.849375
   0.98524     14.627944     14.629457
   1.02465     14.654906     14.654050
   1.06406     14.524957     14.381238
   1.10347     14.704902     14.665294
   1.14288     14.486797     14.476964
   1.18229     14.410384     14.380897
   1.22170     14.274310     14.204528
   1.26111     14.163826     14.129367
   1.30052     14.248362     14.239127
   1.33993     14.411695     14.078992
   1.37934     14.072504     14.008920
   1.41875     14.372855     14.236304
   1.45816     13.982970     14.453004
   1.49757     14.640934     14.630493
   1.49757     14.641330     14.629180
   1.53698     14.722310     14.651348
   1.57639     14.752337     14.698508
   1.61580     14.889581     14.961697
   1.65521     15.086395     15.026435
   1.69462     15.074005     15.285190
   1.73402     15.022228     15.478820
   1.77343     15.135151     15.552912
   1.81284     15.959912     16.046472
   1.85225     16.411713     16.497420
   1.89166     16.636786     16.407130
   1.93107     16.567639     16.463492
   1.97048     16.496949     15.937812
   2.00989     16.836047     16.103042
   2.04930     16.659460     16.411818
   2.08871     17.153214     16.858879
   2.12812     17.565494     17.286630
   2.16753     17.874330     17.707438
   2.20694     18.069786     17.905084
   2.24635     18.165034     17.720354
   2.24635     18.165034     17.720354
   2.28576     17.841185     17.997084
   2.32517     16.943799     17.939123
   2.36458     16.951894     17.683657
   2.40399     16.914465     17.194064
   2.44340     16.089027     16.748436
   2.48281     15.805012     15.473252
   2.52222     15.756893     15.654378
   2.56163     15.503782     15.412100
   2.60104     15.481524     15.084728
   2.64045     15.730262     15.200455
   2.67986     15.558505     15.427265
   2.71927     15.448457     15.541607
   2.75868     15.316686     15.532493
   2.79809     15.250522     15.519435
   2.83750     15.422256     15.515643
   2.87690     15.501559     15.557395
   2.91631     15.658932     15.596057
   2.95572     15.727960     15.599734
   2.99513     15.739214     15.646440
   2.99513     15.739214     15.646440
   3.05087     15.648153     15.556079
   3.10660     15.466556     15.417260
   3.16233     15.242454     15.286982
   3.21807     15.111402     15.079037
   3.27380     14.998169     15.379440
   3.32954     15.618341     15.442448
   3.38527     15.733252     15.698852
   3.44100     15.910768     16.141635
   3.49674     16.271159     14.879002
   3.55247     16.241394     14.505348
   3.60820     15.872684     15.742430
   3.66394     15.406106     15.490838
   3.71967     15.037947     14.998645
   3.77541     14.768697     14.696465
   3.83114     14.788685     14.716758
   3.88687     15.017058     14.855348
   3.94261     14.767300     14.757724
   3.99834     14.639816     14.464413
   4.05407     14.641330     14.629180
 
# Band-Index   62
   4.05407     14.715551     14.708774
   3.99834     14.820382     14.780986
   3.94261     14.882599     14.947197
   3.88687     15.166789     15.075947
   3.83114     14.954987     14.960897
   3.77541     15.077565     15.105549
   3.71967     15.280897     15.302563
   3.66394     15.821017     15.766005
   3.60820     16.185975     16.295427
   3.55247     16.258279     14.995676
   3.49674     16.398880     14.996777
   3.44100     16.176193     16.204910
   3.38527     15.931960     15.902199
   3.32954     15.733844     15.670535
   3.27380     15.321374     15.894461
   3.21807     15.212835     15.392182
   3.16233     15.280501     15.328789
   3.10660     15.593670     15.667811
   3.05087     15.762746     15.864485
   2.99513     15.913163     16.010628
   2.99513     15.913163     16.010628
   2.95572     15.829544     15.997636
   2.91631     15.755020     15.930863
   2.87690     15.618582     15.824646
   2.83750     15.438801     15.690379
   2.79809     15.472245     15.665648
   2.75868     15.486520     15.756694
   2.71927     15.591364     15.854806
   2.67986     15.817224     15.730265
   2.64045     15.927349     15.452797
   2.60104     16.295904     15.313533
   2.56163     16.316538     15.591832
   2.52222     16.024326     16.012679
   2.48281     15.839523     15.949399
   2.44340     16.166935     18.165456
   2.40399     17.812427     18.042384
   2.36458     17.814970     18.024588
   2.32517     18.030610     17.972754
   2.28576     18.336404     18.025414
   2.24635     18.673618     18.348194
   2.24635     18.673618     18.348194
   2.20694     18.330569     18.014159
   2.16753     17.900972     17.743725
   2.12812     17.654173     17.403392
   2.08871     17.442770     17.070694
   2.04930     17.160917     16.702756
   2.00989     17.190555     16.373630
   1.97048     16.872945     16.831490
   1.93107     16.740973     16.582670
   1.89166     16.842476     16.953165
   1.85225     16.426870     16.490320
   1.81284     15.963157     16.149061
   1.77343     15.414644     15.902492
   1.73402     15.214734     15.646040
   1.69462     15.333586     15.394782
   1.65521     15.093582     15.149577
   1.61580     14.962546     14.979759
   1.57639     14.872709     14.795877
   1.53698     14.821473     14.700702
   1.49757     14.715551     14.708774
   1.49757     14.717995     14.714392
   1.45816     14.512870     14.661641
   1.41875     14.619706     14.652731
   1.37934     14.447084     14.615046
   1.33993     14.423435     14.429149
   1.30052     14.356815     14.243413
   1.26111     14.497054     14.288350
   1.22170     14.643110     14.448830
   1.18229     14.710388     14.648164
   1.14288     14.668626     14.642497
   1.10347     14.720474     14.767238
   1.06406     14.687951     14.647945
   1.02465     14.891631     14.857255
   0.98524     14.729431     14.697091
   0.94583     14.799475     14.918622
   0.90642     14.386784     14.585470
   0.86701     14.298533     14.464036
   0.82760     14.214161     14.277340
   0.78819     14.705285     14.730128
   0.74878     14.205813     14.189167
   0.74878     14.653489     14.671627
   0.70937     14.240568     14.311897
   0.66996     15.260876     15.460185
   0.63055     14.250843     14.227669
   0.59114     14.057898     14.012742
   0.55174     13.853261     13.889360
   0.51233     15.444156     15.485326
   0.47292     13.569993     13.719169
   0.43351     13.803961     13.603995
   0.39410     14.281199     14.263437
   0.35469     14.281278     14.467294
   0.31528     14.240792     14.283668
   0.27587     13.902714     13.879943
   0.23646     14.128915     13.867300
   0.19705     14.001673     13.912038
   0.15764     14.268293     14.311384
   0.11823     14.618060     14.623352
   0.07882     15.471224     15.499637
   0.03941     15.634517     15.173926
   0.00000     15.331303     15.333203
 
# Band-Index   63
   0.00000     15.423829     15.435168
   0.03941     16.042944     15.961335
   0.07882     15.788724     15.797576
   0.11823     15.450169     15.413684
   0.15764     14.291415     14.555631
   0.19705     14.097387     14.214642
   0.23646     14.238458     14.134490
   0.27587     14.326045     14.237247
   0.31528     14.402448     14.380249
   0.35469     14.747163     14.622071
   0.39410     14.355518     14.847822
   0.43351     13.906405     13.999887
   0.47292     14.269318     15.000893
   0.51233     15.507506     15.780820
   0.55174     14.261631     14.450120
   0.59114     14.291783     14.665163
   0.63055     14.259135     14.397254
   0.66996     15.488905     15.576293
   0.70937     14.317131     14.328714
   0.74878     15.661491     14.725936
   0.74878     14.224011     14.551819
   0.78819     15.626696     14.797717
   0.82760     14.277278     14.312040
   0.86701     14.861867     14.623275
   0.90642     14.758718     14.815615
   0.94583     14.838471     15.231139
   0.98524     14.749413     14.815255
   1.02465     15.055347     15.200253
   1.06406     14.918240     14.945211
   1.10347     14.957277     14.961207
   1.14288     14.676165     14.842797
   1.18229     14.710895     14.865115
   1.22170     14.814965     14.670593
   1.26111     14.723272     14.715289
   1.30052     14.738212     14.709099
   1.33993     14.895199     14.735996
   1.37934     14.547179     14.749364
   1.41875     14.872010     14.793171
   1.45816     14.730267     14.779715
   1.49757     14.836353     14.845316
   1.49757     14.837412     14.845664
   1.53698     14.918448     14.934185
   1.57639     15.117159     15.058922
   1.61580     15.587756     15.032053
   1.65521     15.114614     15.173547
   1.69462     15.404828     15.464036
   1.73402     15.585838     15.652765
   1.77343     15.487776     16.067884
   1.81284     16.539398     16.540690
   1.85225     16.822727     16.800377
   1.89166     16.957421     16.961072
   1.93107     17.349049     17.225764
   1.97048     17.358208     17.419214
   2.00989     17.511305     17.229296
   2.04930     17.518243     17.527608
   2.08871     17.753801     17.719521
   2.12812     17.959941     17.849582
   2.16753     18.277689     17.908090
   2.20694     18.711691     18.197999
   2.24635     18.757692     18.628511
   2.24635     18.757692     18.628511
   2.28576     18.775373     18.769317
   2.32517     18.519288     18.908481
   2.36458     18.471442     18.897974
   2.40399     18.342270     18.684683
   2.44340     16.543568     18.411119
   2.48281     16.463149     16.257087
   2.52222     16.349666     16.457251
   2.56163     16.685744     16.356792
   2.60104     16.423263     16.338014
   2.64045     16.320728     16.288275
   2.67986     16.068428     16.181460
   2.71927     16.004379     16.071936
   2.75868     15.946917     16.100232
   2.79809     15.891962     16.039168
   2.83750     15.913995     15.995528
   2.87690     16.060708     16.080130
   2.91631     16.264673     16.006569
   2.95572     16.396048     16.135029
   2.99513     16.501446     16.345364
   2.99513     16.501446     16.345364
   3.05087     16.378003     16.103037
   3.10660     16.054946     15.751908
   3.16233     15.773161     15.561158
   3.21807     15.569922     15.515008
   3.27380     15.352829     16.102206
   3.32954     16.122055     15.906429
   3.38527     16.173529     15.902230
   3.44100     16.339205     16.365964
   3.49674     16.672794     15.464215
   3.55247     16.606219     15.385564
   3.60820     16.451603     16.381916
   3.66394     16.047568     15.952038
   3.71967     15.573129     15.561146
   3.77541     15.146452     15.118870
   3.83114     15.114365     15.270032
   3.88687     15.261594     15.229615
   3.94261     15.204165     14.998647
   3.99834     14.896343     14.966149
   4.05407     14.837412     14.845664
 
# Band-Index   64
   4.05407     14.972451     14.961514
   3.99834     15.357734     15.010506
   3.94261     15.543921     15.512922
   3.88687     15.767755     15.416352
   3.83114     15.635949     15.511668
   3.77541     16.109763     15.842181
   3.71967     16.310658     16.190944
   3.66394     16.278181     16.495793
   3.60820     16.632424     16.798207
   3.55247     17.053641     16.066393
   3.49674     17.110856     16.201335
   3.44100     16.575641     16.414558
   3.38527     16.506616     16.239557
   3.32954     16.544264     16.164437
   3.27380     15.686829     16.267784
   3.21807     15.790170     15.574263
   3.16233     15.998075     15.796721
   3.10660     16.244150     16.074244
   3.05087     16.524546     16.548318
   2.99513     16.566319     16.516491
   2.99513     16.566319     16.516491
   2.95572     16.722224     16.630574
   2.91631     16.350903     16.332914
   2.87690     16.230785     16.095451
   2.83750     16.319644     16.189386
   2.79809     16.313902     16.365881
   2.75868     16.354227     16.570217
   2.71927     16.421645     16.506958
   2.67986     16.501360     16.609632
   2.64045     16.569670     16.605981
   2.60104     16.616791     16.613098
   2.56163     16.687241     16.622376
   2.52222     16.723008     16.687638
   2.48281     16.748079     16.561797
   2.44340     16.718865     18.658784
   2.40399     18.667891     18.786433
   2.36458     18.744687     18.916642
   2.32517     18.780607     19.076718
   2.28576     18.836091     19.127289
   2.24635     18.994915     19.137497
   2.24635     18.994915     19.137497
   2.20694     19.060820     19.168739
   2.16753     18.798322     18.746850
   2.12812     18.399622     18.372436
   2.08871     18.034625     18.044836
   2.04930     17.730945     17.787398
   2.00989     18.589866     17.579411
   1.97048     18.039936     18.022597
   1.93107     17.482659     17.484151
   1.89166     17.105040     17.332616
   1.85225     16.847489     17.008911
   1.81284     16.560874     16.548230
   1.77343     15.546628     16.234712
   1.73402     15.669533     16.043973
   1.69462     16.028271     16.246419
   1.65521     16.037263     15.887140
   1.61580     15.587611     15.451808
   1.57639     15.169274     15.099337
   1.53698     14.980221     15.064797
   1.49757     14.972451     14.961514
   1.49757     14.972070     14.961077
   1.45816     14.787234     14.920973
   1.41875     15.591428     15.703362
   1.37934     14.820530     14.915502
   1.33993     15.449935     14.949031
   1.30052     14.949640     15.046245
   1.26111     14.808788     14.815327
   1.22170     14.876153     14.795644
   1.18229     14.885447     15.468059
   1.14288     14.935366     14.927415
   1.10347     15.079321     15.548008
   1.06406     14.923068     15.019787
   1.02465     15.381017     15.476997
   0.98524     15.017802     15.172624
   0.94583     14.882781     15.698946
   0.90642     14.869396     14.850355
   0.86701     15.147605     14.832059
   0.82760     14.330924     14.601983
   0.78819     15.639318     15.624253
   0.74878     14.579931     14.693580
   0.74878     15.875780     15.659043
   0.70937     14.350261     14.611128
   0.66996     15.566139     15.584971
   0.63055     14.441135     14.610307
   0.59114     14.561499     14.978570
   0.55174     14.574355     14.773733
   0.51233     16.391449     16.425131
   0.47292     14.645876     15.904148
   0.43351     14.277906     14.296440
   0.39410     14.829673     15.511271
   0.35469     14.802274     14.668876
   0.31528     15.224670     14.630469
   0.27587     14.390036     14.677499
   0.23646     14.948554     14.153209
   0.19705     14.214703     15.232090
   0.15764     15.320609     15.332570
   0.11823     15.460458     15.482473
   0.07882     16.362801     16.059147
   0.03941     16.497137     15.998509
   0.00000     15.663877     15.674905
